"ProductionID","Tanggal","Shift","Line","Operator","Mesin","Produk","TargetProduksi","AktualProduksi","JumlahCacat","DowntimeMenit","CycleTimeDetik","DefectRatePct","PencapaianPct","Bulan","Hari"
"PRD-00001",2026-01-02,"Pagi","Line-A","OP04","M-02","Shaft",291,295,12,12,52.6,4.07,101.4,"2026-01","Friday"
"PRD-00002",2026-01-03,"Pagi","Line-A","OP07","M-01","Bracket",411,377,9,14,45.2,2.39,91.7,"2026-01","Saturday"
"PRD-00003",2026-01-05,"Pagi","Line-A","OP02","M-02","Shaft",301,309,4,9,51.4,1.29,102.7,"2026-01","Monday"
"PRD-00004",2026-01-06,"Pagi","Line-A","OP02","M-02","Bracket",434,433,14,64,46.5,3.23,99.8,"2026-01","Tuesday"
"PRD-00005",2026-01-07,"Pagi","Line-A","OP04","M-01","Housing",345,315,5,3,45.4,1.59,91.3,"2026-01","Wednesday"
"PRD-00006",2026-01-08,"Pagi","Line-A","OP05","M-01","Bracket",383,388,11,0,49.8,2.84,101.3,"2026-01","Thursday"
"PRD-00007",2026-01-09,"Pagi","Line-A","OP08","M-01","Housing",371,341,4,28,42.6,1.17,91.9,"2026-01","Friday"
"PRD-00008",2026-01-10,"Pagi","Line-A","OP01","M-01","Housing",315,317,2,40,41,0.63,100.6,"2026-01","Saturday"
"PRD-00009",2026-01-12,"Pagi","Line-A","OP02","M-02","Shaft",265,272,9,50,51.5,3.31,102.6,"2026-01","Monday"
"PRD-00010",2026-01-13,"Pagi","Line-A","OP07","M-01","Housing",344,333,10,85,44.1,3,96.8,"2026-01","Tuesday"
"PRD-00011",2026-01-14,"Pagi","Line-A","OP01","M-01","Shaft",297,258,6,3,45.1,2.33,86.9,"2026-01","Wednesday"
"PRD-00012",2026-01-15,"Pagi","Line-A","OP02","M-01","Housing",384,381,11,12,38,2.89,99.2,"2026-01","Thursday"
"PRD-00013",2026-01-16,"Pagi","Line-A","OP03","M-01","Housing",314,293,6,2,48.7,2.05,93.3,"2026-01","Friday"
"PRD-00014",2026-01-17,"Pagi","Line-A","OP02","M-02","Housing",366,344,9,21,50,2.62,94,"2026-01","Saturday"
"PRD-00015",2026-01-19,"Pagi","Line-A","OP07","M-01","Shaft",327,328,5,62,52.6,1.52,100.3,"2026-01","Monday"
"PRD-00016",2026-01-20,"Pagi","Line-A","OP06","M-01","Housing",299,286,7,16,49.2,2.45,95.7,"2026-01","Tuesday"
"PRD-00017",2026-01-21,"Pagi","Line-A","OP03","M-01","Shaft",336,331,19,9,54.7,5.74,98.5,"2026-01","Wednesday"
"PRD-00018",2026-01-22,"Pagi","Line-A","OP04","M-02","Housing",377,351,18,13,49.2,5.13,93.1,"2026-01","Thursday"
"PRD-00019",2026-01-23,"Pagi","Line-A","OP06","M-01","Housing",395,402,6,14,34,1.49,101.8,"2026-01","Friday"
"PRD-00020",2026-01-24,"Pagi","Line-A","OP08","M-02","Shaft",340,307,8,12,47.7,2.61,90.3,"2026-01","Saturday"
"PRD-00021",2026-01-26,"Pagi","Line-A","OP06","M-01","Housing",376,337,16,1,53.7,4.75,89.6,"2026-01","Monday"
"PRD-00022",2026-01-27,"Pagi","Line-A","OP08","M-01","Bracket",449,419,4,4,51,0.95,93.3,"2026-01","Tuesday"
"PRD-00023",2026-01-28,"Pagi","Line-A","OP07","M-02","Shaft",275,268,8,57,55.8,2.99,97.5,"2026-01","Wednesday"
"PRD-00024",2026-01-29,"Pagi","Line-A","OP04","M-01","Housing",294,281,6,8,41.6,2.14,95.6,"2026-01","Thursday"
"PRD-00025",2026-01-30,"Pagi","Line-A","OP03","M-02","Housing",351,341,16,30,44.2,4.69,97.2,"2026-01","Friday"
"PRD-00026",2026-01-31,"Pagi","Line-A","OP04","M-02","Bracket",415,418,18,21,37.5,4.31,100.7,"2026-01","Saturday"
"PRD-00027",2026-02-02,"Pagi","Line-A","OP06","M-01","Bracket",369,356,4,1,39.1,1.12,96.5,"2026-02","Monday"
"PRD-00028",2026-02-03,"Pagi","Line-A","OP04","M-02","Shaft",338,328,14,15,54,4.27,97,"2026-02","Tuesday"
"PRD-00029",2026-02-04,"Pagi","Line-A","OP02","M-01","Shaft",333,333,4,8,52,1.2,100,"2026-02","Wednesday"
"PRD-00030",2026-02-05,"Pagi","Line-A","OP05","M-02","Housing",313,302,4,25,39.7,1.32,96.5,"2026-02","Thursday"
"PRD-00031",2026-02-06,"Pagi","Line-A","OP04","M-01","Housing",348,292,4,19,46.4,1.37,83.9,"2026-02","Friday"
"PRD-00032",2026-02-07,"Pagi","Line-A","OP07","M-02","Bracket",426,439,15,8,42.2,3.42,103.1,"2026-02","Saturday"
"PRD-00033",2026-02-09,"Pagi","Line-A","OP04","M-01","Shaft",249,248,11,47,54.9,4.44,99.6,"2026-02","Monday"
"PRD-00034",2026-02-10,"Pagi","Line-A","OP05","M-02","Housing",327,324,6,14,42.2,1.85,99.1,"2026-02","Tuesday"
"PRD-00035",2026-02-11,"Pagi","Line-A","OP04","M-02","Housing",325,315,12,58,48,3.81,96.9,"2026-02","Wednesday"
"PRD-00036",2026-02-12,"Pagi","Line-A","OP03","M-02","Bracket",426,420,10,73,43.5,2.38,98.6,"2026-02","Thursday"
"PRD-00037",2026-02-13,"Pagi","Line-A","OP03","M-01","Bracket",399,388,8,3,60.2,2.06,97.2,"2026-02","Friday"
"PRD-00038",2026-02-14,"Pagi","Line-A","OP07","M-01","Shaft",326,311,8,22,54.2,2.57,95.4,"2026-02","Saturday"
"PRD-00039",2026-02-16,"Pagi","Line-A","OP04","M-02","Housing",354,361,14,12,49.6,3.88,102,"2026-02","Monday"
"PRD-00040",2026-02-17,"Pagi","Line-A","OP06","M-01","Shaft",285,273,9,36,56.1,3.3,95.8,"2026-02","Tuesday"
"PRD-00041",2026-02-18,"Pagi","Line-A","OP08","M-01","Bracket",428,379,2,0,45.4,0.53,88.6,"2026-02","Wednesday"
"PRD-00042",2026-02-19,"Pagi","Line-A","OP01","M-01","Bracket",384,321,9,6,48.1,2.8,83.6,"2026-02","Thursday"
"PRD-00043",2026-02-20,"Pagi","Line-A","OP03","M-01","Housing",288,290,8,6,46.4,2.76,100.7,"2026-02","Friday"
"PRD-00044",2026-02-21,"Pagi","Line-A","OP03","M-01","Housing",337,323,6,30,41.4,1.86,95.8,"2026-02","Saturday"
"PRD-00045",2026-02-23,"Pagi","Line-A","OP08","M-01","Housing",365,334,6,1,44.2,1.8,91.5,"2026-02","Monday"
"PRD-00046",2026-02-24,"Pagi","Line-A","OP05","M-01","Bracket",384,367,7,37,42.6,1.91,95.6,"2026-02","Tuesday"
"PRD-00047",2026-02-25,"Pagi","Line-A","OP07","M-01","Bracket",392,325,10,35,47.1,3.08,82.9,"2026-02","Wednesday"
"PRD-00048",2026-02-26,"Pagi","Line-A","OP03","M-01","Shaft",342,344,6,1,53.1,1.74,100.6,"2026-02","Thursday"
"PRD-00049",2026-02-27,"Pagi","Line-A","OP04","M-01","Bracket",374,342,7,18,45.4,2.05,91.4,"2026-02","Friday"
"PRD-00050",2026-02-28,"Pagi","Line-A","OP05","M-02","Housing",318,369,7,24,55.6,1.9,116,"2026-02","Saturday"
"PRD-00051",2026-03-02,"Pagi","Line-A","OP02","M-02","Bracket",450,459,10,48,51.6,2.18,102,"2026-03","Monday"
"PRD-00052",2026-03-03,"Pagi","Line-A","OP01","M-02","Bracket",474,462,5,49,48.1,1.08,97.5,"2026-03","Tuesday"
"PRD-00053",2026-03-04,"Pagi","Line-A","OP02","M-02","Housing",384,372,4,9,31.9,1.08,96.9,"2026-03","Wednesday"
"PRD-00054",2026-03-05,"Pagi","Line-A","OP06","M-02","Shaft",299,311,23,24,51.6,7.4,104,"2026-03","Thursday"
"PRD-00055",2026-03-06,"Pagi","Line-A","OP02","M-01","Shaft",298,249,6,41,46.2,2.41,83.6,"2026-03","Friday"
"PRD-00056",2026-03-07,"Pagi","Line-A","OP04","M-01","Bracket",408,435,4,20,44.6,0.92,106.6,"2026-03","Saturday"
"PRD-00057",2026-03-09,"Pagi","Line-A","OP03","M-01","Housing",363,324,7,0,44.6,2.16,89.3,"2026-03","Monday"
"PRD-00058",2026-03-10,"Pagi","Line-A","OP06","M-02","Shaft",351,358,26,51,46.5,7.26,102,"2026-03","Tuesday"
"PRD-00059",2026-03-11,"Pagi","Line-A","OP04","M-01","Bracket",421,421,11,5,49.2,2.61,100,"2026-03","Wednesday"
"PRD-00060",2026-03-12,"Pagi","Line-A","OP05","M-01","Shaft",320,299,4,11,51.9,1.34,93.4,"2026-03","Thursday"
"PRD-00061",2026-03-13,"Pagi","Line-A","OP05","M-01","Shaft",335,345,10,20,59.5,2.9,103,"2026-03","Friday"
"PRD-00062",2026-03-14,"Pagi","Line-A","OP03","M-01","Bracket",412,410,14,17,37.2,3.41,99.5,"2026-03","Saturday"
"PRD-00063",2026-03-16,"Pagi","Line-A","OP04","M-02","Bracket",443,414,17,31,38.2,4.11,93.5,"2026-03","Monday"
"PRD-00064",2026-03-17,"Pagi","Line-A","OP01","M-02","Housing",339,330,7,35,46.5,2.12,97.3,"2026-03","Tuesday"
"PRD-00065",2026-03-18,"Pagi","Line-A","OP05","M-02","Housing",359,341,5,46,41.3,1.47,95,"2026-03","Wednesday"
"PRD-00066",2026-03-19,"Pagi","Line-A","OP06","M-01","Housing",318,284,8,13,49.9,2.82,89.3,"2026-03","Thursday"
"PRD-00067",2026-03-20,"Pagi","Line-A","OP06","M-02","Bracket",440,434,14,13,46.5,3.23,98.6,"2026-03","Friday"
"PRD-00068",2026-03-21,"Pagi","Line-A","OP02","M-01","Housing",283,296,4,30,46.8,1.35,104.6,"2026-03","Saturday"
"PRD-00069",2026-03-23,"Pagi","Line-A","OP04","M-01","Bracket",449,360,16,18,37.6,4.44,80.2,"2026-03","Monday"
"PRD-00070",2026-03-24,"Pagi","Line-A","OP01","M-01","Housing",389,394,6,25,42.7,1.52,101.3,"2026-03","Tuesday"
"PRD-00071",2026-03-25,"Pagi","Line-A","OP03","M-01","Shaft",275,245,5,3,58.3,2.04,89.1,"2026-03","Wednesday"
"PRD-00072",2026-03-26,"Pagi","Line-A","OP01","M-01","Housing",403,378,10,27,54.1,2.65,93.8,"2026-03","Thursday"
"PRD-00073",2026-03-27,"Pagi","Line-A","OP05","M-01","Housing",352,324,5,2,43.6,1.54,92,"2026-03","Friday"
"PRD-00074",2026-03-28,"Pagi","Line-A","OP03","M-01","Shaft",299,267,7,10,51.4,2.62,89.3,"2026-03","Saturday"
"PRD-00075",2026-03-30,"Pagi","Line-A","OP05","M-01","Bracket",432,416,15,1,42.1,3.61,96.3,"2026-03","Monday"
"PRD-00076",2026-03-31,"Pagi","Line-A","OP08","M-02","Bracket",409,358,4,24,40.8,1.12,87.5,"2026-03","Tuesday"
"PRD-00077",2026-04-01,"Pagi","Line-A","OP04","M-02","Bracket",435,421,10,30,38,2.38,96.8,"2026-04","Wednesday"
"PRD-00078",2026-04-02,"Pagi","Line-A","OP04","M-02","Bracket",397,383,12,10,37.2,3.13,96.5,"2026-04","Thursday"
"PRD-00079",2026-04-03,"Pagi","Line-A","OP04","M-02","Housing",311,256,11,31,32.8,4.3,82.3,"2026-04","Friday"
"PRD-00080",2026-04-04,"Pagi","Line-A","OP04","M-01","Shaft",324,299,9,18,61.5,3.01,92.3,"2026-04","Saturday"
"PRD-00081",2026-04-06,"Pagi","Line-A","OP06","M-01","Housing",328,297,13,12,49.5,4.38,90.5,"2026-04","Monday"
"PRD-00082",2026-04-07,"Pagi","Line-A","OP06","M-01","Bracket",401,380,12,4,35.6,3.16,94.8,"2026-04","Tuesday"
"PRD-00083",2026-04-08,"Pagi","Line-A","OP07","M-02","Housing",384,387,9,25,42,2.33,100.8,"2026-04","Wednesday"
"PRD-00084",2026-04-09,"Pagi","Line-A","OP04","M-01","Bracket",454,447,20,18,42.5,4.47,98.5,"2026-04","Thursday"
"PRD-00085",2026-04-10,"Pagi","Line-A","OP01","M-02","Shaft",331,321,7,15,55,2.18,97,"2026-04","Friday"
"PRD-00086",2026-04-11,"Pagi","Line-A","OP01","M-02","Bracket",407,441,7,17,42.9,1.59,108.4,"2026-04","Saturday"
"PRD-00087",2026-04-13,"Pagi","Line-A","OP08","M-02","Bracket",406,415,3,32,43.4,0.72,102.2,"2026-04","Monday"
"PRD-00088",2026-04-14,"Pagi","Line-A","OP08","M-01","Housing",342,380,1,6,41.2,0.26,111.1,"2026-04","Tuesday"
"PRD-00089",2026-04-15,"Pagi","Line-A","OP04","M-01","Housing",326,274,5,77,56.5,1.82,84,"2026-04","Wednesday"
"PRD-00090",2026-04-16,"Pagi","Line-A","OP04","M-02","Shaft",289,261,12,38,45.9,4.6,90.3,"2026-04","Thursday"
"PRD-00091",2026-04-17,"Pagi","Line-A","OP06","M-01","Housing",351,352,14,13,44,3.98,100.3,"2026-04","Friday"
"PRD-00092",2026-04-18,"Pagi","Line-A","OP01","M-02","Bracket",450,418,9,24,38,2.15,92.9,"2026-04","Saturday"
"PRD-00093",2026-04-20,"Pagi","Line-A","OP05","M-02","Bracket",446,424,4,14,46.4,0.94,95.1,"2026-04","Monday"
"PRD-00094",2026-04-21,"Pagi","Line-A","OP05","M-01","Housing",341,327,13,33,51.2,3.98,95.9,"2026-04","Tuesday"
"PRD-00095",2026-04-22,"Pagi","Line-A","OP03","M-01","Shaft",304,329,7,1,51.1,2.13,108.2,"2026-04","Wednesday"
"PRD-00096",2026-04-23,"Pagi","Line-A","OP08","M-02","Bracket",313,297,10,10,43.1,3.37,94.9,"2026-04","Thursday"
"PRD-00097",2026-04-24,"Pagi","Line-A","OP08","M-01","Bracket",348,332,3,0,51.1,0.9,95.4,"2026-04","Friday"
"PRD-00098",2026-04-25,"Pagi","Line-A","OP06","M-02","Bracket",408,361,26,27,39.4,7.2,88.5,"2026-04","Saturday"
"PRD-00099",2026-04-27,"Pagi","Line-A","OP05","M-01","Shaft",291,265,7,53,54.3,2.64,91.1,"2026-04","Monday"
"PRD-00100",2026-04-28,"Pagi","Line-A","OP06","M-01","Bracket",429,432,10,18,47.2,2.31,100.7,"2026-04","Tuesday"
"PRD-00101",2026-04-29,"Pagi","Line-A","OP03","M-02","Shaft",335,307,12,18,54.3,3.91,91.6,"2026-04","Wednesday"
"PRD-00102",2026-04-30,"Pagi","Line-A","OP06","M-02","Bracket",395,409,6,12,47.8,1.47,103.5,"2026-04","Thursday"
"PRD-00103",2026-05-01,"Pagi","Line-A","OP07","M-01","Bracket",419,423,8,14,50.8,1.89,101,"2026-05","Friday"
"PRD-00104",2026-05-02,"Pagi","Line-A","OP03","M-02","Bracket",387,407,15,112,30,3.69,105.2,"2026-05","Saturday"
"PRD-00105",2026-05-04,"Pagi","Line-A","OP03","M-02","Bracket",371,377,6,10,42.8,1.59,101.6,"2026-05","Monday"
"PRD-00106",2026-05-05,"Pagi","Line-A","OP01","M-01","Shaft",307,311,0,3,63.6,0,101.3,"2026-05","Tuesday"
"PRD-00107",2026-05-06,"Pagi","Line-A","OP04","M-02","Bracket",431,391,12,16,57.4,3.07,90.7,"2026-05","Wednesday"
"PRD-00108",2026-05-07,"Pagi","Line-A","OP06","M-02","Housing",325,317,11,10,36.2,3.47,97.5,"2026-05","Thursday"
"PRD-00109",2026-05-08,"Pagi","Line-A","OP04","M-02","Housing",364,369,15,13,44.6,4.07,101.4,"2026-05","Friday"
"PRD-00110",2026-05-09,"Pagi","Line-A","OP02","M-01","Bracket",425,395,5,3,56.6,1.27,92.9,"2026-05","Saturday"
"PRD-00111",2026-05-11,"Pagi","Line-A","OP01","M-01","Housing",373,350,5,13,44.4,1.43,93.8,"2026-05","Monday"
"PRD-00112",2026-05-12,"Pagi","Line-A","OP05","M-01","Bracket",454,439,6,6,45.4,1.37,96.7,"2026-05","Tuesday"
"PRD-00113",2026-05-13,"Pagi","Line-A","OP08","M-01","Bracket",407,400,6,10,48.7,1.5,98.3,"2026-05","Wednesday"
"PRD-00114",2026-05-14,"Pagi","Line-A","OP07","M-01","Bracket",433,415,10,13,44.2,2.41,95.8,"2026-05","Thursday"
"PRD-00115",2026-05-15,"Pagi","Line-A","OP04","M-02","Shaft",312,315,18,34,48.6,5.71,101,"2026-05","Friday"
"PRD-00116",2026-05-16,"Pagi","Line-A","OP02","M-01","Bracket",398,378,11,1,45.6,2.91,95,"2026-05","Saturday"
"PRD-00117",2026-05-18,"Pagi","Line-A","OP07","M-02","Shaft",258,249,6,40,51,2.41,96.5,"2026-05","Monday"
"PRD-00118",2026-05-19,"Pagi","Line-A","OP05","M-01","Housing",323,343,13,5,44.8,3.79,106.2,"2026-05","Tuesday"
"PRD-00119",2026-05-20,"Pagi","Line-A","OP08","M-02","Housing",390,394,8,48,41.7,2.03,101,"2026-05","Wednesday"
"PRD-00120",2026-05-21,"Pagi","Line-A","OP04","M-02","Shaft",304,266,13,16,60,4.89,87.5,"2026-05","Thursday"
"PRD-00121",2026-05-22,"Pagi","Line-A","OP08","M-01","Housing",374,365,5,10,43.7,1.37,97.6,"2026-05","Friday"
"PRD-00122",2026-05-23,"Pagi","Line-A","OP06","M-02","Bracket",435,410,12,44,46.5,2.93,94.3,"2026-05","Saturday"
"PRD-00123",2026-05-25,"Pagi","Line-A","OP04","M-02","Shaft",350,355,19,18,59.2,5.35,101.4,"2026-05","Monday"
"PRD-00124",2026-05-26,"Pagi","Line-A","OP06","M-02","Housing",381,351,23,18,49.7,6.55,92.1,"2026-05","Tuesday"
"PRD-00125",2026-05-27,"Pagi","Line-A","OP08","M-01","Bracket",421,415,0,52,49.9,0,98.6,"2026-05","Wednesday"
"PRD-00126",2026-05-28,"Pagi","Line-A","OP06","M-02","Housing",348,340,20,17,39.1,5.88,97.7,"2026-05","Thursday"
"PRD-00127",2026-05-29,"Pagi","Line-A","OP06","M-01","Housing",359,341,10,21,50.4,2.93,95,"2026-05","Friday"
"PRD-00128",2026-05-30,"Pagi","Line-A","OP03","M-02","Shaft",272,252,8,21,57.9,3.17,92.6,"2026-05","Saturday"
"PRD-00129",2026-06-01,"Pagi","Line-A","OP03","M-01","Bracket",395,410,9,31,45.6,2.2,103.8,"2026-06","Monday"
"PRD-00130",2026-06-02,"Pagi","Line-A","OP02","M-02","Housing",313,334,9,58,41.5,2.69,106.7,"2026-06","Tuesday"
"PRD-00131",2026-06-03,"Pagi","Line-A","OP04","M-02","Bracket",381,370,7,22,40.2,1.89,97.1,"2026-06","Wednesday"
"PRD-00132",2026-06-04,"Pagi","Line-A","OP03","M-02","Shaft",333,313,16,20,55.5,5.11,94,"2026-06","Thursday"
"PRD-00133",2026-06-05,"Pagi","Line-A","OP03","M-02","Bracket",395,428,10,33,45.9,2.34,108.4,"2026-06","Friday"
"PRD-00134",2026-06-06,"Pagi","Line-A","OP07","M-02","Shaft",311,317,10,12,44,3.15,101.9,"2026-06","Saturday"
"PRD-00135",2026-06-08,"Pagi","Line-A","OP08","M-01","Housing",306,256,7,2,52.4,2.73,83.7,"2026-06","Monday"
"PRD-00136",2026-06-09,"Pagi","Line-A","OP06","M-01","Bracket",452,433,27,6,42.4,6.24,95.8,"2026-06","Tuesday"
"PRD-00137",2026-06-10,"Pagi","Line-A","OP01","M-01","Bracket",416,393,2,20,40.2,0.51,94.5,"2026-06","Wednesday"
"PRD-00138",2026-06-11,"Pagi","Line-A","OP01","M-02","Housing",372,367,6,29,47.4,1.63,98.7,"2026-06","Thursday"
"PRD-00139",2026-06-12,"Pagi","Line-A","OP06","M-01","Housing",354,336,11,12,41.7,3.27,94.9,"2026-06","Friday"
"PRD-00140",2026-06-13,"Pagi","Line-A","OP08","M-01","Shaft",319,317,4,2,57.8,1.26,99.4,"2026-06","Saturday"
"PRD-00141",2026-06-15,"Pagi","Line-A","OP05","M-02","Shaft",306,292,9,25,46.2,3.08,95.4,"2026-06","Monday"
"PRD-00142",2026-06-16,"Pagi","Line-A","OP04","M-01","Bracket",432,437,24,9,39.5,5.49,101.2,"2026-06","Tuesday"
"PRD-00143",2026-06-17,"Pagi","Line-A","OP07","M-02","Housing",309,263,3,53,40.9,1.14,85.1,"2026-06","Wednesday"
"PRD-00144",2026-06-18,"Pagi","Line-A","OP04","M-01","Housing",352,351,7,14,42.4,1.99,99.7,"2026-06","Thursday"
"PRD-00145",2026-06-19,"Pagi","Line-A","OP03","M-01","Shaft",272,272,5,26,53.3,1.84,100,"2026-06","Friday"
"PRD-00146",2026-06-20,"Pagi","Line-A","OP08","M-02","Shaft",310,310,7,14,49.3,2.26,100,"2026-06","Saturday"
"PRD-00147",2026-06-22,"Pagi","Line-A","OP01","M-01","Bracket",493,484,11,12,44,2.27,98.2,"2026-06","Monday"
"PRD-00148",2026-06-23,"Pagi","Line-A","OP07","M-02","Housing",328,285,8,62,29.9,2.81,86.9,"2026-06","Tuesday"
"PRD-00149",2026-06-24,"Pagi","Line-A","OP03","M-01","Bracket",405,387,10,27,43.8,2.58,95.6,"2026-06","Wednesday"
"PRD-00150",2026-06-25,"Pagi","Line-A","OP03","M-01","Shaft",290,298,4,7,46,1.34,102.8,"2026-06","Thursday"
"PRD-00151",2026-06-26,"Pagi","Line-A","OP07","M-01","Bracket",403,371,11,33,38.9,2.96,92.1,"2026-06","Friday"
"PRD-00152",2026-06-27,"Pagi","Line-A","OP08","M-01","Housing",373,341,8,6,46.8,2.35,91.4,"2026-06","Saturday"
"PRD-00153",2026-06-29,"Pagi","Line-A","OP08","M-02","Housing",343,361,5,33,42.5,1.39,105.2,"2026-06","Monday"
"PRD-00154",2026-06-30,"Pagi","Line-A","OP05","M-02","Bracket",404,372,14,9,43.2,3.76,92.1,"2026-06","Tuesday"
"PRD-00155",2026-01-02,"Siang","Line-A","OP08","M-01","Shaft",327,306,1,40,51.9,0.33,93.6,"2026-01","Friday"
"PRD-00156",2026-01-03,"Siang","Line-A","OP02","M-01","Bracket",423,402,7,61,46.1,1.74,95,"2026-01","Saturday"
"PRD-00157",2026-01-05,"Siang","Line-A","OP06","M-01","Housing",337,361,7,73,44.2,1.94,107.1,"2026-01","Monday"
"PRD-00158",2026-01-06,"Siang","Line-A","OP04","M-01","Bracket",437,414,6,22,46.4,1.45,94.7,"2026-01","Tuesday"
"PRD-00159",2026-01-07,"Siang","Line-A","OP04","M-01","Housing",370,365,6,5,46.7,1.64,98.6,"2026-01","Wednesday"
"PRD-00160",2026-01-08,"Siang","Line-A","OP03","M-01","Bracket",414,422,9,49,50.2,2.13,101.9,"2026-01","Thursday"
"PRD-00161",2026-01-09,"Siang","Line-A","OP07","M-01","Shaft",287,276,3,26,49.7,1.09,96.2,"2026-01","Friday"
"PRD-00162",2026-01-10,"Siang","Line-A","OP01","M-02","Housing",348,348,5,74,48.4,1.44,100,"2026-01","Saturday"
"PRD-00163",2026-01-12,"Siang","Line-A","OP03","M-01","Housing",366,373,5,2,56,1.34,101.9,"2026-01","Monday"
"PRD-00164",2026-01-13,"Siang","Line-A","OP03","M-02","Shaft",335,345,17,27,46,4.93,103,"2026-01","Tuesday"
"PRD-00165",2026-01-14,"Siang","Line-A","OP03","M-01","Bracket",432,440,5,14,47.4,1.14,101.9,"2026-01","Wednesday"
"PRD-00166",2026-01-15,"Siang","Line-A","OP06","M-02","Housing",313,316,15,12,38.2,4.75,101,"2026-01","Thursday"
"PRD-00167",2026-01-16,"Siang","Line-A","OP01","M-01","Bracket",390,364,7,15,49,1.92,93.3,"2026-01","Friday"
"PRD-00168",2026-01-17,"Siang","Line-A","OP08","M-02","Bracket",420,416,8,13,50.5,1.92,99,"2026-01","Saturday"
"PRD-00169",2026-01-19,"Siang","Line-A","OP04","M-02","Bracket",435,418,17,8,50.2,4.07,96.1,"2026-01","Monday"
"PRD-00170",2026-01-20,"Siang","Line-A","OP01","M-02","Housing",315,269,4,13,43.4,1.49,85.4,"2026-01","Tuesday"
"PRD-00171",2026-01-21,"Siang","Line-A","OP04","M-02","Shaft",319,331,19,13,55.9,5.74,103.8,"2026-01","Wednesday"
"PRD-00172",2026-01-22,"Siang","Line-A","OP01","M-02","Shaft",250,236,2,52,55.4,0.85,94.4,"2026-01","Thursday"
"PRD-00173",2026-01-23,"Siang","Line-A","OP04","M-01","Housing",382,356,7,9,41.8,1.97,93.2,"2026-01","Friday"
"PRD-00174",2026-01-24,"Siang","Line-A","OP05","M-01","Housing",350,377,3,17,51.9,0.8,107.7,"2026-01","Saturday"
"PRD-00175",2026-01-26,"Siang","Line-A","OP05","M-02","Housing",365,375,6,21,47.1,1.6,102.7,"2026-01","Monday"
"PRD-00176",2026-01-27,"Siang","Line-A","OP06","M-01","Housing",377,366,15,8,51.1,4.1,97.1,"2026-01","Tuesday"
"PRD-00177",2026-01-28,"Siang","Line-A","OP03","M-02","Bracket",403,351,9,17,37.6,2.56,87.1,"2026-01","Wednesday"
"PRD-00178",2026-01-29,"Siang","Line-A","OP02","M-02","Housing",352,343,4,26,51.5,1.17,97.4,"2026-01","Thursday"
"PRD-00179",2026-01-30,"Siang","Line-A","OP01","M-01","Shaft",316,310,5,17,52.9,1.61,98.1,"2026-01","Friday"
"PRD-00180",2026-01-31,"Siang","Line-A","OP07","M-02","Shaft",345,377,17,55,54.5,4.51,109.3,"2026-01","Saturday"
"PRD-00181",2026-02-02,"Siang","Line-A","OP06","M-02","Shaft",312,313,26,53,51.4,8.31,100.3,"2026-02","Monday"
"PRD-00182",2026-02-03,"Siang","Line-A","OP02","M-02","Housing",407,384,17,27,46,4.43,94.3,"2026-02","Tuesday"
"PRD-00183",2026-02-04,"Siang","Line-A","OP05","M-02","Bracket",383,371,10,29,39.2,2.7,96.9,"2026-02","Wednesday"
"PRD-00184",2026-02-05,"Siang","Line-A","OP05","M-02","Shaft",328,286,9,25,57.5,3.15,87.2,"2026-02","Thursday"
"PRD-00185",2026-02-06,"Siang","Line-A","OP06","M-02","Bracket",449,457,24,12,32.6,5.25,101.8,"2026-02","Friday"
"PRD-00186",2026-02-07,"Siang","Line-A","OP03","M-02","Shaft",291,271,14,46,51.1,5.17,93.1,"2026-02","Saturday"
"PRD-00187",2026-02-09,"Siang","Line-A","OP06","M-01","Shaft",311,311,12,34,43.3,3.86,100,"2026-02","Monday"
"PRD-00188",2026-02-10,"Siang","Line-A","OP07","M-02","Housing",402,396,16,28,52.5,4.04,98.5,"2026-02","Tuesday"
"PRD-00189",2026-02-11,"Siang","Line-A","OP05","M-01","Housing",289,244,2,4,44.1,0.82,84.4,"2026-02","Wednesday"
"PRD-00190",2026-02-12,"Siang","Line-A","OP04","M-01","Shaft",288,281,7,15,53,2.49,97.6,"2026-02","Thursday"
"PRD-00191",2026-02-13,"Siang","Line-A","OP08","M-01","Shaft",250,257,3,3,50.7,1.17,102.8,"2026-02","Friday"
"PRD-00192",2026-02-14,"Siang","Line-A","OP02","M-01","Bracket",390,393,6,4,37.6,1.53,100.8,"2026-02","Saturday"
"PRD-00193",2026-02-16,"Siang","Line-A","OP05","M-02","Housing",354,345,17,35,40.2,4.93,97.5,"2026-02","Monday"
"PRD-00194",2026-02-17,"Siang","Line-A","OP05","M-01","Housing",339,341,4,2,47,1.17,100.6,"2026-02","Tuesday"
"PRD-00195",2026-02-18,"Siang","Line-A","OP06","M-02","Housing",364,346,13,22,55.2,3.76,95.1,"2026-02","Wednesday"
"PRD-00196",2026-02-19,"Siang","Line-A","OP01","M-01","Housing",314,304,4,5,48.7,1.32,96.8,"2026-02","Thursday"
"PRD-00197",2026-02-20,"Siang","Line-A","OP08","M-02","Shaft",309,297,6,13,52.9,2.02,96.1,"2026-02","Friday"
"PRD-00198",2026-02-21,"Siang","Line-A","OP03","M-02","Housing",323,326,16,25,42.2,4.91,100.9,"2026-02","Saturday"
"PRD-00199",2026-02-23,"Siang","Line-A","OP01","M-02","Bracket",394,367,7,16,41.2,1.91,93.1,"2026-02","Monday"
"PRD-00200",2026-02-24,"Siang","Line-A","OP06","M-01","Bracket",444,445,23,35,43.7,5.17,100.2,"2026-02","Tuesday"
"PRD-00201",2026-02-25,"Siang","Line-A","OP05","M-01","Bracket",370,314,8,27,55.9,2.55,84.9,"2026-02","Wednesday"
"PRD-00202",2026-02-26,"Siang","Line-A","OP01","M-01","Bracket",452,411,2,2,40.9,0.49,90.9,"2026-02","Thursday"
"PRD-00203",2026-02-27,"Siang","Line-A","OP04","M-01","Shaft",273,268,11,23,52.9,4.1,98.2,"2026-02","Friday"
"PRD-00204",2026-02-28,"Siang","Line-A","OP06","M-02","Bracket",404,402,15,25,40,3.73,99.5,"2026-02","Saturday"
"PRD-00205",2026-03-02,"Siang","Line-A","OP05","M-02","Bracket",467,474,20,17,43.2,4.22,101.5,"2026-03","Monday"
"PRD-00206",2026-03-03,"Siang","Line-A","OP06","M-01","Bracket",407,366,10,23,39.8,2.73,89.9,"2026-03","Tuesday"
"PRD-00207",2026-03-04,"Siang","Line-A","OP08","M-02","Housing",395,395,4,94,52.5,1.01,100,"2026-03","Wednesday"
"PRD-00208",2026-03-05,"Siang","Line-A","OP07","M-02","Bracket",430,419,11,9,42.7,2.63,97.4,"2026-03","Thursday"
"PRD-00209",2026-03-06,"Siang","Line-A","OP01","M-01","Shaft",306,285,1,12,47.4,0.35,93.1,"2026-03","Friday"
"PRD-00210",2026-03-07,"Siang","Line-A","OP01","M-01","Bracket",423,409,5,4,43.7,1.22,96.7,"2026-03","Saturday"
"PRD-00211",2026-03-09,"Siang","Line-A","OP03","M-02","Housing",352,341,12,14,42.4,3.52,96.9,"2026-03","Monday"
"PRD-00212",2026-03-10,"Siang","Line-A","OP07","M-02","Housing",335,329,5,21,49.8,1.52,98.2,"2026-03","Tuesday"
"PRD-00213",2026-03-11,"Siang","Line-A","OP01","M-02","Bracket",448,385,6,35,40.7,1.56,85.9,"2026-03","Wednesday"
"PRD-00214",2026-03-12,"Siang","Line-A","OP04","M-01","Bracket",475,436,10,31,39.6,2.29,91.8,"2026-03","Thursday"
"PRD-00215",2026-03-13,"Siang","Line-A","OP04","M-02","Shaft",269,253,5,11,54.6,1.98,94.1,"2026-03","Friday"
"PRD-00216",2026-03-14,"Siang","Line-A","OP07","M-01","Housing",322,345,2,8,42.7,0.58,107.1,"2026-03","Saturday"
"PRD-00217",2026-03-16,"Siang","Line-A","OP03","M-02","Shaft",273,280,5,10,49.8,1.79,102.6,"2026-03","Monday"
"PRD-00218",2026-03-17,"Siang","Line-A","OP03","M-02","Housing",374,370,14,128,43,3.78,98.9,"2026-03","Tuesday"
"PRD-00219",2026-03-18,"Siang","Line-A","OP08","M-01","Bracket",389,383,4,20,46.8,1.04,98.5,"2026-03","Wednesday"
"PRD-00220",2026-03-19,"Siang","Line-A","OP05","M-02","Shaft",294,265,8,13,60.9,3.02,90.1,"2026-03","Thursday"
"PRD-00221",2026-03-20,"Siang","Line-A","OP04","M-01","Shaft",270,249,7,2,61.8,2.81,92.2,"2026-03","Friday"
"PRD-00222",2026-03-21,"Siang","Line-A","OP02","M-01","Shaft",329,322,4,7,56,1.24,97.9,"2026-03","Saturday"
"PRD-00223",2026-03-23,"Siang","Line-A","OP07","M-01","Housing",368,358,7,9,39.5,1.96,97.3,"2026-03","Monday"
"PRD-00224",2026-03-24,"Siang","Line-A","OP03","M-01","Housing",379,366,10,33,45.2,2.73,96.6,"2026-03","Tuesday"
"PRD-00225",2026-03-25,"Siang","Line-A","OP02","M-01","Bracket",409,342,5,90,46.4,1.46,83.6,"2026-03","Wednesday"
"PRD-00226",2026-03-26,"Siang","Line-A","OP06","M-01","Housing",349,314,6,8,44.5,1.91,90,"2026-03","Thursday"
"PRD-00227",2026-03-27,"Siang","Line-A","OP05","M-01","Bracket",444,439,7,5,45.8,1.59,98.9,"2026-03","Friday"
"PRD-00228",2026-03-28,"Siang","Line-A","OP03","M-02","Bracket",412,383,17,9,40.5,4.44,93,"2026-03","Saturday"
"PRD-00229",2026-03-30,"Siang","Line-A","OP05","M-01","Bracket",440,394,0,16,39.1,0,89.5,"2026-03","Monday"
"PRD-00230",2026-03-31,"Siang","Line-A","OP06","M-01","Housing",368,330,7,0,47.8,2.12,89.7,"2026-03","Tuesday"
"PRD-00231",2026-04-01,"Siang","Line-A","OP01","M-02","Shaft",274,248,4,29,49.3,1.61,90.5,"2026-04","Wednesday"
"PRD-00232",2026-04-02,"Siang","Line-A","OP08","M-02","Housing",356,356,7,32,41.9,1.97,100,"2026-04","Thursday"
"PRD-00233",2026-04-03,"Siang","Line-A","OP06","M-02","Shaft",249,253,8,16,59.5,3.16,101.6,"2026-04","Friday"
"PRD-00234",2026-04-04,"Siang","Line-A","OP03","M-02","Housing",352,327,20,20,40.5,6.12,92.9,"2026-04","Saturday"
"PRD-00235",2026-04-06,"Siang","Line-A","OP01","M-02","Housing",312,313,6,19,39.9,1.92,100.3,"2026-04","Monday"
"PRD-00236",2026-04-07,"Siang","Line-A","OP06","M-01","Housing",331,328,10,5,43.5,3.05,99.1,"2026-04","Tuesday"
"PRD-00237",2026-04-08,"Siang","Line-A","OP03","M-02","Bracket",469,467,9,11,56.9,1.93,99.6,"2026-04","Wednesday"
"PRD-00238",2026-04-09,"Siang","Line-A","OP01","M-02","Housing",325,278,13,63,48.3,4.68,85.5,"2026-04","Thursday"
"PRD-00239",2026-04-10,"Siang","Line-A","OP07","M-02","Shaft",312,306,8,19,53.3,2.61,98.1,"2026-04","Friday"
"PRD-00240",2026-04-11,"Siang","Line-A","OP02","M-02","Housing",361,345,5,62,41.2,1.45,95.6,"2026-04","Saturday"
"PRD-00241",2026-04-13,"Siang","Line-A","OP05","M-02","Bracket",404,385,14,16,37.1,3.64,95.3,"2026-04","Monday"
"PRD-00242",2026-04-14,"Siang","Line-A","OP03","M-02","Housing",379,370,6,14,45.9,1.62,97.6,"2026-04","Tuesday"
"PRD-00243",2026-04-15,"Siang","Line-A","OP06","M-02","Bracket",447,459,17,8,42.1,3.7,102.7,"2026-04","Wednesday"
"PRD-00244",2026-04-16,"Siang","Line-A","OP06","M-01","Housing",317,331,9,63,47.7,2.72,104.4,"2026-04","Thursday"
"PRD-00245",2026-04-17,"Siang","Line-A","OP05","M-02","Bracket",409,392,8,50,40.9,2.04,95.8,"2026-04","Friday"
"PRD-00246",2026-04-18,"Siang","Line-A","OP01","M-02","Shaft",298,246,3,40,60.2,1.22,82.6,"2026-04","Saturday"
"PRD-00247",2026-04-20,"Siang","Line-A","OP05","M-01","Housing",346,328,6,10,50.8,1.83,94.8,"2026-04","Monday"
"PRD-00248",2026-04-21,"Siang","Line-A","OP03","M-02","Bracket",387,416,9,10,45.1,2.16,107.5,"2026-04","Tuesday"
"PRD-00249",2026-04-22,"Siang","Line-A","OP06","M-01","Shaft",295,267,13,27,59.8,4.87,90.5,"2026-04","Wednesday"
"PRD-00250",2026-04-23,"Siang","Line-A","OP03","M-02","Housing",345,326,7,12,45.3,2.15,94.5,"2026-04","Thursday"
"PRD-00251",2026-04-24,"Siang","Line-A","OP08","M-01","Housing",331,309,6,5,49.1,1.94,93.4,"2026-04","Friday"
"PRD-00252",2026-04-25,"Siang","Line-A","OP05","M-02","Housing",447,399,4,13,47.1,1,89.3,"2026-04","Saturday"
"PRD-00253",2026-04-27,"Siang","Line-A","OP06","M-01","Housing",381,389,8,2,62.8,2.06,102.1,"2026-04","Monday"
"PRD-00254",2026-04-28,"Siang","Line-A","OP07","M-02","Housing",336,327,11,14,47.7,3.36,97.3,"2026-04","Tuesday"
"PRD-00255",2026-04-29,"Siang","Line-A","OP07","M-01","Shaft",276,261,4,1,55.5,1.53,94.6,"2026-04","Wednesday"
"PRD-00256",2026-04-30,"Siang","Line-A","OP01","M-01","Bracket",418,461,5,27,43.3,1.08,110.3,"2026-04","Thursday"
"PRD-00257",2026-05-01,"Siang","Line-A","OP02","M-01","Bracket",438,449,4,27,48.4,0.89,102.5,"2026-05","Friday"
"PRD-00258",2026-05-02,"Siang","Line-A","OP03","M-01","Bracket",390,400,5,6,34.9,1.25,102.6,"2026-05","Saturday"
"PRD-00259",2026-05-04,"Siang","Line-A","OP04","M-01","Housing",368,371,8,0,42.4,2.16,100.8,"2026-05","Monday"
"PRD-00260",2026-05-05,"Siang","Line-A","OP05","M-01","Housing",356,321,4,23,57.8,1.25,90.2,"2026-05","Tuesday"
"PRD-00261",2026-05-06,"Siang","Line-A","OP06","M-02","Housing",363,342,26,10,42.5,7.6,94.2,"2026-05","Wednesday"
"PRD-00262",2026-05-07,"Siang","Line-A","OP03","M-02","Housing",409,395,12,13,50.2,3.04,96.6,"2026-05","Thursday"
"PRD-00263",2026-05-08,"Siang","Line-A","OP01","M-01","Bracket",476,430,8,22,43,1.86,90.3,"2026-05","Friday"
"PRD-00264",2026-05-09,"Siang","Line-A","OP05","M-02","Shaft",335,326,8,38,47,2.45,97.3,"2026-05","Saturday"
"PRD-00265",2026-05-11,"Siang","Line-A","OP08","M-02","Shaft",309,325,6,19,51.5,1.85,105.2,"2026-05","Monday"
"PRD-00266",2026-05-12,"Siang","Line-A","OP01","M-02","Shaft",265,236,6,42,56.4,2.54,89.1,"2026-05","Tuesday"
"PRD-00267",2026-05-13,"Siang","Line-A","OP05","M-02","Bracket",455,480,7,29,41.8,1.46,105.5,"2026-05","Wednesday"
"PRD-00268",2026-05-14,"Siang","Line-A","OP08","M-01","Housing",337,340,6,5,46.9,1.76,100.9,"2026-05","Thursday"
"PRD-00269",2026-05-15,"Siang","Line-A","OP03","M-01","Bracket",444,483,4,2,40.1,0.83,108.8,"2026-05","Friday"
"PRD-00270",2026-05-16,"Siang","Line-A","OP06","M-02","Bracket",379,412,21,22,51,5.1,108.7,"2026-05","Saturday"
"PRD-00271",2026-05-18,"Siang","Line-A","OP01","M-02","Housing",325,328,5,46,53,1.52,100.9,"2026-05","Monday"
"PRD-00272",2026-05-19,"Siang","Line-A","OP07","M-02","Housing",343,371,7,46,42,1.89,108.2,"2026-05","Tuesday"
"PRD-00273",2026-05-20,"Siang","Line-A","OP08","M-02","Bracket",384,387,11,12,39,2.84,100.8,"2026-05","Wednesday"
"PRD-00274",2026-05-21,"Siang","Line-A","OP08","M-02","Housing",336,350,6,31,41.9,1.71,104.2,"2026-05","Thursday"
"PRD-00275",2026-05-22,"Siang","Line-A","OP03","M-01","Housing",359,380,9,15,49.8,2.37,105.8,"2026-05","Friday"
"PRD-00276",2026-05-23,"Siang","Line-A","OP05","M-01","Housing",318,285,5,2,43.6,1.75,89.6,"2026-05","Saturday"
"PRD-00277",2026-05-25,"Siang","Line-A","OP07","M-01","Shaft",269,261,2,30,45,0.77,97,"2026-05","Monday"
"PRD-00278",2026-05-26,"Siang","Line-A","OP02","M-01","Shaft",326,310,4,6,54.1,1.29,95.1,"2026-05","Tuesday"
"PRD-00279",2026-05-27,"Siang","Line-A","OP04","M-01","Shaft",290,280,10,16,55.4,3.57,96.6,"2026-05","Wednesday"
"PRD-00280",2026-05-28,"Siang","Line-A","OP08","M-01","Bracket",420,412,5,0,47.9,1.21,98.1,"2026-05","Thursday"
"PRD-00281",2026-05-29,"Siang","Line-A","OP07","M-01","Bracket",398,371,4,10,41.8,1.08,93.2,"2026-05","Friday"
"PRD-00282",2026-05-30,"Siang","Line-A","OP04","M-02","Bracket",421,376,15,13,43.7,3.99,89.3,"2026-05","Saturday"
"PRD-00283",2026-06-01,"Siang","Line-A","OP03","M-01","Housing",369,360,6,1,46.1,1.67,97.6,"2026-06","Monday"
"PRD-00284",2026-06-02,"Siang","Line-A","OP07","M-01","Shaft",288,294,9,11,55.7,3.06,102.1,"2026-06","Tuesday"
"PRD-00285",2026-06-03,"Siang","Line-A","OP04","M-01","Bracket",498,496,13,18,49.9,2.62,99.6,"2026-06","Wednesday"
"PRD-00286",2026-06-04,"Siang","Line-A","OP02","M-02","Housing",303,328,7,50,52.5,2.13,108.3,"2026-06","Thursday"
"PRD-00287",2026-06-05,"Siang","Line-A","OP07","M-01","Bracket",398,400,8,16,36.6,2,100.5,"2026-06","Friday"
"PRD-00288",2026-06-06,"Siang","Line-A","OP02","M-01","Shaft",283,273,4,6,49.6,1.47,96.5,"2026-06","Saturday"
"PRD-00289",2026-06-08,"Siang","Line-A","OP05","M-01","Bracket",413,395,9,15,46.6,2.28,95.6,"2026-06","Monday"
"PRD-00290",2026-06-09,"Siang","Line-A","OP03","M-01","Bracket",431,448,10,7,36.5,2.23,103.9,"2026-06","Tuesday"
"PRD-00291",2026-06-10,"Siang","Line-A","OP07","M-01","Housing",377,344,6,12,41.5,1.74,91.2,"2026-06","Wednesday"
"PRD-00292",2026-06-11,"Siang","Line-A","OP04","M-02","Bracket",372,357,8,82,41.6,2.24,96,"2026-06","Thursday"
"PRD-00293",2026-06-12,"Siang","Line-A","OP08","M-02","Shaft",312,306,3,33,53.6,0.98,98.1,"2026-06","Friday"
"PRD-00294",2026-06-13,"Siang","Line-A","OP03","M-01","Bracket",438,410,18,30,49.4,4.39,93.6,"2026-06","Saturday"
"PRD-00295",2026-06-15,"Siang","Line-A","OP07","M-01","Bracket",433,410,9,43,46,2.2,94.7,"2026-06","Monday"
"PRD-00296",2026-06-16,"Siang","Line-A","OP05","M-02","Shaft",308,273,2,8,46.2,0.73,88.6,"2026-06","Tuesday"
"PRD-00297",2026-06-17,"Siang","Line-A","OP06","M-01","Housing",355,296,5,4,41.5,1.69,83.4,"2026-06","Wednesday"
"PRD-00298",2026-06-18,"Siang","Line-A","OP01","M-01","Housing",354,310,2,49,50.7,0.65,87.6,"2026-06","Thursday"
"PRD-00299",2026-06-19,"Siang","Line-A","OP04","M-02","Housing",305,310,14,35,34.5,4.52,101.6,"2026-06","Friday"
"PRD-00300",2026-06-20,"Siang","Line-A","OP05","M-01","Bracket",397,411,6,5,39.7,1.46,103.5,"2026-06","Saturday"
"PRD-00301",2026-06-22,"Siang","Line-A","OP04","M-02","Bracket",404,388,12,24,40.1,3.09,96,"2026-06","Monday"
"PRD-00302",2026-06-23,"Siang","Line-A","OP02","M-02","Housing",328,308,6,12,45,1.95,93.9,"2026-06","Tuesday"
"PRD-00303",2026-06-24,"Siang","Line-A","OP03","M-01","Bracket",439,388,13,11,50.1,3.35,88.4,"2026-06","Wednesday"
"PRD-00304",2026-06-25,"Siang","Line-A","OP01","M-01","Bracket",406,372,5,31,47.6,1.34,91.6,"2026-06","Thursday"
"PRD-00305",2026-06-26,"Siang","Line-A","OP03","M-02","Housing",328,313,15,20,43.7,4.79,95.4,"2026-06","Friday"
"PRD-00306",2026-06-27,"Siang","Line-A","OP03","M-01","Housing",324,313,6,5,48.3,1.92,96.6,"2026-06","Saturday"
"PRD-00307",2026-06-29,"Siang","Line-A","OP07","M-02","Shaft",305,269,9,42,57.2,3.35,88.2,"2026-06","Monday"
"PRD-00308",2026-06-30,"Siang","Line-A","OP08","M-02","Bracket",371,329,4,28,47.2,1.22,88.7,"2026-06","Tuesday"
"PRD-00309",2026-01-02,"Malam","Line-A","OP03","M-01","Shaft",229,216,5,41,57.7,2.31,94.3,"2026-01","Friday"
"PRD-00310",2026-01-03,"Malam","Line-A","OP08","M-01","Bracket",349,328,14,4,46.6,4.27,94,"2026-01","Saturday"
"PRD-00311",2026-01-05,"Malam","Line-A","OP02","M-02","Bracket",350,320,6,29,37.1,1.88,91.4,"2026-01","Monday"
"PRD-00312",2026-01-06,"Malam","Line-A","OP06","M-02","Housing",334,306,30,19,51.5,9.8,91.6,"2026-01","Tuesday"
"PRD-00313",2026-01-07,"Malam","Line-A","OP02","M-01","Bracket",363,355,6,37,43.3,1.69,97.8,"2026-01","Wednesday"
"PRD-00314",2026-01-08,"Malam","Line-A","OP04","M-02","Bracket",373,375,10,9,48.9,2.67,100.5,"2026-01","Thursday"
"PRD-00315",2026-01-09,"Malam","Line-A","OP04","M-01","Shaft",241,238,8,1,58.1,3.36,98.8,"2026-01","Friday"
"PRD-00316",2026-01-10,"Malam","Line-A","OP08","M-01","Shaft",248,258,4,6,50.3,1.55,104,"2026-01","Saturday"
"PRD-00317",2026-01-12,"Malam","Line-A","OP03","M-02","Shaft",239,222,14,10,56.3,6.31,92.9,"2026-01","Monday"
"PRD-00318",2026-01-13,"Malam","Line-A","OP04","M-01","Housing",288,273,11,2,45.3,4.03,94.8,"2026-01","Tuesday"
"PRD-00319",2026-01-14,"Malam","Line-A","OP02","M-01","Housing",325,291,7,12,49.5,2.41,89.5,"2026-01","Wednesday"
"PRD-00320",2026-01-15,"Malam","Line-A","OP04","M-02","Bracket",411,366,20,40,45.5,5.46,89.1,"2026-01","Thursday"
"PRD-00321",2026-01-16,"Malam","Line-A","OP03","M-02","Housing",328,316,15,13,46.2,4.75,96.3,"2026-01","Friday"
"PRD-00322",2026-01-17,"Malam","Line-A","OP03","M-01","Housing",300,289,4,16,45.1,1.38,96.3,"2026-01","Saturday"
"PRD-00323",2026-01-19,"Malam","Line-A","OP07","M-02","Bracket",412,381,21,16,53.2,5.51,92.5,"2026-01","Monday"
"PRD-00324",2026-01-20,"Malam","Line-A","OP03","M-02","Housing",301,280,5,46,52.6,1.79,93,"2026-01","Tuesday"
"PRD-00325",2026-01-21,"Malam","Line-A","OP02","M-02","Bracket",380,360,15,21,56.9,4.17,94.7,"2026-01","Wednesday"
"PRD-00326",2026-01-22,"Malam","Line-A","OP05","M-01","Housing",300,276,8,17,47.3,2.9,92,"2026-01","Thursday"
"PRD-00327",2026-01-23,"Malam","Line-A","OP05","M-01","Bracket",353,339,11,28,52.9,3.24,96,"2026-01","Friday"
"PRD-00328",2026-01-24,"Malam","Line-A","OP05","M-02","Shaft",287,272,5,15,55.8,1.84,94.8,"2026-01","Saturday"
"PRD-00329",2026-01-26,"Malam","Line-A","OP02","M-02","Housing",321,319,8,39,49.8,2.51,99.4,"2026-01","Monday"
"PRD-00330",2026-01-27,"Malam","Line-A","OP01","M-01","Bracket",372,362,4,14,49.7,1.1,97.3,"2026-01","Tuesday"
"PRD-00331",2026-01-28,"Malam","Line-A","OP07","M-01","Housing",355,342,6,28,55.8,1.75,96.3,"2026-01","Wednesday"
"PRD-00332",2026-01-29,"Malam","Line-A","OP08","M-01","Bracket",391,415,7,10,39.5,1.69,106.1,"2026-01","Thursday"
"PRD-00333",2026-01-30,"Malam","Line-A","OP06","M-02","Shaft",284,274,13,17,49.1,4.74,96.5,"2026-01","Friday"
"PRD-00334",2026-01-31,"Malam","Line-A","OP03","M-01","Housing",315,290,7,18,47.3,2.41,92.1,"2026-01","Saturday"
"PRD-00335",2026-02-02,"Malam","Line-A","OP05","M-01","Bracket",338,326,14,35,39.6,4.29,96.4,"2026-02","Monday"
"PRD-00336",2026-02-03,"Malam","Line-A","OP07","M-01","Bracket",380,348,17,6,46.6,4.89,91.6,"2026-02","Tuesday"
"PRD-00337",2026-02-04,"Malam","Line-A","OP03","M-02","Shaft",220,206,4,50,59,1.94,93.6,"2026-02","Wednesday"
"PRD-00338",2026-02-05,"Malam","Line-A","OP03","M-02","Shaft",272,272,12,26,56.2,4.41,100,"2026-02","Thursday"
"PRD-00339",2026-02-06,"Malam","Line-A","OP03","M-02","Bracket",350,335,27,21,52.1,8.06,95.7,"2026-02","Friday"
"PRD-00340",2026-02-07,"Malam","Line-A","OP07","M-01","Bracket",373,355,12,7,38.7,3.38,95.2,"2026-02","Saturday"
"PRD-00341",2026-02-09,"Malam","Line-A","OP06","M-01","Shaft",255,245,8,2,53,3.27,96.1,"2026-02","Monday"
"PRD-00342",2026-02-10,"Malam","Line-A","OP08","M-01","Bracket",369,384,17,2,47.6,4.43,104.1,"2026-02","Tuesday"
"PRD-00343",2026-02-11,"Malam","Line-A","OP07","M-01","Bracket",360,383,11,21,46.9,2.87,106.4,"2026-02","Wednesday"
"PRD-00344",2026-02-12,"Malam","Line-A","OP08","M-01","Housing",357,359,1,5,46.9,0.28,100.6,"2026-02","Thursday"
"PRD-00345",2026-02-13,"Malam","Line-A","OP03","M-01","Housing",306,291,11,8,52.8,3.78,95.1,"2026-02","Friday"
"PRD-00346",2026-02-14,"Malam","Line-A","OP05","M-02","Shaft",234,228,6,37,57,2.63,97.4,"2026-02","Saturday"
"PRD-00347",2026-02-16,"Malam","Line-A","OP08","M-02","Housing",340,315,8,9,52.4,2.54,92.6,"2026-02","Monday"
"PRD-00348",2026-02-17,"Malam","Line-A","OP03","M-01","Shaft",244,230,4,6,50.5,1.74,94.3,"2026-02","Tuesday"
"PRD-00349",2026-02-18,"Malam","Line-A","OP03","M-02","Bracket",416,462,9,12,45,1.95,111.1,"2026-02","Wednesday"
"PRD-00350",2026-02-19,"Malam","Line-A","OP07","M-02","Bracket",355,322,14,29,48.2,4.35,90.7,"2026-02","Thursday"
"PRD-00351",2026-02-20,"Malam","Line-A","OP08","M-02","Housing",361,334,5,28,45.5,1.5,92.5,"2026-02","Friday"
"PRD-00352",2026-02-21,"Malam","Line-A","OP02","M-01","Shaft",285,267,5,0,55.8,1.87,93.7,"2026-02","Saturday"
"PRD-00353",2026-02-23,"Malam","Line-A","OP05","M-02","Housing",312,271,15,96,54.4,5.54,86.9,"2026-02","Monday"
"PRD-00354",2026-02-24,"Malam","Line-A","OP03","M-02","Bracket",324,271,8,12,43.5,2.95,83.6,"2026-02","Tuesday"
"PRD-00355",2026-02-25,"Malam","Line-A","OP08","M-01","Housing",335,314,4,21,45,1.27,93.7,"2026-02","Wednesday"
"PRD-00356",2026-02-26,"Malam","Line-A","OP05","M-02","Housing",332,310,4,9,47.7,1.29,93.4,"2026-02","Thursday"
"PRD-00357",2026-02-27,"Malam","Line-A","OP05","M-01","Housing",319,249,7,5,50.7,2.81,78.1,"2026-02","Friday"
"PRD-00358",2026-02-28,"Malam","Line-A","OP08","M-02","Shaft",263,213,8,23,60.9,3.76,81,"2026-02","Saturday"
"PRD-00359",2026-03-02,"Malam","Line-A","OP05","M-01","Housing",327,333,13,20,61.5,3.9,101.8,"2026-03","Monday"
"PRD-00360",2026-03-03,"Malam","Line-A","OP01","M-01","Shaft",224,199,5,22,55.9,2.51,88.8,"2026-03","Tuesday"
"PRD-00361",2026-03-04,"Malam","Line-A","OP04","M-01","Shaft",239,242,10,9,53.2,4.13,101.3,"2026-03","Wednesday"
"PRD-00362",2026-03-05,"Malam","Line-A","OP04","M-02","Bracket",375,351,14,107,49,3.99,93.6,"2026-03","Thursday"
"PRD-00363",2026-03-06,"Malam","Line-A","OP02","M-02","Bracket",379,346,20,17,53.8,5.78,91.3,"2026-03","Friday"
"PRD-00364",2026-03-07,"Malam","Line-A","OP01","M-01","Housing",290,288,4,1,53,1.39,99.3,"2026-03","Saturday"
"PRD-00365",2026-03-09,"Malam","Line-A","OP05","M-01","Bracket",369,355,7,18,42.2,1.97,96.2,"2026-03","Monday"
"PRD-00366",2026-03-10,"Malam","Line-A","OP06","M-02","Bracket",369,342,5,34,46.4,1.46,92.7,"2026-03","Tuesday"
"PRD-00367",2026-03-11,"Malam","Line-A","OP02","M-02","Shaft",290,279,6,15,53.2,2.15,96.2,"2026-03","Wednesday"
"PRD-00368",2026-03-12,"Malam","Line-A","OP03","M-02","Shaft",245,225,6,10,58.7,2.67,91.8,"2026-03","Thursday"
"PRD-00369",2026-03-13,"Malam","Line-A","OP07","M-01","Housing",293,281,11,0,46.8,3.91,95.9,"2026-03","Friday"
"PRD-00370",2026-03-14,"Malam","Line-A","OP05","M-01","Bracket",409,412,8,4,38.1,1.94,100.7,"2026-03","Saturday"
"PRD-00371",2026-03-16,"Malam","Line-A","OP02","M-02","Housing",286,276,13,12,45.9,4.71,96.5,"2026-03","Monday"
"PRD-00372",2026-03-17,"Malam","Line-A","OP06","M-01","Housing",339,309,11,39,44.1,3.56,91.2,"2026-03","Tuesday"
"PRD-00373",2026-03-18,"Malam","Line-A","OP08","M-02","Shaft",325,289,2,21,54,0.69,88.9,"2026-03","Wednesday"
"PRD-00374",2026-03-19,"Malam","Line-A","OP01","M-01","Housing",303,290,3,18,47.2,1.03,95.7,"2026-03","Thursday"
"PRD-00375",2026-03-20,"Malam","Line-A","OP03","M-01","Bracket",376,328,7,20,48.7,2.13,87.2,"2026-03","Friday"
"PRD-00376",2026-03-21,"Malam","Line-A","OP08","M-02","Shaft",315,293,11,17,58.1,3.75,93,"2026-03","Saturday"
"PRD-00377",2026-03-23,"Malam","Line-A","OP02","M-01","Housing",328,293,3,7,48,1.02,89.3,"2026-03","Monday"
"PRD-00378",2026-03-24,"Malam","Line-A","OP03","M-02","Shaft",276,249,11,16,60.9,4.42,90.2,"2026-03","Tuesday"
"PRD-00379",2026-03-25,"Malam","Line-A","OP04","M-01","Bracket",364,358,13,9,48.6,3.63,98.4,"2026-03","Wednesday"
"PRD-00380",2026-03-26,"Malam","Line-A","OP06","M-02","Bracket",387,313,20,51,40.7,6.39,80.9,"2026-03","Thursday"
"PRD-00381",2026-03-27,"Malam","Line-A","OP06","M-01","Shaft",319,325,17,27,54.3,5.23,101.9,"2026-03","Friday"
"PRD-00382",2026-03-28,"Malam","Line-A","OP08","M-02","Bracket",405,392,5,10,52.3,1.28,96.8,"2026-03","Saturday"
"PRD-00383",2026-03-30,"Malam","Line-A","OP01","M-02","Housing",324,293,2,19,37.6,0.68,90.4,"2026-03","Monday"
"PRD-00384",2026-03-31,"Malam","Line-A","OP05","M-02","Bracket",437,423,29,48,46,6.86,96.8,"2026-03","Tuesday"
"PRD-00385",2026-04-01,"Malam","Line-A","OP06","M-01","Housing",333,332,15,3,45.8,4.52,99.7,"2026-04","Wednesday"
"PRD-00386",2026-04-02,"Malam","Line-A","OP08","M-02","Shaft",286,305,2,24,56.2,0.66,106.6,"2026-04","Thursday"
"PRD-00387",2026-04-03,"Malam","Line-A","OP03","M-02","Housing",337,306,16,39,46.6,5.23,90.8,"2026-04","Friday"
"PRD-00388",2026-04-04,"Malam","Line-A","OP01","M-02","Bracket",383,392,14,15,52.2,3.57,102.3,"2026-04","Saturday"
"PRD-00389",2026-04-06,"Malam","Line-A","OP01","M-01","Bracket",329,312,6,4,50.8,1.92,94.8,"2026-04","Monday"
"PRD-00390",2026-04-07,"Malam","Line-A","OP07","M-02","Shaft",245,226,9,50,58.1,3.98,92.2,"2026-04","Tuesday"
"PRD-00391",2026-04-08,"Malam","Line-A","OP02","M-02","Housing",314,301,4,23,55.6,1.33,95.9,"2026-04","Wednesday"
"PRD-00392",2026-04-09,"Malam","Line-A","OP06","M-02","Bracket",372,341,7,28,48,2.05,91.7,"2026-04","Thursday"
"PRD-00393",2026-04-10,"Malam","Line-A","OP06","M-02","Housing",325,380,30,41,51.3,7.89,116.9,"2026-04","Friday"
"PRD-00394",2026-04-11,"Malam","Line-A","OP08","M-01","Bracket",430,448,9,15,35.4,2.01,104.2,"2026-04","Saturday"
"PRD-00395",2026-04-13,"Malam","Line-A","OP04","M-01","Shaft",294,264,14,30,62.7,5.3,89.8,"2026-04","Monday"
"PRD-00396",2026-04-14,"Malam","Line-A","OP03","M-02","Housing",292,261,3,19,56.3,1.15,89.4,"2026-04","Tuesday"
"PRD-00397",2026-04-15,"Malam","Line-A","OP05","M-02","Bracket",389,390,17,30,41.7,4.36,100.3,"2026-04","Wednesday"
"PRD-00398",2026-04-16,"Malam","Line-A","OP06","M-02","Bracket",367,387,17,18,45.6,4.39,105.4,"2026-04","Thursday"
"PRD-00399",2026-04-17,"Malam","Line-A","OP06","M-02","Housing",257,237,9,34,44.5,3.8,92.2,"2026-04","Friday"
"PRD-00400",2026-04-18,"Malam","Line-A","OP05","M-01","Bracket",376,338,7,11,47.1,2.07,89.9,"2026-04","Saturday"
"PRD-00401",2026-04-20,"Malam","Line-A","OP06","M-02","Housing",359,350,26,15,46.7,7.43,97.5,"2026-04","Monday"
"PRD-00402",2026-04-21,"Malam","Line-A","OP08","M-02","Housing",349,332,6,20,48.7,1.81,95.1,"2026-04","Tuesday"
"PRD-00403",2026-04-22,"Malam","Line-A","OP07","M-02","Bracket",383,360,19,13,43.8,5.28,94,"2026-04","Wednesday"
"PRD-00404",2026-04-23,"Malam","Line-A","OP04","M-01","Shaft",244,226,10,7,47.3,4.42,92.6,"2026-04","Thursday"
"PRD-00405",2026-04-24,"Malam","Line-A","OP06","M-02","Shaft",267,246,23,9,49.9,9.35,92.1,"2026-04","Friday"
"PRD-00406",2026-04-25,"Malam","Line-A","OP02","M-02","Bracket",393,380,12,22,50.1,3.16,96.7,"2026-04","Saturday"
"PRD-00407",2026-04-27,"Malam","Line-A","OP02","M-02","Shaft",226,226,8,63,52,3.54,100,"2026-04","Monday"
"PRD-00408",2026-04-28,"Malam","Line-A","OP01","M-02","Bracket",332,322,5,15,46,1.55,97,"2026-04","Tuesday"
"PRD-00409",2026-04-29,"Malam","Line-A","OP02","M-02","Housing",332,337,13,16,49.6,3.86,101.5,"2026-04","Wednesday"
"PRD-00410",2026-04-30,"Malam","Line-A","OP08","M-01","Housing",319,288,3,26,59.8,1.04,90.3,"2026-04","Thursday"
"PRD-00411",2026-05-01,"Malam","Line-A","OP02","M-01","Housing",281,227,3,16,55.9,1.32,80.8,"2026-05","Friday"
"PRD-00412",2026-05-02,"Malam","Line-A","OP04","M-02","Housing",346,330,20,44,37.3,6.06,95.4,"2026-05","Saturday"
"PRD-00413",2026-05-04,"Malam","Line-A","OP04","M-02","Housing",304,292,14,23,54.4,4.79,96.1,"2026-05","Monday"
"PRD-00414",2026-05-05,"Malam","Line-A","OP04","M-01","Housing",346,388,15,0,46.5,3.87,112.1,"2026-05","Tuesday"
"PRD-00415",2026-05-06,"Malam","Line-A","OP02","M-01","Bracket",402,370,11,4,50.2,2.97,92,"2026-05","Wednesday"
"PRD-00416",2026-05-07,"Malam","Line-A","OP01","M-02","Housing",318,290,7,17,39.9,2.41,91.2,"2026-05","Thursday"
"PRD-00417",2026-05-08,"Malam","Line-A","OP03","M-01","Shaft",311,279,15,47,51.3,5.38,89.7,"2026-05","Friday"
"PRD-00418",2026-05-09,"Malam","Line-A","OP04","M-02","Bracket",341,339,16,23,43.8,4.72,99.4,"2026-05","Saturday"
"PRD-00419",2026-05-11,"Malam","Line-A","OP02","M-02","Shaft",257,263,7,15,46.9,2.66,102.3,"2026-05","Monday"
"PRD-00420",2026-05-12,"Malam","Line-A","OP06","M-02","Bracket",375,380,32,8,45.4,8.42,101.3,"2026-05","Tuesday"
"PRD-00421",2026-05-13,"Malam","Line-A","OP03","M-01","Housing",329,325,4,45,39.9,1.23,98.8,"2026-05","Wednesday"
"PRD-00422",2026-05-14,"Malam","Line-A","OP04","M-02","Shaft",265,247,17,8,61.5,6.88,93.2,"2026-05","Thursday"
"PRD-00423",2026-05-15,"Malam","Line-A","OP01","M-01","Bracket",376,364,8,14,39.8,2.2,96.8,"2026-05","Friday"
"PRD-00424",2026-05-16,"Malam","Line-A","OP04","M-01","Shaft",289,277,17,1,54.3,6.14,95.8,"2026-05","Saturday"
"PRD-00425",2026-05-18,"Malam","Line-A","OP04","M-01","Bracket",362,349,23,6,46.4,6.59,96.4,"2026-05","Monday"
"PRD-00426",2026-05-19,"Malam","Line-A","OP02","M-02","Housing",305,304,7,21,51.6,2.3,99.7,"2026-05","Tuesday"
"PRD-00427",2026-05-20,"Malam","Line-A","OP06","M-01","Housing",353,315,20,11,43.6,6.35,89.2,"2026-05","Wednesday"
"PRD-00428",2026-05-21,"Malam","Line-A","OP07","M-02","Bracket",354,320,8,17,40.8,2.5,90.4,"2026-05","Thursday"
"PRD-00429",2026-05-22,"Malam","Line-A","OP03","M-01","Shaft",274,279,5,9,46.6,1.79,101.8,"2026-05","Friday"
"PRD-00430",2026-05-23,"Malam","Line-A","OP06","M-01","Housing",302,304,28,41,46.4,9.21,100.7,"2026-05","Saturday"
"PRD-00431",2026-05-25,"Malam","Line-A","OP05","M-02","Shaft",265,254,9,42,59.6,3.54,95.8,"2026-05","Monday"
"PRD-00432",2026-05-26,"Malam","Line-A","OP04","M-02","Bracket",416,427,10,12,44.8,2.34,102.6,"2026-05","Tuesday"
"PRD-00433",2026-05-27,"Malam","Line-A","OP07","M-01","Housing",268,246,8,26,41.9,3.25,91.8,"2026-05","Wednesday"
"PRD-00434",2026-05-28,"Malam","Line-A","OP08","M-01","Bracket",370,369,4,8,46.7,1.08,99.7,"2026-05","Thursday"
"PRD-00435",2026-05-29,"Malam","Line-A","OP03","M-02","Housing",329,327,12,39,42.1,3.67,99.4,"2026-05","Friday"
"PRD-00436",2026-05-30,"Malam","Line-A","OP01","M-01","Bracket",364,325,5,34,48.9,1.54,89.3,"2026-05","Saturday"
"PRD-00437",2026-06-01,"Malam","Line-A","OP02","M-02","Bracket",413,413,19,27,45.1,4.6,100,"2026-06","Monday"
"PRD-00438",2026-06-02,"Malam","Line-A","OP06","M-01","Bracket",379,346,16,21,40,4.62,91.3,"2026-06","Tuesday"
"PRD-00439",2026-06-03,"Malam","Line-A","OP02","M-02","Housing",320,298,9,17,50.9,3.02,93.1,"2026-06","Wednesday"
"PRD-00440",2026-06-04,"Malam","Line-A","OP08","M-02","Bracket",350,338,10,66,44.4,2.96,96.6,"2026-06","Thursday"
"PRD-00441",2026-06-05,"Malam","Line-A","OP04","M-01","Housing",281,278,18,7,53.9,6.47,98.9,"2026-06","Friday"
"PRD-00442",2026-06-06,"Malam","Line-A","OP08","M-02","Housing",367,327,9,29,47.6,2.75,89.1,"2026-06","Saturday"
"PRD-00443",2026-06-08,"Malam","Line-A","OP03","M-01","Bracket",310,281,9,40,41,3.2,90.6,"2026-06","Monday"
"PRD-00444",2026-06-09,"Malam","Line-A","OP04","M-01","Bracket",379,393,12,7,55.6,3.05,103.7,"2026-06","Tuesday"
"PRD-00445",2026-06-10,"Malam","Line-A","OP02","M-02","Bracket",341,327,14,16,50.7,4.28,95.9,"2026-06","Wednesday"
"PRD-00446",2026-06-11,"Malam","Line-A","OP08","M-01","Bracket",334,343,8,29,52.7,2.33,102.7,"2026-06","Thursday"
"PRD-00447",2026-06-12,"Malam","Line-A","OP07","M-02","Bracket",418,377,23,17,51.5,6.1,90.2,"2026-06","Friday"
"PRD-00448",2026-06-13,"Malam","Line-A","OP06","M-02","Bracket",356,378,29,19,46.1,7.67,106.2,"2026-06","Saturday"
"PRD-00449",2026-06-15,"Malam","Line-A","OP07","M-01","Bracket",393,373,16,12,50.1,4.29,94.9,"2026-06","Monday"
"PRD-00450",2026-06-16,"Malam","Line-A","OP02","M-02","Bracket",380,381,6,63,46.5,1.57,100.3,"2026-06","Tuesday"
"PRD-00451",2026-06-17,"Malam","Line-A","OP08","M-01","Shaft",278,255,7,12,49.1,2.75,91.7,"2026-06","Wednesday"
"PRD-00452",2026-06-18,"Malam","Line-A","OP01","M-02","Housing",281,277,6,16,51.9,2.17,98.6,"2026-06","Thursday"
"PRD-00453",2026-06-19,"Malam","Line-A","OP07","M-01","Shaft",257,260,3,28,60,1.15,101.2,"2026-06","Friday"
"PRD-00454",2026-06-20,"Malam","Line-A","OP05","M-02","Shaft",287,267,15,34,57.6,5.62,93,"2026-06","Saturday"
"PRD-00455",2026-06-22,"Malam","Line-A","OP03","M-02","Bracket",367,342,8,20,44.4,2.34,93.2,"2026-06","Monday"
"PRD-00456",2026-06-23,"Malam","Line-A","OP03","M-01","Bracket",362,332,9,14,43.9,2.71,91.7,"2026-06","Tuesday"
"PRD-00457",2026-06-24,"Malam","Line-A","OP08","M-01","Shaft",299,272,6,2,44.8,2.21,91,"2026-06","Wednesday"
"PRD-00458",2026-06-25,"Malam","Line-A","OP07","M-02","Housing",269,255,9,59,46.3,3.53,94.8,"2026-06","Thursday"
"PRD-00459",2026-06-26,"Malam","Line-A","OP02","M-01","Bracket",387,379,5,9,43.8,1.32,97.9,"2026-06","Friday"
"PRD-00460",2026-06-27,"Malam","Line-A","OP08","M-01","Bracket",422,417,4,25,45.6,0.96,98.8,"2026-06","Saturday"
"PRD-00461",2026-06-29,"Malam","Line-A","OP05","M-01","Bracket",383,411,10,0,51.2,2.43,107.3,"2026-06","Monday"
"PRD-00462",2026-06-30,"Malam","Line-A","OP05","M-01","Bracket",392,415,11,9,47.2,2.65,105.9,"2026-06","Tuesday"
"PRD-00463",2026-01-02,"Pagi","Line-B","OP07","M-03","Bracket",388,406,5,23,46.5,1.23,104.6,"2026-01","Friday"
"PRD-00464",2026-01-03,"Pagi","Line-B","OP05","M-03","Bracket",361,352,4,4,42.2,1.14,97.5,"2026-01","Saturday"
"PRD-00465",2026-01-05,"Pagi","Line-B","OP07","M-04","Housing",350,325,8,13,47,2.46,92.9,"2026-01","Monday"
"PRD-00466",2026-01-06,"Pagi","Line-B","OP05","M-04","Shaft",318,289,7,10,51.3,2.42,90.9,"2026-01","Tuesday"
"PRD-00467",2026-01-07,"Pagi","Line-B","OP04","M-04","Bracket",427,406,10,11,45.2,2.46,95.1,"2026-01","Wednesday"
"PRD-00468",2026-01-08,"Pagi","Line-B","OP06","M-04","Housing",349,353,20,9,41.1,5.67,101.1,"2026-01","Thursday"
"PRD-00469",2026-01-09,"Pagi","Line-B","OP07","M-04","Bracket",437,466,13,41,41.3,2.79,106.6,"2026-01","Friday"
"PRD-00470",2026-01-10,"Pagi","Line-B","OP07","M-04","Housing",342,305,8,15,45.9,2.62,89.2,"2026-01","Saturday"
"PRD-00471",2026-01-12,"Pagi","Line-B","OP07","M-04","Bracket",476,460,17,9,38.5,3.7,96.6,"2026-01","Monday"
"PRD-00472",2026-01-13,"Pagi","Line-B","OP01","M-04","Bracket",450,464,4,25,45.2,0.86,103.1,"2026-01","Tuesday"
"PRD-00473",2026-01-14,"Pagi","Line-B","OP04","M-03","Housing",340,337,9,47,41,2.67,99.1,"2026-01","Wednesday"
"PRD-00474",2026-01-15,"Pagi","Line-B","OP04","M-04","Bracket",423,407,13,30,50.3,3.19,96.2,"2026-01","Thursday"
"PRD-00475",2026-01-16,"Pagi","Line-B","OP04","M-04","Bracket",423,422,18,17,45.8,4.27,99.8,"2026-01","Friday"
"PRD-00476",2026-01-17,"Pagi","Line-B","OP07","M-03","Housing",338,334,5,4,36.1,1.5,98.8,"2026-01","Saturday"
"PRD-00477",2026-01-19,"Pagi","Line-B","OP04","M-03","Housing",328,317,8,8,44.8,2.52,96.6,"2026-01","Monday"
"PRD-00478",2026-01-20,"Pagi","Line-B","OP04","M-03","Housing",330,368,8,10,49.9,2.17,111.5,"2026-01","Tuesday"
"PRD-00479",2026-01-21,"Pagi","Line-B","OP03","M-03","Bracket",366,362,7,6,41.7,1.93,98.9,"2026-01","Wednesday"
"PRD-00480",2026-01-22,"Pagi","Line-B","OP04","M-03","Shaft",304,287,5,19,46.7,1.74,94.4,"2026-01","Thursday"
"PRD-00481",2026-01-23,"Pagi","Line-B","OP04","M-03","Housing",326,339,11,21,46.9,3.24,104,"2026-01","Friday"
"PRD-00482",2026-01-24,"Pagi","Line-B","OP04","M-04","Bracket",426,426,14,51,41.7,3.29,100,"2026-01","Saturday"
"PRD-00483",2026-01-26,"Pagi","Line-B","OP01","M-03","Bracket",420,414,8,21,46.9,1.93,98.6,"2026-01","Monday"
"PRD-00484",2026-01-27,"Pagi","Line-B","OP07","M-04","Shaft",305,283,6,51,54.4,2.12,92.8,"2026-01","Tuesday"
"PRD-00485",2026-01-28,"Pagi","Line-B","OP02","M-03","Bracket",349,346,7,6,48,2.02,99.1,"2026-01","Wednesday"
"PRD-00486",2026-01-29,"Pagi","Line-B","OP07","M-03","Shaft",293,294,4,32,57.7,1.36,100.3,"2026-01","Thursday"
"PRD-00487",2026-01-30,"Pagi","Line-B","OP03","M-04","Shaft",286,286,4,16,54.4,1.4,100,"2026-01","Friday"
"PRD-00488",2026-01-31,"Pagi","Line-B","OP07","M-03","Bracket",455,487,3,6,49.9,0.62,107,"2026-01","Saturday"
"PRD-00489",2026-02-02,"Pagi","Line-B","OP05","M-03","Bracket",406,370,8,17,47.9,2.16,91.1,"2026-02","Monday"
"PRD-00490",2026-02-03,"Pagi","Line-B","OP08","M-04","Shaft",322,329,2,17,47.9,0.61,102.2,"2026-02","Tuesday"
"PRD-00491",2026-02-04,"Pagi","Line-B","OP07","M-04","Housing",333,350,9,32,38.7,2.57,105.1,"2026-02","Wednesday"
"PRD-00492",2026-02-05,"Pagi","Line-B","OP08","M-04","Shaft",330,303,12,12,50.8,3.96,91.8,"2026-02","Thursday"
"PRD-00493",2026-02-06,"Pagi","Line-B","OP02","M-04","Shaft",291,288,8,16,49.2,2.78,99,"2026-02","Friday"
"PRD-00494",2026-02-07,"Pagi","Line-B","OP05","M-04","Shaft",332,303,7,10,55.6,2.31,91.3,"2026-02","Saturday"
"PRD-00495",2026-02-09,"Pagi","Line-B","OP07","M-03","Bracket",427,381,4,2,48.5,1.05,89.2,"2026-02","Monday"
"PRD-00496",2026-02-10,"Pagi","Line-B","OP08","M-04","Shaft",295,285,3,25,48.7,1.05,96.6,"2026-02","Tuesday"
"PRD-00497",2026-02-11,"Pagi","Line-B","OP01","M-04","Housing",323,335,4,20,35.9,1.19,103.7,"2026-02","Wednesday"
"PRD-00498",2026-02-12,"Pagi","Line-B","OP01","M-04","Shaft",294,289,6,11,55.5,2.08,98.3,"2026-02","Thursday"
"PRD-00499",2026-02-13,"Pagi","Line-B","OP06","M-04","Housing",319,287,12,25,47.9,4.18,90,"2026-02","Friday"
"PRD-00500",2026-02-14,"Pagi","Line-B","OP02","M-04","Shaft",336,296,1,104,44.8,0.34,88.1,"2026-02","Saturday"
"PRD-00501",2026-02-16,"Pagi","Line-B","OP03","M-04","Bracket",485,469,6,41,37.2,1.28,96.7,"2026-02","Monday"
"PRD-00502",2026-02-17,"Pagi","Line-B","OP07","M-04","Bracket",384,390,14,29,46,3.59,101.6,"2026-02","Tuesday"
"PRD-00503",2026-02-18,"Pagi","Line-B","OP06","M-04","Housing",313,338,12,41,44.5,3.55,108,"2026-02","Wednesday"
"PRD-00504",2026-02-19,"Pagi","Line-B","OP02","M-03","Bracket",426,368,2,53,45.9,0.54,86.4,"2026-02","Thursday"
"PRD-00505",2026-02-20,"Pagi","Line-B","OP04","M-03","Bracket",382,347,9,13,43.6,2.59,90.8,"2026-02","Friday"
"PRD-00506",2026-02-21,"Pagi","Line-B","OP08","M-03","Housing",370,338,1,13,50.8,0.3,91.4,"2026-02","Saturday"
"PRD-00507",2026-02-23,"Pagi","Line-B","OP07","M-03","Housing",323,341,9,15,43.5,2.64,105.6,"2026-02","Monday"
"PRD-00508",2026-02-24,"Pagi","Line-B","OP06","M-03","Bracket",456,429,15,1,42.5,3.5,94.1,"2026-02","Tuesday"
"PRD-00509",2026-02-25,"Pagi","Line-B","OP04","M-04","Housing",338,323,8,15,41.4,2.48,95.6,"2026-02","Wednesday"
"PRD-00510",2026-02-26,"Pagi","Line-B","OP03","M-04","Housing",383,415,10,41,51.4,2.41,108.4,"2026-02","Thursday"
"PRD-00511",2026-02-27,"Pagi","Line-B","OP06","M-04","Housing",359,371,9,19,44.5,2.43,103.3,"2026-02","Friday"
"PRD-00512",2026-02-28,"Pagi","Line-B","OP07","M-04","Housing",361,374,10,10,47.8,2.67,103.6,"2026-02","Saturday"
"PRD-00513",2026-03-02,"Pagi","Line-B","OP04","M-03","Bracket",393,395,6,0,46.3,1.52,100.5,"2026-03","Monday"
"PRD-00514",2026-03-03,"Pagi","Line-B","OP05","M-03","Bracket",493,516,8,21,43.3,1.55,104.7,"2026-03","Tuesday"
"PRD-00515",2026-03-04,"Pagi","Line-B","OP08","M-03","Bracket",422,401,2,30,42,0.5,95,"2026-03","Wednesday"
"PRD-00516",2026-03-05,"Pagi","Line-B","OP01","M-03","Housing",358,366,3,2,53,0.82,102.2,"2026-03","Thursday"
"PRD-00517",2026-03-06,"Pagi","Line-B","OP01","M-04","Housing",323,315,6,30,51.5,1.9,97.5,"2026-03","Friday"
"PRD-00518",2026-03-07,"Pagi","Line-B","OP07","M-03","Shaft",332,339,5,3,54,1.47,102.1,"2026-03","Saturday"
"PRD-00519",2026-03-09,"Pagi","Line-B","OP05","M-03","Bracket",453,510,13,30,40.1,2.55,112.6,"2026-03","Monday"
"PRD-00520",2026-03-10,"Pagi","Line-B","OP07","M-04","Shaft",313,292,5,18,48.6,1.71,93.3,"2026-03","Tuesday"
"PRD-00521",2026-03-11,"Pagi","Line-B","OP02","M-04","Bracket",476,445,11,10,44.7,2.47,93.5,"2026-03","Wednesday"
"PRD-00522",2026-03-12,"Pagi","Line-B","OP08","M-04","Shaft",265,302,5,16,61.2,1.66,114,"2026-03","Thursday"
"PRD-00523",2026-03-13,"Pagi","Line-B","OP02","M-04","Shaft",258,250,4,31,55.1,1.6,96.9,"2026-03","Friday"
"PRD-00524",2026-03-14,"Pagi","Line-B","OP08","M-04","Housing",375,378,4,9,45.6,1.06,100.8,"2026-03","Saturday"
"PRD-00525",2026-03-16,"Pagi","Line-B","OP01","M-03","Bracket",406,394,2,13,41,0.51,97,"2026-03","Monday"
"PRD-00526",2026-03-17,"Pagi","Line-B","OP06","M-04","Housing",289,259,10,23,47.6,3.86,89.6,"2026-03","Tuesday"
"PRD-00527",2026-03-18,"Pagi","Line-B","OP07","M-04","Shaft",288,263,7,35,64,2.66,91.3,"2026-03","Wednesday"
"PRD-00528",2026-03-19,"Pagi","Line-B","OP04","M-04","Housing",354,353,5,9,41.1,1.42,99.7,"2026-03","Thursday"
"PRD-00529",2026-03-20,"Pagi","Line-B","OP05","M-03","Housing",329,310,7,12,47.8,2.26,94.2,"2026-03","Friday"
"PRD-00530",2026-03-21,"Pagi","Line-B","OP03","M-03","Bracket",387,373,4,21,42.7,1.07,96.4,"2026-03","Saturday"
"PRD-00531",2026-03-23,"Pagi","Line-B","OP02","M-03","Housing",359,357,5,21,47.1,1.4,99.4,"2026-03","Monday"
"PRD-00532",2026-03-24,"Pagi","Line-B","OP03","M-04","Shaft",327,341,7,14,54.8,2.05,104.3,"2026-03","Tuesday"
"PRD-00533",2026-03-25,"Pagi","Line-B","OP07","M-04","Bracket",443,408,13,13,45.4,3.19,92.1,"2026-03","Wednesday"
"PRD-00534",2026-03-26,"Pagi","Line-B","OP08","M-03","Bracket",428,429,4,30,40.2,0.93,100.2,"2026-03","Thursday"
"PRD-00535",2026-03-27,"Pagi","Line-B","OP07","M-03","Housing",381,361,8,1,43.8,2.22,94.8,"2026-03","Friday"
"PRD-00536",2026-03-28,"Pagi","Line-B","OP05","M-03","Housing",307,297,4,18,40.3,1.35,96.7,"2026-03","Saturday"
"PRD-00537",2026-03-30,"Pagi","Line-B","OP05","M-04","Housing",424,403,7,14,51.5,1.74,95,"2026-03","Monday"
"PRD-00538",2026-03-31,"Pagi","Line-B","OP03","M-04","Bracket",399,365,18,8,46.3,4.93,91.5,"2026-03","Tuesday"
"PRD-00539",2026-04-01,"Pagi","Line-B","OP01","M-03","Housing",334,307,0,18,47.6,0,91.9,"2026-04","Wednesday"
"PRD-00540",2026-04-02,"Pagi","Line-B","OP04","M-04","Housing",376,367,10,24,50.3,2.72,97.6,"2026-04","Thursday"
"PRD-00541",2026-04-03,"Pagi","Line-B","OP01","M-03","Bracket",406,392,3,21,46.6,0.77,96.6,"2026-04","Friday"
"PRD-00542",2026-04-04,"Pagi","Line-B","OP07","M-03","Housing",322,309,7,3,47.6,2.27,96,"2026-04","Saturday"
"PRD-00543",2026-04-06,"Pagi","Line-B","OP07","M-04","Housing",389,369,7,24,55.9,1.9,94.9,"2026-04","Monday"
"PRD-00544",2026-04-07,"Pagi","Line-B","OP01","M-03","Housing",351,337,5,4,44,1.48,96,"2026-04","Tuesday"
"PRD-00545",2026-04-08,"Pagi","Line-B","OP08","M-03","Shaft",265,240,2,7,56.8,0.83,90.6,"2026-04","Wednesday"
"PRD-00546",2026-04-09,"Pagi","Line-B","OP06","M-04","Shaft",346,360,11,21,49.6,3.06,104,"2026-04","Thursday"
"PRD-00547",2026-04-10,"Pagi","Line-B","OP02","M-04","Bracket",432,390,7,10,46.2,1.79,90.3,"2026-04","Friday"
"PRD-00548",2026-04-11,"Pagi","Line-B","OP01","M-04","Bracket",461,428,6,24,40.1,1.4,92.8,"2026-04","Saturday"
"PRD-00549",2026-04-13,"Pagi","Line-B","OP01","M-04","Housing",378,383,5,18,55.1,1.31,101.3,"2026-04","Monday"
"PRD-00550",2026-04-14,"Pagi","Line-B","OP02","M-03","Shaft",299,276,2,5,47.5,0.72,92.3,"2026-04","Tuesday"
"PRD-00551",2026-04-15,"Pagi","Line-B","OP06","M-04","Bracket",380,368,22,30,37.8,5.98,96.8,"2026-04","Wednesday"
"PRD-00552",2026-04-16,"Pagi","Line-B","OP03","M-03","Shaft",327,330,8,11,52.5,2.42,100.9,"2026-04","Thursday"
"PRD-00553",2026-04-17,"Pagi","Line-B","OP07","M-03","Shaft",312,260,4,13,51.4,1.54,83.3,"2026-04","Friday"
"PRD-00554",2026-04-18,"Pagi","Line-B","OP04","M-04","Housing",274,254,13,54,47.1,5.12,92.7,"2026-04","Saturday"
"PRD-00555",2026-04-20,"Pagi","Line-B","OP06","M-03","Bracket",382,378,12,6,40.2,3.17,99,"2026-04","Monday"
"PRD-00556",2026-04-21,"Pagi","Line-B","OP02","M-03","Housing",316,287,3,34,52.2,1.05,90.8,"2026-04","Tuesday"
"PRD-00557",2026-04-22,"Pagi","Line-B","OP01","M-04","Bracket",469,406,9,9,45.6,2.22,86.6,"2026-04","Wednesday"
"PRD-00558",2026-04-23,"Pagi","Line-B","OP01","M-04","Shaft",308,303,5,24,45.7,1.65,98.4,"2026-04","Thursday"
"PRD-00559",2026-04-24,"Pagi","Line-B","OP04","M-03","Housing",368,329,5,11,48.8,1.52,89.4,"2026-04","Friday"
"PRD-00560",2026-04-25,"Pagi","Line-B","OP06","M-04","Housing",305,264,13,9,48.9,4.92,86.6,"2026-04","Saturday"
"PRD-00561",2026-04-27,"Pagi","Line-B","OP07","M-04","Housing",370,367,11,59,32.7,3,99.2,"2026-04","Monday"
"PRD-00562",2026-04-28,"Pagi","Line-B","OP05","M-04","Bracket",464,450,7,96,41.5,1.56,97,"2026-04","Tuesday"
"PRD-00563",2026-04-29,"Pagi","Line-B","OP02","M-04","Shaft",340,312,9,9,48.5,2.88,91.8,"2026-04","Wednesday"
"PRD-00564",2026-04-30,"Pagi","Line-B","OP02","M-03","Housing",353,303,6,16,33.8,1.98,85.8,"2026-04","Thursday"
"PRD-00565",2026-05-01,"Pagi","Line-B","OP06","M-04","Shaft",320,299,9,21,54.8,3.01,93.4,"2026-05","Friday"
"PRD-00566",2026-05-02,"Pagi","Line-B","OP04","M-04","Bracket",444,428,10,23,50.1,2.34,96.4,"2026-05","Saturday"
"PRD-00567",2026-05-04,"Pagi","Line-B","OP06","M-03","Bracket",412,423,6,13,49.2,1.42,102.7,"2026-05","Monday"
"PRD-00568",2026-05-05,"Pagi","Line-B","OP06","M-03","Bracket",414,388,8,18,42.9,2.06,93.7,"2026-05","Tuesday"
"PRD-00569",2026-05-06,"Pagi","Line-B","OP07","M-03","Shaft",316,298,5,5,55.2,1.68,94.3,"2026-05","Wednesday"
"PRD-00570",2026-05-07,"Pagi","Line-B","OP01","M-04","Housing",336,340,9,16,37.9,2.65,101.2,"2026-05","Thursday"
"PRD-00571",2026-05-08,"Pagi","Line-B","OP04","M-04","Housing",361,348,10,10,43.8,2.87,96.4,"2026-05","Friday"
"PRD-00572",2026-05-09,"Pagi","Line-B","OP01","M-04","Housing",332,313,2,37,47.3,0.64,94.3,"2026-05","Saturday"
"PRD-00573",2026-05-11,"Pagi","Line-B","OP01","M-04","Shaft",279,253,3,20,49.5,1.19,90.7,"2026-05","Monday"
"PRD-00574",2026-05-12,"Pagi","Line-B","OP02","M-04","Housing",352,349,5,32,42.1,1.43,99.1,"2026-05","Tuesday"
"PRD-00575",2026-05-13,"Pagi","Line-B","OP08","M-04","Bracket",428,421,7,14,39,1.66,98.4,"2026-05","Wednesday"
"PRD-00576",2026-05-14,"Pagi","Line-B","OP05","M-03","Housing",370,331,6,23,39.7,1.81,89.5,"2026-05","Thursday"
"PRD-00577",2026-05-15,"Pagi","Line-B","OP01","M-04","Shaft",284,283,2,16,49.9,0.71,99.6,"2026-05","Friday"
"PRD-00578",2026-05-16,"Pagi","Line-B","OP01","M-03","Shaft",281,294,4,45,41,1.36,104.6,"2026-05","Saturday"
"PRD-00579",2026-05-18,"Pagi","Line-B","OP06","M-04","Shaft",298,276,8,46,50.1,2.9,92.6,"2026-05","Monday"
"PRD-00580",2026-05-19,"Pagi","Line-B","OP03","M-03","Housing",333,309,5,97,39.8,1.62,92.8,"2026-05","Tuesday"
"PRD-00581",2026-05-20,"Pagi","Line-B","OP06","M-03","Housing",340,306,9,27,43,2.94,90,"2026-05","Wednesday"
"PRD-00582",2026-05-21,"Pagi","Line-B","OP02","M-04","Bracket",424,394,13,24,47,3.3,92.9,"2026-05","Thursday"
"PRD-00583",2026-05-22,"Pagi","Line-B","OP03","M-04","Housing",354,354,8,17,37.2,2.26,100,"2026-05","Friday"
"PRD-00584",2026-05-23,"Pagi","Line-B","OP01","M-03","Shaft",296,307,5,77,50.9,1.63,103.7,"2026-05","Saturday"
"PRD-00585",2026-05-25,"Pagi","Line-B","OP03","M-03","Housing",385,389,8,27,38.3,2.06,101,"2026-05","Monday"
"PRD-00586",2026-05-26,"Pagi","Line-B","OP08","M-03","Bracket",411,350,4,15,41.6,1.14,85.2,"2026-05","Tuesday"
"PRD-00587",2026-05-27,"Pagi","Line-B","OP07","M-04","Bracket",431,436,8,22,47,1.83,101.2,"2026-05","Wednesday"
"PRD-00588",2026-05-28,"Pagi","Line-B","OP02","M-03","Shaft",301,289,8,42,54.6,2.77,96,"2026-05","Thursday"
"PRD-00589",2026-05-29,"Pagi","Line-B","OP05","M-04","Bracket",454,448,11,16,41.4,2.46,98.7,"2026-05","Friday"
"PRD-00590",2026-05-30,"Pagi","Line-B","OP04","M-04","Bracket",419,400,9,29,51.1,2.25,95.5,"2026-05","Saturday"
"PRD-00591",2026-06-01,"Pagi","Line-B","OP06","M-03","Bracket",374,324,12,9,57.2,3.7,86.6,"2026-06","Monday"
"PRD-00592",2026-06-02,"Pagi","Line-B","OP05","M-04","Bracket",463,449,8,14,50.3,1.78,97,"2026-06","Tuesday"
"PRD-00593",2026-06-03,"Pagi","Line-B","OP04","M-04","Housing",360,332,8,9,37.4,2.41,92.2,"2026-06","Wednesday"
"PRD-00594",2026-06-04,"Pagi","Line-B","OP01","M-03","Housing",341,321,0,4,41.2,0,94.1,"2026-06","Thursday"
"PRD-00595",2026-06-05,"Pagi","Line-B","OP01","M-04","Shaft",298,302,2,11,52.7,0.66,101.3,"2026-06","Friday"
"PRD-00596",2026-06-06,"Pagi","Line-B","OP06","M-03","Housing",362,356,12,61,48.7,3.37,98.3,"2026-06","Saturday"
"PRD-00597",2026-06-08,"Pagi","Line-B","OP05","M-04","Housing",348,352,11,43,35.9,3.12,101.1,"2026-06","Monday"
"PRD-00598",2026-06-09,"Pagi","Line-B","OP08","M-03","Bracket",470,467,4,3,41.3,0.86,99.4,"2026-06","Tuesday"
"PRD-00599",2026-06-10,"Pagi","Line-B","OP01","M-03","Shaft",313,286,3,20,58.2,1.05,91.4,"2026-06","Wednesday"
"PRD-00600",2026-06-11,"Pagi","Line-B","OP02","M-04","Housing",344,342,4,38,46.7,1.17,99.4,"2026-06","Thursday"
"PRD-00601",2026-06-12,"Pagi","Line-B","OP06","M-03","Bracket",414,401,7,17,46.1,1.75,96.9,"2026-06","Friday"
"PRD-00602",2026-06-13,"Pagi","Line-B","OP06","M-04","Housing",381,362,14,26,39,3.87,95,"2026-06","Saturday"
"PRD-00603",2026-06-15,"Pagi","Line-B","OP01","M-03","Housing",357,329,1,20,37.4,0.3,92.2,"2026-06","Monday"
"PRD-00604",2026-06-16,"Pagi","Line-B","OP06","M-03","Shaft",291,254,8,11,56.2,3.15,87.3,"2026-06","Tuesday"
"PRD-00605",2026-06-17,"Pagi","Line-B","OP06","M-04","Bracket",379,379,19,23,44.4,5.01,100,"2026-06","Wednesday"
"PRD-00606",2026-06-18,"Pagi","Line-B","OP04","M-03","Housing",358,334,2,3,41.5,0.6,93.3,"2026-06","Thursday"
"PRD-00607",2026-06-19,"Pagi","Line-B","OP05","M-04","Shaft",321,303,5,10,50.6,1.65,94.4,"2026-06","Friday"
"PRD-00608",2026-06-20,"Pagi","Line-B","OP08","M-04","Housing",329,329,9,70,37.8,2.74,100,"2026-06","Saturday"
"PRD-00609",2026-06-22,"Pagi","Line-B","OP06","M-04","Bracket",477,474,32,47,52.7,6.75,99.4,"2026-06","Monday"
"PRD-00610",2026-06-23,"Pagi","Line-B","OP02","M-04","Shaft",335,325,8,15,46.2,2.46,97,"2026-06","Tuesday"
"PRD-00611",2026-06-24,"Pagi","Line-B","OP04","M-04","Bracket",410,380,15,9,48.6,3.95,92.7,"2026-06","Wednesday"
"PRD-00612",2026-06-25,"Pagi","Line-B","OP08","M-04","Bracket",404,340,6,45,44.2,1.76,84.2,"2026-06","Thursday"
"PRD-00613",2026-06-26,"Pagi","Line-B","OP07","M-03","Bracket",468,449,3,16,38.2,0.67,95.9,"2026-06","Friday"
"PRD-00614",2026-06-27,"Pagi","Line-B","OP02","M-04","Shaft",286,300,4,21,59.9,1.33,104.9,"2026-06","Saturday"
"PRD-00615",2026-06-29,"Pagi","Line-B","OP04","M-03","Shaft",355,315,6,20,51.7,1.9,88.7,"2026-06","Monday"
"PRD-00616",2026-06-30,"Pagi","Line-B","OP03","M-03","Housing",314,297,2,8,41.2,0.67,94.6,"2026-06","Tuesday"
"PRD-00617",2026-01-02,"Siang","Line-B","OP08","M-04","Bracket",402,399,6,11,50.4,1.5,99.3,"2026-01","Friday"
"PRD-00618",2026-01-03,"Siang","Line-B","OP03","M-04","Shaft",309,287,7,36,52.9,2.44,92.9,"2026-01","Saturday"
"PRD-00619",2026-01-05,"Siang","Line-B","OP07","M-03","Bracket",444,464,8,43,49.3,1.72,104.5,"2026-01","Monday"
"PRD-00620",2026-01-06,"Siang","Line-B","OP06","M-04","Shaft",264,239,18,44,40.5,7.53,90.5,"2026-01","Tuesday"
"PRD-00621",2026-01-07,"Siang","Line-B","OP03","M-04","Housing",292,279,4,64,47.1,1.43,95.5,"2026-01","Wednesday"
"PRD-00622",2026-01-08,"Siang","Line-B","OP04","M-03","Housing",323,307,9,9,40.2,2.93,95,"2026-01","Thursday"
"PRD-00623",2026-01-09,"Siang","Line-B","OP06","M-03","Bracket",465,446,8,0,48.4,1.79,95.9,"2026-01","Friday"
"PRD-00624",2026-01-10,"Siang","Line-B","OP03","M-03","Housing",351,309,3,13,46.3,0.97,88,"2026-01","Saturday"
"PRD-00625",2026-01-12,"Siang","Line-B","OP03","M-03","Housing",363,343,6,15,44.9,1.75,94.5,"2026-01","Monday"
"PRD-00626",2026-01-13,"Siang","Line-B","OP03","M-04","Housing",364,399,7,10,45,1.75,109.6,"2026-01","Tuesday"
"PRD-00627",2026-01-14,"Siang","Line-B","OP06","M-04","Bracket",418,390,8,34,39.3,2.05,93.3,"2026-01","Wednesday"
"PRD-00628",2026-01-15,"Siang","Line-B","OP01","M-03","Housing",365,381,3,7,51.1,0.79,104.4,"2026-01","Thursday"
"PRD-00629",2026-01-16,"Siang","Line-B","OP06","M-03","Housing",317,308,3,5,46.4,0.97,97.2,"2026-01","Friday"
"PRD-00630",2026-01-17,"Siang","Line-B","OP06","M-03","Shaft",312,292,9,60,57.8,3.08,93.6,"2026-01","Saturday"
"PRD-00631",2026-01-19,"Siang","Line-B","OP07","M-04","Housing",393,387,10,18,41.2,2.58,98.5,"2026-01","Monday"
"PRD-00632",2026-01-20,"Siang","Line-B","OP06","M-03","Bracket",491,478,11,7,46.4,2.3,97.4,"2026-01","Tuesday"
"PRD-00633",2026-01-21,"Siang","Line-B","OP06","M-04","Shaft",307,303,20,43,50.8,6.6,98.7,"2026-01","Wednesday"
"PRD-00634",2026-01-22,"Siang","Line-B","OP04","M-03","Housing",391,347,5,43,43.1,1.44,88.7,"2026-01","Thursday"
"PRD-00635",2026-01-23,"Siang","Line-B","OP06","M-03","Shaft",330,351,17,29,51.2,4.84,106.4,"2026-01","Friday"
"PRD-00636",2026-01-24,"Siang","Line-B","OP04","M-03","Housing",287,277,7,98,49.1,2.53,96.5,"2026-01","Saturday"
"PRD-00637",2026-01-26,"Siang","Line-B","OP06","M-04","Bracket",428,427,17,10,39.3,3.98,99.8,"2026-01","Monday"
"PRD-00638",2026-01-27,"Siang","Line-B","OP06","M-04","Shaft",334,317,11,12,50.8,3.47,94.9,"2026-01","Tuesday"
"PRD-00639",2026-01-28,"Siang","Line-B","OP08","M-04","Bracket",421,387,3,15,48.4,0.78,91.9,"2026-01","Wednesday"
"PRD-00640",2026-01-29,"Siang","Line-B","OP04","M-03","Bracket",392,351,11,10,49.9,3.13,89.5,"2026-01","Thursday"
"PRD-00641",2026-01-30,"Siang","Line-B","OP06","M-04","Housing",336,321,17,69,41.1,5.3,95.5,"2026-01","Friday"
"PRD-00642",2026-01-31,"Siang","Line-B","OP05","M-03","Shaft",301,288,5,8,56.9,1.74,95.7,"2026-01","Saturday"
"PRD-00643",2026-02-02,"Siang","Line-B","OP07","M-04","Bracket",451,487,13,13,40,2.67,108,"2026-02","Monday"
"PRD-00644",2026-02-03,"Siang","Line-B","OP03","M-04","Bracket",437,395,9,49,58.7,2.28,90.4,"2026-02","Tuesday"
"PRD-00645",2026-02-04,"Siang","Line-B","OP04","M-03","Bracket",438,425,7,6,42.6,1.65,97,"2026-02","Wednesday"
"PRD-00646",2026-02-05,"Siang","Line-B","OP03","M-03","Bracket",404,420,10,59,35.4,2.38,104,"2026-02","Thursday"
"PRD-00647",2026-02-06,"Siang","Line-B","OP05","M-03","Housing",378,320,6,9,42.7,1.88,84.7,"2026-02","Friday"
"PRD-00648",2026-02-07,"Siang","Line-B","OP08","M-03","Bracket",429,404,4,9,53.7,0.99,94.2,"2026-02","Saturday"
"PRD-00649",2026-02-09,"Siang","Line-B","OP05","M-03","Bracket",475,522,9,9,54.2,1.72,109.9,"2026-02","Monday"
"PRD-00650",2026-02-10,"Siang","Line-B","OP08","M-03","Bracket",395,367,4,13,47,1.09,92.9,"2026-02","Tuesday"
"PRD-00651",2026-02-11,"Siang","Line-B","OP06","M-03","Shaft",307,317,3,7,50.1,0.95,103.3,"2026-02","Wednesday"
"PRD-00652",2026-02-12,"Siang","Line-B","OP05","M-03","Bracket",420,461,7,42,42.9,1.52,109.8,"2026-02","Thursday"
"PRD-00653",2026-02-13,"Siang","Line-B","OP05","M-03","Bracket",410,424,3,23,36.6,0.71,103.4,"2026-02","Friday"
"PRD-00654",2026-02-14,"Siang","Line-B","OP07","M-04","Housing",290,260,8,44,38.9,3.08,89.7,"2026-02","Saturday"
"PRD-00655",2026-02-16,"Siang","Line-B","OP07","M-04","Shaft",261,241,6,41,50.6,2.49,92.3,"2026-02","Monday"
"PRD-00656",2026-02-17,"Siang","Line-B","OP02","M-04","Bracket",483,501,14,24,52,2.79,103.7,"2026-02","Tuesday"
"PRD-00657",2026-02-18,"Siang","Line-B","OP01","M-03","Housing",349,311,3,19,47.5,0.96,89.1,"2026-02","Wednesday"
"PRD-00658",2026-02-19,"Siang","Line-B","OP04","M-03","Bracket",431,392,5,33,53.2,1.28,91,"2026-02","Thursday"
"PRD-00659",2026-02-20,"Siang","Line-B","OP03","M-03","Bracket",416,396,11,6,42.2,2.78,95.2,"2026-02","Friday"
"PRD-00660",2026-02-21,"Siang","Line-B","OP02","M-04","Bracket",439,417,14,13,54.8,3.36,95,"2026-02","Saturday"
"PRD-00661",2026-02-23,"Siang","Line-B","OP04","M-04","Bracket",454,425,15,17,44.8,3.53,93.6,"2026-02","Monday"
"PRD-00662",2026-02-24,"Siang","Line-B","OP04","M-04","Shaft",304,288,2,17,49.8,0.69,94.7,"2026-02","Tuesday"
"PRD-00663",2026-02-25,"Siang","Line-B","OP03","M-04","Bracket",386,442,9,44,53.5,2.04,114.5,"2026-02","Wednesday"
"PRD-00664",2026-02-26,"Siang","Line-B","OP04","M-03","Shaft",240,209,5,8,58.7,2.39,87.1,"2026-02","Thursday"
"PRD-00665",2026-02-27,"Siang","Line-B","OP07","M-03","Bracket",384,369,4,9,42.6,1.08,96.1,"2026-02","Friday"
"PRD-00666",2026-02-28,"Siang","Line-B","OP07","M-03","Housing",399,369,5,23,43.6,1.36,92.5,"2026-02","Saturday"
"PRD-00667",2026-03-02,"Siang","Line-B","OP06","M-04","Housing",336,332,9,49,51.3,2.71,98.8,"2026-03","Monday"
"PRD-00668",2026-03-03,"Siang","Line-B","OP02","M-04","Bracket",380,336,2,22,47.8,0.6,88.4,"2026-03","Tuesday"
"PRD-00669",2026-03-04,"Siang","Line-B","OP06","M-04","Shaft",340,324,12,13,47.7,3.7,95.3,"2026-03","Wednesday"
"PRD-00670",2026-03-05,"Siang","Line-B","OP02","M-03","Bracket",366,351,1,14,45.8,0.28,95.9,"2026-03","Thursday"
"PRD-00671",2026-03-06,"Siang","Line-B","OP07","M-03","Housing",362,348,8,2,59.2,2.3,96.1,"2026-03","Friday"
"PRD-00672",2026-03-07,"Siang","Line-B","OP02","M-03","Housing",383,399,4,6,48.3,1,104.2,"2026-03","Saturday"
"PRD-00673",2026-03-09,"Siang","Line-B","OP01","M-03","Bracket",376,376,6,1,49.4,1.6,100,"2026-03","Monday"
"PRD-00674",2026-03-10,"Siang","Line-B","OP08","M-03","Shaft",288,281,3,11,56.1,1.07,97.6,"2026-03","Tuesday"
"PRD-00675",2026-03-11,"Siang","Line-B","OP08","M-04","Bracket",426,415,6,24,54.5,1.45,97.4,"2026-03","Wednesday"
"PRD-00676",2026-03-12,"Siang","Line-B","OP06","M-03","Housing",353,331,9,10,50.5,2.72,93.8,"2026-03","Thursday"
"PRD-00677",2026-03-13,"Siang","Line-B","OP03","M-03","Housing",368,358,5,46,42.5,1.4,97.3,"2026-03","Friday"
"PRD-00678",2026-03-14,"Siang","Line-B","OP06","M-04","Housing",298,289,12,85,36.1,4.15,97,"2026-03","Saturday"
"PRD-00679",2026-03-16,"Siang","Line-B","OP05","M-03","Bracket",423,398,4,16,48.2,1.01,94.1,"2026-03","Monday"
"PRD-00680",2026-03-17,"Siang","Line-B","OP08","M-04","Housing",344,366,10,57,47.7,2.73,106.4,"2026-03","Tuesday"
"PRD-00681",2026-03-18,"Siang","Line-B","OP02","M-03","Bracket",352,353,5,43,44.1,1.42,100.3,"2026-03","Wednesday"
"PRD-00682",2026-03-19,"Siang","Line-B","OP04","M-03","Housing",363,370,7,20,38.4,1.89,101.9,"2026-03","Thursday"
"PRD-00683",2026-03-20,"Siang","Line-B","OP01","M-03","Shaft",316,298,2,14,56.3,0.67,94.3,"2026-03","Friday"
"PRD-00684",2026-03-21,"Siang","Line-B","OP06","M-03","Shaft",306,272,6,15,53.4,2.21,88.9,"2026-03","Saturday"
"PRD-00685",2026-03-23,"Siang","Line-B","OP06","M-04","Housing",386,375,9,21,41.7,2.4,97.2,"2026-03","Monday"
"PRD-00686",2026-03-24,"Siang","Line-B","OP03","M-04","Bracket",365,364,10,52,52.5,2.75,99.7,"2026-03","Tuesday"
"PRD-00687",2026-03-25,"Siang","Line-B","OP07","M-03","Bracket",440,431,2,4,44.7,0.46,98,"2026-03","Wednesday"
"PRD-00688",2026-03-26,"Siang","Line-B","OP08","M-03","Housing",354,317,2,18,49.9,0.63,89.5,"2026-03","Thursday"
"PRD-00689",2026-03-27,"Siang","Line-B","OP06","M-04","Shaft",324,314,15,13,49.5,4.78,96.9,"2026-03","Friday"
"PRD-00690",2026-03-28,"Siang","Line-B","OP06","M-04","Bracket",391,382,12,21,45.1,3.14,97.7,"2026-03","Saturday"
"PRD-00691",2026-03-30,"Siang","Line-B","OP02","M-04","Bracket",363,324,6,11,54.8,1.85,89.3,"2026-03","Monday"
"PRD-00692",2026-03-31,"Siang","Line-B","OP06","M-04","Bracket",435,446,12,9,47.3,2.69,102.5,"2026-03","Tuesday"
"PRD-00693",2026-04-01,"Siang","Line-B","OP02","M-04","Shaft",328,302,3,33,52.1,0.99,92.1,"2026-04","Wednesday"
"PRD-00694",2026-04-02,"Siang","Line-B","OP04","M-04","Housing",341,336,11,15,38.3,3.27,98.5,"2026-04","Thursday"
"PRD-00695",2026-04-03,"Siang","Line-B","OP05","M-04","Bracket",375,347,10,8,48.5,2.88,92.5,"2026-04","Friday"
"PRD-00696",2026-04-04,"Siang","Line-B","OP07","M-04","Housing",333,312,4,11,41.8,1.28,93.7,"2026-04","Saturday"
"PRD-00697",2026-04-06,"Siang","Line-B","OP07","M-03","Housing",347,303,6,81,47.7,1.98,87.3,"2026-04","Monday"
"PRD-00698",2026-04-07,"Siang","Line-B","OP05","M-03","Bracket",367,344,4,11,47.5,1.16,93.7,"2026-04","Tuesday"
"PRD-00699",2026-04-08,"Siang","Line-B","OP01","M-04","Shaft",337,298,4,12,54.4,1.34,88.4,"2026-04","Wednesday"
"PRD-00700",2026-04-09,"Siang","Line-B","OP08","M-03","Bracket",464,428,2,2,38,0.47,92.2,"2026-04","Thursday"
"PRD-00701",2026-04-10,"Siang","Line-B","OP03","M-04","Shaft",273,268,9,12,59,3.36,98.2,"2026-04","Friday"
"PRD-00702",2026-04-11,"Siang","Line-B","OP04","M-03","Housing",367,366,11,23,44.5,3.01,99.7,"2026-04","Saturday"
"PRD-00703",2026-04-13,"Siang","Line-B","OP07","M-04","Housing",329,304,12,24,46.4,3.95,92.4,"2026-04","Monday"
"PRD-00704",2026-04-14,"Siang","Line-B","OP01","M-04","Shaft",314,300,7,10,50.7,2.33,95.5,"2026-04","Tuesday"
"PRD-00705",2026-04-15,"Siang","Line-B","OP02","M-03","Bracket",408,408,2,4,51.2,0.49,100,"2026-04","Wednesday"
"PRD-00706",2026-04-16,"Siang","Line-B","OP06","M-03","Bracket",424,392,11,16,38.7,2.81,92.5,"2026-04","Thursday"
"PRD-00707",2026-04-17,"Siang","Line-B","OP03","M-03","Housing",378,381,7,18,40.3,1.84,100.8,"2026-04","Friday"
"PRD-00708",2026-04-18,"Siang","Line-B","OP04","M-03","Housing",290,289,9,58,42.4,3.11,99.7,"2026-04","Saturday"
"PRD-00709",2026-04-20,"Siang","Line-B","OP08","M-03","Shaft",303,313,9,8,43.1,2.88,103.3,"2026-04","Monday"
"PRD-00710",2026-04-21,"Siang","Line-B","OP01","M-03","Bracket",429,445,5,6,48.4,1.12,103.7,"2026-04","Tuesday"
"PRD-00711",2026-04-22,"Siang","Line-B","OP02","M-04","Housing",319,305,5,30,52,1.64,95.6,"2026-04","Wednesday"
"PRD-00712",2026-04-23,"Siang","Line-B","OP03","M-03","Bracket",434,433,9,2,39.8,2.08,99.8,"2026-04","Thursday"
"PRD-00713",2026-04-24,"Siang","Line-B","OP08","M-04","Bracket",420,419,4,8,39.7,0.95,99.8,"2026-04","Friday"
"PRD-00714",2026-04-25,"Siang","Line-B","OP08","M-03","Housing",361,371,2,21,50.2,0.54,102.8,"2026-04","Saturday"
"PRD-00715",2026-04-27,"Siang","Line-B","OP08","M-04","Shaft",279,260,7,18,43.2,2.69,93.2,"2026-04","Monday"
"PRD-00716",2026-04-28,"Siang","Line-B","OP03","M-03","Bracket",440,434,4,8,43.8,0.92,98.6,"2026-04","Tuesday"
"PRD-00717",2026-04-29,"Siang","Line-B","OP02","M-03","Bracket",351,353,6,32,39.7,1.7,100.6,"2026-04","Wednesday"
"PRD-00718",2026-04-30,"Siang","Line-B","OP01","M-03","Housing",318,303,2,38,38.8,0.66,95.3,"2026-04","Thursday"
"PRD-00719",2026-05-01,"Siang","Line-B","OP08","M-04","Housing",351,318,3,15,46,0.94,90.6,"2026-05","Friday"
"PRD-00720",2026-05-02,"Siang","Line-B","OP08","M-03","Housing",369,390,1,20,51,0.26,105.7,"2026-05","Saturday"
"PRD-00721",2026-05-04,"Siang","Line-B","OP02","M-03","Bracket",443,438,6,1,43.5,1.37,98.9,"2026-05","Monday"
"PRD-00722",2026-05-05,"Siang","Line-B","OP08","M-04","Housing",302,303,10,24,43.9,3.3,100.3,"2026-05","Tuesday"
"PRD-00723",2026-05-06,"Siang","Line-B","OP04","M-03","Bracket",419,419,5,14,49.9,1.19,100,"2026-05","Wednesday"
"PRD-00724",2026-05-07,"Siang","Line-B","OP08","M-04","Housing",337,358,9,15,37.5,2.51,106.2,"2026-05","Thursday"
"PRD-00725",2026-05-08,"Siang","Line-B","OP08","M-04","Shaft",253,272,2,31,53.4,0.74,107.5,"2026-05","Friday"
"PRD-00726",2026-05-09,"Siang","Line-B","OP08","M-04","Bracket",463,494,21,41,53,4.25,106.7,"2026-05","Saturday"
"PRD-00727",2026-05-11,"Siang","Line-B","OP04","M-03","Bracket",446,484,10,2,44,2.07,108.5,"2026-05","Monday"
"PRD-00728",2026-05-12,"Siang","Line-B","OP01","M-03","Shaft",311,297,3,16,57.7,1.01,95.5,"2026-05","Tuesday"
"PRD-00729",2026-05-13,"Siang","Line-B","OP07","M-04","Housing",372,307,12,29,43.5,3.91,82.5,"2026-05","Wednesday"
"PRD-00730",2026-05-14,"Siang","Line-B","OP04","M-03","Shaft",337,344,8,19,60.2,2.33,102.1,"2026-05","Thursday"
"PRD-00731",2026-05-15,"Siang","Line-B","OP03","M-03","Bracket",352,320,7,11,43.3,2.19,90.9,"2026-05","Friday"
"PRD-00732",2026-05-16,"Siang","Line-B","OP04","M-03","Shaft",298,246,6,17,58.5,2.44,82.6,"2026-05","Saturday"
"PRD-00733",2026-05-18,"Siang","Line-B","OP07","M-03","Housing",366,360,9,21,40.4,2.5,98.4,"2026-05","Monday"
"PRD-00734",2026-05-19,"Siang","Line-B","OP05","M-04","Bracket",443,406,9,22,38.1,2.22,91.6,"2026-05","Tuesday"
"PRD-00735",2026-05-20,"Siang","Line-B","OP01","M-03","Housing",377,402,4,7,39.6,1,106.6,"2026-05","Wednesday"
"PRD-00736",2026-05-21,"Siang","Line-B","OP06","M-04","Housing",300,353,12,34,51.5,3.4,117.7,"2026-05","Thursday"
"PRD-00737",2026-05-22,"Siang","Line-B","OP06","M-04","Housing",301,271,9,43,48.6,3.32,90,"2026-05","Friday"
"PRD-00738",2026-05-23,"Siang","Line-B","OP02","M-04","Bracket",442,446,6,40,55.7,1.35,100.9,"2026-05","Saturday"
"PRD-00739",2026-05-25,"Siang","Line-B","OP08","M-03","Housing",361,359,1,5,41.4,0.28,99.4,"2026-05","Monday"
"PRD-00740",2026-05-26,"Siang","Line-B","OP06","M-03","Shaft",340,274,8,4,57.3,2.92,80.6,"2026-05","Tuesday"
"PRD-00741",2026-05-27,"Siang","Line-B","OP03","M-04","Housing",341,351,8,14,56.6,2.28,102.9,"2026-05","Wednesday"
"PRD-00742",2026-05-28,"Siang","Line-B","OP08","M-04","Shaft",316,318,3,10,52.7,0.94,100.6,"2026-05","Thursday"
"PRD-00743",2026-05-29,"Siang","Line-B","OP04","M-03","Housing",299,319,7,2,41.1,2.19,106.7,"2026-05","Friday"
"PRD-00744",2026-05-30,"Siang","Line-B","OP08","M-04","Housing",341,289,1,26,48.9,0.35,84.8,"2026-05","Saturday"
"PRD-00745",2026-06-01,"Siang","Line-B","OP07","M-04","Housing",326,287,8,35,49.7,2.79,88,"2026-06","Monday"
"PRD-00746",2026-06-02,"Siang","Line-B","OP05","M-03","Bracket",457,500,9,29,51,1.8,109.4,"2026-06","Tuesday"
"PRD-00747",2026-06-03,"Siang","Line-B","OP05","M-04","Shaft",259,247,4,15,46.4,1.62,95.4,"2026-06","Wednesday"
"PRD-00748",2026-06-04,"Siang","Line-B","OP06","M-04","Housing",357,337,15,16,43.7,4.45,94.4,"2026-06","Thursday"
"PRD-00749",2026-06-05,"Siang","Line-B","OP02","M-04","Housing",362,348,0,19,42.9,0,96.1,"2026-06","Friday"
"PRD-00750",2026-06-06,"Siang","Line-B","OP08","M-04","Shaft",272,253,6,28,55.7,2.37,93,"2026-06","Saturday"
"PRD-00751",2026-06-08,"Siang","Line-B","OP08","M-04","Shaft",317,306,7,10,57.5,2.29,96.5,"2026-06","Monday"
"PRD-00752",2026-06-09,"Siang","Line-B","OP02","M-03","Housing",353,347,3,17,43.7,0.86,98.3,"2026-06","Tuesday"
"PRD-00753",2026-06-10,"Siang","Line-B","OP03","M-03","Housing",337,321,5,5,46.3,1.56,95.3,"2026-06","Wednesday"
"PRD-00754",2026-06-11,"Siang","Line-B","OP08","M-04","Housing",345,329,6,13,50.3,1.82,95.4,"2026-06","Thursday"
"PRD-00755",2026-06-12,"Siang","Line-B","OP01","M-03","Bracket",457,468,9,7,42.7,1.92,102.4,"2026-06","Friday"
"PRD-00756",2026-06-13,"Siang","Line-B","OP06","M-04","Shaft",269,235,8,13,50,3.4,87.4,"2026-06","Saturday"
"PRD-00757",2026-06-15,"Siang","Line-B","OP06","M-03","Shaft",303,295,5,4,53.5,1.69,97.4,"2026-06","Monday"
"PRD-00758",2026-06-16,"Siang","Line-B","OP02","M-04","Bracket",369,348,3,12,41.1,0.86,94.3,"2026-06","Tuesday"
"PRD-00759",2026-06-17,"Siang","Line-B","OP04","M-03","Housing",381,376,12,42,38,3.19,98.7,"2026-06","Wednesday"
"PRD-00760",2026-06-18,"Siang","Line-B","OP01","M-04","Bracket",389,392,7,13,41.9,1.79,100.8,"2026-06","Thursday"
"PRD-00761",2026-06-19,"Siang","Line-B","OP02","M-03","Housing",348,334,2,9,48.8,0.6,96,"2026-06","Friday"
"PRD-00762",2026-06-20,"Siang","Line-B","OP05","M-04","Shaft",303,311,3,16,55,0.96,102.6,"2026-06","Saturday"
"PRD-00763",2026-06-22,"Siang","Line-B","OP04","M-04","Bracket",437,478,12,16,34,2.51,109.4,"2026-06","Monday"
"PRD-00764",2026-06-23,"Siang","Line-B","OP05","M-04","Bracket",416,385,16,10,39.7,4.16,92.5,"2026-06","Tuesday"
"PRD-00765",2026-06-24,"Siang","Line-B","OP05","M-04","Bracket",424,399,10,51,53,2.51,94.1,"2026-06","Wednesday"
"PRD-00766",2026-06-25,"Siang","Line-B","OP02","M-04","Housing",271,255,5,9,33.4,1.96,94.1,"2026-06","Thursday"
"PRD-00767",2026-06-26,"Siang","Line-B","OP06","M-04","Shaft",297,300,21,37,57.1,7,101,"2026-06","Friday"
"PRD-00768",2026-06-27,"Siang","Line-B","OP06","M-03","Bracket",449,500,11,22,40.6,2.2,111.4,"2026-06","Saturday"
"PRD-00769",2026-06-29,"Siang","Line-B","OP03","M-03","Housing",311,282,6,24,40.8,2.13,90.7,"2026-06","Monday"
"PRD-00770",2026-06-30,"Siang","Line-B","OP02","M-04","Shaft",301,271,9,11,54,3.32,90,"2026-06","Tuesday"
"PRD-00771",2026-01-02,"Malam","Line-B","OP07","M-04","Bracket",343,319,11,33,43.7,3.45,93,"2026-01","Friday"
"PRD-00772",2026-01-03,"Malam","Line-B","OP07","M-03","Shaft",273,267,6,4,58.1,2.25,97.8,"2026-01","Saturday"
"PRD-00773",2026-01-05,"Malam","Line-B","OP03","M-04","Housing",315,350,5,13,38.3,1.43,111.1,"2026-01","Monday"
"PRD-00774",2026-01-06,"Malam","Line-B","OP03","M-04","Housing",293,290,5,33,47,1.72,99,"2026-01","Tuesday"
"PRD-00775",2026-01-07,"Malam","Line-B","OP06","M-04","Bracket",387,427,21,31,48.8,4.92,110.3,"2026-01","Wednesday"
"PRD-00776",2026-01-08,"Malam","Line-B","OP06","M-03","Bracket",410,361,11,8,53,3.05,88,"2026-01","Thursday"
"PRD-00777",2026-01-09,"Malam","Line-B","OP04","M-03","Housing",273,268,4,6,51,1.49,98.2,"2026-01","Friday"
"PRD-00778",2026-01-10,"Malam","Line-B","OP03","M-04","Shaft",304,332,9,13,63,2.71,109.2,"2026-01","Saturday"
"PRD-00779",2026-01-12,"Malam","Line-B","OP05","M-04","Shaft",242,224,5,28,55.1,2.23,92.6,"2026-01","Monday"
"PRD-00780",2026-01-13,"Malam","Line-B","OP06","M-04","Bracket",399,401,20,33,42.8,4.99,100.5,"2026-01","Tuesday"
"PRD-00781",2026-01-14,"Malam","Line-B","OP02","M-03","Shaft",271,278,2,21,50.4,0.72,102.6,"2026-01","Wednesday"
"PRD-00782",2026-01-15,"Malam","Line-B","OP07","M-03","Shaft",264,227,1,9,59.1,0.44,86,"2026-01","Thursday"
"PRD-00783",2026-01-16,"Malam","Line-B","OP01","M-04","Housing",281,294,5,22,41.9,1.7,104.6,"2026-01","Friday"
"PRD-00784",2026-01-17,"Malam","Line-B","OP03","M-04","Housing",312,288,14,12,47.1,4.86,92.3,"2026-01","Saturday"
"PRD-00785",2026-01-19,"Malam","Line-B","OP04","M-03","Bracket",382,393,6,31,51.4,1.53,102.9,"2026-01","Monday"
"PRD-00786",2026-01-20,"Malam","Line-B","OP04","M-03","Housing",340,280,8,42,37.4,2.86,82.4,"2026-01","Tuesday"
"PRD-00787",2026-01-21,"Malam","Line-B","OP03","M-03","Bracket",358,361,14,21,46.9,3.88,100.8,"2026-01","Wednesday"
"PRD-00788",2026-01-22,"Malam","Line-B","OP03","M-04","Bracket",326,299,9,53,51,3.01,91.7,"2026-01","Thursday"
"PRD-00789",2026-01-23,"Malam","Line-B","OP05","M-04","Housing",338,332,4,9,45.5,1.2,98.2,"2026-01","Friday"
"PRD-00790",2026-01-24,"Malam","Line-B","OP07","M-04","Bracket",348,359,11,23,53.1,3.06,103.2,"2026-01","Saturday"
"PRD-00791",2026-01-26,"Malam","Line-B","OP03","M-03","Shaft",245,247,7,3,54,2.83,100.8,"2026-01","Monday"
"PRD-00792",2026-01-27,"Malam","Line-B","OP05","M-04","Bracket",434,404,6,14,45.2,1.49,93.1,"2026-01","Tuesday"
"PRD-00793",2026-01-28,"Malam","Line-B","OP03","M-03","Bracket",416,384,7,12,46.9,1.82,92.3,"2026-01","Wednesday"
"PRD-00794",2026-01-29,"Malam","Line-B","OP06","M-03","Housing",317,296,8,10,40.3,2.7,93.4,"2026-01","Thursday"
"PRD-00795",2026-01-30,"Malam","Line-B","OP07","M-04","Shaft",275,288,8,14,55.1,2.78,104.7,"2026-01","Friday"
"PRD-00796",2026-01-31,"Malam","Line-B","OP04","M-03","Bracket",388,387,13,15,44.6,3.36,99.7,"2026-01","Saturday"
"PRD-00797",2026-02-02,"Malam","Line-B","OP03","M-03","Housing",324,301,5,8,43.7,1.66,92.9,"2026-02","Monday"
"PRD-00798",2026-02-03,"Malam","Line-B","OP06","M-03","Bracket",377,361,14,12,45.4,3.88,95.8,"2026-02","Tuesday"
"PRD-00799",2026-02-04,"Malam","Line-B","OP06","M-03","Housing",263,275,6,33,41.2,2.18,104.6,"2026-02","Wednesday"
"PRD-00800",2026-02-05,"Malam","Line-B","OP07","M-03","Bracket",375,406,7,14,36.4,1.72,108.3,"2026-02","Thursday"
"PRD-00801",2026-02-06,"Malam","Line-B","OP06","M-04","Shaft",296,280,9,20,48.2,3.21,94.6,"2026-02","Friday"
"PRD-00802",2026-02-07,"Malam","Line-B","OP08","M-03","Bracket",318,303,12,19,49,3.96,95.3,"2026-02","Saturday"
"PRD-00803",2026-02-09,"Malam","Line-B","OP03","M-03","Housing",305,304,5,56,42.4,1.64,99.7,"2026-02","Monday"
"PRD-00804",2026-02-10,"Malam","Line-B","OP03","M-04","Shaft",258,259,9,59,50,3.47,100.4,"2026-02","Tuesday"
"PRD-00805",2026-02-11,"Malam","Line-B","OP08","M-04","Bracket",379,349,3,27,46.7,0.86,92.1,"2026-02","Wednesday"
"PRD-00806",2026-02-12,"Malam","Line-B","OP05","M-04","Shaft",248,240,4,37,57.5,1.67,96.8,"2026-02","Thursday"
"PRD-00807",2026-02-13,"Malam","Line-B","OP08","M-03","Shaft",291,268,1,0,55,0.37,92.1,"2026-02","Friday"
"PRD-00808",2026-02-14,"Malam","Line-B","OP02","M-03","Bracket",385,373,7,9,38.9,1.88,96.9,"2026-02","Saturday"
"PRD-00809",2026-02-16,"Malam","Line-B","OP03","M-04","Bracket",354,346,12,23,45.3,3.47,97.7,"2026-02","Monday"
"PRD-00810",2026-02-17,"Malam","Line-B","OP08","M-03","Bracket",401,378,4,22,54,1.06,94.3,"2026-02","Tuesday"
"PRD-00811",2026-02-18,"Malam","Line-B","OP06","M-03","Housing",318,345,14,6,45.2,4.06,108.5,"2026-02","Wednesday"
"PRD-00812",2026-02-19,"Malam","Line-B","OP02","M-03","Bracket",358,332,1,43,46.3,0.3,92.7,"2026-02","Thursday"
"PRD-00813",2026-02-20,"Malam","Line-B","OP06","M-04","Housing",334,339,17,9,33,5.01,101.5,"2026-02","Friday"
"PRD-00814",2026-02-21,"Malam","Line-B","OP04","M-03","Housing",272,240,11,9,45.7,4.58,88.2,"2026-02","Saturday"
"PRD-00815",2026-02-23,"Malam","Line-B","OP03","M-03","Bracket",328,338,5,29,47.2,1.48,103,"2026-02","Monday"
"PRD-00816",2026-02-24,"Malam","Line-B","OP08","M-04","Housing",294,289,5,14,39.2,1.73,98.3,"2026-02","Tuesday"
"PRD-00817",2026-02-25,"Malam","Line-B","OP02","M-03","Housing",288,302,4,55,47.3,1.32,104.9,"2026-02","Wednesday"
"PRD-00818",2026-02-26,"Malam","Line-B","OP07","M-03","Housing",316,284,2,18,50.3,0.7,89.9,"2026-02","Thursday"
"PRD-00819",2026-02-27,"Malam","Line-B","OP03","M-03","Bracket",390,408,13,10,46,3.19,104.6,"2026-02","Friday"
"PRD-00820",2026-02-28,"Malam","Line-B","OP02","M-04","Bracket",411,427,10,12,37.7,2.34,103.9,"2026-02","Saturday"
"PRD-00821",2026-03-02,"Malam","Line-B","OP06","M-04","Shaft",243,223,22,20,51.8,9.87,91.8,"2026-03","Monday"
"PRD-00822",2026-03-03,"Malam","Line-B","OP01","M-03","Housing",290,282,5,35,47.1,1.77,97.2,"2026-03","Tuesday"
"PRD-00823",2026-03-04,"Malam","Line-B","OP07","M-04","Bracket",409,386,18,28,53.8,4.66,94.4,"2026-03","Wednesday"
"PRD-00824",2026-03-05,"Malam","Line-B","OP03","M-04","Housing",314,297,13,9,46.4,4.38,94.6,"2026-03","Thursday"
"PRD-00825",2026-03-06,"Malam","Line-B","OP02","M-04","Shaft",271,270,4,11,39.4,1.48,99.6,"2026-03","Friday"
"PRD-00826",2026-03-07,"Malam","Line-B","OP01","M-04","Housing",264,269,3,10,54,1.12,101.9,"2026-03","Saturday"
"PRD-00827",2026-03-09,"Malam","Line-B","OP01","M-04","Shaft",289,280,9,10,58.8,3.21,96.9,"2026-03","Monday"
"PRD-00828",2026-03-10,"Malam","Line-B","OP03","M-04","Bracket",379,406,11,77,48.2,2.71,107.1,"2026-03","Tuesday"
"PRD-00829",2026-03-11,"Malam","Line-B","OP03","M-03","Shaft",248,255,8,5,54.3,3.14,102.8,"2026-03","Wednesday"
"PRD-00830",2026-03-12,"Malam","Line-B","OP04","M-03","Shaft",253,235,5,27,57.4,2.13,92.9,"2026-03","Thursday"
"PRD-00831",2026-03-13,"Malam","Line-B","OP03","M-04","Shaft",277,248,6,10,56.1,2.42,89.5,"2026-03","Friday"
"PRD-00832",2026-03-14,"Malam","Line-B","OP03","M-04","Shaft",252,247,3,20,56.9,1.21,98,"2026-03","Saturday"
"PRD-00833",2026-03-16,"Malam","Line-B","OP08","M-04","Bracket",366,409,11,14,45.9,2.69,111.7,"2026-03","Monday"
"PRD-00834",2026-03-17,"Malam","Line-B","OP06","M-04","Shaft",273,284,21,13,57.5,7.39,104,"2026-03","Tuesday"
"PRD-00835",2026-03-18,"Malam","Line-B","OP02","M-03","Bracket",333,326,4,19,50.8,1.23,97.9,"2026-03","Wednesday"
"PRD-00836",2026-03-19,"Malam","Line-B","OP04","M-04","Housing",321,326,17,8,55.3,5.21,101.6,"2026-03","Thursday"
"PRD-00837",2026-03-20,"Malam","Line-B","OP01","M-04","Housing",298,295,8,29,44.7,2.71,99,"2026-03","Friday"
"PRD-00838",2026-03-21,"Malam","Line-B","OP04","M-04","Bracket",388,366,23,16,55.4,6.28,94.3,"2026-03","Saturday"
"PRD-00839",2026-03-23,"Malam","Line-B","OP06","M-03","Shaft",262,270,7,13,51.8,2.59,103.1,"2026-03","Monday"
"PRD-00840",2026-03-24,"Malam","Line-B","OP01","M-04","Shaft",256,244,7,11,53.5,2.87,95.3,"2026-03","Tuesday"
"PRD-00841",2026-03-25,"Malam","Line-B","OP07","M-04","Housing",271,259,9,50,42.2,3.47,95.6,"2026-03","Wednesday"
"PRD-00842",2026-03-26,"Malam","Line-B","OP02","M-03","Housing",358,314,8,7,38.8,2.55,87.7,"2026-03","Thursday"
"PRD-00843",2026-03-27,"Malam","Line-B","OP06","M-04","Housing",335,342,21,16,46.1,6.14,102.1,"2026-03","Friday"
"PRD-00844",2026-03-28,"Malam","Line-B","OP07","M-03","Shaft",295,243,3,15,51.5,1.23,82.4,"2026-03","Saturday"
"PRD-00845",2026-03-30,"Malam","Line-B","OP03","M-03","Shaft",239,221,4,9,52.9,1.81,92.5,"2026-03","Monday"
"PRD-00846",2026-03-31,"Malam","Line-B","OP02","M-03","Housing",319,332,13,14,52.3,3.92,104.1,"2026-03","Tuesday"
"PRD-00847",2026-04-01,"Malam","Line-B","OP02","M-03","Shaft",255,256,1,9,44.8,0.39,100.4,"2026-04","Wednesday"
"PRD-00848",2026-04-02,"Malam","Line-B","OP02","M-03","Bracket",394,348,2,11,49.3,0.57,88.3,"2026-04","Thursday"
"PRD-00849",2026-04-03,"Malam","Line-B","OP07","M-03","Housing",296,287,4,14,55.6,1.39,97,"2026-04","Friday"
"PRD-00850",2026-04-04,"Malam","Line-B","OP06","M-04","Bracket",399,379,19,13,46,5.01,95,"2026-04","Saturday"
"PRD-00851",2026-04-06,"Malam","Line-B","OP05","M-03","Housing",319,295,3,32,50.6,1.02,92.5,"2026-04","Monday"
"PRD-00852",2026-04-07,"Malam","Line-B","OP08","M-03","Bracket",356,325,2,74,48.6,0.62,91.3,"2026-04","Tuesday"
"PRD-00853",2026-04-08,"Malam","Line-B","OP05","M-03","Bracket",370,352,7,19,44,1.99,95.1,"2026-04","Wednesday"
"PRD-00854",2026-04-09,"Malam","Line-B","OP03","M-04","Housing",306,300,3,44,55.6,1,98,"2026-04","Thursday"
"PRD-00855",2026-04-10,"Malam","Line-B","OP01","M-03","Housing",326,319,6,59,48.4,1.88,97.9,"2026-04","Friday"
"PRD-00856",2026-04-11,"Malam","Line-B","OP07","M-03","Bracket",406,388,17,9,50,4.38,95.6,"2026-04","Saturday"
"PRD-00857",2026-04-13,"Malam","Line-B","OP05","M-03","Shaft",250,227,3,13,61.3,1.32,90.8,"2026-04","Monday"
"PRD-00858",2026-04-14,"Malam","Line-B","OP04","M-03","Housing",318,303,8,7,46.7,2.64,95.3,"2026-04","Tuesday"
"PRD-00859",2026-04-15,"Malam","Line-B","OP04","M-04","Housing",336,352,15,14,50.1,4.26,104.8,"2026-04","Wednesday"
"PRD-00860",2026-04-16,"Malam","Line-B","OP02","M-03","Bracket",435,389,6,45,44.1,1.54,89.4,"2026-04","Thursday"
"PRD-00861",2026-04-17,"Malam","Line-B","OP08","M-04","Housing",317,338,11,17,47.6,3.25,106.6,"2026-04","Friday"
"PRD-00862",2026-04-18,"Malam","Line-B","OP01","M-04","Bracket",390,344,7,13,47.4,2.03,88.2,"2026-04","Saturday"
"PRD-00863",2026-04-20,"Malam","Line-B","OP01","M-04","Bracket",395,397,5,31,46,1.26,100.5,"2026-04","Monday"
"PRD-00864",2026-04-21,"Malam","Line-B","OP05","M-04","Bracket",394,369,10,9,47.4,2.71,93.7,"2026-04","Tuesday"
"PRD-00865",2026-04-22,"Malam","Line-B","OP05","M-03","Housing",307,302,3,11,52.7,0.99,98.4,"2026-04","Wednesday"
"PRD-00866",2026-04-23,"Malam","Line-B","OP02","M-04","Bracket",386,387,9,10,58.4,2.33,100.3,"2026-04","Thursday"
"PRD-00867",2026-04-24,"Malam","Line-B","OP05","M-04","Shaft",299,321,9,43,51.1,2.8,107.4,"2026-04","Friday"
"PRD-00868",2026-04-25,"Malam","Line-B","OP06","M-03","Housing",286,287,11,8,49.9,3.83,100.3,"2026-04","Saturday"
"PRD-00869",2026-04-27,"Malam","Line-B","OP01","M-04","Housing",333,321,5,30,51.9,1.56,96.4,"2026-04","Monday"
"PRD-00870",2026-04-28,"Malam","Line-B","OP01","M-03","Shaft",248,229,3,29,50.3,1.31,92.3,"2026-04","Tuesday"
"PRD-00871",2026-04-29,"Malam","Line-B","OP02","M-04","Bracket",384,414,19,19,51.6,4.59,107.8,"2026-04","Wednesday"
"PRD-00872",2026-04-30,"Malam","Line-B","OP08","M-03","Housing",329,326,5,1,41.2,1.53,99.1,"2026-04","Thursday"
"PRD-00873",2026-05-01,"Malam","Line-B","OP06","M-03","Bracket",378,362,13,2,47.4,3.59,95.8,"2026-05","Friday"
"PRD-00874",2026-05-02,"Malam","Line-B","OP02","M-03","Bracket",362,329,9,1,55.3,2.74,90.9,"2026-05","Saturday"
"PRD-00875",2026-05-04,"Malam","Line-B","OP07","M-04","Housing",302,287,7,13,46.2,2.44,95,"2026-05","Monday"
"PRD-00876",2026-05-05,"Malam","Line-B","OP04","M-03","Housing",289,330,7,6,49.7,2.12,114.2,"2026-05","Tuesday"
"PRD-00877",2026-05-06,"Malam","Line-B","OP03","M-04","Bracket",391,405,11,9,45.7,2.72,103.6,"2026-05","Wednesday"
"PRD-00878",2026-05-07,"Malam","Line-B","OP08","M-04","Shaft",268,245,4,29,52.4,1.63,91.4,"2026-05","Thursday"
"PRD-00879",2026-05-08,"Malam","Line-B","OP06","M-03","Shaft",261,270,5,11,52.1,1.85,103.4,"2026-05","Friday"
"PRD-00880",2026-05-09,"Malam","Line-B","OP05","M-03","Housing",302,301,4,24,49.2,1.33,99.7,"2026-05","Saturday"
"PRD-00881",2026-05-11,"Malam","Line-B","OP08","M-03","Housing",309,292,4,26,48,1.37,94.5,"2026-05","Monday"
"PRD-00882",2026-05-12,"Malam","Line-B","OP07","M-04","Housing",332,283,12,9,42.2,4.24,85.2,"2026-05","Tuesday"
"PRD-00883",2026-05-13,"Malam","Line-B","OP04","M-04","Shaft",276,277,6,23,57.3,2.17,100.4,"2026-05","Wednesday"
"PRD-00884",2026-05-14,"Malam","Line-B","OP08","M-04","Bracket",402,381,6,16,49,1.57,94.8,"2026-05","Thursday"
"PRD-00885",2026-05-15,"Malam","Line-B","OP06","M-04","Housing",295,299,15,30,52.4,5.02,101.4,"2026-05","Friday"
"PRD-00886",2026-05-16,"Malam","Line-B","OP08","M-04","Housing",316,316,13,22,51.8,4.11,100,"2026-05","Saturday"
"PRD-00887",2026-05-18,"Malam","Line-B","OP06","M-03","Housing",322,332,9,22,46.3,2.71,103.1,"2026-05","Monday"
"PRD-00888",2026-05-19,"Malam","Line-B","OP01","M-03","Bracket",360,348,2,5,57.6,0.57,96.7,"2026-05","Tuesday"
"PRD-00889",2026-05-20,"Malam","Line-B","OP08","M-04","Housing",332,299,4,15,53.5,1.34,90.1,"2026-05","Wednesday"
"PRD-00890",2026-05-21,"Malam","Line-B","OP01","M-03","Housing",305,310,2,10,44.5,0.65,101.6,"2026-05","Thursday"
"PRD-00891",2026-05-22,"Malam","Line-B","OP07","M-03","Housing",346,337,15,13,49.1,4.45,97.4,"2026-05","Friday"
"PRD-00892",2026-05-23,"Malam","Line-B","OP08","M-04","Housing",313,314,4,56,41.5,1.27,100.3,"2026-05","Saturday"
"PRD-00893",2026-05-25,"Malam","Line-B","OP04","M-04","Shaft",266,254,25,27,45.4,9.84,95.5,"2026-05","Monday"
"PRD-00894",2026-05-26,"Malam","Line-B","OP06","M-04","Housing",301,291,25,10,53.4,8.59,96.7,"2026-05","Tuesday"
"PRD-00895",2026-05-27,"Malam","Line-B","OP03","M-04","Housing",277,266,11,18,43.9,4.14,96,"2026-05","Wednesday"
"PRD-00896",2026-05-28,"Malam","Line-B","OP05","M-04","Bracket",410,347,7,26,57,2.02,84.6,"2026-05","Thursday"
"PRD-00897",2026-05-29,"Malam","Line-B","OP07","M-04","Bracket",414,434,23,71,49.5,5.3,104.8,"2026-05","Friday"
"PRD-00898",2026-05-30,"Malam","Line-B","OP07","M-03","Bracket",401,386,8,1,48.1,2.07,96.3,"2026-05","Saturday"
"PRD-00899",2026-06-01,"Malam","Line-B","OP03","M-04","Shaft",270,259,7,34,57.9,2.7,95.9,"2026-06","Monday"
"PRD-00900",2026-06-02,"Malam","Line-B","OP01","M-03","Bracket",378,367,7,9,39,1.91,97.1,"2026-06","Tuesday"
"PRD-00901",2026-06-03,"Malam","Line-B","OP07","M-03","Bracket",383,375,13,12,52,3.47,97.9,"2026-06","Wednesday"
"PRD-00902",2026-06-04,"Malam","Line-B","OP04","M-04","Housing",316,308,7,24,48.4,2.27,97.5,"2026-06","Thursday"
"PRD-00903",2026-06-05,"Malam","Line-B","OP01","M-03","Bracket",381,326,3,9,46.5,0.92,85.6,"2026-06","Friday"
"PRD-00904",2026-06-06,"Malam","Line-B","OP02","M-03","Shaft",288,260,3,11,54.7,1.15,90.3,"2026-06","Saturday"
"PRD-00905",2026-06-08,"Malam","Line-B","OP03","M-04","Shaft",263,273,6,28,60.8,2.2,103.8,"2026-06","Monday"
"PRD-00906",2026-06-09,"Malam","Line-B","OP06","M-04","Bracket",370,391,15,11,49.4,3.84,105.7,"2026-06","Tuesday"
"PRD-00907",2026-06-10,"Malam","Line-B","OP05","M-04","Shaft",241,248,3,11,53.6,1.21,102.9,"2026-06","Wednesday"
"PRD-00908",2026-06-11,"Malam","Line-B","OP08","M-03","Housing",341,322,6,20,44.2,1.86,94.4,"2026-06","Thursday"
"PRD-00909",2026-06-12,"Malam","Line-B","OP04","M-03","Shaft",238,242,8,5,55.2,3.31,101.7,"2026-06","Friday"
"PRD-00910",2026-06-13,"Malam","Line-B","OP08","M-03","Housing",342,323,5,69,40.7,1.55,94.4,"2026-06","Saturday"
"PRD-00911",2026-06-15,"Malam","Line-B","OP01","M-04","Shaft",314,334,11,30,52.1,3.29,106.4,"2026-06","Monday"
"PRD-00912",2026-06-16,"Malam","Line-B","OP01","M-03","Shaft",258,270,3,84,59.6,1.11,104.7,"2026-06","Tuesday"
"PRD-00913",2026-06-17,"Malam","Line-B","OP06","M-04","Shaft",267,275,14,59,60.3,5.09,103,"2026-06","Wednesday"
"PRD-00914",2026-06-18,"Malam","Line-B","OP05","M-04","Shaft",285,253,10,23,58.8,3.95,88.8,"2026-06","Thursday"
"PRD-00915",2026-06-19,"Malam","Line-B","OP04","M-04","Housing",319,277,24,9,40.4,8.66,86.8,"2026-06","Friday"
"PRD-00916",2026-06-20,"Malam","Line-B","OP01","M-04","Housing",310,299,6,21,42.4,2.01,96.5,"2026-06","Saturday"
"PRD-00917",2026-06-22,"Malam","Line-B","OP01","M-03","Housing",316,299,5,3,42.1,1.67,94.6,"2026-06","Monday"
"PRD-00918",2026-06-23,"Malam","Line-B","OP06","M-04","Bracket",363,352,24,17,43.3,6.82,97,"2026-06","Tuesday"
"PRD-00919",2026-06-24,"Malam","Line-B","OP06","M-03","Bracket",382,363,11,2,46.8,3.03,95,"2026-06","Wednesday"
"PRD-00920",2026-06-25,"Malam","Line-B","OP03","M-03","Bracket",376,364,5,58,50.5,1.37,96.8,"2026-06","Thursday"
"PRD-00921",2026-06-26,"Malam","Line-B","OP08","M-04","Housing",307,324,9,43,50.2,2.78,105.5,"2026-06","Friday"
"PRD-00922",2026-06-27,"Malam","Line-B","OP08","M-03","Bracket",343,375,3,21,37.7,0.8,109.3,"2026-06","Saturday"
"PRD-00923",2026-06-29,"Malam","Line-B","OP07","M-03","Shaft",299,308,6,45,56.5,1.95,103,"2026-06","Monday"
"PRD-00924",2026-06-30,"Malam","Line-B","OP08","M-04","Shaft",260,232,4,42,50.5,1.72,89.2,"2026-06","Tuesday"
