"Tanggal","Mesin","Shift","Breakdown","Penyebab","WaktuPerbaikanMenit","DowntimeTerencana","DowntimeMenit","UnitsProduced"
2025-01-01,"M-01","Malam",0,"Preventive OK",0,0,0,930
2025-01-01,"M-01","Pagi",0,"Preventive OK",0,0,0,790
2025-01-01,"M-01","Siang",0,"Preventive OK",0,0,0,974
2025-01-01,"M-02","Malam",0,"Preventive OK",0,0,0,752
2025-01-01,"M-02","Pagi",0,"Preventive OK",0,0,0,835
2025-01-01,"M-02","Siang",0,"Preventive OK",0,0,0,795
2025-01-01,"M-03","Malam",0,"Preventive OK",0,0,0,772
2025-01-01,"M-03","Pagi",0,"Preventive OK",0,0,0,904
2025-01-01,"M-03","Siang",0,"Preventive OK",0,0,0,692
2025-01-01,"M-04","Malam",0,"Preventive OK",0,0,0,920
2025-01-01,"M-04","Pagi",0,"Preventive OK",0,0,0,843
2025-01-01,"M-04","Siang",0,"Preventive OK",0,0,0,768
2025-01-01,"M-05","Malam",0,"Preventive OK",0,0,0,380
2025-01-01,"M-05","Pagi",0,"Preventive OK",0,0,0,403
2025-01-01,"M-05","Siang",0,"Preventive OK",0,0,0,428
2025-01-01,"M-06","Malam",0,"Preventive OK",0,0,0,409
2025-01-01,"M-06","Pagi",0,"Preventive OK",0,0,0,356
2025-01-01,"M-06","Siang",0,"Preventive OK",0,0,0,370
2025-01-02,"M-01","Malam",0,"Preventive OK",0,0,0,853
2025-01-02,"M-01","Pagi",0,"Preventive OK",0,0,0,807
2025-01-02,"M-01","Siang",0,"Preventive OK",0,0,0,727
2025-01-02,"M-02","Malam",1,"Bearing Failure",32,0,32,764
2025-01-02,"M-02","Pagi",0,"Preventive OK",0,0,0,693
2025-01-02,"M-02","Siang",0,"Preventive OK",0,0,0,785
2025-01-02,"M-03","Malam",0,"Preventive OK",0,0,0,853
2025-01-02,"M-03","Pagi",0,"Preventive OK",0,0,0,885
2025-01-02,"M-03","Siang",0,"Preventive OK",0,0,0,816
2025-01-02,"M-04","Malam",0,"Preventive OK",0,0,0,856
2025-01-02,"M-04","Pagi",0,"Preventive OK",0,0,0,737
2025-01-02,"M-04","Siang",0,"Preventive OK",0,0,0,782
2025-01-02,"M-05","Malam",1,"Bearing Failure",18,0,18,409
2025-01-02,"M-05","Pagi",0,"Preventive OK",0,0,0,388
2025-01-02,"M-05","Siang",0,"Preventive OK",0,0,0,419
2025-01-02,"M-06","Malam",0,"Preventive OK",0,0,0,412
2025-01-02,"M-06","Pagi",0,"Preventive OK",0,0,0,409
2025-01-02,"M-06","Siang",1,"Setup & Adjust",29,0,29,404
2025-01-03,"M-01","Malam",0,"Preventive OK",0,0,0,921
2025-01-03,"M-01","Pagi",0,"Preventive OK",0,0,0,799
2025-01-03,"M-01","Siang",0,"Preventive OK",0,0,0,857
2025-01-03,"M-02","Malam",0,"Preventive OK",0,0,0,756
2025-01-03,"M-02","Pagi",0,"Preventive OK",0,0,0,918
2025-01-03,"M-02","Siang",0,"Preventive OK",0,0,0,861
2025-01-03,"M-03","Malam",0,"Preventive OK",0,0,0,767
2025-01-03,"M-03","Pagi",0,"Preventive OK",0,0,0,818
2025-01-03,"M-03","Siang",0,"Preventive OK",0,0,0,863
2025-01-03,"M-04","Malam",0,"Preventive OK",0,0,0,777
2025-01-03,"M-04","Pagi",0,"Preventive OK",0,0,0,733
2025-01-03,"M-04","Siang",0,"Preventive OK",0,0,0,729
2025-01-03,"M-05","Malam",0,"Preventive OK",0,0,0,385
2025-01-03,"M-05","Pagi",0,"Preventive OK",0,0,0,381
2025-01-03,"M-05","Siang",0,"Preventive OK",0,0,0,372
2025-01-03,"M-06","Malam",0,"Preventive OK",0,0,0,402
2025-01-03,"M-06","Pagi",0,"Preventive OK",0,0,0,308
2025-01-03,"M-06","Siang",0,"Preventive OK",0,0,0,474
2025-01-04,"M-01","Malam",0,"Preventive OK",0,0,0,774
2025-01-04,"M-01","Pagi",0,"Preventive OK",0,0,0,739
2025-01-04,"M-01","Siang",0,"Preventive OK",0,0,0,846
2025-01-04,"M-02","Malam",0,"Preventive OK",0,0,0,817
2025-01-04,"M-02","Pagi",0,"Preventive OK",0,0,0,854
2025-01-04,"M-02","Siang",0,"Preventive OK",0,0,0,753
2025-01-04,"M-03","Malam",0,"Preventive OK",0,0,0,862
2025-01-04,"M-03","Pagi",0,"Preventive OK",0,0,0,759
2025-01-04,"M-03","Siang",0,"Preventive OK",0,0,0,920
2025-01-04,"M-04","Malam",0,"Preventive OK",0,0,0,806
2025-01-04,"M-04","Pagi",0,"Preventive OK",0,0,0,813
2025-01-04,"M-04","Siang",0,"Preventive OK",0,0,0,775
2025-01-04,"M-05","Malam",1,"Preventive OK",18,0,18,427
2025-01-04,"M-05","Pagi",0,"Preventive OK",0,0,0,352
2025-01-04,"M-05","Siang",0,"Preventive OK",0,0,0,344
2025-01-04,"M-06","Malam",1,"Bearing Failure",14,0,14,362
2025-01-04,"M-06","Pagi",0,"Preventive OK",0,0,0,432
2025-01-04,"M-06","Siang",0,"Preventive OK",0,0,0,429
2025-01-06,"M-01","Malam",0,"Preventive OK",0,30,30,853
2025-01-06,"M-01","Pagi",0,"Preventive OK",0,30,30,804
2025-01-06,"M-01","Siang",0,"Preventive OK",0,30,30,781
2025-01-06,"M-02","Malam",0,"Preventive OK",0,30,30,788
2025-01-06,"M-02","Pagi",1,"Bearing Failure",19,30,49,721
2025-01-06,"M-02","Siang",0,"Preventive OK",0,30,30,875
2025-01-06,"M-03","Malam",0,"Preventive OK",0,30,30,781
2025-01-06,"M-03","Pagi",0,"Preventive OK",0,30,30,767
2025-01-06,"M-03","Siang",0,"Preventive OK",0,30,30,785
2025-01-06,"M-04","Malam",0,"Preventive OK",0,30,30,879
2025-01-06,"M-04","Pagi",0,"Preventive OK",0,30,30,957
2025-01-06,"M-04","Siang",0,"Preventive OK",0,30,30,943
2025-01-06,"M-05","Malam",0,"Preventive OK",0,30,30,319
2025-01-06,"M-05","Pagi",1,"Bearing Failure",24,30,54,390
2025-01-06,"M-05","Siang",0,"Preventive OK",0,30,30,399
2025-01-06,"M-06","Malam",0,"Preventive OK",0,30,30,385
2025-01-06,"M-06","Pagi",0,"Preventive OK",0,30,30,427
2025-01-06,"M-06","Siang",0,"Preventive OK",0,30,30,369
2025-01-07,"M-01","Malam",0,"Preventive OK",0,0,0,800
2025-01-07,"M-01","Pagi",0,"Preventive OK",0,0,0,725
2025-01-07,"M-01","Siang",0,"Preventive OK",0,0,0,777
2025-01-07,"M-02","Malam",0,"Preventive OK",0,0,0,805
2025-01-07,"M-02","Pagi",0,"Preventive OK",0,0,0,758
2025-01-07,"M-02","Siang",0,"Preventive OK",0,0,0,819
2025-01-07,"M-03","Malam",0,"Preventive OK",0,0,0,837
2025-01-07,"M-03","Pagi",0,"Preventive OK",0,0,0,865
2025-01-07,"M-03","Siang",0,"Preventive OK",0,0,0,854
2025-01-07,"M-04","Malam",1,"Tool Wear",37,0,37,765
2025-01-07,"M-04","Pagi",0,"Preventive OK",0,0,0,990
2025-01-07,"M-04","Siang",0,"Preventive OK",0,0,0,901
2025-01-07,"M-05","Malam",0,"Preventive OK",0,0,0,331
2025-01-07,"M-05","Pagi",0,"Preventive OK",0,0,0,381
2025-01-07,"M-05","Siang",0,"Preventive OK",0,0,0,433
2025-01-07,"M-06","Malam",0,"Preventive OK",0,0,0,420
2025-01-07,"M-06","Pagi",0,"Preventive OK",0,0,0,453
2025-01-07,"M-06","Siang",0,"Preventive OK",0,0,0,373
2025-01-08,"M-01","Malam",0,"Preventive OK",0,0,0,855
2025-01-08,"M-01","Pagi",0,"Preventive OK",0,0,0,910
2025-01-08,"M-01","Siang",0,"Preventive OK",0,0,0,850
2025-01-08,"M-02","Malam",0,"Preventive OK",0,0,0,859
2025-01-08,"M-02","Pagi",0,"Preventive OK",0,0,0,864
2025-01-08,"M-02","Siang",0,"Preventive OK",0,0,0,811
2025-01-08,"M-03","Malam",0,"Preventive OK",0,0,0,763
2025-01-08,"M-03","Pagi",0,"Preventive OK",0,0,0,803
2025-01-08,"M-03","Siang",0,"Preventive OK",0,0,0,765
2025-01-08,"M-04","Malam",0,"Preventive OK",0,0,0,822
2025-01-08,"M-04","Pagi",1,"Tool Wear",33,0,33,892
2025-01-08,"M-04","Siang",0,"Preventive OK",0,0,0,800
2025-01-08,"M-05","Malam",0,"Preventive OK",0,0,0,391
2025-01-08,"M-05","Pagi",0,"Preventive OK",0,0,0,414
2025-01-08,"M-05","Siang",0,"Preventive OK",0,0,0,412
2025-01-08,"M-06","Malam",0,"Preventive OK",0,0,0,348
2025-01-08,"M-06","Pagi",0,"Preventive OK",0,0,0,413
2025-01-08,"M-06","Siang",0,"Preventive OK",0,0,0,358
2025-01-09,"M-01","Malam",0,"Preventive OK",0,0,0,722
2025-01-09,"M-01","Pagi",0,"Preventive OK",0,0,0,792
2025-01-09,"M-01","Siang",0,"Preventive OK",0,0,0,842
2025-01-09,"M-02","Malam",0,"Preventive OK",0,0,0,807
2025-01-09,"M-02","Pagi",0,"Preventive OK",0,0,0,811
2025-01-09,"M-02","Siang",0,"Preventive OK",0,0,0,877
2025-01-09,"M-03","Malam",0,"Preventive OK",0,0,0,758
2025-01-09,"M-03","Pagi",0,"Preventive OK",0,0,0,888
2025-01-09,"M-03","Siang",0,"Preventive OK",0,0,0,882
2025-01-09,"M-04","Malam",0,"Preventive OK",0,0,0,753
2025-01-09,"M-04","Pagi",0,"Preventive OK",0,0,0,833
2025-01-09,"M-04","Siang",0,"Preventive OK",0,0,0,862
2025-01-09,"M-05","Malam",0,"Preventive OK",0,0,0,425
2025-01-09,"M-05","Pagi",0,"Preventive OK",0,0,0,417
2025-01-09,"M-05","Siang",0,"Preventive OK",0,0,0,416
2025-01-09,"M-06","Malam",0,"Preventive OK",0,0,0,410
2025-01-09,"M-06","Pagi",0,"Preventive OK",0,0,0,426
2025-01-09,"M-06","Siang",0,"Preventive OK",0,0,0,388
2025-01-10,"M-01","Malam",0,"Preventive OK",0,0,0,680
2025-01-10,"M-01","Pagi",0,"Preventive OK",0,0,0,872
2025-01-10,"M-01","Siang",0,"Preventive OK",0,0,0,806
2025-01-10,"M-02","Malam",0,"Preventive OK",0,0,0,699
2025-01-10,"M-02","Pagi",0,"Preventive OK",0,0,0,859
2025-01-10,"M-02","Siang",0,"Preventive OK",0,0,0,893
2025-01-10,"M-03","Malam",0,"Preventive OK",0,0,0,929
2025-01-10,"M-03","Pagi",0,"Preventive OK",0,0,0,691
2025-01-10,"M-03","Siang",0,"Preventive OK",0,0,0,843
2025-01-10,"M-04","Malam",0,"Preventive OK",0,0,0,907
2025-01-10,"M-04","Pagi",1,"Bearing Failure",44,0,44,828
2025-01-10,"M-04","Siang",0,"Preventive OK",0,0,0,796
2025-01-10,"M-05","Malam",0,"Preventive OK",0,0,0,424
2025-01-10,"M-05","Pagi",0,"Preventive OK",0,0,0,353
2025-01-10,"M-05","Siang",1,"Setup & Adjust",39,0,39,346
2025-01-10,"M-06","Malam",0,"Preventive OK",0,0,0,418
2025-01-10,"M-06","Pagi",0,"Preventive OK",0,0,0,398
2025-01-10,"M-06","Siang",0,"Preventive OK",0,0,0,394
2025-01-11,"M-01","Malam",0,"Preventive OK",0,0,0,836
2025-01-11,"M-01","Pagi",0,"Preventive OK",0,0,0,769
2025-01-11,"M-01","Siang",0,"Preventive OK",0,0,0,827
2025-01-11,"M-02","Malam",0,"Preventive OK",0,0,0,894
2025-01-11,"M-02","Pagi",0,"Preventive OK",0,0,0,860
2025-01-11,"M-02","Siang",0,"Preventive OK",0,0,0,807
2025-01-11,"M-03","Malam",0,"Preventive OK",0,0,0,856
2025-01-11,"M-03","Pagi",0,"Preventive OK",0,0,0,792
2025-01-11,"M-03","Siang",0,"Preventive OK",0,0,0,793
2025-01-11,"M-04","Malam",0,"Preventive OK",0,0,0,794
2025-01-11,"M-04","Pagi",0,"Preventive OK",0,0,0,694
2025-01-11,"M-04","Siang",0,"Preventive OK",0,0,0,841
2025-01-11,"M-05","Malam",0,"Preventive OK",0,0,0,419
2025-01-11,"M-05","Pagi",0,"Preventive OK",0,0,0,390
2025-01-11,"M-05","Siang",0,"Preventive OK",0,0,0,409
2025-01-11,"M-06","Malam",0,"Preventive OK",0,0,0,413
2025-01-11,"M-06","Pagi",0,"Preventive OK",0,0,0,419
2025-01-11,"M-06","Siang",0,"Preventive OK",0,0,0,418
2025-01-13,"M-01","Malam",0,"Preventive OK",0,30,30,771
2025-01-13,"M-01","Pagi",0,"Preventive OK",0,30,30,820
2025-01-13,"M-01","Siang",0,"Preventive OK",0,30,30,823
2025-01-13,"M-02","Malam",0,"Preventive OK",0,30,30,862
2025-01-13,"M-02","Pagi",0,"Preventive OK",0,30,30,893
2025-01-13,"M-02","Siang",0,"Preventive OK",0,30,30,753
2025-01-13,"M-03","Malam",0,"Preventive OK",0,30,30,772
2025-01-13,"M-03","Pagi",0,"Preventive OK",0,30,30,874
2025-01-13,"M-03","Siang",0,"Preventive OK",0,30,30,888
2025-01-13,"M-04","Malam",1,"Kelistrikan",24,30,54,773
2025-01-13,"M-04","Pagi",0,"Preventive OK",0,30,30,813
2025-01-13,"M-04","Siang",0,"Preventive OK",0,30,30,823
2025-01-13,"M-05","Malam",0,"Preventive OK",0,30,30,448
2025-01-13,"M-05","Pagi",0,"Preventive OK",0,30,30,408
2025-01-13,"M-05","Siang",0,"Preventive OK",0,30,30,379
2025-01-13,"M-06","Malam",0,"Preventive OK",0,30,30,364
2025-01-13,"M-06","Pagi",0,"Preventive OK",0,30,30,442
2025-01-13,"M-06","Siang",0,"Preventive OK",0,30,30,439
2025-01-14,"M-01","Malam",0,"Preventive OK",0,0,0,825
2025-01-14,"M-01","Pagi",0,"Preventive OK",0,0,0,910
2025-01-14,"M-01","Siang",0,"Preventive OK",0,0,0,911
2025-01-14,"M-02","Malam",0,"Preventive OK",0,0,0,776
2025-01-14,"M-02","Pagi",0,"Preventive OK",0,0,0,750
2025-01-14,"M-02","Siang",1,"Bearing Failure",30,0,30,832
2025-01-14,"M-03","Malam",0,"Preventive OK",0,0,0,832
2025-01-14,"M-03","Pagi",0,"Preventive OK",0,0,0,872
2025-01-14,"M-03","Siang",0,"Preventive OK",0,0,0,766
2025-01-14,"M-04","Malam",0,"Preventive OK",0,0,0,783
2025-01-14,"M-04","Pagi",0,"Preventive OK",0,0,0,948
2025-01-14,"M-04","Siang",0,"Preventive OK",0,0,0,867
2025-01-14,"M-05","Malam",0,"Preventive OK",0,0,0,405
2025-01-14,"M-05","Pagi",0,"Preventive OK",0,0,0,469
2025-01-14,"M-05","Siang",0,"Preventive OK",0,0,0,444
2025-01-14,"M-06","Malam",0,"Preventive OK",0,0,0,404
2025-01-14,"M-06","Pagi",0,"Preventive OK",0,0,0,393
2025-01-14,"M-06","Siang",0,"Preventive OK",0,0,0,464
2025-01-15,"M-01","Malam",0,"Preventive OK",0,0,0,837
2025-01-15,"M-01","Pagi",0,"Preventive OK",0,0,0,764
2025-01-15,"M-01","Siang",0,"Preventive OK",0,0,0,749
2025-01-15,"M-02","Malam",0,"Preventive OK",0,0,0,781
2025-01-15,"M-02","Pagi",0,"Preventive OK",0,0,0,734
2025-01-15,"M-02","Siang",0,"Preventive OK",0,0,0,803
2025-01-15,"M-03","Malam",0,"Preventive OK",0,0,0,841
2025-01-15,"M-03","Pagi",0,"Preventive OK",0,0,0,830
2025-01-15,"M-03","Siang",0,"Preventive OK",0,0,0,763
2025-01-15,"M-04","Malam",0,"Preventive OK",0,0,0,783
2025-01-15,"M-04","Pagi",0,"Preventive OK",0,0,0,800
2025-01-15,"M-04","Siang",0,"Preventive OK",0,0,0,863
2025-01-15,"M-05","Malam",0,"Preventive OK",0,0,0,394
2025-01-15,"M-05","Pagi",0,"Preventive OK",0,0,0,421
2025-01-15,"M-05","Siang",0,"Preventive OK",0,0,0,405
2025-01-15,"M-06","Malam",0,"Preventive OK",0,0,0,401
2025-01-15,"M-06","Pagi",0,"Preventive OK",0,0,0,361
2025-01-15,"M-06","Siang",0,"Preventive OK",0,0,0,390
2025-01-16,"M-01","Malam",0,"Preventive OK",0,0,0,866
2025-01-16,"M-01","Pagi",0,"Preventive OK",0,0,0,673
2025-01-16,"M-01","Siang",0,"Preventive OK",0,0,0,834
2025-01-16,"M-02","Malam",0,"Preventive OK",0,0,0,848
2025-01-16,"M-02","Pagi",0,"Preventive OK",0,0,0,825
2025-01-16,"M-02","Siang",0,"Preventive OK",0,0,0,761
2025-01-16,"M-03","Malam",0,"Preventive OK",0,0,0,886
2025-01-16,"M-03","Pagi",0,"Preventive OK",0,0,0,749
2025-01-16,"M-03","Siang",0,"Preventive OK",0,0,0,848
2025-01-16,"M-04","Malam",0,"Preventive OK",0,0,0,794
2025-01-16,"M-04","Pagi",0,"Preventive OK",0,0,0,726
2025-01-16,"M-04","Siang",0,"Preventive OK",0,0,0,838
2025-01-16,"M-05","Malam",0,"Preventive OK",0,0,0,364
2025-01-16,"M-05","Pagi",0,"Preventive OK",0,0,0,467
2025-01-16,"M-05","Siang",0,"Preventive OK",0,0,0,433
2025-01-16,"M-06","Malam",0,"Preventive OK",0,0,0,395
2025-01-16,"M-06","Pagi",0,"Preventive OK",0,0,0,424
2025-01-16,"M-06","Siang",0,"Preventive OK",0,0,0,442
2025-01-17,"M-01","Malam",0,"Preventive OK",0,0,0,799
2025-01-17,"M-01","Pagi",0,"Preventive OK",0,0,0,796
2025-01-17,"M-01","Siang",1,"Bearing Failure",16,0,16,737
2025-01-17,"M-02","Malam",0,"Preventive OK",0,0,0,802
2025-01-17,"M-02","Pagi",0,"Preventive OK",0,0,0,768
2025-01-17,"M-02","Siang",0,"Preventive OK",0,0,0,862
2025-01-17,"M-03","Malam",0,"Preventive OK",0,0,0,831
2025-01-17,"M-03","Pagi",0,"Preventive OK",0,0,0,757
2025-01-17,"M-03","Siang",0,"Preventive OK",0,0,0,913
2025-01-17,"M-04","Malam",1,"Bearing Failure",16,0,16,797
2025-01-17,"M-04","Pagi",0,"Preventive OK",0,0,0,756
2025-01-17,"M-04","Siang",0,"Preventive OK",0,0,0,844
2025-01-17,"M-05","Malam",0,"Preventive OK",0,0,0,378
2025-01-17,"M-05","Pagi",0,"Preventive OK",0,0,0,387
2025-01-17,"M-05","Siang",0,"Preventive OK",0,0,0,405
2025-01-17,"M-06","Malam",1,"Setup & Adjust",16,0,16,376
2025-01-17,"M-06","Pagi",0,"Preventive OK",0,0,0,444
2025-01-17,"M-06","Siang",0,"Preventive OK",0,0,0,408
2025-01-18,"M-01","Malam",0,"Preventive OK",0,0,0,817
2025-01-18,"M-01","Pagi",0,"Preventive OK",0,0,0,770
2025-01-18,"M-01","Siang",0,"Preventive OK",0,0,0,825
2025-01-18,"M-02","Malam",0,"Preventive OK",0,0,0,901
2025-01-18,"M-02","Pagi",0,"Preventive OK",0,0,0,811
2025-01-18,"M-02","Siang",1,"Bearing Failure",55,0,55,780
2025-01-18,"M-03","Malam",0,"Preventive OK",0,0,0,877
2025-01-18,"M-03","Pagi",0,"Preventive OK",0,0,0,769
2025-01-18,"M-03","Siang",0,"Preventive OK",0,0,0,732
2025-01-18,"M-04","Malam",0,"Preventive OK",0,0,0,785
2025-01-18,"M-04","Pagi",0,"Preventive OK",0,0,0,779
2025-01-18,"M-04","Siang",0,"Preventive OK",0,0,0,886
2025-01-18,"M-05","Malam",0,"Preventive OK",0,0,0,405
2025-01-18,"M-05","Pagi",0,"Preventive OK",0,0,0,453
2025-01-18,"M-05","Siang",0,"Preventive OK",0,0,0,395
2025-01-18,"M-06","Malam",0,"Preventive OK",0,0,0,400
2025-01-18,"M-06","Pagi",0,"Preventive OK",0,0,0,444
2025-01-18,"M-06","Siang",0,"Preventive OK",0,0,0,400
2025-01-20,"M-01","Malam",0,"Preventive OK",0,30,30,769
2025-01-20,"M-01","Pagi",0,"Preventive OK",0,30,30,844
2025-01-20,"M-01","Siang",0,"Preventive OK",0,30,30,813
2025-01-20,"M-02","Malam",0,"Preventive OK",0,30,30,853
2025-01-20,"M-02","Pagi",0,"Preventive OK",0,30,30,822
2025-01-20,"M-02","Siang",0,"Preventive OK",0,30,30,733
2025-01-20,"M-03","Malam",0,"Preventive OK",0,30,30,838
2025-01-20,"M-03","Pagi",0,"Preventive OK",0,30,30,717
2025-01-20,"M-03","Siang",0,"Preventive OK",0,30,30,808
2025-01-20,"M-04","Malam",0,"Preventive OK",0,30,30,702
2025-01-20,"M-04","Pagi",1,"Tool Wear",38,30,68,809
2025-01-20,"M-04","Siang",1,"Kelistrikan",14,30,44,716
2025-01-20,"M-05","Malam",0,"Preventive OK",0,30,30,422
2025-01-20,"M-05","Pagi",0,"Preventive OK",0,30,30,409
2025-01-20,"M-05","Siang",0,"Preventive OK",0,30,30,410
2025-01-20,"M-06","Malam",0,"Preventive OK",0,30,30,418
2025-01-20,"M-06","Pagi",0,"Preventive OK",0,30,30,412
2025-01-20,"M-06","Siang",0,"Preventive OK",0,30,30,423
2025-01-21,"M-01","Malam",0,"Preventive OK",0,0,0,690
2025-01-21,"M-01","Pagi",0,"Preventive OK",0,0,0,723
2025-01-21,"M-01","Siang",0,"Preventive OK",0,0,0,868
2025-01-21,"M-02","Malam",0,"Preventive OK",0,0,0,777
2025-01-21,"M-02","Pagi",0,"Preventive OK",0,0,0,779
2025-01-21,"M-02","Siang",0,"Preventive OK",0,0,0,782
2025-01-21,"M-03","Malam",0,"Preventive OK",0,0,0,876
2025-01-21,"M-03","Pagi",0,"Preventive OK",0,0,0,811
2025-01-21,"M-03","Siang",0,"Preventive OK",0,0,0,907
2025-01-21,"M-04","Malam",0,"Preventive OK",0,0,0,813
2025-01-21,"M-04","Pagi",0,"Preventive OK",0,0,0,792
2025-01-21,"M-04","Siang",0,"Preventive OK",0,0,0,870
2025-01-21,"M-05","Malam",0,"Preventive OK",0,0,0,395
2025-01-21,"M-05","Pagi",1,"Setup & Adjust",28,0,28,366
2025-01-21,"M-05","Siang",0,"Preventive OK",0,0,0,408
2025-01-21,"M-06","Malam",0,"Preventive OK",0,0,0,410
2025-01-21,"M-06","Pagi",0,"Preventive OK",0,0,0,412
2025-01-21,"M-06","Siang",0,"Preventive OK",0,0,0,427
2025-01-22,"M-01","Malam",0,"Preventive OK",0,0,0,726
2025-01-22,"M-01","Pagi",0,"Preventive OK",0,0,0,847
2025-01-22,"M-01","Siang",0,"Preventive OK",0,0,0,746
2025-01-22,"M-02","Malam",0,"Preventive OK",0,0,0,838
2025-01-22,"M-02","Pagi",0,"Preventive OK",0,0,0,687
2025-01-22,"M-02","Siang",0,"Preventive OK",0,0,0,765
2025-01-22,"M-03","Malam",0,"Preventive OK",0,0,0,826
2025-01-22,"M-03","Pagi",0,"Preventive OK",0,0,0,818
2025-01-22,"M-03","Siang",0,"Preventive OK",0,0,0,774
2025-01-22,"M-04","Malam",0,"Preventive OK",0,0,0,857
2025-01-22,"M-04","Pagi",0,"Preventive OK",0,0,0,786
2025-01-22,"M-04","Siang",0,"Preventive OK",0,0,0,702
2025-01-22,"M-05","Malam",0,"Preventive OK",0,0,0,417
2025-01-22,"M-05","Pagi",0,"Preventive OK",0,0,0,402
2025-01-22,"M-05","Siang",0,"Preventive OK",0,0,0,427
2025-01-22,"M-06","Malam",0,"Preventive OK",0,0,0,404
2025-01-22,"M-06","Pagi",0,"Preventive OK",0,0,0,415
2025-01-22,"M-06","Siang",0,"Preventive OK",0,0,0,387
2025-01-23,"M-01","Malam",0,"Preventive OK",0,0,0,846
2025-01-23,"M-01","Pagi",0,"Preventive OK",0,0,0,906
2025-01-23,"M-01","Siang",0,"Preventive OK",0,0,0,801
2025-01-23,"M-02","Malam",1,"Bearing Failure",38,0,38,871
2025-01-23,"M-02","Pagi",0,"Preventive OK",0,0,0,820
2025-01-23,"M-02","Siang",0,"Preventive OK",0,0,0,787
2025-01-23,"M-03","Malam",0,"Preventive OK",0,0,0,863
2025-01-23,"M-03","Pagi",0,"Preventive OK",0,0,0,762
2025-01-23,"M-03","Siang",0,"Preventive OK",0,0,0,761
2025-01-23,"M-04","Malam",0,"Preventive OK",0,0,0,813
2025-01-23,"M-04","Pagi",0,"Preventive OK",0,0,0,825
2025-01-23,"M-04","Siang",0,"Preventive OK",0,0,0,787
2025-01-23,"M-05","Malam",0,"Preventive OK",0,0,0,442
2025-01-23,"M-05","Pagi",0,"Preventive OK",0,0,0,401
2025-01-23,"M-05","Siang",0,"Preventive OK",0,0,0,432
2025-01-23,"M-06","Malam",0,"Preventive OK",0,0,0,404
2025-01-23,"M-06","Pagi",0,"Preventive OK",0,0,0,364
2025-01-23,"M-06","Siang",0,"Preventive OK",0,0,0,414
2025-01-24,"M-01","Malam",0,"Preventive OK",0,0,0,766
2025-01-24,"M-01","Pagi",1,"Bearing Failure",38,0,38,678
2025-01-24,"M-01","Siang",0,"Preventive OK",0,0,0,821
2025-01-24,"M-02","Malam",0,"Preventive OK",0,0,0,809
2025-01-24,"M-02","Pagi",1,"Bearing Failure",30,0,30,816
2025-01-24,"M-02","Siang",0,"Preventive OK",0,0,0,813
2025-01-24,"M-03","Malam",0,"Preventive OK",0,0,0,852
2025-01-24,"M-03","Pagi",0,"Preventive OK",0,0,0,694
2025-01-24,"M-03","Siang",0,"Preventive OK",0,0,0,821
2025-01-24,"M-04","Malam",0,"Preventive OK",0,0,0,791
2025-01-24,"M-04","Pagi",0,"Preventive OK",0,0,0,717
2025-01-24,"M-04","Siang",0,"Preventive OK",0,0,0,809
2025-01-24,"M-05","Malam",0,"Preventive OK",0,0,0,412
2025-01-24,"M-05","Pagi",0,"Preventive OK",0,0,0,408
2025-01-24,"M-05","Siang",1,"Setup & Adjust",33,0,33,375
2025-01-24,"M-06","Malam",0,"Preventive OK",0,0,0,380
2025-01-24,"M-06","Pagi",0,"Preventive OK",0,0,0,403
2025-01-24,"M-06","Siang",0,"Preventive OK",0,0,0,379
2025-01-25,"M-01","Malam",0,"Preventive OK",0,0,0,783
2025-01-25,"M-01","Pagi",0,"Preventive OK",0,0,0,724
2025-01-25,"M-01","Siang",0,"Preventive OK",0,0,0,831
2025-01-25,"M-02","Malam",0,"Preventive OK",0,0,0,857
2025-01-25,"M-02","Pagi",0,"Preventive OK",0,0,0,759
2025-01-25,"M-02","Siang",0,"Preventive OK",0,0,0,738
2025-01-25,"M-03","Malam",0,"Preventive OK",0,0,0,745
2025-01-25,"M-03","Pagi",0,"Preventive OK",0,0,0,824
2025-01-25,"M-03","Siang",0,"Preventive OK",0,0,0,746
2025-01-25,"M-04","Malam",0,"Preventive OK",0,0,0,830
2025-01-25,"M-04","Pagi",0,"Preventive OK",0,0,0,852
2025-01-25,"M-04","Siang",0,"Preventive OK",0,0,0,823
2025-01-25,"M-05","Malam",0,"Preventive OK",0,0,0,408
2025-01-25,"M-05","Pagi",0,"Preventive OK",0,0,0,444
2025-01-25,"M-05","Siang",0,"Preventive OK",0,0,0,386
2025-01-25,"M-06","Malam",0,"Preventive OK",0,0,0,433
2025-01-25,"M-06","Pagi",0,"Preventive OK",0,0,0,486
2025-01-25,"M-06","Siang",0,"Preventive OK",0,0,0,455
2025-01-27,"M-01","Malam",0,"Preventive OK",0,30,30,803
2025-01-27,"M-01","Pagi",0,"Preventive OK",0,30,30,844
2025-01-27,"M-01","Siang",0,"Preventive OK",0,30,30,850
2025-01-27,"M-02","Malam",0,"Preventive OK",0,30,30,916
2025-01-27,"M-02","Pagi",0,"Preventive OK",0,30,30,824
2025-01-27,"M-02","Siang",0,"Preventive OK",0,30,30,825
2025-01-27,"M-03","Malam",0,"Preventive OK",0,30,30,798
2025-01-27,"M-03","Pagi",0,"Preventive OK",0,30,30,767
2025-01-27,"M-03","Siang",0,"Preventive OK",0,30,30,895
2025-01-27,"M-04","Malam",0,"Preventive OK",0,30,30,786
2025-01-27,"M-04","Pagi",0,"Preventive OK",0,30,30,846
2025-01-27,"M-04","Siang",1,"Bearing Failure",15,30,45,785
2025-01-27,"M-05","Malam",0,"Preventive OK",0,30,30,446
2025-01-27,"M-05","Pagi",0,"Preventive OK",0,30,30,458
2025-01-27,"M-05","Siang",0,"Preventive OK",0,30,30,420
2025-01-27,"M-06","Malam",1,"Material Jam",15,30,45,395
2025-01-27,"M-06","Pagi",0,"Preventive OK",0,30,30,384
2025-01-27,"M-06","Siang",0,"Preventive OK",0,30,30,398
2025-01-28,"M-01","Malam",0,"Preventive OK",0,0,0,816
2025-01-28,"M-01","Pagi",0,"Preventive OK",0,0,0,816
2025-01-28,"M-01","Siang",0,"Preventive OK",0,0,0,816
2025-01-28,"M-02","Malam",0,"Preventive OK",0,0,0,883
2025-01-28,"M-02","Pagi",0,"Preventive OK",0,0,0,705
2025-01-28,"M-02","Siang",0,"Preventive OK",0,0,0,941
2025-01-28,"M-03","Malam",0,"Preventive OK",0,0,0,688
2025-01-28,"M-03","Pagi",0,"Preventive OK",0,0,0,886
2025-01-28,"M-03","Siang",0,"Preventive OK",0,0,0,725
2025-01-28,"M-04","Malam",0,"Preventive OK",0,0,0,892
2025-01-28,"M-04","Pagi",0,"Preventive OK",0,0,0,893
2025-01-28,"M-04","Siang",0,"Preventive OK",0,0,0,809
2025-01-28,"M-05","Malam",0,"Preventive OK",0,0,0,391
2025-01-28,"M-05","Pagi",0,"Preventive OK",0,0,0,397
2025-01-28,"M-05","Siang",0,"Preventive OK",0,0,0,406
2025-01-28,"M-06","Malam",0,"Preventive OK",0,0,0,385
2025-01-28,"M-06","Pagi",0,"Preventive OK",0,0,0,390
2025-01-28,"M-06","Siang",0,"Preventive OK",0,0,0,418
2025-01-29,"M-01","Malam",0,"Preventive OK",0,0,0,851
2025-01-29,"M-01","Pagi",0,"Preventive OK",0,0,0,736
2025-01-29,"M-01","Siang",0,"Preventive OK",0,0,0,846
2025-01-29,"M-02","Malam",0,"Preventive OK",0,0,0,799
2025-01-29,"M-02","Pagi",0,"Preventive OK",0,0,0,789
2025-01-29,"M-02","Siang",0,"Preventive OK",0,0,0,771
2025-01-29,"M-03","Malam",0,"Preventive OK",0,0,0,823
2025-01-29,"M-03","Pagi",1,"Setup & Adjust",34,0,34,847
2025-01-29,"M-03","Siang",0,"Preventive OK",0,0,0,713
2025-01-29,"M-04","Malam",0,"Preventive OK",0,0,0,685
2025-01-29,"M-04","Pagi",0,"Preventive OK",0,0,0,860
2025-01-29,"M-04","Siang",0,"Preventive OK",0,0,0,830
2025-01-29,"M-05","Malam",0,"Preventive OK",0,0,0,404
2025-01-29,"M-05","Pagi",0,"Preventive OK",0,0,0,440
2025-01-29,"M-05","Siang",0,"Preventive OK",0,0,0,437
2025-01-29,"M-06","Malam",0,"Preventive OK",0,0,0,412
2025-01-29,"M-06","Pagi",0,"Preventive OK",0,0,0,449
2025-01-29,"M-06","Siang",0,"Preventive OK",0,0,0,392
2025-01-30,"M-01","Malam",0,"Preventive OK",0,0,0,880
2025-01-30,"M-01","Pagi",0,"Preventive OK",0,0,0,752
2025-01-30,"M-01","Siang",0,"Preventive OK",0,0,0,941
2025-01-30,"M-02","Malam",0,"Preventive OK",0,0,0,838
2025-01-30,"M-02","Pagi",0,"Preventive OK",0,0,0,839
2025-01-30,"M-02","Siang",0,"Preventive OK",0,0,0,703
2025-01-30,"M-03","Malam",0,"Preventive OK",0,0,0,729
2025-01-30,"M-03","Pagi",0,"Preventive OK",0,0,0,835
2025-01-30,"M-03","Siang",0,"Preventive OK",0,0,0,742
2025-01-30,"M-04","Malam",0,"Preventive OK",0,0,0,789
2025-01-30,"M-04","Pagi",0,"Preventive OK",0,0,0,723
2025-01-30,"M-04","Siang",0,"Preventive OK",0,0,0,938
2025-01-30,"M-05","Malam",0,"Preventive OK",0,0,0,402
2025-01-30,"M-05","Pagi",0,"Preventive OK",0,0,0,399
2025-01-30,"M-05","Siang",0,"Preventive OK",0,0,0,398
2025-01-30,"M-06","Malam",0,"Preventive OK",0,0,0,410
2025-01-30,"M-06","Pagi",0,"Preventive OK",0,0,0,400
2025-01-30,"M-06","Siang",0,"Preventive OK",0,0,0,364
2025-01-31,"M-01","Malam",0,"Preventive OK",0,0,0,737
2025-01-31,"M-01","Pagi",0,"Preventive OK",0,0,0,875
2025-01-31,"M-01","Siang",0,"Preventive OK",0,0,0,813
2025-01-31,"M-02","Malam",1,"Kelistrikan",28,0,28,758
2025-01-31,"M-02","Pagi",0,"Preventive OK",0,0,0,828
2025-01-31,"M-02","Siang",0,"Preventive OK",0,0,0,813
2025-01-31,"M-03","Malam",0,"Preventive OK",0,0,0,753
2025-01-31,"M-03","Pagi",0,"Preventive OK",0,0,0,927
2025-01-31,"M-03","Siang",0,"Preventive OK",0,0,0,852
2025-01-31,"M-04","Malam",0,"Preventive OK",0,0,0,815
2025-01-31,"M-04","Pagi",0,"Preventive OK",0,0,0,895
2025-01-31,"M-04","Siang",0,"Preventive OK",0,0,0,830
2025-01-31,"M-05","Malam",0,"Preventive OK",0,0,0,378
2025-01-31,"M-05","Pagi",0,"Preventive OK",0,0,0,421
2025-01-31,"M-05","Siang",0,"Preventive OK",0,0,0,392
2025-01-31,"M-06","Malam",0,"Preventive OK",0,0,0,429
2025-01-31,"M-06","Pagi",0,"Preventive OK",0,0,0,392
2025-01-31,"M-06","Siang",0,"Preventive OK",0,0,0,474
2025-02-01,"M-01","Malam",1,"Bearing Failure",20,0,20,755
2025-02-01,"M-01","Pagi",0,"Preventive OK",0,0,0,927
2025-02-01,"M-01","Siang",0,"Preventive OK",0,0,0,730
2025-02-01,"M-02","Malam",0,"Preventive OK",0,0,0,760
2025-02-01,"M-02","Pagi",1,"Tool Wear",40,0,40,679
2025-02-01,"M-02","Siang",0,"Preventive OK",0,0,0,828
2025-02-01,"M-03","Malam",0,"Preventive OK",0,0,0,872
2025-02-01,"M-03","Pagi",0,"Preventive OK",0,0,0,885
2025-02-01,"M-03","Siang",0,"Preventive OK",0,0,0,839
2025-02-01,"M-04","Malam",0,"Preventive OK",0,0,0,727
2025-02-01,"M-04","Pagi",0,"Preventive OK",0,0,0,884
2025-02-01,"M-04","Siang",0,"Preventive OK",0,0,0,787
2025-02-01,"M-05","Malam",0,"Preventive OK",0,0,0,425
2025-02-01,"M-05","Pagi",0,"Preventive OK",0,0,0,399
2025-02-01,"M-05","Siang",0,"Preventive OK",0,0,0,436
2025-02-01,"M-06","Malam",0,"Preventive OK",0,0,0,395
2025-02-01,"M-06","Pagi",0,"Preventive OK",0,0,0,449
2025-02-01,"M-06","Siang",0,"Preventive OK",0,0,0,369
2025-02-03,"M-01","Malam",0,"Preventive OK",0,30,30,810
2025-02-03,"M-01","Pagi",0,"Preventive OK",0,30,30,838
2025-02-03,"M-01","Siang",0,"Preventive OK",0,30,30,796
2025-02-03,"M-02","Malam",0,"Preventive OK",0,30,30,796
2025-02-03,"M-02","Pagi",0,"Preventive OK",0,30,30,819
2025-02-03,"M-02","Siang",0,"Preventive OK",0,30,30,780
2025-02-03,"M-03","Malam",0,"Preventive OK",0,30,30,853
2025-02-03,"M-03","Pagi",0,"Preventive OK",0,30,30,767
2025-02-03,"M-03","Siang",0,"Preventive OK",0,30,30,855
2025-02-03,"M-04","Malam",0,"Preventive OK",0,30,30,809
2025-02-03,"M-04","Pagi",0,"Preventive OK",0,30,30,714
2025-02-03,"M-04","Siang",0,"Preventive OK",0,30,30,866
2025-02-03,"M-05","Malam",0,"Preventive OK",0,30,30,339
2025-02-03,"M-05","Pagi",0,"Preventive OK",0,30,30,377
2025-02-03,"M-05","Siang",0,"Preventive OK",0,30,30,415
2025-02-03,"M-06","Malam",0,"Preventive OK",0,30,30,402
2025-02-03,"M-06","Pagi",0,"Preventive OK",0,30,30,364
2025-02-03,"M-06","Siang",0,"Preventive OK",0,30,30,411
2025-02-04,"M-01","Malam",0,"Preventive OK",0,0,0,705
2025-02-04,"M-01","Pagi",0,"Preventive OK",0,0,0,844
2025-02-04,"M-01","Siang",0,"Preventive OK",0,0,0,922
2025-02-04,"M-02","Malam",0,"Preventive OK",0,0,0,860
2025-02-04,"M-02","Pagi",0,"Preventive OK",0,0,0,794
2025-02-04,"M-02","Siang",0,"Preventive OK",0,0,0,783
2025-02-04,"M-03","Malam",0,"Preventive OK",0,0,0,837
2025-02-04,"M-03","Pagi",0,"Preventive OK",0,0,0,786
2025-02-04,"M-03","Siang",0,"Preventive OK",0,0,0,803
2025-02-04,"M-04","Malam",0,"Preventive OK",0,0,0,785
2025-02-04,"M-04","Pagi",0,"Preventive OK",0,0,0,777
2025-02-04,"M-04","Siang",0,"Preventive OK",0,0,0,776
2025-02-04,"M-05","Malam",0,"Preventive OK",0,0,0,418
2025-02-04,"M-05","Pagi",0,"Preventive OK",0,0,0,406
2025-02-04,"M-05","Siang",0,"Preventive OK",0,0,0,412
2025-02-04,"M-06","Malam",0,"Preventive OK",0,0,0,441
2025-02-04,"M-06","Pagi",0,"Preventive OK",0,0,0,414
2025-02-04,"M-06","Siang",0,"Preventive OK",0,0,0,450
2025-02-05,"M-01","Malam",0,"Preventive OK",0,0,0,960
2025-02-05,"M-01","Pagi",0,"Preventive OK",0,0,0,818
2025-02-05,"M-01","Siang",0,"Preventive OK",0,0,0,834
2025-02-05,"M-02","Malam",0,"Preventive OK",0,0,0,851
2025-02-05,"M-02","Pagi",0,"Preventive OK",0,0,0,785
2025-02-05,"M-02","Siang",0,"Preventive OK",0,0,0,814
2025-02-05,"M-03","Malam",0,"Preventive OK",0,0,0,755
2025-02-05,"M-03","Pagi",0,"Preventive OK",0,0,0,863
2025-02-05,"M-03","Siang",0,"Preventive OK",0,0,0,698
2025-02-05,"M-04","Malam",0,"Preventive OK",0,0,0,753
2025-02-05,"M-04","Pagi",0,"Preventive OK",0,0,0,892
2025-02-05,"M-04","Siang",0,"Preventive OK",0,0,0,894
2025-02-05,"M-05","Malam",0,"Preventive OK",0,0,0,402
2025-02-05,"M-05","Pagi",0,"Preventive OK",0,0,0,436
2025-02-05,"M-05","Siang",0,"Preventive OK",0,0,0,393
2025-02-05,"M-06","Malam",0,"Preventive OK",0,0,0,449
2025-02-05,"M-06","Pagi",0,"Preventive OK",0,0,0,377
2025-02-05,"M-06","Siang",0,"Preventive OK",0,0,0,414
2025-02-06,"M-01","Malam",0,"Preventive OK",0,0,0,906
2025-02-06,"M-01","Pagi",0,"Preventive OK",0,0,0,821
2025-02-06,"M-01","Siang",0,"Preventive OK",0,0,0,736
2025-02-06,"M-02","Malam",0,"Preventive OK",0,0,0,867
2025-02-06,"M-02","Pagi",0,"Preventive OK",0,0,0,935
2025-02-06,"M-02","Siang",0,"Preventive OK",0,0,0,799
2025-02-06,"M-03","Malam",0,"Preventive OK",0,0,0,855
2025-02-06,"M-03","Pagi",0,"Preventive OK",0,0,0,875
2025-02-06,"M-03","Siang",0,"Preventive OK",0,0,0,709
2025-02-06,"M-04","Malam",1,"Tool Wear",27,0,27,806
2025-02-06,"M-04","Pagi",0,"Preventive OK",0,0,0,742
2025-02-06,"M-04","Siang",0,"Preventive OK",0,0,0,814
2025-02-06,"M-05","Malam",0,"Preventive OK",0,0,0,398
2025-02-06,"M-05","Pagi",0,"Preventive OK",0,0,0,382
2025-02-06,"M-05","Siang",0,"Preventive OK",0,0,0,464
2025-02-06,"M-06","Malam",0,"Preventive OK",0,0,0,405
2025-02-06,"M-06","Pagi",0,"Preventive OK",0,0,0,466
2025-02-06,"M-06","Siang",0,"Preventive OK",0,0,0,393
2025-02-07,"M-01","Malam",0,"Preventive OK",0,0,0,757
2025-02-07,"M-01","Pagi",0,"Preventive OK",0,0,0,833
2025-02-07,"M-01","Siang",0,"Preventive OK",0,0,0,765
2025-02-07,"M-02","Malam",1,"Kelistrikan",23,0,23,803
2025-02-07,"M-02","Pagi",0,"Preventive OK",0,0,0,674
2025-02-07,"M-02","Siang",0,"Preventive OK",0,0,0,880
2025-02-07,"M-03","Malam",0,"Preventive OK",0,0,0,864
2025-02-07,"M-03","Pagi",0,"Preventive OK",0,0,0,807
2025-02-07,"M-03","Siang",0,"Preventive OK",0,0,0,841
2025-02-07,"M-04","Malam",0,"Preventive OK",0,0,0,762
2025-02-07,"M-04","Pagi",0,"Preventive OK",0,0,0,886
2025-02-07,"M-04","Siang",0,"Preventive OK",0,0,0,793
2025-02-07,"M-05","Malam",0,"Preventive OK",0,0,0,457
2025-02-07,"M-05","Pagi",1,"Tool Wear",21,0,21,359
2025-02-07,"M-05","Siang",0,"Preventive OK",0,0,0,372
2025-02-07,"M-06","Malam",0,"Preventive OK",0,0,0,356
2025-02-07,"M-06","Pagi",0,"Preventive OK",0,0,0,375
2025-02-07,"M-06","Siang",0,"Preventive OK",0,0,0,414
2025-02-08,"M-01","Malam",0,"Preventive OK",0,0,0,810
2025-02-08,"M-01","Pagi",0,"Preventive OK",0,0,0,849
2025-02-08,"M-01","Siang",0,"Preventive OK",0,0,0,830
2025-02-08,"M-02","Malam",0,"Preventive OK",0,0,0,804
2025-02-08,"M-02","Pagi",0,"Preventive OK",0,0,0,881
2025-02-08,"M-02","Siang",0,"Preventive OK",0,0,0,812
2025-02-08,"M-03","Malam",0,"Preventive OK",0,0,0,808
2025-02-08,"M-03","Pagi",0,"Preventive OK",0,0,0,793
2025-02-08,"M-03","Siang",0,"Preventive OK",0,0,0,763
2025-02-08,"M-04","Malam",0,"Preventive OK",0,0,0,880
2025-02-08,"M-04","Pagi",0,"Preventive OK",0,0,0,827
2025-02-08,"M-04","Siang",1,"Bearing Failure",26,0,26,788
2025-02-08,"M-05","Malam",0,"Preventive OK",0,0,0,426
2025-02-08,"M-05","Pagi",0,"Preventive OK",0,0,0,401
2025-02-08,"M-05","Siang",0,"Preventive OK",0,0,0,404
2025-02-08,"M-06","Malam",0,"Preventive OK",0,0,0,462
2025-02-08,"M-06","Pagi",0,"Preventive OK",0,0,0,427
2025-02-08,"M-06","Siang",0,"Preventive OK",0,0,0,396
2025-02-10,"M-01","Malam",0,"Preventive OK",0,30,30,921
2025-02-10,"M-01","Pagi",0,"Preventive OK",0,30,30,828
2025-02-10,"M-01","Siang",0,"Preventive OK",0,30,30,800
2025-02-10,"M-02","Malam",0,"Preventive OK",0,30,30,914
2025-02-10,"M-02","Pagi",0,"Preventive OK",0,30,30,784
2025-02-10,"M-02","Siang",0,"Preventive OK",0,30,30,832
2025-02-10,"M-03","Malam",0,"Preventive OK",0,30,30,761
2025-02-10,"M-03","Pagi",0,"Preventive OK",0,30,30,915
2025-02-10,"M-03","Siang",0,"Preventive OK",0,30,30,863
2025-02-10,"M-04","Malam",0,"Preventive OK",0,30,30,735
2025-02-10,"M-04","Pagi",0,"Preventive OK",0,30,30,829
2025-02-10,"M-04","Siang",0,"Preventive OK",0,30,30,899
2025-02-10,"M-05","Malam",0,"Preventive OK",0,30,30,428
2025-02-10,"M-05","Pagi",0,"Preventive OK",0,30,30,377
2025-02-10,"M-05","Siang",0,"Preventive OK",0,30,30,405
2025-02-10,"M-06","Malam",0,"Preventive OK",0,30,30,399
2025-02-10,"M-06","Pagi",0,"Preventive OK",0,30,30,447
2025-02-10,"M-06","Siang",0,"Preventive OK",0,30,30,376
2025-02-11,"M-01","Malam",0,"Preventive OK",0,0,0,856
2025-02-11,"M-01","Pagi",0,"Preventive OK",0,0,0,857
2025-02-11,"M-01","Siang",0,"Preventive OK",0,0,0,809
2025-02-11,"M-02","Malam",0,"Preventive OK",0,0,0,813
2025-02-11,"M-02","Pagi",0,"Preventive OK",0,0,0,899
2025-02-11,"M-02","Siang",0,"Preventive OK",0,0,0,816
2025-02-11,"M-03","Malam",0,"Preventive OK",0,0,0,947
2025-02-11,"M-03","Pagi",0,"Preventive OK",0,0,0,865
2025-02-11,"M-03","Siang",0,"Preventive OK",0,0,0,961
2025-02-11,"M-04","Malam",0,"Preventive OK",0,0,0,783
2025-02-11,"M-04","Pagi",0,"Preventive OK",0,0,0,840
2025-02-11,"M-04","Siang",0,"Preventive OK",0,0,0,767
2025-02-11,"M-05","Malam",0,"Preventive OK",0,0,0,422
2025-02-11,"M-05","Pagi",0,"Preventive OK",0,0,0,350
2025-02-11,"M-05","Siang",0,"Preventive OK",0,0,0,390
2025-02-11,"M-06","Malam",0,"Preventive OK",0,0,0,425
2025-02-11,"M-06","Pagi",0,"Preventive OK",0,0,0,414
2025-02-11,"M-06","Siang",0,"Preventive OK",0,0,0,421
2025-02-12,"M-01","Malam",0,"Preventive OK",0,0,0,777
2025-02-12,"M-01","Pagi",0,"Preventive OK",0,0,0,955
2025-02-12,"M-01","Siang",0,"Preventive OK",0,0,0,701
2025-02-12,"M-02","Malam",0,"Preventive OK",0,0,0,757
2025-02-12,"M-02","Pagi",0,"Preventive OK",0,0,0,782
2025-02-12,"M-02","Siang",0,"Preventive OK",0,0,0,867
2025-02-12,"M-03","Malam",0,"Preventive OK",0,0,0,861
2025-02-12,"M-03","Pagi",0,"Preventive OK",0,0,0,829
2025-02-12,"M-03","Siang",0,"Preventive OK",0,0,0,790
2025-02-12,"M-04","Malam",0,"Preventive OK",0,0,0,815
2025-02-12,"M-04","Pagi",0,"Preventive OK",0,0,0,809
2025-02-12,"M-04","Siang",0,"Preventive OK",0,0,0,813
2025-02-12,"M-05","Malam",0,"Preventive OK",0,0,0,415
2025-02-12,"M-05","Pagi",0,"Preventive OK",0,0,0,407
2025-02-12,"M-05","Siang",0,"Preventive OK",0,0,0,326
2025-02-12,"M-06","Malam",0,"Preventive OK",0,0,0,349
2025-02-12,"M-06","Pagi",0,"Preventive OK",0,0,0,410
2025-02-12,"M-06","Siang",0,"Preventive OK",0,0,0,398
2025-02-13,"M-01","Malam",0,"Preventive OK",0,0,0,825
2025-02-13,"M-01","Pagi",0,"Preventive OK",0,0,0,678
2025-02-13,"M-01","Siang",0,"Preventive OK",0,0,0,859
2025-02-13,"M-02","Malam",0,"Preventive OK",0,0,0,836
2025-02-13,"M-02","Pagi",0,"Preventive OK",0,0,0,734
2025-02-13,"M-02","Siang",0,"Preventive OK",0,0,0,773
2025-02-13,"M-03","Malam",0,"Preventive OK",0,0,0,817
2025-02-13,"M-03","Pagi",0,"Preventive OK",0,0,0,819
2025-02-13,"M-03","Siang",0,"Preventive OK",0,0,0,754
2025-02-13,"M-04","Malam",0,"Preventive OK",0,0,0,889
2025-02-13,"M-04","Pagi",0,"Preventive OK",0,0,0,880
2025-02-13,"M-04","Siang",0,"Preventive OK",0,0,0,829
2025-02-13,"M-05","Malam",0,"Preventive OK",0,0,0,427
2025-02-13,"M-05","Pagi",0,"Preventive OK",0,0,0,411
2025-02-13,"M-05","Siang",0,"Preventive OK",0,0,0,424
2025-02-13,"M-06","Malam",0,"Preventive OK",0,0,0,378
2025-02-13,"M-06","Pagi",0,"Preventive OK",0,0,0,399
2025-02-13,"M-06","Siang",0,"Preventive OK",0,0,0,380
2025-02-14,"M-01","Malam",0,"Preventive OK",0,0,0,704
2025-02-14,"M-01","Pagi",0,"Preventive OK",0,0,0,829
2025-02-14,"M-01","Siang",0,"Preventive OK",0,0,0,839
2025-02-14,"M-02","Malam",1,"Bearing Failure",23,0,23,794
2025-02-14,"M-02","Pagi",0,"Preventive OK",0,0,0,869
2025-02-14,"M-02","Siang",0,"Preventive OK",0,0,0,732
2025-02-14,"M-03","Malam",0,"Preventive OK",0,0,0,710
2025-02-14,"M-03","Pagi",0,"Preventive OK",0,0,0,793
2025-02-14,"M-03","Siang",0,"Preventive OK",0,0,0,854
2025-02-14,"M-04","Malam",0,"Preventive OK",0,0,0,836
2025-02-14,"M-04","Pagi",0,"Preventive OK",0,0,0,880
2025-02-14,"M-04","Siang",0,"Preventive OK",0,0,0,850
2025-02-14,"M-05","Malam",0,"Preventive OK",0,0,0,437
2025-02-14,"M-05","Pagi",0,"Preventive OK",0,0,0,359
2025-02-14,"M-05","Siang",0,"Preventive OK",0,0,0,386
2025-02-14,"M-06","Malam",0,"Preventive OK",0,0,0,383
2025-02-14,"M-06","Pagi",0,"Preventive OK",0,0,0,395
2025-02-14,"M-06","Siang",0,"Preventive OK",0,0,0,414
2025-02-15,"M-01","Malam",0,"Preventive OK",0,0,0,780
2025-02-15,"M-01","Pagi",0,"Preventive OK",0,0,0,850
2025-02-15,"M-01","Siang",0,"Preventive OK",0,0,0,721
2025-02-15,"M-02","Malam",0,"Preventive OK",0,0,0,880
2025-02-15,"M-02","Pagi",0,"Preventive OK",0,0,0,825
2025-02-15,"M-02","Siang",0,"Preventive OK",0,0,0,796
2025-02-15,"M-03","Malam",0,"Preventive OK",0,0,0,816
2025-02-15,"M-03","Pagi",0,"Preventive OK",0,0,0,840
2025-02-15,"M-03","Siang",0,"Preventive OK",0,0,0,865
2025-02-15,"M-04","Malam",0,"Preventive OK",0,0,0,770
2025-02-15,"M-04","Pagi",0,"Preventive OK",0,0,0,915
2025-02-15,"M-04","Siang",0,"Preventive OK",0,0,0,874
2025-02-15,"M-05","Malam",0,"Preventive OK",0,0,0,409
2025-02-15,"M-05","Pagi",0,"Preventive OK",0,0,0,380
2025-02-15,"M-05","Siang",0,"Preventive OK",0,0,0,466
2025-02-15,"M-06","Malam",0,"Preventive OK",0,0,0,417
2025-02-15,"M-06","Pagi",0,"Preventive OK",0,0,0,382
2025-02-15,"M-06","Siang",0,"Preventive OK",0,0,0,445
2025-02-17,"M-01","Malam",0,"Preventive OK",0,30,30,872
2025-02-17,"M-01","Pagi",0,"Preventive OK",0,30,30,877
2025-02-17,"M-01","Siang",0,"Preventive OK",0,30,30,846
2025-02-17,"M-02","Malam",0,"Preventive OK",0,30,30,873
2025-02-17,"M-02","Pagi",0,"Preventive OK",0,30,30,838
2025-02-17,"M-02","Siang",0,"Preventive OK",0,30,30,824
2025-02-17,"M-03","Malam",0,"Preventive OK",0,30,30,745
2025-02-17,"M-03","Pagi",0,"Preventive OK",0,30,30,764
2025-02-17,"M-03","Siang",0,"Preventive OK",0,30,30,799
2025-02-17,"M-04","Malam",0,"Preventive OK",0,30,30,794
2025-02-17,"M-04","Pagi",0,"Preventive OK",0,30,30,799
2025-02-17,"M-04","Siang",0,"Preventive OK",0,30,30,775
2025-02-17,"M-05","Malam",0,"Preventive OK",0,30,30,473
2025-02-17,"M-05","Pagi",0,"Preventive OK",0,30,30,397
2025-02-17,"M-05","Siang",0,"Preventive OK",0,30,30,427
2025-02-17,"M-06","Malam",0,"Preventive OK",0,30,30,375
2025-02-17,"M-06","Pagi",0,"Preventive OK",0,30,30,381
2025-02-17,"M-06","Siang",0,"Preventive OK",0,30,30,417
2025-02-18,"M-01","Malam",0,"Preventive OK",0,0,0,762
2025-02-18,"M-01","Pagi",0,"Preventive OK",0,0,0,735
2025-02-18,"M-01","Siang",0,"Preventive OK",0,0,0,778
2025-02-18,"M-02","Malam",1,"Tool Wear",42,0,42,739
2025-02-18,"M-02","Pagi",0,"Preventive OK",0,0,0,875
2025-02-18,"M-02","Siang",1,"Bearing Failure",30,0,30,793
2025-02-18,"M-03","Malam",0,"Preventive OK",0,0,0,784
2025-02-18,"M-03","Pagi",0,"Preventive OK",0,0,0,709
2025-02-18,"M-03","Siang",0,"Preventive OK",0,0,0,853
2025-02-18,"M-04","Malam",0,"Preventive OK",0,0,0,780
2025-02-18,"M-04","Pagi",0,"Preventive OK",0,0,0,868
2025-02-18,"M-04","Siang",0,"Preventive OK",0,0,0,782
2025-02-18,"M-05","Malam",0,"Preventive OK",0,0,0,447
2025-02-18,"M-05","Pagi",0,"Preventive OK",0,0,0,381
2025-02-18,"M-05","Siang",0,"Preventive OK",0,0,0,388
2025-02-18,"M-06","Malam",0,"Preventive OK",0,0,0,357
2025-02-18,"M-06","Pagi",0,"Preventive OK",0,0,0,368
2025-02-18,"M-06","Siang",1,"Setup & Adjust",25,0,25,414
2025-02-19,"M-01","Malam",1,"Tool Wear",13,0,13,882
2025-02-19,"M-01","Pagi",0,"Preventive OK",0,0,0,886
2025-02-19,"M-01","Siang",0,"Preventive OK",0,0,0,783
2025-02-19,"M-02","Malam",1,"Bearing Failure",24,0,24,739
2025-02-19,"M-02","Pagi",0,"Preventive OK",0,0,0,785
2025-02-19,"M-02","Siang",0,"Preventive OK",0,0,0,740
2025-02-19,"M-03","Malam",0,"Preventive OK",0,0,0,771
2025-02-19,"M-03","Pagi",0,"Preventive OK",0,0,0,806
2025-02-19,"M-03","Siang",0,"Preventive OK",0,0,0,871
2025-02-19,"M-04","Malam",0,"Preventive OK",0,0,0,780
2025-02-19,"M-04","Pagi",0,"Preventive OK",0,0,0,819
2025-02-19,"M-04","Siang",0,"Preventive OK",0,0,0,942
2025-02-19,"M-05","Malam",0,"Preventive OK",0,0,0,416
2025-02-19,"M-05","Pagi",0,"Preventive OK",0,0,0,403
2025-02-19,"M-05","Siang",0,"Preventive OK",0,0,0,411
2025-02-19,"M-06","Malam",0,"Preventive OK",0,0,0,430
2025-02-19,"M-06","Pagi",0,"Preventive OK",0,0,0,422
2025-02-19,"M-06","Siang",0,"Preventive OK",0,0,0,370
2025-02-20,"M-01","Malam",0,"Preventive OK",0,0,0,890
2025-02-20,"M-01","Pagi",0,"Preventive OK",0,0,0,810
2025-02-20,"M-01","Siang",0,"Preventive OK",0,0,0,806
2025-02-20,"M-02","Malam",0,"Preventive OK",0,0,0,784
2025-02-20,"M-02","Pagi",0,"Preventive OK",0,0,0,867
2025-02-20,"M-02","Siang",0,"Preventive OK",0,0,0,849
2025-02-20,"M-03","Malam",0,"Preventive OK",0,0,0,774
2025-02-20,"M-03","Pagi",0,"Preventive OK",0,0,0,904
2025-02-20,"M-03","Siang",0,"Preventive OK",0,0,0,856
2025-02-20,"M-04","Malam",0,"Preventive OK",0,0,0,793
2025-02-20,"M-04","Pagi",0,"Preventive OK",0,0,0,883
2025-02-20,"M-04","Siang",0,"Preventive OK",0,0,0,793
2025-02-20,"M-05","Malam",0,"Preventive OK",0,0,0,425
2025-02-20,"M-05","Pagi",0,"Preventive OK",0,0,0,323
2025-02-20,"M-05","Siang",0,"Preventive OK",0,0,0,407
2025-02-20,"M-06","Malam",0,"Preventive OK",0,0,0,378
2025-02-20,"M-06","Pagi",0,"Preventive OK",0,0,0,414
2025-02-20,"M-06","Siang",0,"Preventive OK",0,0,0,482
2025-02-21,"M-01","Malam",0,"Preventive OK",0,0,0,765
2025-02-21,"M-01","Pagi",0,"Preventive OK",0,0,0,822
2025-02-21,"M-01","Siang",0,"Preventive OK",0,0,0,790
2025-02-21,"M-02","Malam",0,"Preventive OK",0,0,0,769
2025-02-21,"M-02","Pagi",1,"Tool Wear",52,0,52,801
2025-02-21,"M-02","Siang",0,"Preventive OK",0,0,0,741
2025-02-21,"M-03","Malam",0,"Preventive OK",0,0,0,790
2025-02-21,"M-03","Pagi",0,"Preventive OK",0,0,0,679
2025-02-21,"M-03","Siang",0,"Preventive OK",0,0,0,785
2025-02-21,"M-04","Malam",0,"Preventive OK",0,0,0,812
2025-02-21,"M-04","Pagi",1,"Tool Wear",26,0,26,740
2025-02-21,"M-04","Siang",0,"Preventive OK",0,0,0,865
2025-02-21,"M-05","Malam",0,"Preventive OK",0,0,0,377
2025-02-21,"M-05","Pagi",0,"Preventive OK",0,0,0,460
2025-02-21,"M-05","Siang",0,"Preventive OK",0,0,0,408
2025-02-21,"M-06","Malam",0,"Preventive OK",0,0,0,443
2025-02-21,"M-06","Pagi",0,"Preventive OK",0,0,0,466
2025-02-21,"M-06","Siang",0,"Preventive OK",0,0,0,403
2025-02-22,"M-01","Malam",0,"Preventive OK",0,0,0,905
2025-02-22,"M-01","Pagi",0,"Preventive OK",0,0,0,872
2025-02-22,"M-01","Siang",0,"Preventive OK",0,0,0,828
2025-02-22,"M-02","Malam",0,"Preventive OK",0,0,0,863
2025-02-22,"M-02","Pagi",0,"Preventive OK",0,0,0,707
2025-02-22,"M-02","Siang",0,"Preventive OK",0,0,0,807
2025-02-22,"M-03","Malam",0,"Preventive OK",0,0,0,816
2025-02-22,"M-03","Pagi",0,"Preventive OK",0,0,0,849
2025-02-22,"M-03","Siang",0,"Preventive OK",0,0,0,891
2025-02-22,"M-04","Malam",0,"Preventive OK",0,0,0,896
2025-02-22,"M-04","Pagi",0,"Preventive OK",0,0,0,825
2025-02-22,"M-04","Siang",0,"Preventive OK",0,0,0,789
2025-02-22,"M-05","Malam",0,"Preventive OK",0,0,0,434
2025-02-22,"M-05","Pagi",0,"Preventive OK",0,0,0,406
2025-02-22,"M-05","Siang",1,"Setup & Adjust",28,0,28,368
2025-02-22,"M-06","Malam",0,"Preventive OK",0,0,0,388
2025-02-22,"M-06","Pagi",0,"Preventive OK",0,0,0,419
2025-02-22,"M-06","Siang",0,"Preventive OK",0,0,0,387
2025-02-24,"M-01","Malam",0,"Preventive OK",0,30,30,760
2025-02-24,"M-01","Pagi",0,"Preventive OK",0,30,30,881
2025-02-24,"M-01","Siang",0,"Preventive OK",0,30,30,766
2025-02-24,"M-02","Malam",0,"Preventive OK",0,30,30,797
2025-02-24,"M-02","Pagi",1,"Kelistrikan",25,30,55,844
2025-02-24,"M-02","Siang",0,"Preventive OK",0,30,30,804
2025-02-24,"M-03","Malam",0,"Preventive OK",0,30,30,921
2025-02-24,"M-03","Pagi",0,"Preventive OK",0,30,30,828
2025-02-24,"M-03","Siang",0,"Preventive OK",0,30,30,741
2025-02-24,"M-04","Malam",1,"Tool Wear",32,30,62,758
2025-02-24,"M-04","Pagi",0,"Preventive OK",0,30,30,750
2025-02-24,"M-04","Siang",0,"Preventive OK",0,30,30,897
2025-02-24,"M-05","Malam",0,"Preventive OK",0,30,30,399
2025-02-24,"M-05","Pagi",0,"Preventive OK",0,30,30,386
2025-02-24,"M-05","Siang",1,"Setup & Adjust",24,30,54,361
2025-02-24,"M-06","Malam",0,"Preventive OK",0,30,30,443
2025-02-24,"M-06","Pagi",0,"Preventive OK",0,30,30,410
2025-02-24,"M-06","Siang",0,"Preventive OK",0,30,30,365
2025-02-25,"M-01","Malam",0,"Preventive OK",0,0,0,779
2025-02-25,"M-01","Pagi",0,"Preventive OK",0,0,0,728
2025-02-25,"M-01","Siang",0,"Preventive OK",0,0,0,825
2025-02-25,"M-02","Malam",0,"Preventive OK",0,0,0,753
2025-02-25,"M-02","Pagi",1,"Tool Wear",40,0,40,782
2025-02-25,"M-02","Siang",1,"Tool Wear",27,0,27,810
2025-02-25,"M-03","Malam",1,"Setup & Adjust",31,0,31,786
2025-02-25,"M-03","Pagi",0,"Preventive OK",0,0,0,810
2025-02-25,"M-03","Siang",0,"Preventive OK",0,0,0,810
2025-02-25,"M-04","Malam",0,"Preventive OK",0,0,0,868
2025-02-25,"M-04","Pagi",1,"Kelistrikan",23,0,23,756
2025-02-25,"M-04","Siang",0,"Preventive OK",0,0,0,799
2025-02-25,"M-05","Malam",0,"Preventive OK",0,0,0,454
2025-02-25,"M-05","Pagi",0,"Preventive OK",0,0,0,388
2025-02-25,"M-05","Siang",0,"Preventive OK",0,0,0,404
2025-02-25,"M-06","Malam",0,"Preventive OK",0,0,0,416
2025-02-25,"M-06","Pagi",0,"Preventive OK",0,0,0,399
2025-02-25,"M-06","Siang",0,"Preventive OK",0,0,0,396
2025-02-26,"M-01","Malam",0,"Preventive OK",0,0,0,914
2025-02-26,"M-01","Pagi",0,"Preventive OK",0,0,0,667
2025-02-26,"M-01","Siang",0,"Preventive OK",0,0,0,773
2025-02-26,"M-02","Malam",0,"Preventive OK",0,0,0,847
2025-02-26,"M-02","Pagi",0,"Preventive OK",0,0,0,809
2025-02-26,"M-02","Siang",0,"Preventive OK",0,0,0,762
2025-02-26,"M-03","Malam",0,"Preventive OK",0,0,0,782
2025-02-26,"M-03","Pagi",0,"Preventive OK",0,0,0,892
2025-02-26,"M-03","Siang",0,"Preventive OK",0,0,0,848
2025-02-26,"M-04","Malam",0,"Preventive OK",0,0,0,892
2025-02-26,"M-04","Pagi",0,"Preventive OK",0,0,0,839
2025-02-26,"M-04","Siang",0,"Preventive OK",0,0,0,852
2025-02-26,"M-05","Malam",0,"Preventive OK",0,0,0,421
2025-02-26,"M-05","Pagi",0,"Preventive OK",0,0,0,356
2025-02-26,"M-05","Siang",0,"Preventive OK",0,0,0,392
2025-02-26,"M-06","Malam",0,"Preventive OK",0,0,0,442
2025-02-26,"M-06","Pagi",0,"Preventive OK",0,0,0,382
2025-02-26,"M-06","Siang",0,"Preventive OK",0,0,0,437
2025-02-27,"M-01","Malam",0,"Preventive OK",0,0,0,829
2025-02-27,"M-01","Pagi",0,"Preventive OK",0,0,0,783
2025-02-27,"M-01","Siang",0,"Preventive OK",0,0,0,867
2025-02-27,"M-02","Malam",0,"Preventive OK",0,0,0,946
2025-02-27,"M-02","Pagi",0,"Preventive OK",0,0,0,727
2025-02-27,"M-02","Siang",0,"Preventive OK",0,0,0,851
2025-02-27,"M-03","Malam",0,"Preventive OK",0,0,0,778
2025-02-27,"M-03","Pagi",0,"Preventive OK",0,0,0,861
2025-02-27,"M-03","Siang",0,"Preventive OK",0,0,0,851
2025-02-27,"M-04","Malam",0,"Preventive OK",0,0,0,800
2025-02-27,"M-04","Pagi",0,"Preventive OK",0,0,0,885
2025-02-27,"M-04","Siang",0,"Preventive OK",0,0,0,733
2025-02-27,"M-05","Malam",1,"Material Jam",13,0,13,402
2025-02-27,"M-05","Pagi",0,"Preventive OK",0,0,0,413
2025-02-27,"M-05","Siang",0,"Preventive OK",0,0,0,381
2025-02-27,"M-06","Malam",0,"Preventive OK",0,0,0,454
2025-02-27,"M-06","Pagi",0,"Preventive OK",0,0,0,419
2025-02-27,"M-06","Siang",0,"Preventive OK",0,0,0,399
2025-02-28,"M-01","Malam",0,"Preventive OK",0,0,0,851
2025-02-28,"M-01","Pagi",0,"Preventive OK",0,0,0,841
2025-02-28,"M-01","Siang",0,"Preventive OK",0,0,0,825
2025-02-28,"M-02","Malam",0,"Preventive OK",0,0,0,757
2025-02-28,"M-02","Pagi",0,"Preventive OK",0,0,0,855
2025-02-28,"M-02","Siang",0,"Preventive OK",0,0,0,852
2025-02-28,"M-03","Malam",0,"Preventive OK",0,0,0,817
2025-02-28,"M-03","Pagi",0,"Preventive OK",0,0,0,899
2025-02-28,"M-03","Siang",0,"Preventive OK",0,0,0,830
2025-02-28,"M-04","Malam",0,"Preventive OK",0,0,0,730
2025-02-28,"M-04","Pagi",0,"Preventive OK",0,0,0,733
2025-02-28,"M-04","Siang",0,"Preventive OK",0,0,0,838
2025-02-28,"M-05","Malam",0,"Preventive OK",0,0,0,425
2025-02-28,"M-05","Pagi",0,"Preventive OK",0,0,0,474
2025-02-28,"M-05","Siang",0,"Preventive OK",0,0,0,423
2025-02-28,"M-06","Malam",0,"Preventive OK",0,0,0,390
2025-02-28,"M-06","Pagi",0,"Preventive OK",0,0,0,413
2025-02-28,"M-06","Siang",0,"Preventive OK",0,0,0,416
2025-03-01,"M-01","Malam",0,"Preventive OK",0,0,0,846
2025-03-01,"M-01","Pagi",0,"Preventive OK",0,0,0,809
2025-03-01,"M-01","Siang",0,"Preventive OK",0,0,0,753
2025-03-01,"M-02","Malam",1,"Tool Wear",60,0,60,787
2025-03-01,"M-02","Pagi",0,"Preventive OK",0,0,0,774
2025-03-01,"M-02","Siang",0,"Preventive OK",0,0,0,879
2025-03-01,"M-03","Malam",0,"Preventive OK",0,0,0,791
2025-03-01,"M-03","Pagi",0,"Preventive OK",0,0,0,820
2025-03-01,"M-03","Siang",0,"Preventive OK",0,0,0,801
2025-03-01,"M-04","Malam",1,"Bearing Failure",46,0,46,720
2025-03-01,"M-04","Pagi",0,"Preventive OK",0,0,0,781
2025-03-01,"M-04","Siang",0,"Preventive OK",0,0,0,839
2025-03-01,"M-05","Malam",1,"Bearing Failure",28,0,28,440
2025-03-01,"M-05","Pagi",0,"Preventive OK",0,0,0,422
2025-03-01,"M-05","Siang",0,"Preventive OK",0,0,0,388
2025-03-01,"M-06","Malam",0,"Preventive OK",0,0,0,405
2025-03-01,"M-06","Pagi",0,"Preventive OK",0,0,0,427
2025-03-01,"M-06","Siang",0,"Preventive OK",0,0,0,397
2025-03-03,"M-01","Malam",1,"Setup & Adjust",15,30,45,792
2025-03-03,"M-01","Pagi",0,"Preventive OK",0,30,30,764
2025-03-03,"M-01","Siang",0,"Preventive OK",0,30,30,828
2025-03-03,"M-02","Malam",0,"Preventive OK",0,30,30,755
2025-03-03,"M-02","Pagi",0,"Preventive OK",0,30,30,906
2025-03-03,"M-02","Siang",0,"Preventive OK",0,30,30,820
2025-03-03,"M-03","Malam",0,"Preventive OK",0,30,30,893
2025-03-03,"M-03","Pagi",0,"Preventive OK",0,30,30,784
2025-03-03,"M-03","Siang",0,"Preventive OK",0,30,30,890
2025-03-03,"M-04","Malam",0,"Preventive OK",0,30,30,893
2025-03-03,"M-04","Pagi",0,"Preventive OK",0,30,30,777
2025-03-03,"M-04","Siang",1,"Tool Wear",18,30,48,731
2025-03-03,"M-05","Malam",0,"Preventive OK",0,30,30,386
2025-03-03,"M-05","Pagi",0,"Preventive OK",0,30,30,395
2025-03-03,"M-05","Siang",0,"Preventive OK",0,30,30,422
2025-03-03,"M-06","Malam",0,"Preventive OK",0,30,30,428
2025-03-03,"M-06","Pagi",0,"Preventive OK",0,30,30,366
2025-03-03,"M-06","Siang",0,"Preventive OK",0,30,30,393
2025-03-04,"M-01","Malam",0,"Preventive OK",0,0,0,841
2025-03-04,"M-01","Pagi",0,"Preventive OK",0,0,0,725
2025-03-04,"M-01","Siang",0,"Preventive OK",0,0,0,842
2025-03-04,"M-02","Malam",0,"Preventive OK",0,0,0,793
2025-03-04,"M-02","Pagi",0,"Preventive OK",0,0,0,812
2025-03-04,"M-02","Siang",0,"Preventive OK",0,0,0,778
2025-03-04,"M-03","Malam",0,"Preventive OK",0,0,0,903
2025-03-04,"M-03","Pagi",0,"Preventive OK",0,0,0,855
2025-03-04,"M-03","Siang",0,"Preventive OK",0,0,0,764
2025-03-04,"M-04","Malam",0,"Preventive OK",0,0,0,808
2025-03-04,"M-04","Pagi",0,"Preventive OK",0,0,0,821
2025-03-04,"M-04","Siang",0,"Preventive OK",0,0,0,704
2025-03-04,"M-05","Malam",0,"Preventive OK",0,0,0,411
2025-03-04,"M-05","Pagi",0,"Preventive OK",0,0,0,407
2025-03-04,"M-05","Siang",0,"Preventive OK",0,0,0,407
2025-03-04,"M-06","Malam",0,"Preventive OK",0,0,0,422
2025-03-04,"M-06","Pagi",0,"Preventive OK",0,0,0,386
2025-03-04,"M-06","Siang",0,"Preventive OK",0,0,0,427
2025-03-05,"M-01","Malam",0,"Preventive OK",0,0,0,837
2025-03-05,"M-01","Pagi",0,"Preventive OK",0,0,0,693
2025-03-05,"M-01","Siang",0,"Preventive OK",0,0,0,785
2025-03-05,"M-02","Malam",0,"Preventive OK",0,0,0,807
2025-03-05,"M-02","Pagi",0,"Preventive OK",0,0,0,863
2025-03-05,"M-02","Siang",0,"Preventive OK",0,0,0,749
2025-03-05,"M-03","Malam",0,"Preventive OK",0,0,0,791
2025-03-05,"M-03","Pagi",0,"Preventive OK",0,0,0,847
2025-03-05,"M-03","Siang",0,"Preventive OK",0,0,0,847
2025-03-05,"M-04","Malam",0,"Preventive OK",0,0,0,669
2025-03-05,"M-04","Pagi",0,"Preventive OK",0,0,0,832
2025-03-05,"M-04","Siang",0,"Preventive OK",0,0,0,801
2025-03-05,"M-05","Malam",0,"Preventive OK",0,0,0,413
2025-03-05,"M-05","Pagi",0,"Preventive OK",0,0,0,455
2025-03-05,"M-05","Siang",0,"Preventive OK",0,0,0,414
2025-03-05,"M-06","Malam",0,"Preventive OK",0,0,0,440
2025-03-05,"M-06","Pagi",0,"Preventive OK",0,0,0,438
2025-03-05,"M-06","Siang",0,"Preventive OK",0,0,0,407
2025-03-06,"M-01","Malam",0,"Preventive OK",0,0,0,857
2025-03-06,"M-01","Pagi",0,"Preventive OK",0,0,0,845
2025-03-06,"M-01","Siang",0,"Preventive OK",0,0,0,812
2025-03-06,"M-02","Malam",0,"Preventive OK",0,0,0,730
2025-03-06,"M-02","Pagi",0,"Preventive OK",0,0,0,876
2025-03-06,"M-02","Siang",0,"Preventive OK",0,0,0,838
2025-03-06,"M-03","Malam",0,"Preventive OK",0,0,0,760
2025-03-06,"M-03","Pagi",0,"Preventive OK",0,0,0,824
2025-03-06,"M-03","Siang",0,"Preventive OK",0,0,0,749
2025-03-06,"M-04","Malam",0,"Preventive OK",0,0,0,833
2025-03-06,"M-04","Pagi",0,"Preventive OK",0,0,0,866
2025-03-06,"M-04","Siang",0,"Preventive OK",0,0,0,786
2025-03-06,"M-05","Malam",0,"Preventive OK",0,0,0,370
2025-03-06,"M-05","Pagi",0,"Preventive OK",0,0,0,416
2025-03-06,"M-05","Siang",0,"Preventive OK",0,0,0,460
2025-03-06,"M-06","Malam",0,"Preventive OK",0,0,0,406
2025-03-06,"M-06","Pagi",0,"Preventive OK",0,0,0,423
2025-03-06,"M-06","Siang",0,"Preventive OK",0,0,0,412
2025-03-07,"M-01","Malam",0,"Preventive OK",0,0,0,868
2025-03-07,"M-01","Pagi",0,"Preventive OK",0,0,0,783
2025-03-07,"M-01","Siang",0,"Preventive OK",0,0,0,885
2025-03-07,"M-02","Malam",0,"Preventive OK",0,0,0,796
2025-03-07,"M-02","Pagi",0,"Preventive OK",0,0,0,901
2025-03-07,"M-02","Siang",0,"Preventive OK",0,0,0,807
2025-03-07,"M-03","Malam",0,"Preventive OK",0,0,0,842
2025-03-07,"M-03","Pagi",0,"Preventive OK",0,0,0,937
2025-03-07,"M-03","Siang",0,"Preventive OK",0,0,0,773
2025-03-07,"M-04","Malam",0,"Preventive OK",0,0,0,782
2025-03-07,"M-04","Pagi",1,"Bearing Failure",45,0,45,696
2025-03-07,"M-04","Siang",1,"Tool Wear",27,0,27,743
2025-03-07,"M-05","Malam",0,"Preventive OK",0,0,0,403
2025-03-07,"M-05","Pagi",0,"Preventive OK",0,0,0,460
2025-03-07,"M-05","Siang",0,"Preventive OK",0,0,0,391
2025-03-07,"M-06","Malam",0,"Preventive OK",0,0,0,442
2025-03-07,"M-06","Pagi",0,"Preventive OK",0,0,0,384
2025-03-07,"M-06","Siang",0,"Preventive OK",0,0,0,443
2025-03-08,"M-01","Malam",0,"Preventive OK",0,0,0,732
2025-03-08,"M-01","Pagi",0,"Preventive OK",0,0,0,792
2025-03-08,"M-01","Siang",0,"Preventive OK",0,0,0,858
2025-03-08,"M-02","Malam",0,"Preventive OK",0,0,0,767
2025-03-08,"M-02","Pagi",0,"Preventive OK",0,0,0,806
2025-03-08,"M-02","Siang",0,"Preventive OK",0,0,0,774
2025-03-08,"M-03","Malam",0,"Preventive OK",0,0,0,773
2025-03-08,"M-03","Pagi",0,"Preventive OK",0,0,0,772
2025-03-08,"M-03","Siang",0,"Preventive OK",0,0,0,832
2025-03-08,"M-04","Malam",0,"Preventive OK",0,0,0,834
2025-03-08,"M-04","Pagi",0,"Preventive OK",0,0,0,714
2025-03-08,"M-04","Siang",1,"Bearing Failure",47,0,47,822
2025-03-08,"M-05","Malam",1,"Bearing Failure",22,0,22,393
2025-03-08,"M-05","Pagi",0,"Preventive OK",0,0,0,371
2025-03-08,"M-05","Siang",0,"Preventive OK",0,0,0,401
2025-03-08,"M-06","Malam",0,"Preventive OK",0,0,0,415
2025-03-08,"M-06","Pagi",0,"Preventive OK",0,0,0,424
2025-03-08,"M-06","Siang",0,"Preventive OK",0,0,0,381
2025-03-10,"M-01","Malam",0,"Preventive OK",0,30,30,796
2025-03-10,"M-01","Pagi",0,"Preventive OK",0,30,30,819
2025-03-10,"M-01","Siang",0,"Preventive OK",0,30,30,778
2025-03-10,"M-02","Malam",0,"Preventive OK",0,30,30,754
2025-03-10,"M-02","Pagi",0,"Preventive OK",0,30,30,849
2025-03-10,"M-02","Siang",0,"Preventive OK",0,30,30,724
2025-03-10,"M-03","Malam",0,"Preventive OK",0,30,30,732
2025-03-10,"M-03","Pagi",0,"Preventive OK",0,30,30,811
2025-03-10,"M-03","Siang",0,"Preventive OK",0,30,30,778
2025-03-10,"M-04","Malam",0,"Preventive OK",0,30,30,763
2025-03-10,"M-04","Pagi",0,"Preventive OK",0,30,30,850
2025-03-10,"M-04","Siang",0,"Preventive OK",0,30,30,858
2025-03-10,"M-05","Malam",0,"Preventive OK",0,30,30,392
2025-03-10,"M-05","Pagi",0,"Preventive OK",0,30,30,402
2025-03-10,"M-05","Siang",0,"Preventive OK",0,30,30,402
2025-03-10,"M-06","Malam",0,"Preventive OK",0,30,30,427
2025-03-10,"M-06","Pagi",0,"Preventive OK",0,30,30,404
2025-03-10,"M-06","Siang",0,"Preventive OK",0,30,30,403
2025-03-11,"M-01","Malam",0,"Preventive OK",0,0,0,808
2025-03-11,"M-01","Pagi",0,"Preventive OK",0,0,0,784
2025-03-11,"M-01","Siang",0,"Preventive OK",0,0,0,902
2025-03-11,"M-02","Malam",0,"Preventive OK",0,0,0,739
2025-03-11,"M-02","Pagi",0,"Preventive OK",0,0,0,832
2025-03-11,"M-02","Siang",1,"Tool Wear",34,0,34,818
2025-03-11,"M-03","Malam",0,"Preventive OK",0,0,0,853
2025-03-11,"M-03","Pagi",0,"Preventive OK",0,0,0,849
2025-03-11,"M-03","Siang",0,"Preventive OK",0,0,0,812
2025-03-11,"M-04","Malam",0,"Preventive OK",0,0,0,751
2025-03-11,"M-04","Pagi",1,"Bearing Failure",21,0,21,813
2025-03-11,"M-04","Siang",0,"Preventive OK",0,0,0,817
2025-03-11,"M-05","Malam",0,"Preventive OK",0,0,0,425
2025-03-11,"M-05","Pagi",0,"Preventive OK",0,0,0,427
2025-03-11,"M-05","Siang",0,"Preventive OK",0,0,0,398
2025-03-11,"M-06","Malam",0,"Preventive OK",0,0,0,413
2025-03-11,"M-06","Pagi",0,"Preventive OK",0,0,0,415
2025-03-11,"M-06","Siang",0,"Preventive OK",0,0,0,405
2025-03-12,"M-01","Malam",1,"Material Jam",15,0,15,769
2025-03-12,"M-01","Pagi",0,"Preventive OK",0,0,0,886
2025-03-12,"M-01","Siang",0,"Preventive OK",0,0,0,784
2025-03-12,"M-02","Malam",0,"Preventive OK",0,0,0,832
2025-03-12,"M-02","Pagi",0,"Preventive OK",0,0,0,736
2025-03-12,"M-02","Siang",0,"Preventive OK",0,0,0,855
2025-03-12,"M-03","Malam",0,"Preventive OK",0,0,0,789
2025-03-12,"M-03","Pagi",0,"Preventive OK",0,0,0,799
2025-03-12,"M-03","Siang",0,"Preventive OK",0,0,0,884
2025-03-12,"M-04","Malam",0,"Preventive OK",0,0,0,820
2025-03-12,"M-04","Pagi",0,"Preventive OK",0,0,0,829
2025-03-12,"M-04","Siang",1,"Kelistrikan",24,0,24,764
2025-03-12,"M-05","Malam",0,"Preventive OK",0,0,0,417
2025-03-12,"M-05","Pagi",0,"Preventive OK",0,0,0,392
2025-03-12,"M-05","Siang",1,"Bearing Failure",26,0,26,399
2025-03-12,"M-06","Malam",0,"Preventive OK",0,0,0,431
2025-03-12,"M-06","Pagi",0,"Preventive OK",0,0,0,407
2025-03-12,"M-06","Siang",0,"Preventive OK",0,0,0,383
2025-03-13,"M-01","Malam",0,"Preventive OK",0,0,0,819
2025-03-13,"M-01","Pagi",0,"Preventive OK",0,0,0,898
2025-03-13,"M-01","Siang",0,"Preventive OK",0,0,0,821
2025-03-13,"M-02","Malam",0,"Preventive OK",0,0,0,790
2025-03-13,"M-02","Pagi",0,"Preventive OK",0,0,0,808
2025-03-13,"M-02","Siang",1,"Tool Wear",40,0,40,856
2025-03-13,"M-03","Malam",0,"Preventive OK",0,0,0,745
2025-03-13,"M-03","Pagi",0,"Preventive OK",0,0,0,874
2025-03-13,"M-03","Siang",0,"Preventive OK",0,0,0,793
2025-03-13,"M-04","Malam",0,"Preventive OK",0,0,0,877
2025-03-13,"M-04","Pagi",0,"Preventive OK",0,0,0,805
2025-03-13,"M-04","Siang",0,"Preventive OK",0,0,0,665
2025-03-13,"M-05","Malam",0,"Preventive OK",0,0,0,372
2025-03-13,"M-05","Pagi",0,"Preventive OK",0,0,0,396
2025-03-13,"M-05","Siang",0,"Preventive OK",0,0,0,420
2025-03-13,"M-06","Malam",0,"Preventive OK",0,0,0,355
2025-03-13,"M-06","Pagi",0,"Preventive OK",0,0,0,458
2025-03-13,"M-06","Siang",0,"Preventive OK",0,0,0,404
2025-03-14,"M-01","Malam",0,"Preventive OK",0,0,0,813
2025-03-14,"M-01","Pagi",0,"Preventive OK",0,0,0,889
2025-03-14,"M-01","Siang",0,"Preventive OK",0,0,0,901
2025-03-14,"M-02","Malam",0,"Preventive OK",0,0,0,732
2025-03-14,"M-02","Pagi",0,"Preventive OK",0,0,0,878
2025-03-14,"M-02","Siang",0,"Preventive OK",0,0,0,857
2025-03-14,"M-03","Malam",0,"Preventive OK",0,0,0,849
2025-03-14,"M-03","Pagi",0,"Preventive OK",0,0,0,780
2025-03-14,"M-03","Siang",0,"Preventive OK",0,0,0,835
2025-03-14,"M-04","Malam",0,"Preventive OK",0,0,0,788
2025-03-14,"M-04","Pagi",0,"Preventive OK",0,0,0,865
2025-03-14,"M-04","Siang",0,"Preventive OK",0,0,0,749
2025-03-14,"M-05","Malam",0,"Preventive OK",0,0,0,410
2025-03-14,"M-05","Pagi",0,"Preventive OK",0,0,0,414
2025-03-14,"M-05","Siang",0,"Preventive OK",0,0,0,436
2025-03-14,"M-06","Malam",0,"Preventive OK",0,0,0,387
2025-03-14,"M-06","Pagi",0,"Preventive OK",0,0,0,421
2025-03-14,"M-06","Siang",0,"Preventive OK",0,0,0,376
2025-03-15,"M-01","Malam",0,"Preventive OK",0,0,0,722
2025-03-15,"M-01","Pagi",1,"Setup & Adjust",13,0,13,769
2025-03-15,"M-01","Siang",0,"Preventive OK",0,0,0,863
2025-03-15,"M-02","Malam",0,"Preventive OK",0,0,0,794
2025-03-15,"M-02","Pagi",0,"Preventive OK",0,0,0,836
2025-03-15,"M-02","Siang",0,"Preventive OK",0,0,0,844
2025-03-15,"M-03","Malam",0,"Preventive OK",0,0,0,791
2025-03-15,"M-03","Pagi",0,"Preventive OK",0,0,0,728
2025-03-15,"M-03","Siang",0,"Preventive OK",0,0,0,762
2025-03-15,"M-04","Malam",1,"Bearing Failure",25,0,25,666
2025-03-15,"M-04","Pagi",0,"Preventive OK",0,0,0,935
2025-03-15,"M-04","Siang",0,"Preventive OK",0,0,0,779
2025-03-15,"M-05","Malam",0,"Preventive OK",0,0,0,445
2025-03-15,"M-05","Pagi",0,"Preventive OK",0,0,0,399
2025-03-15,"M-05","Siang",0,"Preventive OK",0,0,0,387
2025-03-15,"M-06","Malam",0,"Preventive OK",0,0,0,458
2025-03-15,"M-06","Pagi",1,"Setup & Adjust",29,0,29,356
2025-03-15,"M-06","Siang",0,"Preventive OK",0,0,0,422
2025-03-17,"M-01","Malam",0,"Preventive OK",0,30,30,745
2025-03-17,"M-01","Pagi",0,"Preventive OK",0,30,30,807
2025-03-17,"M-01","Siang",0,"Preventive OK",0,30,30,747
2025-03-17,"M-02","Malam",0,"Preventive OK",0,30,30,717
2025-03-17,"M-02","Pagi",0,"Preventive OK",0,30,30,730
2025-03-17,"M-02","Siang",0,"Preventive OK",0,30,30,798
2025-03-17,"M-03","Malam",0,"Preventive OK",0,30,30,720
2025-03-17,"M-03","Pagi",0,"Preventive OK",0,30,30,877
2025-03-17,"M-03","Siang",0,"Preventive OK",0,30,30,808
2025-03-17,"M-04","Malam",0,"Preventive OK",0,30,30,921
2025-03-17,"M-04","Pagi",1,"Kelistrikan",20,30,50,816
2025-03-17,"M-04","Siang",0,"Preventive OK",0,30,30,827
2025-03-17,"M-05","Malam",0,"Preventive OK",0,30,30,431
2025-03-17,"M-05","Pagi",1,"Material Jam",17,30,47,436
2025-03-17,"M-05","Siang",0,"Preventive OK",0,30,30,367
2025-03-17,"M-06","Malam",0,"Preventive OK",0,30,30,388
2025-03-17,"M-06","Pagi",0,"Preventive OK",0,30,30,428
2025-03-17,"M-06","Siang",0,"Preventive OK",0,30,30,370
2025-03-18,"M-01","Malam",0,"Preventive OK",0,0,0,816
2025-03-18,"M-01","Pagi",0,"Preventive OK",0,0,0,827
2025-03-18,"M-01","Siang",0,"Preventive OK",0,0,0,829
2025-03-18,"M-02","Malam",1,"Tool Wear",42,0,42,877
2025-03-18,"M-02","Pagi",0,"Preventive OK",0,0,0,787
2025-03-18,"M-02","Siang",1,"Kelistrikan",45,0,45,729
2025-03-18,"M-03","Malam",0,"Preventive OK",0,0,0,907
2025-03-18,"M-03","Pagi",0,"Preventive OK",0,0,0,850
2025-03-18,"M-03","Siang",0,"Preventive OK",0,0,0,819
2025-03-18,"M-04","Malam",0,"Preventive OK",0,0,0,886
2025-03-18,"M-04","Pagi",0,"Preventive OK",0,0,0,856
2025-03-18,"M-04","Siang",0,"Preventive OK",0,0,0,787
2025-03-18,"M-05","Malam",0,"Preventive OK",0,0,0,383
2025-03-18,"M-05","Pagi",0,"Preventive OK",0,0,0,408
2025-03-18,"M-05","Siang",0,"Preventive OK",0,0,0,397
2025-03-18,"M-06","Malam",0,"Preventive OK",0,0,0,383
2025-03-18,"M-06","Pagi",0,"Preventive OK",0,0,0,428
2025-03-18,"M-06","Siang",0,"Preventive OK",0,0,0,430
2025-03-19,"M-01","Malam",0,"Preventive OK",0,0,0,715
2025-03-19,"M-01","Pagi",0,"Preventive OK",0,0,0,799
2025-03-19,"M-01","Siang",0,"Preventive OK",0,0,0,849
2025-03-19,"M-02","Malam",0,"Preventive OK",0,0,0,733
2025-03-19,"M-02","Pagi",0,"Preventive OK",0,0,0,797
2025-03-19,"M-02","Siang",0,"Preventive OK",0,0,0,810
2025-03-19,"M-03","Malam",0,"Preventive OK",0,0,0,794
2025-03-19,"M-03","Pagi",0,"Preventive OK",0,0,0,832
2025-03-19,"M-03","Siang",0,"Preventive OK",0,0,0,734
2025-03-19,"M-04","Malam",0,"Preventive OK",0,0,0,854
2025-03-19,"M-04","Pagi",0,"Preventive OK",0,0,0,821
2025-03-19,"M-04","Siang",1,"Kelistrikan",22,0,22,759
2025-03-19,"M-05","Malam",0,"Preventive OK",0,0,0,396
2025-03-19,"M-05","Pagi",0,"Preventive OK",0,0,0,386
2025-03-19,"M-05","Siang",0,"Preventive OK",0,0,0,370
2025-03-19,"M-06","Malam",0,"Preventive OK",0,0,0,399
2025-03-19,"M-06","Pagi",0,"Preventive OK",0,0,0,436
2025-03-19,"M-06","Siang",0,"Preventive OK",0,0,0,406
2025-03-20,"M-01","Malam",0,"Preventive OK",0,0,0,953
2025-03-20,"M-01","Pagi",0,"Preventive OK",0,0,0,729
2025-03-20,"M-01","Siang",0,"Preventive OK",0,0,0,792
2025-03-20,"M-02","Malam",0,"Preventive OK",0,0,0,774
2025-03-20,"M-02","Pagi",0,"Preventive OK",0,0,0,842
2025-03-20,"M-02","Siang",0,"Preventive OK",0,0,0,654
2025-03-20,"M-03","Malam",0,"Preventive OK",0,0,0,819
2025-03-20,"M-03","Pagi",0,"Preventive OK",0,0,0,919
2025-03-20,"M-03","Siang",0,"Preventive OK",0,0,0,886
2025-03-20,"M-04","Malam",1,"Bearing Failure",26,0,26,825
2025-03-20,"M-04","Pagi",0,"Preventive OK",0,0,0,779
2025-03-20,"M-04","Siang",0,"Preventive OK",0,0,0,876
2025-03-20,"M-05","Malam",0,"Preventive OK",0,0,0,431
2025-03-20,"M-05","Pagi",0,"Preventive OK",0,0,0,448
2025-03-20,"M-05","Siang",0,"Preventive OK",0,0,0,452
2025-03-20,"M-06","Malam",0,"Preventive OK",0,0,0,426
2025-03-20,"M-06","Pagi",0,"Preventive OK",0,0,0,440
2025-03-20,"M-06","Siang",0,"Preventive OK",0,0,0,371
2025-03-21,"M-01","Malam",0,"Preventive OK",0,0,0,831
2025-03-21,"M-01","Pagi",0,"Preventive OK",0,0,0,876
2025-03-21,"M-01","Siang",0,"Preventive OK",0,0,0,777
2025-03-21,"M-02","Malam",0,"Preventive OK",0,0,0,920
2025-03-21,"M-02","Pagi",0,"Preventive OK",0,0,0,824
2025-03-21,"M-02","Siang",0,"Preventive OK",0,0,0,841
2025-03-21,"M-03","Malam",0,"Preventive OK",0,0,0,722
2025-03-21,"M-03","Pagi",0,"Preventive OK",0,0,0,807
2025-03-21,"M-03","Siang",0,"Preventive OK",0,0,0,824
2025-03-21,"M-04","Malam",0,"Preventive OK",0,0,0,824
2025-03-21,"M-04","Pagi",0,"Preventive OK",0,0,0,799
2025-03-21,"M-04","Siang",0,"Preventive OK",0,0,0,836
2025-03-21,"M-05","Malam",0,"Preventive OK",0,0,0,451
2025-03-21,"M-05","Pagi",0,"Preventive OK",0,0,0,422
2025-03-21,"M-05","Siang",0,"Preventive OK",0,0,0,395
2025-03-21,"M-06","Malam",0,"Preventive OK",0,0,0,438
2025-03-21,"M-06","Pagi",0,"Preventive OK",0,0,0,383
2025-03-21,"M-06","Siang",0,"Preventive OK",0,0,0,418
2025-03-22,"M-01","Malam",0,"Preventive OK",0,0,0,892
2025-03-22,"M-01","Pagi",0,"Preventive OK",0,0,0,825
2025-03-22,"M-01","Siang",0,"Preventive OK",0,0,0,769
2025-03-22,"M-02","Malam",0,"Preventive OK",0,0,0,741
2025-03-22,"M-02","Pagi",0,"Preventive OK",0,0,0,776
2025-03-22,"M-02","Siang",0,"Preventive OK",0,0,0,730
2025-03-22,"M-03","Malam",0,"Preventive OK",0,0,0,828
2025-03-22,"M-03","Pagi",0,"Preventive OK",0,0,0,889
2025-03-22,"M-03","Siang",0,"Preventive OK",0,0,0,813
2025-03-22,"M-04","Malam",0,"Preventive OK",0,0,0,797
2025-03-22,"M-04","Pagi",0,"Preventive OK",0,0,0,727
2025-03-22,"M-04","Siang",0,"Preventive OK",0,0,0,722
2025-03-22,"M-05","Malam",1,"Material Jam",26,0,26,429
2025-03-22,"M-05","Pagi",0,"Preventive OK",0,0,0,433
2025-03-22,"M-05","Siang",0,"Preventive OK",0,0,0,391
2025-03-22,"M-06","Malam",0,"Preventive OK",0,0,0,410
2025-03-22,"M-06","Pagi",0,"Preventive OK",0,0,0,373
2025-03-22,"M-06","Siang",0,"Preventive OK",0,0,0,409
2025-03-24,"M-01","Malam",0,"Preventive OK",0,30,30,856
2025-03-24,"M-01","Pagi",0,"Preventive OK",0,30,30,825
2025-03-24,"M-01","Siang",0,"Preventive OK",0,30,30,877
2025-03-24,"M-02","Malam",0,"Preventive OK",0,30,30,801
2025-03-24,"M-02","Pagi",0,"Preventive OK",0,30,30,651
2025-03-24,"M-02","Siang",0,"Preventive OK",0,30,30,837
2025-03-24,"M-03","Malam",0,"Preventive OK",0,30,30,849
2025-03-24,"M-03","Pagi",0,"Preventive OK",0,30,30,820
2025-03-24,"M-03","Siang",0,"Preventive OK",0,30,30,874
2025-03-24,"M-04","Malam",0,"Preventive OK",0,30,30,845
2025-03-24,"M-04","Pagi",0,"Preventive OK",0,30,30,787
2025-03-24,"M-04","Siang",0,"Preventive OK",0,30,30,790
2025-03-24,"M-05","Malam",0,"Preventive OK",0,30,30,426
2025-03-24,"M-05","Pagi",0,"Preventive OK",0,30,30,452
2025-03-24,"M-05","Siang",0,"Preventive OK",0,30,30,382
2025-03-24,"M-06","Malam",0,"Preventive OK",0,30,30,410
2025-03-24,"M-06","Pagi",0,"Preventive OK",0,30,30,379
2025-03-24,"M-06","Siang",0,"Preventive OK",0,30,30,396
2025-03-25,"M-01","Malam",0,"Preventive OK",0,0,0,739
2025-03-25,"M-01","Pagi",0,"Preventive OK",0,0,0,760
2025-03-25,"M-01","Siang",0,"Preventive OK",0,0,0,813
2025-03-25,"M-02","Malam",0,"Preventive OK",0,0,0,861
2025-03-25,"M-02","Pagi",0,"Preventive OK",0,0,0,795
2025-03-25,"M-02","Siang",0,"Preventive OK",0,0,0,652
2025-03-25,"M-03","Malam",1,"Bearing Failure",26,0,26,768
2025-03-25,"M-03","Pagi",0,"Preventive OK",0,0,0,817
2025-03-25,"M-03","Siang",0,"Preventive OK",0,0,0,690
2025-03-25,"M-04","Malam",0,"Preventive OK",0,0,0,921
2025-03-25,"M-04","Pagi",1,"Tool Wear",29,0,29,755
2025-03-25,"M-04","Siang",0,"Preventive OK",0,0,0,828
2025-03-25,"M-05","Malam",0,"Preventive OK",0,0,0,400
2025-03-25,"M-05","Pagi",1,"Tool Wear",41,0,41,353
2025-03-25,"M-05","Siang",0,"Preventive OK",0,0,0,377
2025-03-25,"M-06","Malam",0,"Preventive OK",0,0,0,376
2025-03-25,"M-06","Pagi",0,"Preventive OK",0,0,0,398
2025-03-25,"M-06","Siang",0,"Preventive OK",0,0,0,421
2025-03-26,"M-01","Malam",0,"Preventive OK",0,0,0,747
2025-03-26,"M-01","Pagi",0,"Preventive OK",0,0,0,870
2025-03-26,"M-01","Siang",0,"Preventive OK",0,0,0,774
2025-03-26,"M-02","Malam",0,"Preventive OK",0,0,0,849
2025-03-26,"M-02","Pagi",0,"Preventive OK",0,0,0,904
2025-03-26,"M-02","Siang",0,"Preventive OK",0,0,0,810
2025-03-26,"M-03","Malam",0,"Preventive OK",0,0,0,872
2025-03-26,"M-03","Pagi",0,"Preventive OK",0,0,0,863
2025-03-26,"M-03","Siang",0,"Preventive OK",0,0,0,763
2025-03-26,"M-04","Malam",0,"Preventive OK",0,0,0,845
2025-03-26,"M-04","Pagi",0,"Preventive OK",0,0,0,763
2025-03-26,"M-04","Siang",0,"Preventive OK",0,0,0,880
2025-03-26,"M-05","Malam",0,"Preventive OK",0,0,0,403
2025-03-26,"M-05","Pagi",0,"Preventive OK",0,0,0,438
2025-03-26,"M-05","Siang",0,"Preventive OK",0,0,0,368
2025-03-26,"M-06","Malam",0,"Preventive OK",0,0,0,357
2025-03-26,"M-06","Pagi",0,"Preventive OK",0,0,0,418
2025-03-26,"M-06","Siang",0,"Preventive OK",0,0,0,422
2025-03-27,"M-01","Malam",0,"Preventive OK",0,0,0,836
2025-03-27,"M-01","Pagi",0,"Preventive OK",0,0,0,812
2025-03-27,"M-01","Siang",0,"Preventive OK",0,0,0,818
2025-03-27,"M-02","Malam",0,"Preventive OK",0,0,0,795
2025-03-27,"M-02","Pagi",1,"Bearing Failure",22,0,22,778
2025-03-27,"M-02","Siang",0,"Preventive OK",0,0,0,810
2025-03-27,"M-03","Malam",0,"Preventive OK",0,0,0,826
2025-03-27,"M-03","Pagi",0,"Preventive OK",0,0,0,836
2025-03-27,"M-03","Siang",0,"Preventive OK",0,0,0,791
2025-03-27,"M-04","Malam",0,"Preventive OK",0,0,0,635
2025-03-27,"M-04","Pagi",1,"Tool Wear",17,0,17,871
2025-03-27,"M-04","Siang",0,"Preventive OK",0,0,0,808
2025-03-27,"M-05","Malam",0,"Preventive OK",0,0,0,486
2025-03-27,"M-05","Pagi",0,"Preventive OK",0,0,0,399
2025-03-27,"M-05","Siang",0,"Preventive OK",0,0,0,406
2025-03-27,"M-06","Malam",0,"Preventive OK",0,0,0,416
2025-03-27,"M-06","Pagi",0,"Preventive OK",0,0,0,408
2025-03-27,"M-06","Siang",0,"Preventive OK",0,0,0,419
2025-03-28,"M-01","Malam",0,"Preventive OK",0,0,0,733
2025-03-28,"M-01","Pagi",0,"Preventive OK",0,0,0,934
2025-03-28,"M-01","Siang",0,"Preventive OK",0,0,0,845
2025-03-28,"M-02","Malam",0,"Preventive OK",0,0,0,852
2025-03-28,"M-02","Pagi",0,"Preventive OK",0,0,0,757
2025-03-28,"M-02","Siang",0,"Preventive OK",0,0,0,752
2025-03-28,"M-03","Malam",0,"Preventive OK",0,0,0,782
2025-03-28,"M-03","Pagi",0,"Preventive OK",0,0,0,840
2025-03-28,"M-03","Siang",0,"Preventive OK",0,0,0,835
2025-03-28,"M-04","Malam",0,"Preventive OK",0,0,0,870
2025-03-28,"M-04","Pagi",1,"Kelistrikan",21,0,21,813
2025-03-28,"M-04","Siang",0,"Preventive OK",0,0,0,743
2025-03-28,"M-05","Malam",0,"Preventive OK",0,0,0,425
2025-03-28,"M-05","Pagi",0,"Preventive OK",0,0,0,436
2025-03-28,"M-05","Siang",0,"Preventive OK",0,0,0,446
2025-03-28,"M-06","Malam",0,"Preventive OK",0,0,0,372
2025-03-28,"M-06","Pagi",0,"Preventive OK",0,0,0,426
2025-03-28,"M-06","Siang",0,"Preventive OK",0,0,0,373
2025-03-29,"M-01","Malam",0,"Preventive OK",0,0,0,718
2025-03-29,"M-01","Pagi",0,"Preventive OK",0,0,0,732
2025-03-29,"M-01","Siang",0,"Preventive OK",0,0,0,830
2025-03-29,"M-02","Malam",0,"Preventive OK",0,0,0,796
2025-03-29,"M-02","Pagi",0,"Preventive OK",0,0,0,718
2025-03-29,"M-02","Siang",0,"Preventive OK",0,0,0,767
2025-03-29,"M-03","Malam",0,"Preventive OK",0,0,0,953
2025-03-29,"M-03","Pagi",0,"Preventive OK",0,0,0,788
2025-03-29,"M-03","Siang",0,"Preventive OK",0,0,0,810
2025-03-29,"M-04","Malam",0,"Preventive OK",0,0,0,775
2025-03-29,"M-04","Pagi",0,"Preventive OK",0,0,0,856
2025-03-29,"M-04","Siang",1,"Tool Wear",37,0,37,840
2025-03-29,"M-05","Malam",0,"Preventive OK",0,0,0,384
2025-03-29,"M-05","Pagi",0,"Preventive OK",0,0,0,433
2025-03-29,"M-05","Siang",0,"Preventive OK",0,0,0,401
2025-03-29,"M-06","Malam",0,"Preventive OK",0,0,0,439
2025-03-29,"M-06","Pagi",0,"Preventive OK",0,0,0,381
2025-03-29,"M-06","Siang",0,"Preventive OK",0,0,0,341
2025-03-31,"M-01","Malam",0,"Preventive OK",0,30,30,792
2025-03-31,"M-01","Pagi",0,"Preventive OK",0,30,30,740
2025-03-31,"M-01","Siang",0,"Preventive OK",0,30,30,809
2025-03-31,"M-02","Malam",0,"Preventive OK",0,30,30,855
2025-03-31,"M-02","Pagi",0,"Preventive OK",0,30,30,805
2025-03-31,"M-02","Siang",0,"Preventive OK",0,30,30,725
2025-03-31,"M-03","Malam",0,"Preventive OK",0,30,30,774
2025-03-31,"M-03","Pagi",0,"Preventive OK",0,30,30,774
2025-03-31,"M-03","Siang",0,"Preventive OK",0,30,30,800
2025-03-31,"M-04","Malam",0,"Preventive OK",0,30,30,840
2025-03-31,"M-04","Pagi",0,"Preventive OK",0,30,30,863
2025-03-31,"M-04","Siang",0,"Preventive OK",0,30,30,833
2025-03-31,"M-05","Malam",0,"Preventive OK",0,30,30,379
2025-03-31,"M-05","Pagi",0,"Preventive OK",0,30,30,406
2025-03-31,"M-05","Siang",0,"Preventive OK",0,30,30,398
2025-03-31,"M-06","Malam",0,"Preventive OK",0,30,30,423
2025-03-31,"M-06","Pagi",0,"Preventive OK",0,30,30,373
2025-03-31,"M-06","Siang",0,"Preventive OK",0,30,30,399
2025-04-01,"M-01","Malam",0,"Preventive OK",0,0,0,809
2025-04-01,"M-01","Pagi",0,"Preventive OK",0,0,0,751
2025-04-01,"M-01","Siang",0,"Preventive OK",0,0,0,834
2025-04-01,"M-02","Malam",1,"Bearing Failure",21,0,21,741
2025-04-01,"M-02","Pagi",0,"Preventive OK",0,0,0,928
2025-04-01,"M-02","Siang",0,"Preventive OK",0,0,0,765
2025-04-01,"M-03","Malam",0,"Preventive OK",0,0,0,875
2025-04-01,"M-03","Pagi",0,"Preventive OK",0,0,0,828
2025-04-01,"M-03","Siang",0,"Preventive OK",0,0,0,782
2025-04-01,"M-04","Malam",0,"Preventive OK",0,0,0,843
2025-04-01,"M-04","Pagi",0,"Preventive OK",0,0,0,811
2025-04-01,"M-04","Siang",0,"Preventive OK",0,0,0,830
2025-04-01,"M-05","Malam",0,"Preventive OK",0,0,0,411
2025-04-01,"M-05","Pagi",0,"Preventive OK",0,0,0,412
2025-04-01,"M-05","Siang",0,"Preventive OK",0,0,0,379
2025-04-01,"M-06","Malam",0,"Preventive OK",0,0,0,391
2025-04-01,"M-06","Pagi",0,"Preventive OK",0,0,0,432
2025-04-01,"M-06","Siang",0,"Preventive OK",0,0,0,450
2025-04-02,"M-01","Malam",0,"Preventive OK",0,0,0,884
2025-04-02,"M-01","Pagi",0,"Preventive OK",0,0,0,746
2025-04-02,"M-01","Siang",0,"Preventive OK",0,0,0,828
2025-04-02,"M-02","Malam",0,"Preventive OK",0,0,0,769
2025-04-02,"M-02","Pagi",0,"Preventive OK",0,0,0,867
2025-04-02,"M-02","Siang",0,"Preventive OK",0,0,0,853
2025-04-02,"M-03","Malam",0,"Preventive OK",0,0,0,775
2025-04-02,"M-03","Pagi",0,"Preventive OK",0,0,0,754
2025-04-02,"M-03","Siang",0,"Preventive OK",0,0,0,787
2025-04-02,"M-04","Malam",1,"Tool Wear",30,0,30,768
2025-04-02,"M-04","Pagi",0,"Preventive OK",0,0,0,972
2025-04-02,"M-04","Siang",0,"Preventive OK",0,0,0,798
2025-04-02,"M-05","Malam",0,"Preventive OK",0,0,0,365
2025-04-02,"M-05","Pagi",0,"Preventive OK",0,0,0,438
2025-04-02,"M-05","Siang",0,"Preventive OK",0,0,0,398
2025-04-02,"M-06","Malam",0,"Preventive OK",0,0,0,406
2025-04-02,"M-06","Pagi",0,"Preventive OK",0,0,0,418
2025-04-02,"M-06","Siang",0,"Preventive OK",0,0,0,468
2025-04-03,"M-01","Malam",0,"Preventive OK",0,0,0,731
2025-04-03,"M-01","Pagi",0,"Preventive OK",0,0,0,747
2025-04-03,"M-01","Siang",0,"Preventive OK",0,0,0,751
2025-04-03,"M-02","Malam",0,"Preventive OK",0,0,0,850
2025-04-03,"M-02","Pagi",0,"Preventive OK",0,0,0,828
2025-04-03,"M-02","Siang",0,"Preventive OK",0,0,0,812
2025-04-03,"M-03","Malam",0,"Preventive OK",0,0,0,829
2025-04-03,"M-03","Pagi",0,"Preventive OK",0,0,0,848
2025-04-03,"M-03","Siang",0,"Preventive OK",0,0,0,896
2025-04-03,"M-04","Malam",0,"Preventive OK",0,0,0,715
2025-04-03,"M-04","Pagi",0,"Preventive OK",0,0,0,716
2025-04-03,"M-04","Siang",0,"Preventive OK",0,0,0,703
2025-04-03,"M-05","Malam",0,"Preventive OK",0,0,0,396
2025-04-03,"M-05","Pagi",0,"Preventive OK",0,0,0,401
2025-04-03,"M-05","Siang",0,"Preventive OK",0,0,0,410
2025-04-03,"M-06","Malam",0,"Preventive OK",0,0,0,445
2025-04-03,"M-06","Pagi",0,"Preventive OK",0,0,0,413
2025-04-03,"M-06","Siang",1,"Kelistrikan",22,0,22,398
2025-04-04,"M-01","Malam",0,"Preventive OK",0,0,0,970
2025-04-04,"M-01","Pagi",0,"Preventive OK",0,0,0,819
2025-04-04,"M-01","Siang",0,"Preventive OK",0,0,0,788
2025-04-04,"M-02","Malam",0,"Preventive OK",0,0,0,760
2025-04-04,"M-02","Pagi",0,"Preventive OK",0,0,0,851
2025-04-04,"M-02","Siang",0,"Preventive OK",0,0,0,806
2025-04-04,"M-03","Malam",0,"Preventive OK",0,0,0,855
2025-04-04,"M-03","Pagi",0,"Preventive OK",0,0,0,705
2025-04-04,"M-03","Siang",0,"Preventive OK",0,0,0,751
2025-04-04,"M-04","Malam",0,"Preventive OK",0,0,0,852
2025-04-04,"M-04","Pagi",0,"Preventive OK",0,0,0,785
2025-04-04,"M-04","Siang",1,"Bearing Failure",13,0,13,846
2025-04-04,"M-05","Malam",0,"Preventive OK",0,0,0,431
2025-04-04,"M-05","Pagi",0,"Preventive OK",0,0,0,388
2025-04-04,"M-05","Siang",0,"Preventive OK",0,0,0,421
2025-04-04,"M-06","Malam",0,"Preventive OK",0,0,0,437
2025-04-04,"M-06","Pagi",0,"Preventive OK",0,0,0,395
2025-04-04,"M-06","Siang",0,"Preventive OK",0,0,0,362
2025-04-05,"M-01","Malam",1,"Bearing Failure",20,0,20,684
2025-04-05,"M-01","Pagi",0,"Preventive OK",0,0,0,826
2025-04-05,"M-01","Siang",0,"Preventive OK",0,0,0,807
2025-04-05,"M-02","Malam",0,"Preventive OK",0,0,0,790
2025-04-05,"M-02","Pagi",0,"Preventive OK",0,0,0,805
2025-04-05,"M-02","Siang",0,"Preventive OK",0,0,0,718
2025-04-05,"M-03","Malam",0,"Preventive OK",0,0,0,896
2025-04-05,"M-03","Pagi",0,"Preventive OK",0,0,0,868
2025-04-05,"M-03","Siang",0,"Preventive OK",0,0,0,809
2025-04-05,"M-04","Malam",1,"Tool Wear",24,0,24,761
2025-04-05,"M-04","Pagi",0,"Preventive OK",0,0,0,829
2025-04-05,"M-04","Siang",0,"Preventive OK",0,0,0,695
2025-04-05,"M-05","Malam",0,"Preventive OK",0,0,0,388
2025-04-05,"M-05","Pagi",0,"Preventive OK",0,0,0,416
2025-04-05,"M-05","Siang",0,"Preventive OK",0,0,0,373
2025-04-05,"M-06","Malam",0,"Preventive OK",0,0,0,383
2025-04-05,"M-06","Pagi",0,"Preventive OK",0,0,0,400
2025-04-05,"M-06","Siang",0,"Preventive OK",0,0,0,391
2025-04-07,"M-01","Malam",0,"Preventive OK",0,30,30,850
2025-04-07,"M-01","Pagi",0,"Preventive OK",0,30,30,847
2025-04-07,"M-01","Siang",0,"Preventive OK",0,30,30,769
2025-04-07,"M-02","Malam",0,"Preventive OK",0,30,30,917
2025-04-07,"M-02","Pagi",1,"Kelistrikan",32,30,62,712
2025-04-07,"M-02","Siang",0,"Preventive OK",0,30,30,779
2025-04-07,"M-03","Malam",0,"Preventive OK",0,30,30,878
2025-04-07,"M-03","Pagi",0,"Preventive OK",0,30,30,817
2025-04-07,"M-03","Siang",0,"Preventive OK",0,30,30,859
2025-04-07,"M-04","Malam",0,"Preventive OK",0,30,30,817
2025-04-07,"M-04","Pagi",0,"Preventive OK",0,30,30,794
2025-04-07,"M-04","Siang",0,"Preventive OK",0,30,30,825
2025-04-07,"M-05","Malam",0,"Preventive OK",0,30,30,443
2025-04-07,"M-05","Pagi",1,"Material Jam",11,30,41,387
2025-04-07,"M-05","Siang",0,"Preventive OK",0,30,30,410
2025-04-07,"M-06","Malam",0,"Preventive OK",0,30,30,460
2025-04-07,"M-06","Pagi",0,"Preventive OK",0,30,30,415
2025-04-07,"M-06","Siang",0,"Preventive OK",0,30,30,386
2025-04-08,"M-01","Malam",0,"Preventive OK",0,0,0,772
2025-04-08,"M-01","Pagi",0,"Preventive OK",0,0,0,821
2025-04-08,"M-01","Siang",0,"Preventive OK",0,0,0,756
2025-04-08,"M-02","Malam",1,"Kelistrikan",29,0,29,661
2025-04-08,"M-02","Pagi",0,"Preventive OK",0,0,0,742
2025-04-08,"M-02","Siang",0,"Preventive OK",0,0,0,899
2025-04-08,"M-03","Malam",0,"Preventive OK",0,0,0,853
2025-04-08,"M-03","Pagi",0,"Preventive OK",0,0,0,885
2025-04-08,"M-03","Siang",0,"Preventive OK",0,0,0,832
2025-04-08,"M-04","Malam",0,"Preventive OK",0,0,0,784
2025-04-08,"M-04","Pagi",0,"Preventive OK",0,0,0,848
2025-04-08,"M-04","Siang",0,"Preventive OK",0,0,0,895
2025-04-08,"M-05","Malam",0,"Preventive OK",0,0,0,457
2025-04-08,"M-05","Pagi",0,"Preventive OK",0,0,0,403
2025-04-08,"M-05","Siang",0,"Preventive OK",0,0,0,390
2025-04-08,"M-06","Malam",0,"Preventive OK",0,0,0,435
2025-04-08,"M-06","Pagi",0,"Preventive OK",0,0,0,439
2025-04-08,"M-06","Siang",1,"Preventive OK",23,0,23,392
2025-04-09,"M-01","Malam",0,"Preventive OK",0,0,0,872
2025-04-09,"M-01","Pagi",0,"Preventive OK",0,0,0,890
2025-04-09,"M-01","Siang",0,"Preventive OK",0,0,0,939
2025-04-09,"M-02","Malam",0,"Preventive OK",0,0,0,773
2025-04-09,"M-02","Pagi",0,"Preventive OK",0,0,0,825
2025-04-09,"M-02","Siang",0,"Preventive OK",0,0,0,744
2025-04-09,"M-03","Malam",0,"Preventive OK",0,0,0,739
2025-04-09,"M-03","Pagi",1,"Setup & Adjust",24,0,24,783
2025-04-09,"M-03","Siang",0,"Preventive OK",0,0,0,901
2025-04-09,"M-04","Malam",0,"Preventive OK",0,0,0,756
2025-04-09,"M-04","Pagi",0,"Preventive OK",0,0,0,724
2025-04-09,"M-04","Siang",0,"Preventive OK",0,0,0,790
2025-04-09,"M-05","Malam",0,"Preventive OK",0,0,0,419
2025-04-09,"M-05","Pagi",1,"Tool Wear",13,0,13,378
2025-04-09,"M-05","Siang",0,"Preventive OK",0,0,0,442
2025-04-09,"M-06","Malam",0,"Preventive OK",0,0,0,433
2025-04-09,"M-06","Pagi",0,"Preventive OK",0,0,0,440
2025-04-09,"M-06","Siang",0,"Preventive OK",0,0,0,413
2025-04-10,"M-01","Malam",0,"Preventive OK",0,0,0,811
2025-04-10,"M-01","Pagi",0,"Preventive OK",0,0,0,800
2025-04-10,"M-01","Siang",0,"Preventive OK",0,0,0,752
2025-04-10,"M-02","Malam",0,"Preventive OK",0,0,0,793
2025-04-10,"M-02","Pagi",0,"Preventive OK",0,0,0,870
2025-04-10,"M-02","Siang",0,"Preventive OK",0,0,0,827
2025-04-10,"M-03","Malam",0,"Preventive OK",0,0,0,769
2025-04-10,"M-03","Pagi",0,"Preventive OK",0,0,0,842
2025-04-10,"M-03","Siang",0,"Preventive OK",0,0,0,716
2025-04-10,"M-04","Malam",0,"Preventive OK",0,0,0,814
2025-04-10,"M-04","Pagi",0,"Preventive OK",0,0,0,780
2025-04-10,"M-04","Siang",0,"Preventive OK",0,0,0,861
2025-04-10,"M-05","Malam",0,"Preventive OK",0,0,0,415
2025-04-10,"M-05","Pagi",0,"Preventive OK",0,0,0,453
2025-04-10,"M-05","Siang",0,"Preventive OK",0,0,0,418
2025-04-10,"M-06","Malam",0,"Preventive OK",0,0,0,417
2025-04-10,"M-06","Pagi",0,"Preventive OK",0,0,0,408
2025-04-10,"M-06","Siang",0,"Preventive OK",0,0,0,373
2025-04-11,"M-01","Malam",0,"Preventive OK",0,0,0,842
2025-04-11,"M-01","Pagi",0,"Preventive OK",0,0,0,825
2025-04-11,"M-01","Siang",0,"Preventive OK",0,0,0,838
2025-04-11,"M-02","Malam",0,"Preventive OK",0,0,0,800
2025-04-11,"M-02","Pagi",0,"Preventive OK",0,0,0,802
2025-04-11,"M-02","Siang",0,"Preventive OK",0,0,0,828
2025-04-11,"M-03","Malam",0,"Preventive OK",0,0,0,845
2025-04-11,"M-03","Pagi",0,"Preventive OK",0,0,0,778
2025-04-11,"M-03","Siang",0,"Preventive OK",0,0,0,843
2025-04-11,"M-04","Malam",0,"Preventive OK",0,0,0,868
2025-04-11,"M-04","Pagi",0,"Preventive OK",0,0,0,791
2025-04-11,"M-04","Siang",0,"Preventive OK",0,0,0,895
2025-04-11,"M-05","Malam",0,"Preventive OK",0,0,0,411
2025-04-11,"M-05","Pagi",0,"Preventive OK",0,0,0,387
2025-04-11,"M-05","Siang",0,"Preventive OK",0,0,0,398
2025-04-11,"M-06","Malam",0,"Preventive OK",0,0,0,395
2025-04-11,"M-06","Pagi",0,"Preventive OK",0,0,0,444
2025-04-11,"M-06","Siang",0,"Preventive OK",0,0,0,410
2025-04-12,"M-01","Malam",0,"Preventive OK",0,0,0,805
2025-04-12,"M-01","Pagi",0,"Preventive OK",0,0,0,830
2025-04-12,"M-01","Siang",0,"Preventive OK",0,0,0,845
2025-04-12,"M-02","Malam",0,"Preventive OK",0,0,0,827
2025-04-12,"M-02","Pagi",0,"Preventive OK",0,0,0,840
2025-04-12,"M-02","Siang",1,"Bearing Failure",27,0,27,744
2025-04-12,"M-03","Malam",0,"Preventive OK",0,0,0,687
2025-04-12,"M-03","Pagi",0,"Preventive OK",0,0,0,733
2025-04-12,"M-03","Siang",0,"Preventive OK",0,0,0,868
2025-04-12,"M-04","Malam",0,"Preventive OK",0,0,0,928
2025-04-12,"M-04","Pagi",0,"Preventive OK",0,0,0,803
2025-04-12,"M-04","Siang",1,"Tool Wear",23,0,23,793
2025-04-12,"M-05","Malam",0,"Preventive OK",0,0,0,407
2025-04-12,"M-05","Pagi",0,"Preventive OK",0,0,0,412
2025-04-12,"M-05","Siang",0,"Preventive OK",0,0,0,348
2025-04-12,"M-06","Malam",0,"Preventive OK",0,0,0,411
2025-04-12,"M-06","Pagi",0,"Preventive OK",0,0,0,363
2025-04-12,"M-06","Siang",0,"Preventive OK",0,0,0,411
2025-04-14,"M-01","Malam",0,"Preventive OK",0,30,30,836
2025-04-14,"M-01","Pagi",0,"Preventive OK",0,30,30,748
2025-04-14,"M-01","Siang",0,"Preventive OK",0,30,30,817
2025-04-14,"M-02","Malam",0,"Preventive OK",0,30,30,797
2025-04-14,"M-02","Pagi",0,"Preventive OK",0,30,30,750
2025-04-14,"M-02","Siang",0,"Preventive OK",0,30,30,811
2025-04-14,"M-03","Malam",1,"Tool Wear",29,30,59,865
2025-04-14,"M-03","Pagi",0,"Preventive OK",0,30,30,738
2025-04-14,"M-03","Siang",0,"Preventive OK",0,30,30,768
2025-04-14,"M-04","Malam",0,"Preventive OK",0,30,30,841
2025-04-14,"M-04","Pagi",0,"Preventive OK",0,30,30,794
2025-04-14,"M-04","Siang",0,"Preventive OK",0,30,30,903
2025-04-14,"M-05","Malam",0,"Preventive OK",0,30,30,414
2025-04-14,"M-05","Pagi",0,"Preventive OK",0,30,30,424
2025-04-14,"M-05","Siang",0,"Preventive OK",0,30,30,400
2025-04-14,"M-06","Malam",0,"Preventive OK",0,30,30,379
2025-04-14,"M-06","Pagi",0,"Preventive OK",0,30,30,383
2025-04-14,"M-06","Siang",0,"Preventive OK",0,30,30,417
2025-04-15,"M-01","Malam",0,"Preventive OK",0,0,0,822
2025-04-15,"M-01","Pagi",0,"Preventive OK",0,0,0,865
2025-04-15,"M-01","Siang",0,"Preventive OK",0,0,0,812
2025-04-15,"M-02","Malam",0,"Preventive OK",0,0,0,835
2025-04-15,"M-02","Pagi",0,"Preventive OK",0,0,0,786
2025-04-15,"M-02","Siang",0,"Preventive OK",0,0,0,799
2025-04-15,"M-03","Malam",0,"Preventive OK",0,0,0,860
2025-04-15,"M-03","Pagi",1,"Setup & Adjust",12,0,12,728
2025-04-15,"M-03","Siang",0,"Preventive OK",0,0,0,841
2025-04-15,"M-04","Malam",0,"Preventive OK",0,0,0,824
2025-04-15,"M-04","Pagi",0,"Preventive OK",0,0,0,816
2025-04-15,"M-04","Siang",0,"Preventive OK",0,0,0,831
2025-04-15,"M-05","Malam",0,"Preventive OK",0,0,0,421
2025-04-15,"M-05","Pagi",0,"Preventive OK",0,0,0,439
2025-04-15,"M-05","Siang",0,"Preventive OK",0,0,0,382
2025-04-15,"M-06","Malam",0,"Preventive OK",0,0,0,364
2025-04-15,"M-06","Pagi",0,"Preventive OK",0,0,0,392
2025-04-15,"M-06","Siang",0,"Preventive OK",0,0,0,385
2025-04-16,"M-01","Malam",0,"Preventive OK",0,0,0,803
2025-04-16,"M-01","Pagi",0,"Preventive OK",0,0,0,862
2025-04-16,"M-01","Siang",0,"Preventive OK",0,0,0,881
2025-04-16,"M-02","Malam",0,"Preventive OK",0,0,0,793
2025-04-16,"M-02","Pagi",0,"Preventive OK",0,0,0,898
2025-04-16,"M-02","Siang",0,"Preventive OK",0,0,0,813
2025-04-16,"M-03","Malam",0,"Preventive OK",0,0,0,813
2025-04-16,"M-03","Pagi",0,"Preventive OK",0,0,0,702
2025-04-16,"M-03","Siang",0,"Preventive OK",0,0,0,872
2025-04-16,"M-04","Malam",0,"Preventive OK",0,0,0,752
2025-04-16,"M-04","Pagi",0,"Preventive OK",0,0,0,816
2025-04-16,"M-04","Siang",0,"Preventive OK",0,0,0,915
2025-04-16,"M-05","Malam",0,"Preventive OK",0,0,0,396
2025-04-16,"M-05","Pagi",0,"Preventive OK",0,0,0,400
2025-04-16,"M-05","Siang",0,"Preventive OK",0,0,0,427
2025-04-16,"M-06","Malam",0,"Preventive OK",0,0,0,393
2025-04-16,"M-06","Pagi",0,"Preventive OK",0,0,0,451
2025-04-16,"M-06","Siang",0,"Preventive OK",0,0,0,387
2025-04-17,"M-01","Malam",0,"Preventive OK",0,0,0,851
2025-04-17,"M-01","Pagi",0,"Preventive OK",0,0,0,828
2025-04-17,"M-01","Siang",0,"Preventive OK",0,0,0,894
2025-04-17,"M-02","Malam",0,"Preventive OK",0,0,0,804
2025-04-17,"M-02","Pagi",1,"Bearing Failure",31,0,31,762
2025-04-17,"M-02","Siang",1,"Tool Wear",41,0,41,814
2025-04-17,"M-03","Malam",0,"Preventive OK",0,0,0,880
2025-04-17,"M-03","Pagi",0,"Preventive OK",0,0,0,797
2025-04-17,"M-03","Siang",0,"Preventive OK",0,0,0,815
2025-04-17,"M-04","Malam",1,"Kelistrikan",13,0,13,886
2025-04-17,"M-04","Pagi",1,"Bearing Failure",45,0,45,736
2025-04-17,"M-04","Siang",0,"Preventive OK",0,0,0,901
2025-04-17,"M-05","Malam",0,"Preventive OK",0,0,0,382
2025-04-17,"M-05","Pagi",0,"Preventive OK",0,0,0,376
2025-04-17,"M-05","Siang",0,"Preventive OK",0,0,0,400
2025-04-17,"M-06","Malam",0,"Preventive OK",0,0,0,381
2025-04-17,"M-06","Pagi",0,"Preventive OK",0,0,0,406
2025-04-17,"M-06","Siang",0,"Preventive OK",0,0,0,365
2025-04-18,"M-01","Malam",0,"Preventive OK",0,0,0,857
2025-04-18,"M-01","Pagi",0,"Preventive OK",0,0,0,787
2025-04-18,"M-01","Siang",0,"Preventive OK",0,0,0,849
2025-04-18,"M-02","Malam",0,"Preventive OK",0,0,0,824
2025-04-18,"M-02","Pagi",0,"Preventive OK",0,0,0,776
2025-04-18,"M-02","Siang",0,"Preventive OK",0,0,0,811
2025-04-18,"M-03","Malam",0,"Preventive OK",0,0,0,761
2025-04-18,"M-03","Pagi",0,"Preventive OK",0,0,0,772
2025-04-18,"M-03","Siang",0,"Preventive OK",0,0,0,922
2025-04-18,"M-04","Malam",1,"Tool Wear",33,0,33,764
2025-04-18,"M-04","Pagi",0,"Preventive OK",0,0,0,865
2025-04-18,"M-04","Siang",0,"Preventive OK",0,0,0,885
2025-04-18,"M-05","Malam",0,"Preventive OK",0,0,0,367
2025-04-18,"M-05","Pagi",0,"Preventive OK",0,0,0,468
2025-04-18,"M-05","Siang",0,"Preventive OK",0,0,0,437
2025-04-18,"M-06","Malam",0,"Preventive OK",0,0,0,399
2025-04-18,"M-06","Pagi",0,"Preventive OK",0,0,0,411
2025-04-18,"M-06","Siang",0,"Preventive OK",0,0,0,418
2025-04-19,"M-01","Malam",1,"Tool Wear",20,0,20,841
2025-04-19,"M-01","Pagi",0,"Preventive OK",0,0,0,795
2025-04-19,"M-01","Siang",0,"Preventive OK",0,0,0,777
2025-04-19,"M-02","Malam",0,"Preventive OK",0,0,0,953
2025-04-19,"M-02","Pagi",0,"Preventive OK",0,0,0,886
2025-04-19,"M-02","Siang",0,"Preventive OK",0,0,0,943
2025-04-19,"M-03","Malam",0,"Preventive OK",0,0,0,745
2025-04-19,"M-03","Pagi",0,"Preventive OK",0,0,0,807
2025-04-19,"M-03","Siang",0,"Preventive OK",0,0,0,878
2025-04-19,"M-04","Malam",0,"Preventive OK",0,0,0,768
2025-04-19,"M-04","Pagi",0,"Preventive OK",0,0,0,711
2025-04-19,"M-04","Siang",0,"Preventive OK",0,0,0,813
2025-04-19,"M-05","Malam",0,"Preventive OK",0,0,0,397
2025-04-19,"M-05","Pagi",0,"Preventive OK",0,0,0,403
2025-04-19,"M-05","Siang",0,"Preventive OK",0,0,0,371
2025-04-19,"M-06","Malam",1,"Material Jam",24,0,24,420
2025-04-19,"M-06","Pagi",0,"Preventive OK",0,0,0,374
2025-04-19,"M-06","Siang",0,"Preventive OK",0,0,0,394
2025-04-21,"M-01","Malam",0,"Preventive OK",0,30,30,872
2025-04-21,"M-01","Pagi",0,"Preventive OK",0,30,30,825
2025-04-21,"M-01","Siang",0,"Preventive OK",0,30,30,794
2025-04-21,"M-02","Malam",0,"Preventive OK",0,30,30,845
2025-04-21,"M-02","Pagi",0,"Preventive OK",0,30,30,748
2025-04-21,"M-02","Siang",0,"Preventive OK",0,30,30,871
2025-04-21,"M-03","Malam",0,"Preventive OK",0,30,30,847
2025-04-21,"M-03","Pagi",0,"Preventive OK",0,30,30,855
2025-04-21,"M-03","Siang",0,"Preventive OK",0,30,30,909
2025-04-21,"M-04","Malam",1,"Bearing Failure",28,30,58,799
2025-04-21,"M-04","Pagi",0,"Preventive OK",0,30,30,787
2025-04-21,"M-04","Siang",0,"Preventive OK",0,30,30,855
2025-04-21,"M-05","Malam",0,"Preventive OK",0,30,30,396
2025-04-21,"M-05","Pagi",0,"Preventive OK",0,30,30,375
2025-04-21,"M-05","Siang",1,"Material Jam",14,30,44,400
2025-04-21,"M-06","Malam",0,"Preventive OK",0,30,30,433
2025-04-21,"M-06","Pagi",0,"Preventive OK",0,30,30,438
2025-04-21,"M-06","Siang",0,"Preventive OK",0,30,30,383
2025-04-22,"M-01","Malam",0,"Preventive OK",0,0,0,792
2025-04-22,"M-01","Pagi",0,"Preventive OK",0,0,0,791
2025-04-22,"M-01","Siang",0,"Preventive OK",0,0,0,942
2025-04-22,"M-02","Malam",0,"Preventive OK",0,0,0,804
2025-04-22,"M-02","Pagi",1,"Bearing Failure",19,0,19,838
2025-04-22,"M-02","Siang",0,"Preventive OK",0,0,0,958
2025-04-22,"M-03","Malam",0,"Preventive OK",0,0,0,875
2025-04-22,"M-03","Pagi",0,"Preventive OK",0,0,0,784
2025-04-22,"M-03","Siang",0,"Preventive OK",0,0,0,773
2025-04-22,"M-04","Malam",0,"Preventive OK",0,0,0,867
2025-04-22,"M-04","Pagi",0,"Preventive OK",0,0,0,808
2025-04-22,"M-04","Siang",0,"Preventive OK",0,0,0,791
2025-04-22,"M-05","Malam",0,"Preventive OK",0,0,0,383
2025-04-22,"M-05","Pagi",0,"Preventive OK",0,0,0,399
2025-04-22,"M-05","Siang",0,"Preventive OK",0,0,0,409
2025-04-22,"M-06","Malam",0,"Preventive OK",0,0,0,443
2025-04-22,"M-06","Pagi",0,"Preventive OK",0,0,0,380
2025-04-22,"M-06","Siang",0,"Preventive OK",0,0,0,394
2025-04-23,"M-01","Malam",0,"Preventive OK",0,0,0,773
2025-04-23,"M-01","Pagi",0,"Preventive OK",0,0,0,887
2025-04-23,"M-01","Siang",0,"Preventive OK",0,0,0,773
2025-04-23,"M-02","Malam",0,"Preventive OK",0,0,0,839
2025-04-23,"M-02","Pagi",0,"Preventive OK",0,0,0,898
2025-04-23,"M-02","Siang",0,"Preventive OK",0,0,0,889
2025-04-23,"M-03","Malam",0,"Preventive OK",0,0,0,855
2025-04-23,"M-03","Pagi",0,"Preventive OK",0,0,0,842
2025-04-23,"M-03","Siang",0,"Preventive OK",0,0,0,709
2025-04-23,"M-04","Malam",0,"Preventive OK",0,0,0,840
2025-04-23,"M-04","Pagi",0,"Preventive OK",0,0,0,724
2025-04-23,"M-04","Siang",0,"Preventive OK",0,0,0,842
2025-04-23,"M-05","Malam",0,"Preventive OK",0,0,0,416
2025-04-23,"M-05","Pagi",0,"Preventive OK",0,0,0,415
2025-04-23,"M-05","Siang",0,"Preventive OK",0,0,0,402
2025-04-23,"M-06","Malam",0,"Preventive OK",0,0,0,361
2025-04-23,"M-06","Pagi",0,"Preventive OK",0,0,0,424
2025-04-23,"M-06","Siang",0,"Preventive OK",0,0,0,413
2025-04-24,"M-01","Malam",0,"Preventive OK",0,0,0,765
2025-04-24,"M-01","Pagi",0,"Preventive OK",0,0,0,746
2025-04-24,"M-01","Siang",0,"Preventive OK",0,0,0,830
2025-04-24,"M-02","Malam",1,"Bearing Failure",17,0,17,837
2025-04-24,"M-02","Pagi",0,"Preventive OK",0,0,0,786
2025-04-24,"M-02","Siang",0,"Preventive OK",0,0,0,765
2025-04-24,"M-03","Malam",0,"Preventive OK",0,0,0,858
2025-04-24,"M-03","Pagi",0,"Preventive OK",0,0,0,860
2025-04-24,"M-03","Siang",0,"Preventive OK",0,0,0,720
2025-04-24,"M-04","Malam",0,"Preventive OK",0,0,0,826
2025-04-24,"M-04","Pagi",0,"Preventive OK",0,0,0,785
2025-04-24,"M-04","Siang",0,"Preventive OK",0,0,0,814
2025-04-24,"M-05","Malam",0,"Preventive OK",0,0,0,461
2025-04-24,"M-05","Pagi",0,"Preventive OK",0,0,0,396
2025-04-24,"M-05","Siang",1,"Tool Wear",15,0,15,377
2025-04-24,"M-06","Malam",0,"Preventive OK",0,0,0,388
2025-04-24,"M-06","Pagi",0,"Preventive OK",0,0,0,392
2025-04-24,"M-06","Siang",0,"Preventive OK",0,0,0,415
2025-04-25,"M-01","Malam",0,"Preventive OK",0,0,0,813
2025-04-25,"M-01","Pagi",0,"Preventive OK",0,0,0,868
2025-04-25,"M-01","Siang",0,"Preventive OK",0,0,0,910
2025-04-25,"M-02","Malam",1,"Tool Wear",25,0,25,814
2025-04-25,"M-02","Pagi",0,"Preventive OK",0,0,0,776
2025-04-25,"M-02","Siang",0,"Preventive OK",0,0,0,790
2025-04-25,"M-03","Malam",0,"Preventive OK",0,0,0,849
2025-04-25,"M-03","Pagi",0,"Preventive OK",0,0,0,847
2025-04-25,"M-03","Siang",0,"Preventive OK",0,0,0,879
2025-04-25,"M-04","Malam",0,"Preventive OK",0,0,0,792
2025-04-25,"M-04","Pagi",1,"Tool Wear",65,0,65,762
2025-04-25,"M-04","Siang",1,"Kelistrikan",38,0,38,772
2025-04-25,"M-05","Malam",0,"Preventive OK",0,0,0,380
2025-04-25,"M-05","Pagi",0,"Preventive OK",0,0,0,452
2025-04-25,"M-05","Siang",1,"Bearing Failure",21,0,21,326
2025-04-25,"M-06","Malam",0,"Preventive OK",0,0,0,406
2025-04-25,"M-06","Pagi",0,"Preventive OK",0,0,0,435
2025-04-25,"M-06","Siang",0,"Preventive OK",0,0,0,403
2025-04-26,"M-01","Malam",0,"Preventive OK",0,0,0,796
2025-04-26,"M-01","Pagi",0,"Preventive OK",0,0,0,845
2025-04-26,"M-01","Siang",0,"Preventive OK",0,0,0,775
2025-04-26,"M-02","Malam",0,"Preventive OK",0,0,0,833
2025-04-26,"M-02","Pagi",0,"Preventive OK",0,0,0,889
2025-04-26,"M-02","Siang",0,"Preventive OK",0,0,0,831
2025-04-26,"M-03","Malam",1,"Tool Wear",38,0,38,780
2025-04-26,"M-03","Pagi",1,"Kelistrikan",16,0,16,688
2025-04-26,"M-03","Siang",0,"Preventive OK",0,0,0,846
2025-04-26,"M-04","Malam",0,"Preventive OK",0,0,0,885
2025-04-26,"M-04","Pagi",1,"Bearing Failure",21,0,21,743
2025-04-26,"M-04","Siang",1,"Kelistrikan",31,0,31,823
2025-04-26,"M-05","Malam",0,"Preventive OK",0,0,0,425
2025-04-26,"M-05","Pagi",0,"Preventive OK",0,0,0,404
2025-04-26,"M-05","Siang",0,"Preventive OK",0,0,0,406
2025-04-26,"M-06","Malam",0,"Preventive OK",0,0,0,452
2025-04-26,"M-06","Pagi",0,"Preventive OK",0,0,0,385
2025-04-26,"M-06","Siang",0,"Preventive OK",0,0,0,456
2025-04-28,"M-01","Malam",0,"Preventive OK",0,30,30,974
2025-04-28,"M-01","Pagi",0,"Preventive OK",0,30,30,784
2025-04-28,"M-01","Siang",0,"Preventive OK",0,30,30,915
2025-04-28,"M-02","Malam",0,"Preventive OK",0,30,30,841
2025-04-28,"M-02","Pagi",0,"Preventive OK",0,30,30,845
2025-04-28,"M-02","Siang",1,"Tool Wear",35,30,65,716
2025-04-28,"M-03","Malam",0,"Preventive OK",0,30,30,647
2025-04-28,"M-03","Pagi",0,"Preventive OK",0,30,30,809
2025-04-28,"M-03","Siang",0,"Preventive OK",0,30,30,798
2025-04-28,"M-04","Malam",0,"Preventive OK",0,30,30,842
2025-04-28,"M-04","Pagi",0,"Preventive OK",0,30,30,811
2025-04-28,"M-04","Siang",0,"Preventive OK",0,30,30,877
2025-04-28,"M-05","Malam",0,"Preventive OK",0,30,30,414
2025-04-28,"M-05","Pagi",0,"Preventive OK",0,30,30,432
2025-04-28,"M-05","Siang",0,"Preventive OK",0,30,30,369
2025-04-28,"M-06","Malam",0,"Preventive OK",0,30,30,403
2025-04-28,"M-06","Pagi",0,"Preventive OK",0,30,30,432
2025-04-28,"M-06","Siang",0,"Preventive OK",0,30,30,423
2025-04-29,"M-01","Malam",0,"Preventive OK",0,0,0,832
2025-04-29,"M-01","Pagi",0,"Preventive OK",0,0,0,751
2025-04-29,"M-01","Siang",0,"Preventive OK",0,0,0,825
2025-04-29,"M-02","Malam",0,"Preventive OK",0,0,0,799
2025-04-29,"M-02","Pagi",1,"Bearing Failure",22,0,22,725
2025-04-29,"M-02","Siang",0,"Preventive OK",0,0,0,864
2025-04-29,"M-03","Malam",0,"Preventive OK",0,0,0,911
2025-04-29,"M-03","Pagi",0,"Preventive OK",0,0,0,701
2025-04-29,"M-03","Siang",0,"Preventive OK",0,0,0,783
2025-04-29,"M-04","Malam",1,"Bearing Failure",41,0,41,663
2025-04-29,"M-04","Pagi",0,"Preventive OK",0,0,0,731
2025-04-29,"M-04","Siang",0,"Preventive OK",0,0,0,803
2025-04-29,"M-05","Malam",0,"Preventive OK",0,0,0,444
2025-04-29,"M-05","Pagi",0,"Preventive OK",0,0,0,431
2025-04-29,"M-05","Siang",0,"Preventive OK",0,0,0,428
2025-04-29,"M-06","Malam",0,"Preventive OK",0,0,0,386
2025-04-29,"M-06","Pagi",0,"Preventive OK",0,0,0,411
2025-04-29,"M-06","Siang",0,"Preventive OK",0,0,0,409
2025-04-30,"M-01","Malam",0,"Preventive OK",0,0,0,809
2025-04-30,"M-01","Pagi",1,"Tool Wear",25,0,25,712
2025-04-30,"M-01","Siang",0,"Preventive OK",0,0,0,721
2025-04-30,"M-02","Malam",0,"Preventive OK",0,0,0,757
2025-04-30,"M-02","Pagi",0,"Preventive OK",0,0,0,858
2025-04-30,"M-02","Siang",0,"Preventive OK",0,0,0,800
2025-04-30,"M-03","Malam",0,"Preventive OK",0,0,0,865
2025-04-30,"M-03","Pagi",0,"Preventive OK",0,0,0,900
2025-04-30,"M-03","Siang",0,"Preventive OK",0,0,0,803
2025-04-30,"M-04","Malam",0,"Preventive OK",0,0,0,843
2025-04-30,"M-04","Pagi",0,"Preventive OK",0,0,0,735
2025-04-30,"M-04","Siang",0,"Preventive OK",0,0,0,857
2025-04-30,"M-05","Malam",0,"Preventive OK",0,0,0,434
2025-04-30,"M-05","Pagi",0,"Preventive OK",0,0,0,399
2025-04-30,"M-05","Siang",0,"Preventive OK",0,0,0,441
2025-04-30,"M-06","Malam",0,"Preventive OK",0,0,0,467
2025-04-30,"M-06","Pagi",0,"Preventive OK",0,0,0,404
2025-04-30,"M-06","Siang",0,"Preventive OK",0,0,0,401
2025-05-01,"M-01","Malam",0,"Preventive OK",0,0,0,814
2025-05-01,"M-01","Pagi",1,"Material Jam",26,0,26,778
2025-05-01,"M-01","Siang",0,"Preventive OK",0,0,0,816
2025-05-01,"M-02","Malam",0,"Preventive OK",0,0,0,800
2025-05-01,"M-02","Pagi",0,"Preventive OK",0,0,0,768
2025-05-01,"M-02","Siang",0,"Preventive OK",0,0,0,881
2025-05-01,"M-03","Malam",0,"Preventive OK",0,0,0,742
2025-05-01,"M-03","Pagi",0,"Preventive OK",0,0,0,796
2025-05-01,"M-03","Siang",1,"Tool Wear",13,0,13,808
2025-05-01,"M-04","Malam",0,"Preventive OK",0,0,0,791
2025-05-01,"M-04","Pagi",0,"Preventive OK",0,0,0,878
2025-05-01,"M-04","Siang",0,"Preventive OK",0,0,0,911
2025-05-01,"M-05","Malam",0,"Preventive OK",0,0,0,354
2025-05-01,"M-05","Pagi",0,"Preventive OK",0,0,0,442
2025-05-01,"M-05","Siang",0,"Preventive OK",0,0,0,448
2025-05-01,"M-06","Malam",0,"Preventive OK",0,0,0,413
2025-05-01,"M-06","Pagi",0,"Preventive OK",0,0,0,386
2025-05-01,"M-06","Siang",0,"Preventive OK",0,0,0,365
2025-05-02,"M-01","Malam",0,"Preventive OK",0,0,0,823
2025-05-02,"M-01","Pagi",0,"Preventive OK",0,0,0,910
2025-05-02,"M-01","Siang",0,"Preventive OK",0,0,0,740
2025-05-02,"M-02","Malam",0,"Preventive OK",0,0,0,819
2025-05-02,"M-02","Pagi",0,"Preventive OK",0,0,0,846
2025-05-02,"M-02","Siang",0,"Preventive OK",0,0,0,799
2025-05-02,"M-03","Malam",0,"Preventive OK",0,0,0,848
2025-05-02,"M-03","Pagi",0,"Preventive OK",0,0,0,799
2025-05-02,"M-03","Siang",0,"Preventive OK",0,0,0,866
2025-05-02,"M-04","Malam",1,"Bearing Failure",31,0,31,861
2025-05-02,"M-04","Pagi",0,"Preventive OK",0,0,0,762
2025-05-02,"M-04","Siang",0,"Preventive OK",0,0,0,910
2025-05-02,"M-05","Malam",0,"Preventive OK",0,0,0,443
2025-05-02,"M-05","Pagi",0,"Preventive OK",0,0,0,436
2025-05-02,"M-05","Siang",0,"Preventive OK",0,0,0,371
2025-05-02,"M-06","Malam",0,"Preventive OK",0,0,0,371
2025-05-02,"M-06","Pagi",0,"Preventive OK",0,0,0,422
2025-05-02,"M-06","Siang",0,"Preventive OK",0,0,0,410
2025-05-03,"M-01","Malam",0,"Preventive OK",0,0,0,816
2025-05-03,"M-01","Pagi",0,"Preventive OK",0,0,0,810
2025-05-03,"M-01","Siang",0,"Preventive OK",0,0,0,837
2025-05-03,"M-02","Malam",0,"Preventive OK",0,0,0,837
2025-05-03,"M-02","Pagi",0,"Preventive OK",0,0,0,778
2025-05-03,"M-02","Siang",0,"Preventive OK",0,0,0,789
2025-05-03,"M-03","Malam",0,"Preventive OK",0,0,0,844
2025-05-03,"M-03","Pagi",0,"Preventive OK",0,0,0,867
2025-05-03,"M-03","Siang",0,"Preventive OK",0,0,0,866
2025-05-03,"M-04","Malam",0,"Preventive OK",0,0,0,900
2025-05-03,"M-04","Pagi",0,"Preventive OK",0,0,0,825
2025-05-03,"M-04","Siang",0,"Preventive OK",0,0,0,661
2025-05-03,"M-05","Malam",0,"Preventive OK",0,0,0,421
2025-05-03,"M-05","Pagi",0,"Preventive OK",0,0,0,405
2025-05-03,"M-05","Siang",0,"Preventive OK",0,0,0,435
2025-05-03,"M-06","Malam",0,"Preventive OK",0,0,0,377
2025-05-03,"M-06","Pagi",0,"Preventive OK",0,0,0,431
2025-05-03,"M-06","Siang",0,"Preventive OK",0,0,0,359
2025-05-05,"M-01","Malam",0,"Preventive OK",0,30,30,847
2025-05-05,"M-01","Pagi",0,"Preventive OK",0,30,30,774
2025-05-05,"M-01","Siang",0,"Preventive OK",0,30,30,756
2025-05-05,"M-02","Malam",0,"Preventive OK",0,30,30,799
2025-05-05,"M-02","Pagi",0,"Preventive OK",0,30,30,818
2025-05-05,"M-02","Siang",0,"Preventive OK",0,30,30,889
2025-05-05,"M-03","Malam",1,"Setup & Adjust",20,30,50,814
2025-05-05,"M-03","Pagi",0,"Preventive OK",0,30,30,846
2025-05-05,"M-03","Siang",0,"Preventive OK",0,30,30,884
2025-05-05,"M-04","Malam",0,"Preventive OK",0,30,30,798
2025-05-05,"M-04","Pagi",0,"Preventive OK",0,30,30,786
2025-05-05,"M-04","Siang",1,"Kelistrikan",24,30,54,849
2025-05-05,"M-05","Malam",0,"Preventive OK",0,30,30,407
2025-05-05,"M-05","Pagi",0,"Preventive OK",0,30,30,382
2025-05-05,"M-05","Siang",0,"Preventive OK",0,30,30,343
2025-05-05,"M-06","Malam",0,"Preventive OK",0,30,30,441
2025-05-05,"M-06","Pagi",0,"Preventive OK",0,30,30,331
2025-05-05,"M-06","Siang",0,"Preventive OK",0,30,30,397
2025-05-06,"M-01","Malam",0,"Preventive OK",0,0,0,736
2025-05-06,"M-01","Pagi",0,"Preventive OK",0,0,0,879
2025-05-06,"M-01","Siang",0,"Preventive OK",0,0,0,694
2025-05-06,"M-02","Malam",0,"Preventive OK",0,0,0,783
2025-05-06,"M-02","Pagi",0,"Preventive OK",0,0,0,810
2025-05-06,"M-02","Siang",0,"Preventive OK",0,0,0,883
2025-05-06,"M-03","Malam",1,"Kelistrikan",33,0,33,781
2025-05-06,"M-03","Pagi",0,"Preventive OK",0,0,0,832
2025-05-06,"M-03","Siang",0,"Preventive OK",0,0,0,798
2025-05-06,"M-04","Malam",0,"Preventive OK",0,0,0,861
2025-05-06,"M-04","Pagi",0,"Preventive OK",0,0,0,777
2025-05-06,"M-04","Siang",0,"Preventive OK",0,0,0,842
2025-05-06,"M-05","Malam",0,"Preventive OK",0,0,0,368
2025-05-06,"M-05","Pagi",0,"Preventive OK",0,0,0,395
2025-05-06,"M-05","Siang",1,"Preventive OK",27,0,27,379
2025-05-06,"M-06","Malam",0,"Preventive OK",0,0,0,431
2025-05-06,"M-06","Pagi",0,"Preventive OK",0,0,0,426
2025-05-06,"M-06","Siang",0,"Preventive OK",0,0,0,389
2025-05-07,"M-01","Malam",1,"Bearing Failure",17,0,17,891
2025-05-07,"M-01","Pagi",1,"Setup & Adjust",24,0,24,741
2025-05-07,"M-01","Siang",0,"Preventive OK",0,0,0,660
2025-05-07,"M-02","Malam",0,"Preventive OK",0,0,0,906
2025-05-07,"M-02","Pagi",0,"Preventive OK",0,0,0,823
2025-05-07,"M-02","Siang",0,"Preventive OK",0,0,0,908
2025-05-07,"M-03","Malam",0,"Preventive OK",0,0,0,868
2025-05-07,"M-03","Pagi",0,"Preventive OK",0,0,0,710
2025-05-07,"M-03","Siang",0,"Preventive OK",0,0,0,856
2025-05-07,"M-04","Malam",0,"Preventive OK",0,0,0,754
2025-05-07,"M-04","Pagi",0,"Preventive OK",0,0,0,796
2025-05-07,"M-04","Siang",0,"Preventive OK",0,0,0,914
2025-05-07,"M-05","Malam",0,"Preventive OK",0,0,0,411
2025-05-07,"M-05","Pagi",0,"Preventive OK",0,0,0,401
2025-05-07,"M-05","Siang",0,"Preventive OK",0,0,0,390
2025-05-07,"M-06","Malam",0,"Preventive OK",0,0,0,412
2025-05-07,"M-06","Pagi",0,"Preventive OK",0,0,0,387
2025-05-07,"M-06","Siang",0,"Preventive OK",0,0,0,409
2025-05-08,"M-01","Malam",0,"Preventive OK",0,0,0,791
2025-05-08,"M-01","Pagi",0,"Preventive OK",0,0,0,730
2025-05-08,"M-01","Siang",0,"Preventive OK",0,0,0,783
2025-05-08,"M-02","Malam",1,"Tool Wear",31,0,31,806
2025-05-08,"M-02","Pagi",0,"Preventive OK",0,0,0,778
2025-05-08,"M-02","Siang",0,"Preventive OK",0,0,0,796
2025-05-08,"M-03","Malam",0,"Preventive OK",0,0,0,798
2025-05-08,"M-03","Pagi",0,"Preventive OK",0,0,0,728
2025-05-08,"M-03","Siang",0,"Preventive OK",0,0,0,725
2025-05-08,"M-04","Malam",0,"Preventive OK",0,0,0,838
2025-05-08,"M-04","Pagi",1,"Tool Wear",34,0,34,860
2025-05-08,"M-04","Siang",0,"Preventive OK",0,0,0,875
2025-05-08,"M-05","Malam",0,"Preventive OK",0,0,0,382
2025-05-08,"M-05","Pagi",0,"Preventive OK",0,0,0,414
2025-05-08,"M-05","Siang",0,"Preventive OK",0,0,0,426
2025-05-08,"M-06","Malam",0,"Preventive OK",0,0,0,375
2025-05-08,"M-06","Pagi",0,"Preventive OK",0,0,0,397
2025-05-08,"M-06","Siang",0,"Preventive OK",0,0,0,408
2025-05-09,"M-01","Malam",0,"Preventive OK",0,0,0,732
2025-05-09,"M-01","Pagi",0,"Preventive OK",0,0,0,905
2025-05-09,"M-01","Siang",0,"Preventive OK",0,0,0,985
2025-05-09,"M-02","Malam",1,"Bearing Failure",20,0,20,720
2025-05-09,"M-02","Pagi",0,"Preventive OK",0,0,0,857
2025-05-09,"M-02","Siang",0,"Preventive OK",0,0,0,921
2025-05-09,"M-03","Malam",0,"Preventive OK",0,0,0,817
2025-05-09,"M-03","Pagi",0,"Preventive OK",0,0,0,834
2025-05-09,"M-03","Siang",1,"Kelistrikan",23,0,23,752
2025-05-09,"M-04","Malam",0,"Preventive OK",0,0,0,765
2025-05-09,"M-04","Pagi",0,"Preventive OK",0,0,0,805
2025-05-09,"M-04","Siang",0,"Preventive OK",0,0,0,810
2025-05-09,"M-05","Malam",0,"Preventive OK",0,0,0,420
2025-05-09,"M-05","Pagi",0,"Preventive OK",0,0,0,421
2025-05-09,"M-05","Siang",0,"Preventive OK",0,0,0,389
2025-05-09,"M-06","Malam",0,"Preventive OK",0,0,0,415
2025-05-09,"M-06","Pagi",0,"Preventive OK",0,0,0,375
2025-05-09,"M-06","Siang",0,"Preventive OK",0,0,0,417
2025-05-10,"M-01","Malam",0,"Preventive OK",0,0,0,833
2025-05-10,"M-01","Pagi",0,"Preventive OK",0,0,0,773
2025-05-10,"M-01","Siang",0,"Preventive OK",0,0,0,819
2025-05-10,"M-02","Malam",0,"Preventive OK",0,0,0,834
2025-05-10,"M-02","Pagi",0,"Preventive OK",0,0,0,858
2025-05-10,"M-02","Siang",0,"Preventive OK",0,0,0,827
2025-05-10,"M-03","Malam",1,"Setup & Adjust",14,0,14,882
2025-05-10,"M-03","Pagi",0,"Preventive OK",0,0,0,725
2025-05-10,"M-03","Siang",0,"Preventive OK",0,0,0,887
2025-05-10,"M-04","Malam",0,"Preventive OK",0,0,0,863
2025-05-10,"M-04","Pagi",0,"Preventive OK",0,0,0,732
2025-05-10,"M-04","Siang",0,"Preventive OK",0,0,0,784
2025-05-10,"M-05","Malam",0,"Preventive OK",0,0,0,363
2025-05-10,"M-05","Pagi",0,"Preventive OK",0,0,0,365
2025-05-10,"M-05","Siang",0,"Preventive OK",0,0,0,377
2025-05-10,"M-06","Malam",0,"Preventive OK",0,0,0,451
2025-05-10,"M-06","Pagi",0,"Preventive OK",0,0,0,388
2025-05-10,"M-06","Siang",0,"Preventive OK",0,0,0,393
2025-05-12,"M-01","Malam",0,"Preventive OK",0,30,30,844
2025-05-12,"M-01","Pagi",0,"Preventive OK",0,30,30,871
2025-05-12,"M-01","Siang",0,"Preventive OK",0,30,30,753
2025-05-12,"M-02","Malam",1,"Bearing Failure",20,30,50,786
2025-05-12,"M-02","Pagi",0,"Preventive OK",0,30,30,815
2025-05-12,"M-02","Siang",0,"Preventive OK",0,30,30,887
2025-05-12,"M-03","Malam",0,"Preventive OK",0,30,30,881
2025-05-12,"M-03","Pagi",0,"Preventive OK",0,30,30,879
2025-05-12,"M-03","Siang",0,"Preventive OK",0,30,30,723
2025-05-12,"M-04","Malam",0,"Preventive OK",0,30,30,777
2025-05-12,"M-04","Pagi",0,"Preventive OK",0,30,30,764
2025-05-12,"M-04","Siang",0,"Preventive OK",0,30,30,809
2025-05-12,"M-05","Malam",0,"Preventive OK",0,30,30,400
2025-05-12,"M-05","Pagi",0,"Preventive OK",0,30,30,432
2025-05-12,"M-05","Siang",1,"Material Jam",15,30,45,383
2025-05-12,"M-06","Malam",0,"Preventive OK",0,30,30,443
2025-05-12,"M-06","Pagi",0,"Preventive OK",0,30,30,393
2025-05-12,"M-06","Siang",0,"Preventive OK",0,30,30,376
2025-05-13,"M-01","Malam",0,"Preventive OK",0,0,0,810
2025-05-13,"M-01","Pagi",0,"Preventive OK",0,0,0,901
2025-05-13,"M-01","Siang",0,"Preventive OK",0,0,0,810
2025-05-13,"M-02","Malam",1,"Kelistrikan",25,0,25,778
2025-05-13,"M-02","Pagi",0,"Preventive OK",0,0,0,932
2025-05-13,"M-02","Siang",0,"Preventive OK",0,0,0,884
2025-05-13,"M-03","Malam",0,"Preventive OK",0,0,0,831
2025-05-13,"M-03","Pagi",0,"Preventive OK",0,0,0,800
2025-05-13,"M-03","Siang",0,"Preventive OK",0,0,0,828
2025-05-13,"M-04","Malam",0,"Preventive OK",0,0,0,840
2025-05-13,"M-04","Pagi",0,"Preventive OK",0,0,0,684
2025-05-13,"M-04","Siang",0,"Preventive OK",0,0,0,875
2025-05-13,"M-05","Malam",0,"Preventive OK",0,0,0,403
2025-05-13,"M-05","Pagi",0,"Preventive OK",0,0,0,422
2025-05-13,"M-05","Siang",0,"Preventive OK",0,0,0,430
2025-05-13,"M-06","Malam",0,"Preventive OK",0,0,0,398
2025-05-13,"M-06","Pagi",0,"Preventive OK",0,0,0,413
2025-05-13,"M-06","Siang",0,"Preventive OK",0,0,0,400
2025-05-14,"M-01","Malam",0,"Preventive OK",0,0,0,849
2025-05-14,"M-01","Pagi",0,"Preventive OK",0,0,0,855
2025-05-14,"M-01","Siang",0,"Preventive OK",0,0,0,808
2025-05-14,"M-02","Malam",0,"Preventive OK",0,0,0,841
2025-05-14,"M-02","Pagi",0,"Preventive OK",0,0,0,731
2025-05-14,"M-02","Siang",0,"Preventive OK",0,0,0,831
2025-05-14,"M-03","Malam",0,"Preventive OK",0,0,0,904
2025-05-14,"M-03","Pagi",0,"Preventive OK",0,0,0,761
2025-05-14,"M-03","Siang",0,"Preventive OK",0,0,0,783
2025-05-14,"M-04","Malam",0,"Preventive OK",0,0,0,821
2025-05-14,"M-04","Pagi",0,"Preventive OK",0,0,0,801
2025-05-14,"M-04","Siang",0,"Preventive OK",0,0,0,839
2025-05-14,"M-05","Malam",0,"Preventive OK",0,0,0,390
2025-05-14,"M-05","Pagi",0,"Preventive OK",0,0,0,415
2025-05-14,"M-05","Siang",0,"Preventive OK",0,0,0,400
2025-05-14,"M-06","Malam",0,"Preventive OK",0,0,0,472
2025-05-14,"M-06","Pagi",0,"Preventive OK",0,0,0,375
2025-05-14,"M-06","Siang",0,"Preventive OK",0,0,0,471
2025-05-15,"M-01","Malam",0,"Preventive OK",0,0,0,767
2025-05-15,"M-01","Pagi",0,"Preventive OK",0,0,0,754
2025-05-15,"M-01","Siang",0,"Preventive OK",0,0,0,828
2025-05-15,"M-02","Malam",0,"Preventive OK",0,0,0,862
2025-05-15,"M-02","Pagi",1,"Kelistrikan",26,0,26,717
2025-05-15,"M-02","Siang",0,"Preventive OK",0,0,0,801
2025-05-15,"M-03","Malam",0,"Preventive OK",0,0,0,776
2025-05-15,"M-03","Pagi",0,"Preventive OK",0,0,0,851
2025-05-15,"M-03","Siang",0,"Preventive OK",0,0,0,720
2025-05-15,"M-04","Malam",0,"Preventive OK",0,0,0,802
2025-05-15,"M-04","Pagi",0,"Preventive OK",0,0,0,853
2025-05-15,"M-04","Siang",0,"Preventive OK",0,0,0,858
2025-05-15,"M-05","Malam",0,"Preventive OK",0,0,0,406
2025-05-15,"M-05","Pagi",0,"Preventive OK",0,0,0,394
2025-05-15,"M-05","Siang",0,"Preventive OK",0,0,0,395
2025-05-15,"M-06","Malam",0,"Preventive OK",0,0,0,425
2025-05-15,"M-06","Pagi",0,"Preventive OK",0,0,0,397
2025-05-15,"M-06","Siang",0,"Preventive OK",0,0,0,387
2025-05-16,"M-01","Malam",0,"Preventive OK",0,0,0,842
2025-05-16,"M-01","Pagi",0,"Preventive OK",0,0,0,812
2025-05-16,"M-01","Siang",0,"Preventive OK",0,0,0,782
2025-05-16,"M-02","Malam",0,"Preventive OK",0,0,0,939
2025-05-16,"M-02","Pagi",0,"Preventive OK",0,0,0,809
2025-05-16,"M-02","Siang",0,"Preventive OK",0,0,0,949
2025-05-16,"M-03","Malam",0,"Preventive OK",0,0,0,887
2025-05-16,"M-03","Pagi",0,"Preventive OK",0,0,0,906
2025-05-16,"M-03","Siang",0,"Preventive OK",0,0,0,741
2025-05-16,"M-04","Malam",0,"Preventive OK",0,0,0,871
2025-05-16,"M-04","Pagi",1,"Tool Wear",44,0,44,774
2025-05-16,"M-04","Siang",0,"Preventive OK",0,0,0,829
2025-05-16,"M-05","Malam",0,"Preventive OK",0,0,0,379
2025-05-16,"M-05","Pagi",0,"Preventive OK",0,0,0,416
2025-05-16,"M-05","Siang",0,"Preventive OK",0,0,0,443
2025-05-16,"M-06","Malam",0,"Preventive OK",0,0,0,406
2025-05-16,"M-06","Pagi",0,"Preventive OK",0,0,0,394
2025-05-16,"M-06","Siang",0,"Preventive OK",0,0,0,428
2025-05-17,"M-01","Malam",0,"Preventive OK",0,0,0,811
2025-05-17,"M-01","Pagi",0,"Preventive OK",0,0,0,847
2025-05-17,"M-01","Siang",0,"Preventive OK",0,0,0,881
2025-05-17,"M-02","Malam",0,"Preventive OK",0,0,0,868
2025-05-17,"M-02","Pagi",1,"Bearing Failure",29,0,29,759
2025-05-17,"M-02","Siang",0,"Preventive OK",0,0,0,803
2025-05-17,"M-03","Malam",0,"Preventive OK",0,0,0,803
2025-05-17,"M-03","Pagi",0,"Preventive OK",0,0,0,853
2025-05-17,"M-03","Siang",0,"Preventive OK",0,0,0,888
2025-05-17,"M-04","Malam",0,"Preventive OK",0,0,0,785
2025-05-17,"M-04","Pagi",0,"Preventive OK",0,0,0,870
2025-05-17,"M-04","Siang",0,"Preventive OK",0,0,0,915
2025-05-17,"M-05","Malam",0,"Preventive OK",0,0,0,395
2025-05-17,"M-05","Pagi",0,"Preventive OK",0,0,0,393
2025-05-17,"M-05","Siang",0,"Preventive OK",0,0,0,416
2025-05-17,"M-06","Malam",0,"Preventive OK",0,0,0,445
2025-05-17,"M-06","Pagi",0,"Preventive OK",0,0,0,412
2025-05-17,"M-06","Siang",0,"Preventive OK",0,0,0,420
2025-05-19,"M-01","Malam",0,"Preventive OK",0,30,30,817
2025-05-19,"M-01","Pagi",0,"Preventive OK",0,30,30,783
2025-05-19,"M-01","Siang",0,"Preventive OK",0,30,30,811
2025-05-19,"M-02","Malam",0,"Preventive OK",0,30,30,675
2025-05-19,"M-02","Pagi",0,"Preventive OK",0,30,30,784
2025-05-19,"M-02","Siang",0,"Preventive OK",0,30,30,800
2025-05-19,"M-03","Malam",0,"Preventive OK",0,30,30,821
2025-05-19,"M-03","Pagi",0,"Preventive OK",0,30,30,730
2025-05-19,"M-03","Siang",0,"Preventive OK",0,30,30,795
2025-05-19,"M-04","Malam",0,"Preventive OK",0,30,30,744
2025-05-19,"M-04","Pagi",1,"Bearing Failure",30,30,60,723
2025-05-19,"M-04","Siang",0,"Preventive OK",0,30,30,870
2025-05-19,"M-05","Malam",0,"Preventive OK",0,30,30,383
2025-05-19,"M-05","Pagi",0,"Preventive OK",0,30,30,416
2025-05-19,"M-05","Siang",0,"Preventive OK",0,30,30,357
2025-05-19,"M-06","Malam",0,"Preventive OK",0,30,30,400
2025-05-19,"M-06","Pagi",0,"Preventive OK",0,30,30,486
2025-05-19,"M-06","Siang",0,"Preventive OK",0,30,30,404
2025-05-20,"M-01","Malam",0,"Preventive OK",0,0,0,698
2025-05-20,"M-01","Pagi",0,"Preventive OK",0,0,0,746
2025-05-20,"M-01","Siang",0,"Preventive OK",0,0,0,797
2025-05-20,"M-02","Malam",0,"Preventive OK",0,0,0,779
2025-05-20,"M-02","Pagi",0,"Preventive OK",0,0,0,833
2025-05-20,"M-02","Siang",1,"Bearing Failure",31,0,31,787
2025-05-20,"M-03","Malam",0,"Preventive OK",0,0,0,824
2025-05-20,"M-03","Pagi",0,"Preventive OK",0,0,0,846
2025-05-20,"M-03","Siang",1,"Bearing Failure",27,0,27,854
2025-05-20,"M-04","Malam",0,"Preventive OK",0,0,0,842
2025-05-20,"M-04","Pagi",0,"Preventive OK",0,0,0,948
2025-05-20,"M-04","Siang",0,"Preventive OK",0,0,0,770
2025-05-20,"M-05","Malam",0,"Preventive OK",0,0,0,423
2025-05-20,"M-05","Pagi",0,"Preventive OK",0,0,0,467
2025-05-20,"M-05","Siang",0,"Preventive OK",0,0,0,379
2025-05-20,"M-06","Malam",0,"Preventive OK",0,0,0,396
2025-05-20,"M-06","Pagi",0,"Preventive OK",0,0,0,359
2025-05-20,"M-06","Siang",0,"Preventive OK",0,0,0,418
2025-05-21,"M-01","Malam",0,"Preventive OK",0,0,0,834
2025-05-21,"M-01","Pagi",0,"Preventive OK",0,0,0,801
2025-05-21,"M-01","Siang",0,"Preventive OK",0,0,0,782
2025-05-21,"M-02","Malam",0,"Preventive OK",0,0,0,784
2025-05-21,"M-02","Pagi",0,"Preventive OK",0,0,0,846
2025-05-21,"M-02","Siang",0,"Preventive OK",0,0,0,776
2025-05-21,"M-03","Malam",0,"Preventive OK",0,0,0,855
2025-05-21,"M-03","Pagi",0,"Preventive OK",0,0,0,833
2025-05-21,"M-03","Siang",0,"Preventive OK",0,0,0,818
2025-05-21,"M-04","Malam",0,"Preventive OK",0,0,0,821
2025-05-21,"M-04","Pagi",0,"Preventive OK",0,0,0,853
2025-05-21,"M-04","Siang",0,"Preventive OK",0,0,0,921
2025-05-21,"M-05","Malam",1,"Bearing Failure",16,0,16,383
2025-05-21,"M-05","Pagi",0,"Preventive OK",0,0,0,426
2025-05-21,"M-05","Siang",1,"Bearing Failure",20,0,20,400
2025-05-21,"M-06","Malam",0,"Preventive OK",0,0,0,423
2025-05-21,"M-06","Pagi",0,"Preventive OK",0,0,0,413
2025-05-21,"M-06","Siang",0,"Preventive OK",0,0,0,419
2025-05-22,"M-01","Malam",0,"Preventive OK",0,0,0,809
2025-05-22,"M-01","Pagi",0,"Preventive OK",0,0,0,840
2025-05-22,"M-01","Siang",0,"Preventive OK",0,0,0,810
2025-05-22,"M-02","Malam",0,"Preventive OK",0,0,0,854
2025-05-22,"M-02","Pagi",0,"Preventive OK",0,0,0,803
2025-05-22,"M-02","Siang",0,"Preventive OK",0,0,0,842
2025-05-22,"M-03","Malam",0,"Preventive OK",0,0,0,823
2025-05-22,"M-03","Pagi",0,"Preventive OK",0,0,0,800
2025-05-22,"M-03","Siang",0,"Preventive OK",0,0,0,785
2025-05-22,"M-04","Malam",0,"Preventive OK",0,0,0,832
2025-05-22,"M-04","Pagi",0,"Preventive OK",0,0,0,803
2025-05-22,"M-04","Siang",0,"Preventive OK",0,0,0,867
2025-05-22,"M-05","Malam",0,"Preventive OK",0,0,0,387
2025-05-22,"M-05","Pagi",0,"Preventive OK",0,0,0,376
2025-05-22,"M-05","Siang",0,"Preventive OK",0,0,0,459
2025-05-22,"M-06","Malam",0,"Preventive OK",0,0,0,417
2025-05-22,"M-06","Pagi",0,"Preventive OK",0,0,0,403
2025-05-22,"M-06","Siang",0,"Preventive OK",0,0,0,404
2025-05-23,"M-01","Malam",0,"Preventive OK",0,0,0,865
2025-05-23,"M-01","Pagi",0,"Preventive OK",0,0,0,835
2025-05-23,"M-01","Siang",0,"Preventive OK",0,0,0,861
2025-05-23,"M-02","Malam",0,"Preventive OK",0,0,0,897
2025-05-23,"M-02","Pagi",0,"Preventive OK",0,0,0,820
2025-05-23,"M-02","Siang",1,"Bearing Failure",26,0,26,746
2025-05-23,"M-03","Malam",0,"Preventive OK",0,0,0,738
2025-05-23,"M-03","Pagi",0,"Preventive OK",0,0,0,860
2025-05-23,"M-03","Siang",0,"Preventive OK",0,0,0,747
2025-05-23,"M-04","Malam",0,"Preventive OK",0,0,0,797
2025-05-23,"M-04","Pagi",0,"Preventive OK",0,0,0,848
2025-05-23,"M-04","Siang",1,"Tool Wear",19,0,19,825
2025-05-23,"M-05","Malam",0,"Preventive OK",0,0,0,425
2025-05-23,"M-05","Pagi",0,"Preventive OK",0,0,0,401
2025-05-23,"M-05","Siang",0,"Preventive OK",0,0,0,422
2025-05-23,"M-06","Malam",0,"Preventive OK",0,0,0,414
2025-05-23,"M-06","Pagi",0,"Preventive OK",0,0,0,409
2025-05-23,"M-06","Siang",0,"Preventive OK",0,0,0,411
2025-05-24,"M-01","Malam",0,"Preventive OK",0,0,0,763
2025-05-24,"M-01","Pagi",0,"Preventive OK",0,0,0,781
2025-05-24,"M-01","Siang",0,"Preventive OK",0,0,0,869
2025-05-24,"M-02","Malam",0,"Preventive OK",0,0,0,884
2025-05-24,"M-02","Pagi",0,"Preventive OK",0,0,0,750
2025-05-24,"M-02","Siang",0,"Preventive OK",0,0,0,811
2025-05-24,"M-03","Malam",1,"Tool Wear",10,0,10,795
2025-05-24,"M-03","Pagi",0,"Preventive OK",0,0,0,781
2025-05-24,"M-03","Siang",1,"Material Jam",18,0,18,816
2025-05-24,"M-04","Malam",1,"Bearing Failure",30,0,30,803
2025-05-24,"M-04","Pagi",0,"Preventive OK",0,0,0,832
2025-05-24,"M-04","Siang",0,"Preventive OK",0,0,0,774
2025-05-24,"M-05","Malam",0,"Preventive OK",0,0,0,379
2025-05-24,"M-05","Pagi",0,"Preventive OK",0,0,0,384
2025-05-24,"M-05","Siang",0,"Preventive OK",0,0,0,407
2025-05-24,"M-06","Malam",0,"Preventive OK",0,0,0,396
2025-05-24,"M-06","Pagi",0,"Preventive OK",0,0,0,497
2025-05-24,"M-06","Siang",0,"Preventive OK",0,0,0,359
2025-05-26,"M-01","Malam",0,"Preventive OK",0,30,30,831
2025-05-26,"M-01","Pagi",0,"Preventive OK",0,30,30,813
2025-05-26,"M-01","Siang",0,"Preventive OK",0,30,30,803
2025-05-26,"M-02","Malam",0,"Preventive OK",0,30,30,889
2025-05-26,"M-02","Pagi",0,"Preventive OK",0,30,30,800
2025-05-26,"M-02","Siang",0,"Preventive OK",0,30,30,776
2025-05-26,"M-03","Malam",0,"Preventive OK",0,30,30,790
2025-05-26,"M-03","Pagi",0,"Preventive OK",0,30,30,754
2025-05-26,"M-03","Siang",0,"Preventive OK",0,30,30,761
2025-05-26,"M-04","Malam",0,"Preventive OK",0,30,30,908
2025-05-26,"M-04","Pagi",0,"Preventive OK",0,30,30,755
2025-05-26,"M-04","Siang",0,"Preventive OK",0,30,30,884
2025-05-26,"M-05","Malam",0,"Preventive OK",0,30,30,393
2025-05-26,"M-05","Pagi",0,"Preventive OK",0,30,30,350
2025-05-26,"M-05","Siang",0,"Preventive OK",0,30,30,410
2025-05-26,"M-06","Malam",0,"Preventive OK",0,30,30,448
2025-05-26,"M-06","Pagi",0,"Preventive OK",0,30,30,386
2025-05-26,"M-06","Siang",0,"Preventive OK",0,30,30,372
2025-05-27,"M-01","Malam",0,"Preventive OK",0,0,0,737
2025-05-27,"M-01","Pagi",0,"Preventive OK",0,0,0,813
2025-05-27,"M-01","Siang",0,"Preventive OK",0,0,0,824
2025-05-27,"M-02","Malam",0,"Preventive OK",0,0,0,808
2025-05-27,"M-02","Pagi",0,"Preventive OK",0,0,0,900
2025-05-27,"M-02","Siang",0,"Preventive OK",0,0,0,877
2025-05-27,"M-03","Malam",0,"Preventive OK",0,0,0,832
2025-05-27,"M-03","Pagi",0,"Preventive OK",0,0,0,919
2025-05-27,"M-03","Siang",0,"Preventive OK",0,0,0,864
2025-05-27,"M-04","Malam",1,"Tool Wear",36,0,36,765
2025-05-27,"M-04","Pagi",0,"Preventive OK",0,0,0,862
2025-05-27,"M-04","Siang",0,"Preventive OK",0,0,0,783
2025-05-27,"M-05","Malam",0,"Preventive OK",0,0,0,456
2025-05-27,"M-05","Pagi",0,"Preventive OK",0,0,0,386
2025-05-27,"M-05","Siang",0,"Preventive OK",0,0,0,411
2025-05-27,"M-06","Malam",0,"Preventive OK",0,0,0,428
2025-05-27,"M-06","Pagi",0,"Preventive OK",0,0,0,420
2025-05-27,"M-06","Siang",0,"Preventive OK",0,0,0,433
2025-05-28,"M-01","Malam",0,"Preventive OK",0,0,0,897
2025-05-28,"M-01","Pagi",0,"Preventive OK",0,0,0,772
2025-05-28,"M-01","Siang",0,"Preventive OK",0,0,0,923
2025-05-28,"M-02","Malam",0,"Preventive OK",0,0,0,769
2025-05-28,"M-02","Pagi",0,"Preventive OK",0,0,0,771
2025-05-28,"M-02","Siang",0,"Preventive OK",0,0,0,840
2025-05-28,"M-03","Malam",0,"Preventive OK",0,0,0,805
2025-05-28,"M-03","Pagi",0,"Preventive OK",0,0,0,826
2025-05-28,"M-03","Siang",0,"Preventive OK",0,0,0,918
2025-05-28,"M-04","Malam",0,"Preventive OK",0,0,0,832
2025-05-28,"M-04","Pagi",0,"Preventive OK",0,0,0,817
2025-05-28,"M-04","Siang",0,"Preventive OK",0,0,0,818
2025-05-28,"M-05","Malam",0,"Preventive OK",0,0,0,436
2025-05-28,"M-05","Pagi",0,"Preventive OK",0,0,0,425
2025-05-28,"M-05","Siang",0,"Preventive OK",0,0,0,361
2025-05-28,"M-06","Malam",0,"Preventive OK",0,0,0,366
2025-05-28,"M-06","Pagi",0,"Preventive OK",0,0,0,391
2025-05-28,"M-06","Siang",0,"Preventive OK",0,0,0,391
2025-05-29,"M-01","Malam",0,"Preventive OK",0,0,0,786
2025-05-29,"M-01","Pagi",0,"Preventive OK",0,0,0,822
2025-05-29,"M-01","Siang",0,"Preventive OK",0,0,0,802
2025-05-29,"M-02","Malam",0,"Preventive OK",0,0,0,810
2025-05-29,"M-02","Pagi",1,"Bearing Failure",38,0,38,819
2025-05-29,"M-02","Siang",0,"Preventive OK",0,0,0,803
2025-05-29,"M-03","Malam",0,"Preventive OK",0,0,0,765
2025-05-29,"M-03","Pagi",0,"Preventive OK",0,0,0,797
2025-05-29,"M-03","Siang",0,"Preventive OK",0,0,0,834
2025-05-29,"M-04","Malam",0,"Preventive OK",0,0,0,806
2025-05-29,"M-04","Pagi",0,"Preventive OK",0,0,0,776
2025-05-29,"M-04","Siang",0,"Preventive OK",0,0,0,788
2025-05-29,"M-05","Malam",0,"Preventive OK",0,0,0,414
2025-05-29,"M-05","Pagi",1,"Material Jam",18,0,18,443
2025-05-29,"M-05","Siang",0,"Preventive OK",0,0,0,487
2025-05-29,"M-06","Malam",0,"Preventive OK",0,0,0,394
2025-05-29,"M-06","Pagi",0,"Preventive OK",0,0,0,419
2025-05-29,"M-06","Siang",0,"Preventive OK",0,0,0,394
2025-05-30,"M-01","Malam",0,"Preventive OK",0,0,0,776
2025-05-30,"M-01","Pagi",0,"Preventive OK",0,0,0,736
2025-05-30,"M-01","Siang",0,"Preventive OK",0,0,0,813
2025-05-30,"M-02","Malam",1,"Kelistrikan",52,0,52,810
2025-05-30,"M-02","Pagi",0,"Preventive OK",0,0,0,809
2025-05-30,"M-02","Siang",0,"Preventive OK",0,0,0,808
2025-05-30,"M-03","Malam",0,"Preventive OK",0,0,0,893
2025-05-30,"M-03","Pagi",0,"Preventive OK",0,0,0,915
2025-05-30,"M-03","Siang",0,"Preventive OK",0,0,0,677
2025-05-30,"M-04","Malam",0,"Preventive OK",0,0,0,763
2025-05-30,"M-04","Pagi",0,"Preventive OK",0,0,0,748
2025-05-30,"M-04","Siang",0,"Preventive OK",0,0,0,784
2025-05-30,"M-05","Malam",0,"Preventive OK",0,0,0,412
2025-05-30,"M-05","Pagi",0,"Preventive OK",0,0,0,372
2025-05-30,"M-05","Siang",0,"Preventive OK",0,0,0,396
2025-05-30,"M-06","Malam",0,"Preventive OK",0,0,0,427
2025-05-30,"M-06","Pagi",0,"Preventive OK",0,0,0,419
2025-05-30,"M-06","Siang",0,"Preventive OK",0,0,0,417
2025-05-31,"M-01","Malam",0,"Preventive OK",0,0,0,825
2025-05-31,"M-01","Pagi",0,"Preventive OK",0,0,0,922
2025-05-31,"M-01","Siang",0,"Preventive OK",0,0,0,738
2025-05-31,"M-02","Malam",0,"Preventive OK",0,0,0,790
2025-05-31,"M-02","Pagi",0,"Preventive OK",0,0,0,788
2025-05-31,"M-02","Siang",0,"Preventive OK",0,0,0,871
2025-05-31,"M-03","Malam",0,"Preventive OK",0,0,0,820
2025-05-31,"M-03","Pagi",0,"Preventive OK",0,0,0,760
2025-05-31,"M-03","Siang",0,"Preventive OK",0,0,0,760
2025-05-31,"M-04","Malam",0,"Preventive OK",0,0,0,847
2025-05-31,"M-04","Pagi",0,"Preventive OK",0,0,0,957
2025-05-31,"M-04","Siang",0,"Preventive OK",0,0,0,929
2025-05-31,"M-05","Malam",0,"Preventive OK",0,0,0,455
2025-05-31,"M-05","Pagi",0,"Preventive OK",0,0,0,404
2025-05-31,"M-05","Siang",0,"Preventive OK",0,0,0,421
2025-05-31,"M-06","Malam",0,"Preventive OK",0,0,0,414
2025-05-31,"M-06","Pagi",0,"Preventive OK",0,0,0,366
2025-05-31,"M-06","Siang",0,"Preventive OK",0,0,0,441
2025-06-02,"M-01","Malam",0,"Preventive OK",0,30,30,760
2025-06-02,"M-01","Pagi",0,"Preventive OK",0,30,30,941
2025-06-02,"M-01","Siang",0,"Preventive OK",0,30,30,957
2025-06-02,"M-02","Malam",0,"Preventive OK",0,30,30,746
2025-06-02,"M-02","Pagi",0,"Preventive OK",0,30,30,819
2025-06-02,"M-02","Siang",0,"Preventive OK",0,30,30,901
2025-06-02,"M-03","Malam",0,"Preventive OK",0,30,30,851
2025-06-02,"M-03","Pagi",0,"Preventive OK",0,30,30,783
2025-06-02,"M-03","Siang",0,"Preventive OK",0,30,30,828
2025-06-02,"M-04","Malam",1,"Bearing Failure",18,30,48,761
2025-06-02,"M-04","Pagi",0,"Preventive OK",0,30,30,729
2025-06-02,"M-04","Siang",0,"Preventive OK",0,30,30,753
2025-06-02,"M-05","Malam",0,"Preventive OK",0,30,30,390
2025-06-02,"M-05","Pagi",0,"Preventive OK",0,30,30,441
2025-06-02,"M-05","Siang",0,"Preventive OK",0,30,30,389
2025-06-02,"M-06","Malam",0,"Preventive OK",0,30,30,435
2025-06-02,"M-06","Pagi",0,"Preventive OK",0,30,30,437
2025-06-02,"M-06","Siang",0,"Preventive OK",0,30,30,348
2025-06-03,"M-01","Malam",0,"Preventive OK",0,0,0,773
2025-06-03,"M-01","Pagi",0,"Preventive OK",0,0,0,783
2025-06-03,"M-01","Siang",0,"Preventive OK",0,0,0,768
2025-06-03,"M-02","Malam",0,"Preventive OK",0,0,0,687
2025-06-03,"M-02","Pagi",0,"Preventive OK",0,0,0,761
2025-06-03,"M-02","Siang",0,"Preventive OK",0,0,0,749
2025-06-03,"M-03","Malam",0,"Preventive OK",0,0,0,770
2025-06-03,"M-03","Pagi",0,"Preventive OK",0,0,0,875
2025-06-03,"M-03","Siang",0,"Preventive OK",0,0,0,768
2025-06-03,"M-04","Malam",0,"Preventive OK",0,0,0,761
2025-06-03,"M-04","Pagi",0,"Preventive OK",0,0,0,909
2025-06-03,"M-04","Siang",1,"Bearing Failure",20,0,20,833
2025-06-03,"M-05","Malam",1,"Bearing Failure",27,0,27,425
2025-06-03,"M-05","Pagi",1,"Bearing Failure",15,0,15,380
2025-06-03,"M-05","Siang",0,"Preventive OK",0,0,0,447
2025-06-03,"M-06","Malam",0,"Preventive OK",0,0,0,406
2025-06-03,"M-06","Pagi",0,"Preventive OK",0,0,0,432
2025-06-03,"M-06","Siang",0,"Preventive OK",0,0,0,424
2025-06-04,"M-01","Malam",1,"Setup & Adjust",38,0,38,756
2025-06-04,"M-01","Pagi",0,"Preventive OK",0,0,0,891
2025-06-04,"M-01","Siang",0,"Preventive OK",0,0,0,746
2025-06-04,"M-02","Malam",0,"Preventive OK",0,0,0,819
2025-06-04,"M-02","Pagi",0,"Preventive OK",0,0,0,829
2025-06-04,"M-02","Siang",0,"Preventive OK",0,0,0,851
2025-06-04,"M-03","Malam",0,"Preventive OK",0,0,0,850
2025-06-04,"M-03","Pagi",0,"Preventive OK",0,0,0,759
2025-06-04,"M-03","Siang",0,"Preventive OK",0,0,0,793
2025-06-04,"M-04","Malam",0,"Preventive OK",0,0,0,811
2025-06-04,"M-04","Pagi",0,"Preventive OK",0,0,0,852
2025-06-04,"M-04","Siang",1,"Kelistrikan",29,0,29,731
2025-06-04,"M-05","Malam",0,"Preventive OK",0,0,0,383
2025-06-04,"M-05","Pagi",0,"Preventive OK",0,0,0,333
2025-06-04,"M-05","Siang",0,"Preventive OK",0,0,0,435
2025-06-04,"M-06","Malam",0,"Preventive OK",0,0,0,426
2025-06-04,"M-06","Pagi",0,"Preventive OK",0,0,0,373
2025-06-04,"M-06","Siang",0,"Preventive OK",0,0,0,407
2025-06-05,"M-01","Malam",0,"Preventive OK",0,0,0,719
2025-06-05,"M-01","Pagi",0,"Preventive OK",0,0,0,799
2025-06-05,"M-01","Siang",0,"Preventive OK",0,0,0,884
2025-06-05,"M-02","Malam",0,"Preventive OK",0,0,0,875
2025-06-05,"M-02","Pagi",0,"Preventive OK",0,0,0,719
2025-06-05,"M-02","Siang",0,"Preventive OK",0,0,0,879
2025-06-05,"M-03","Malam",0,"Preventive OK",0,0,0,899
2025-06-05,"M-03","Pagi",0,"Preventive OK",0,0,0,762
2025-06-05,"M-03","Siang",0,"Preventive OK",0,0,0,890
2025-06-05,"M-04","Malam",0,"Preventive OK",0,0,0,927
2025-06-05,"M-04","Pagi",0,"Preventive OK",0,0,0,767
2025-06-05,"M-04","Siang",0,"Preventive OK",0,0,0,853
2025-06-05,"M-05","Malam",0,"Preventive OK",0,0,0,387
2025-06-05,"M-05","Pagi",0,"Preventive OK",0,0,0,393
2025-06-05,"M-05","Siang",0,"Preventive OK",0,0,0,378
2025-06-05,"M-06","Malam",1,"Setup & Adjust",20,0,20,401
2025-06-05,"M-06","Pagi",0,"Preventive OK",0,0,0,381
2025-06-05,"M-06","Siang",0,"Preventive OK",0,0,0,419
2025-06-06,"M-01","Malam",0,"Preventive OK",0,0,0,845
2025-06-06,"M-01","Pagi",0,"Preventive OK",0,0,0,835
2025-06-06,"M-01","Siang",0,"Preventive OK",0,0,0,837
2025-06-06,"M-02","Malam",0,"Preventive OK",0,0,0,844
2025-06-06,"M-02","Pagi",0,"Preventive OK",0,0,0,778
2025-06-06,"M-02","Siang",0,"Preventive OK",0,0,0,789
2025-06-06,"M-03","Malam",0,"Preventive OK",0,0,0,856
2025-06-06,"M-03","Pagi",0,"Preventive OK",0,0,0,775
2025-06-06,"M-03","Siang",0,"Preventive OK",0,0,0,827
2025-06-06,"M-04","Malam",0,"Preventive OK",0,0,0,766
2025-06-06,"M-04","Pagi",0,"Preventive OK",0,0,0,855
2025-06-06,"M-04","Siang",0,"Preventive OK",0,0,0,881
2025-06-06,"M-05","Malam",0,"Preventive OK",0,0,0,435
2025-06-06,"M-05","Pagi",0,"Preventive OK",0,0,0,405
2025-06-06,"M-05","Siang",0,"Preventive OK",0,0,0,432
2025-06-06,"M-06","Malam",0,"Preventive OK",0,0,0,414
2025-06-06,"M-06","Pagi",0,"Preventive OK",0,0,0,425
2025-06-06,"M-06","Siang",0,"Preventive OK",0,0,0,415
2025-06-07,"M-01","Malam",0,"Preventive OK",0,0,0,817
2025-06-07,"M-01","Pagi",0,"Preventive OK",0,0,0,821
2025-06-07,"M-01","Siang",0,"Preventive OK",0,0,0,720
2025-06-07,"M-02","Malam",0,"Preventive OK",0,0,0,851
2025-06-07,"M-02","Pagi",0,"Preventive OK",0,0,0,840
2025-06-07,"M-02","Siang",0,"Preventive OK",0,0,0,763
2025-06-07,"M-03","Malam",0,"Preventive OK",0,0,0,794
2025-06-07,"M-03","Pagi",0,"Preventive OK",0,0,0,933
2025-06-07,"M-03","Siang",0,"Preventive OK",0,0,0,774
2025-06-07,"M-04","Malam",0,"Preventive OK",0,0,0,794
2025-06-07,"M-04","Pagi",0,"Preventive OK",0,0,0,825
2025-06-07,"M-04","Siang",0,"Preventive OK",0,0,0,836
2025-06-07,"M-05","Malam",0,"Preventive OK",0,0,0,426
2025-06-07,"M-05","Pagi",0,"Preventive OK",0,0,0,412
2025-06-07,"M-05","Siang",0,"Preventive OK",0,0,0,450
2025-06-07,"M-06","Malam",0,"Preventive OK",0,0,0,409
2025-06-07,"M-06","Pagi",0,"Preventive OK",0,0,0,408
2025-06-07,"M-06","Siang",0,"Preventive OK",0,0,0,423
2025-06-09,"M-01","Malam",0,"Preventive OK",0,30,30,757
2025-06-09,"M-01","Pagi",0,"Preventive OK",0,30,30,884
2025-06-09,"M-01","Siang",0,"Preventive OK",0,30,30,784
2025-06-09,"M-02","Malam",0,"Preventive OK",0,30,30,735
2025-06-09,"M-02","Pagi",0,"Preventive OK",0,30,30,773
2025-06-09,"M-02","Siang",0,"Preventive OK",0,30,30,786
2025-06-09,"M-03","Malam",0,"Preventive OK",0,30,30,796
2025-06-09,"M-03","Pagi",0,"Preventive OK",0,30,30,866
2025-06-09,"M-03","Siang",0,"Preventive OK",0,30,30,833
2025-06-09,"M-04","Malam",0,"Preventive OK",0,30,30,815
2025-06-09,"M-04","Pagi",0,"Preventive OK",0,30,30,802
2025-06-09,"M-04","Siang",0,"Preventive OK",0,30,30,776
2025-06-09,"M-05","Malam",0,"Preventive OK",0,30,30,429
2025-06-09,"M-05","Pagi",0,"Preventive OK",0,30,30,389
2025-06-09,"M-05","Siang",0,"Preventive OK",0,30,30,382
2025-06-09,"M-06","Malam",0,"Preventive OK",0,30,30,450
2025-06-09,"M-06","Pagi",0,"Preventive OK",0,30,30,407
2025-06-09,"M-06","Siang",0,"Preventive OK",0,30,30,450
2025-06-10,"M-01","Malam",0,"Preventive OK",0,0,0,803
2025-06-10,"M-01","Pagi",0,"Preventive OK",0,0,0,792
2025-06-10,"M-01","Siang",0,"Preventive OK",0,0,0,756
2025-06-10,"M-02","Malam",0,"Preventive OK",0,0,0,917
2025-06-10,"M-02","Pagi",1,"Tool Wear",20,0,20,808
2025-06-10,"M-02","Siang",1,"Tool Wear",35,0,35,809
2025-06-10,"M-03","Malam",0,"Preventive OK",0,0,0,759
2025-06-10,"M-03","Pagi",0,"Preventive OK",0,0,0,765
2025-06-10,"M-03","Siang",0,"Preventive OK",0,0,0,738
2025-06-10,"M-04","Malam",0,"Preventive OK",0,0,0,810
2025-06-10,"M-04","Pagi",0,"Preventive OK",0,0,0,759
2025-06-10,"M-04","Siang",0,"Preventive OK",0,0,0,773
2025-06-10,"M-05","Malam",0,"Preventive OK",0,0,0,407
2025-06-10,"M-05","Pagi",0,"Preventive OK",0,0,0,439
2025-06-10,"M-05","Siang",0,"Preventive OK",0,0,0,390
2025-06-10,"M-06","Malam",0,"Preventive OK",0,0,0,348
2025-06-10,"M-06","Pagi",0,"Preventive OK",0,0,0,412
2025-06-10,"M-06","Siang",0,"Preventive OK",0,0,0,395
2025-06-11,"M-01","Malam",0,"Preventive OK",0,0,0,799
2025-06-11,"M-01","Pagi",0,"Preventive OK",0,0,0,783
2025-06-11,"M-01","Siang",0,"Preventive OK",0,0,0,858
2025-06-11,"M-02","Malam",0,"Preventive OK",0,0,0,716
2025-06-11,"M-02","Pagi",0,"Preventive OK",0,0,0,743
2025-06-11,"M-02","Siang",0,"Preventive OK",0,0,0,795
2025-06-11,"M-03","Malam",0,"Preventive OK",0,0,0,756
2025-06-11,"M-03","Pagi",0,"Preventive OK",0,0,0,837
2025-06-11,"M-03","Siang",0,"Preventive OK",0,0,0,854
2025-06-11,"M-04","Malam",0,"Preventive OK",0,0,0,834
2025-06-11,"M-04","Pagi",0,"Preventive OK",0,0,0,766
2025-06-11,"M-04","Siang",1,"Bearing Failure",27,0,27,762
2025-06-11,"M-05","Malam",1,"Kelistrikan",31,0,31,365
2025-06-11,"M-05","Pagi",0,"Preventive OK",0,0,0,403
2025-06-11,"M-05","Siang",0,"Preventive OK",0,0,0,419
2025-06-11,"M-06","Malam",0,"Preventive OK",0,0,0,393
2025-06-11,"M-06","Pagi",0,"Preventive OK",0,0,0,391
2025-06-11,"M-06","Siang",0,"Preventive OK",0,0,0,412
2025-06-12,"M-01","Malam",0,"Preventive OK",0,0,0,812
2025-06-12,"M-01","Pagi",0,"Preventive OK",0,0,0,901
2025-06-12,"M-01","Siang",0,"Preventive OK",0,0,0,772
2025-06-12,"M-02","Malam",0,"Preventive OK",0,0,0,758
2025-06-12,"M-02","Pagi",0,"Preventive OK",0,0,0,889
2025-06-12,"M-02","Siang",0,"Preventive OK",0,0,0,838
2025-06-12,"M-03","Malam",0,"Preventive OK",0,0,0,848
2025-06-12,"M-03","Pagi",0,"Preventive OK",0,0,0,773
2025-06-12,"M-03","Siang",0,"Preventive OK",0,0,0,751
2025-06-12,"M-04","Malam",0,"Preventive OK",0,0,0,831
2025-06-12,"M-04","Pagi",0,"Preventive OK",0,0,0,833
2025-06-12,"M-04","Siang",0,"Preventive OK",0,0,0,855
2025-06-12,"M-05","Malam",0,"Preventive OK",0,0,0,389
2025-06-12,"M-05","Pagi",0,"Preventive OK",0,0,0,384
2025-06-12,"M-05","Siang",0,"Preventive OK",0,0,0,426
2025-06-12,"M-06","Malam",0,"Preventive OK",0,0,0,389
2025-06-12,"M-06","Pagi",0,"Preventive OK",0,0,0,418
2025-06-12,"M-06","Siang",1,"Tool Wear",15,0,15,382
2025-06-13,"M-01","Malam",0,"Preventive OK",0,0,0,930
2025-06-13,"M-01","Pagi",0,"Preventive OK",0,0,0,821
2025-06-13,"M-01","Siang",0,"Preventive OK",0,0,0,835
2025-06-13,"M-02","Malam",0,"Preventive OK",0,0,0,733
2025-06-13,"M-02","Pagi",0,"Preventive OK",0,0,0,781
2025-06-13,"M-02","Siang",0,"Preventive OK",0,0,0,959
2025-06-13,"M-03","Malam",0,"Preventive OK",0,0,0,863
2025-06-13,"M-03","Pagi",0,"Preventive OK",0,0,0,817
2025-06-13,"M-03","Siang",0,"Preventive OK",0,0,0,829
2025-06-13,"M-04","Malam",1,"Tool Wear",25,0,25,714
2025-06-13,"M-04","Pagi",0,"Preventive OK",0,0,0,769
2025-06-13,"M-04","Siang",0,"Preventive OK",0,0,0,756
2025-06-13,"M-05","Malam",0,"Preventive OK",0,0,0,396
2025-06-13,"M-05","Pagi",0,"Preventive OK",0,0,0,368
2025-06-13,"M-05","Siang",0,"Preventive OK",0,0,0,408
2025-06-13,"M-06","Malam",0,"Preventive OK",0,0,0,405
2025-06-13,"M-06","Pagi",0,"Preventive OK",0,0,0,408
2025-06-13,"M-06","Siang",0,"Preventive OK",0,0,0,392
2025-06-14,"M-01","Malam",0,"Preventive OK",0,0,0,755
2025-06-14,"M-01","Pagi",0,"Preventive OK",0,0,0,820
2025-06-14,"M-01","Siang",0,"Preventive OK",0,0,0,823
2025-06-14,"M-02","Malam",1,"Bearing Failure",38,0,38,876
2025-06-14,"M-02","Pagi",0,"Preventive OK",0,0,0,823
2025-06-14,"M-02","Siang",0,"Preventive OK",0,0,0,764
2025-06-14,"M-03","Malam",0,"Preventive OK",0,0,0,844
2025-06-14,"M-03","Pagi",0,"Preventive OK",0,0,0,861
2025-06-14,"M-03","Siang",0,"Preventive OK",0,0,0,790
2025-06-14,"M-04","Malam",0,"Preventive OK",0,0,0,773
2025-06-14,"M-04","Pagi",0,"Preventive OK",0,0,0,690
2025-06-14,"M-04","Siang",0,"Preventive OK",0,0,0,868
2025-06-14,"M-05","Malam",0,"Preventive OK",0,0,0,423
2025-06-14,"M-05","Pagi",0,"Preventive OK",0,0,0,390
2025-06-14,"M-05","Siang",0,"Preventive OK",0,0,0,398
2025-06-14,"M-06","Malam",0,"Preventive OK",0,0,0,426
2025-06-14,"M-06","Pagi",0,"Preventive OK",0,0,0,382
2025-06-14,"M-06","Siang",0,"Preventive OK",0,0,0,409
2025-06-16,"M-01","Malam",0,"Preventive OK",0,30,30,828
2025-06-16,"M-01","Pagi",0,"Preventive OK",0,30,30,700
2025-06-16,"M-01","Siang",0,"Preventive OK",0,30,30,708
2025-06-16,"M-02","Malam",0,"Preventive OK",0,30,30,877
2025-06-16,"M-02","Pagi",0,"Preventive OK",0,30,30,728
2025-06-16,"M-02","Siang",0,"Preventive OK",0,30,30,799
2025-06-16,"M-03","Malam",0,"Preventive OK",0,30,30,839
2025-06-16,"M-03","Pagi",0,"Preventive OK",0,30,30,798
2025-06-16,"M-03","Siang",0,"Preventive OK",0,30,30,783
2025-06-16,"M-04","Malam",0,"Preventive OK",0,30,30,779
2025-06-16,"M-04","Pagi",0,"Preventive OK",0,30,30,870
2025-06-16,"M-04","Siang",0,"Preventive OK",0,30,30,872
2025-06-16,"M-05","Malam",0,"Preventive OK",0,30,30,414
2025-06-16,"M-05","Pagi",0,"Preventive OK",0,30,30,358
2025-06-16,"M-05","Siang",0,"Preventive OK",0,30,30,392
2025-06-16,"M-06","Malam",0,"Preventive OK",0,30,30,426
2025-06-16,"M-06","Pagi",0,"Preventive OK",0,30,30,441
2025-06-16,"M-06","Siang",0,"Preventive OK",0,30,30,453
2025-06-17,"M-01","Malam",0,"Preventive OK",0,0,0,746
2025-06-17,"M-01","Pagi",0,"Preventive OK",0,0,0,846
2025-06-17,"M-01","Siang",0,"Preventive OK",0,0,0,803
2025-06-17,"M-02","Malam",1,"Bearing Failure",26,0,26,864
2025-06-17,"M-02","Pagi",0,"Preventive OK",0,0,0,803
2025-06-17,"M-02","Siang",0,"Preventive OK",0,0,0,828
2025-06-17,"M-03","Malam",0,"Preventive OK",0,0,0,859
2025-06-17,"M-03","Pagi",1,"Setup & Adjust",14,0,14,840
2025-06-17,"M-03","Siang",0,"Preventive OK",0,0,0,823
2025-06-17,"M-04","Malam",0,"Preventive OK",0,0,0,706
2025-06-17,"M-04","Pagi",0,"Preventive OK",0,0,0,756
2025-06-17,"M-04","Siang",0,"Preventive OK",0,0,0,798
2025-06-17,"M-05","Malam",0,"Preventive OK",0,0,0,390
2025-06-17,"M-05","Pagi",0,"Preventive OK",0,0,0,410
2025-06-17,"M-05","Siang",0,"Preventive OK",0,0,0,426
2025-06-17,"M-06","Malam",0,"Preventive OK",0,0,0,392
2025-06-17,"M-06","Pagi",0,"Preventive OK",0,0,0,382
2025-06-17,"M-06","Siang",0,"Preventive OK",0,0,0,400
2025-06-18,"M-01","Malam",0,"Preventive OK",0,0,0,816
2025-06-18,"M-01","Pagi",0,"Preventive OK",0,0,0,835
2025-06-18,"M-01","Siang",0,"Preventive OK",0,0,0,934
2025-06-18,"M-02","Malam",0,"Preventive OK",0,0,0,762
2025-06-18,"M-02","Pagi",0,"Preventive OK",0,0,0,819
2025-06-18,"M-02","Siang",0,"Preventive OK",0,0,0,858
2025-06-18,"M-03","Malam",0,"Preventive OK",0,0,0,888
2025-06-18,"M-03","Pagi",0,"Preventive OK",0,0,0,778
2025-06-18,"M-03","Siang",0,"Preventive OK",0,0,0,846
2025-06-18,"M-04","Malam",0,"Preventive OK",0,0,0,721
2025-06-18,"M-04","Pagi",0,"Preventive OK",0,0,0,840
2025-06-18,"M-04","Siang",0,"Preventive OK",0,0,0,935
2025-06-18,"M-05","Malam",0,"Preventive OK",0,0,0,422
2025-06-18,"M-05","Pagi",0,"Preventive OK",0,0,0,410
2025-06-18,"M-05","Siang",0,"Preventive OK",0,0,0,391
2025-06-18,"M-06","Malam",0,"Preventive OK",0,0,0,382
2025-06-18,"M-06","Pagi",0,"Preventive OK",0,0,0,414
2025-06-18,"M-06","Siang",0,"Preventive OK",0,0,0,376
2025-06-19,"M-01","Malam",0,"Preventive OK",0,0,0,856
2025-06-19,"M-01","Pagi",0,"Preventive OK",0,0,0,857
2025-06-19,"M-01","Siang",0,"Preventive OK",0,0,0,891
2025-06-19,"M-02","Malam",0,"Preventive OK",0,0,0,688
2025-06-19,"M-02","Pagi",0,"Preventive OK",0,0,0,894
2025-06-19,"M-02","Siang",0,"Preventive OK",0,0,0,836
2025-06-19,"M-03","Malam",0,"Preventive OK",0,0,0,814
2025-06-19,"M-03","Pagi",0,"Preventive OK",0,0,0,755
2025-06-19,"M-03","Siang",0,"Preventive OK",0,0,0,910
2025-06-19,"M-04","Malam",0,"Preventive OK",0,0,0,695
2025-06-19,"M-04","Pagi",0,"Preventive OK",0,0,0,940
2025-06-19,"M-04","Siang",0,"Preventive OK",0,0,0,812
2025-06-19,"M-05","Malam",0,"Preventive OK",0,0,0,401
2025-06-19,"M-05","Pagi",0,"Preventive OK",0,0,0,368
2025-06-19,"M-05","Siang",0,"Preventive OK",0,0,0,395
2025-06-19,"M-06","Malam",0,"Preventive OK",0,0,0,382
2025-06-19,"M-06","Pagi",0,"Preventive OK",0,0,0,404
2025-06-19,"M-06","Siang",0,"Preventive OK",0,0,0,409
2025-06-20,"M-01","Malam",0,"Preventive OK",0,0,0,816
2025-06-20,"M-01","Pagi",0,"Preventive OK",0,0,0,750
2025-06-20,"M-01","Siang",0,"Preventive OK",0,0,0,809
2025-06-20,"M-02","Malam",0,"Preventive OK",0,0,0,810
2025-06-20,"M-02","Pagi",0,"Preventive OK",0,0,0,888
2025-06-20,"M-02","Siang",0,"Preventive OK",0,0,0,780
2025-06-20,"M-03","Malam",0,"Preventive OK",0,0,0,791
2025-06-20,"M-03","Pagi",0,"Preventive OK",0,0,0,816
2025-06-20,"M-03","Siang",0,"Preventive OK",0,0,0,833
2025-06-20,"M-04","Malam",1,"Bearing Failure",28,0,28,852
2025-06-20,"M-04","Pagi",0,"Preventive OK",0,0,0,828
2025-06-20,"M-04","Siang",0,"Preventive OK",0,0,0,799
2025-06-20,"M-05","Malam",0,"Preventive OK",0,0,0,423
2025-06-20,"M-05","Pagi",0,"Preventive OK",0,0,0,364
2025-06-20,"M-05","Siang",0,"Preventive OK",0,0,0,410
2025-06-20,"M-06","Malam",0,"Preventive OK",0,0,0,374
2025-06-20,"M-06","Pagi",0,"Preventive OK",0,0,0,442
2025-06-20,"M-06","Siang",0,"Preventive OK",0,0,0,436
2025-06-21,"M-01","Malam",0,"Preventive OK",0,0,0,816
2025-06-21,"M-01","Pagi",1,"Bearing Failure",32,0,32,915
2025-06-21,"M-01","Siang",0,"Preventive OK",0,0,0,721
2025-06-21,"M-02","Malam",0,"Preventive OK",0,0,0,801
2025-06-21,"M-02","Pagi",0,"Preventive OK",0,0,0,878
2025-06-21,"M-02","Siang",0,"Preventive OK",0,0,0,821
2025-06-21,"M-03","Malam",0,"Preventive OK",0,0,0,851
2025-06-21,"M-03","Pagi",0,"Preventive OK",0,0,0,781
2025-06-21,"M-03","Siang",0,"Preventive OK",0,0,0,929
2025-06-21,"M-04","Malam",0,"Preventive OK",0,0,0,908
2025-06-21,"M-04","Pagi",0,"Preventive OK",0,0,0,801
2025-06-21,"M-04","Siang",1,"Bearing Failure",15,0,15,759
2025-06-21,"M-05","Malam",1,"Bearing Failure",22,0,22,377
2025-06-21,"M-05","Pagi",0,"Preventive OK",0,0,0,428
2025-06-21,"M-05","Siang",0,"Preventive OK",0,0,0,399
2025-06-21,"M-06","Malam",0,"Preventive OK",0,0,0,476
2025-06-21,"M-06","Pagi",0,"Preventive OK",0,0,0,404
2025-06-21,"M-06","Siang",0,"Preventive OK",0,0,0,423
2025-06-23,"M-01","Malam",0,"Preventive OK",0,30,30,875
2025-06-23,"M-01","Pagi",0,"Preventive OK",0,30,30,789
2025-06-23,"M-01","Siang",0,"Preventive OK",0,30,30,796
2025-06-23,"M-02","Malam",0,"Preventive OK",0,30,30,778
2025-06-23,"M-02","Pagi",0,"Preventive OK",0,30,30,739
2025-06-23,"M-02","Siang",0,"Preventive OK",0,30,30,796
2025-06-23,"M-03","Malam",0,"Preventive OK",0,30,30,808
2025-06-23,"M-03","Pagi",0,"Preventive OK",0,30,30,827
2025-06-23,"M-03","Siang",0,"Preventive OK",0,30,30,865
2025-06-23,"M-04","Malam",0,"Preventive OK",0,30,30,850
2025-06-23,"M-04","Pagi",0,"Preventive OK",0,30,30,873
2025-06-23,"M-04","Siang",0,"Preventive OK",0,30,30,814
2025-06-23,"M-05","Malam",0,"Preventive OK",0,30,30,406
2025-06-23,"M-05","Pagi",0,"Preventive OK",0,30,30,399
2025-06-23,"M-05","Siang",0,"Preventive OK",0,30,30,426
2025-06-23,"M-06","Malam",0,"Preventive OK",0,30,30,375
2025-06-23,"M-06","Pagi",0,"Preventive OK",0,30,30,366
2025-06-23,"M-06","Siang",0,"Preventive OK",0,30,30,426
2025-06-24,"M-01","Malam",0,"Preventive OK",0,0,0,705
2025-06-24,"M-01","Pagi",0,"Preventive OK",0,0,0,784
2025-06-24,"M-01","Siang",0,"Preventive OK",0,0,0,837
2025-06-24,"M-02","Malam",1,"Tool Wear",41,0,41,755
2025-06-24,"M-02","Pagi",0,"Preventive OK",0,0,0,780
2025-06-24,"M-02","Siang",0,"Preventive OK",0,0,0,809
2025-06-24,"M-03","Malam",0,"Preventive OK",0,0,0,799
2025-06-24,"M-03","Pagi",0,"Preventive OK",0,0,0,870
2025-06-24,"M-03","Siang",0,"Preventive OK",0,0,0,945
2025-06-24,"M-04","Malam",0,"Preventive OK",0,0,0,826
2025-06-24,"M-04","Pagi",0,"Preventive OK",0,0,0,821
2025-06-24,"M-04","Siang",0,"Preventive OK",0,0,0,834
2025-06-24,"M-05","Malam",0,"Preventive OK",0,0,0,401
2025-06-24,"M-05","Pagi",0,"Preventive OK",0,0,0,468
2025-06-24,"M-05","Siang",0,"Preventive OK",0,0,0,423
2025-06-24,"M-06","Malam",0,"Preventive OK",0,0,0,439
2025-06-24,"M-06","Pagi",0,"Preventive OK",0,0,0,426
2025-06-24,"M-06","Siang",0,"Preventive OK",0,0,0,460
2025-06-25,"M-01","Malam",0,"Preventive OK",0,0,0,906
2025-06-25,"M-01","Pagi",0,"Preventive OK",0,0,0,816
2025-06-25,"M-01","Siang",0,"Preventive OK",0,0,0,818
2025-06-25,"M-02","Malam",0,"Preventive OK",0,0,0,848
2025-06-25,"M-02","Pagi",1,"Tool Wear",35,0,35,795
2025-06-25,"M-02","Siang",0,"Preventive OK",0,0,0,819
2025-06-25,"M-03","Malam",0,"Preventive OK",0,0,0,821
2025-06-25,"M-03","Pagi",0,"Preventive OK",0,0,0,779
2025-06-25,"M-03","Siang",0,"Preventive OK",0,0,0,795
2025-06-25,"M-04","Malam",0,"Preventive OK",0,0,0,816
2025-06-25,"M-04","Pagi",0,"Preventive OK",0,0,0,812
2025-06-25,"M-04","Siang",0,"Preventive OK",0,0,0,797
2025-06-25,"M-05","Malam",0,"Preventive OK",0,0,0,388
2025-06-25,"M-05","Pagi",0,"Preventive OK",0,0,0,414
2025-06-25,"M-05","Siang",0,"Preventive OK",0,0,0,374
2025-06-25,"M-06","Malam",0,"Preventive OK",0,0,0,498
2025-06-25,"M-06","Pagi",0,"Preventive OK",0,0,0,469
2025-06-25,"M-06","Siang",0,"Preventive OK",0,0,0,490
2025-06-26,"M-01","Malam",1,"Tool Wear",16,0,16,842
2025-06-26,"M-01","Pagi",0,"Preventive OK",0,0,0,792
2025-06-26,"M-01","Siang",0,"Preventive OK",0,0,0,721
2025-06-26,"M-02","Malam",1,"Bearing Failure",45,0,45,758
2025-06-26,"M-02","Pagi",0,"Preventive OK",0,0,0,793
2025-06-26,"M-02","Siang",0,"Preventive OK",0,0,0,674
2025-06-26,"M-03","Malam",0,"Preventive OK",0,0,0,787
2025-06-26,"M-03","Pagi",0,"Preventive OK",0,0,0,802
2025-06-26,"M-03","Siang",0,"Preventive OK",0,0,0,803
2025-06-26,"M-04","Malam",0,"Preventive OK",0,0,0,853
2025-06-26,"M-04","Pagi",0,"Preventive OK",0,0,0,822
2025-06-26,"M-04","Siang",0,"Preventive OK",0,0,0,670
2025-06-26,"M-05","Malam",0,"Preventive OK",0,0,0,390
2025-06-26,"M-05","Pagi",0,"Preventive OK",0,0,0,402
2025-06-26,"M-05","Siang",0,"Preventive OK",0,0,0,438
2025-06-26,"M-06","Malam",0,"Preventive OK",0,0,0,415
2025-06-26,"M-06","Pagi",0,"Preventive OK",0,0,0,450
2025-06-26,"M-06","Siang",0,"Preventive OK",0,0,0,432
2025-06-27,"M-01","Malam",0,"Preventive OK",0,0,0,911
2025-06-27,"M-01","Pagi",0,"Preventive OK",0,0,0,749
2025-06-27,"M-01","Siang",0,"Preventive OK",0,0,0,835
2025-06-27,"M-02","Malam",0,"Preventive OK",0,0,0,862
2025-06-27,"M-02","Pagi",0,"Preventive OK",0,0,0,816
2025-06-27,"M-02","Siang",0,"Preventive OK",0,0,0,800
2025-06-27,"M-03","Malam",0,"Preventive OK",0,0,0,859
2025-06-27,"M-03","Pagi",0,"Preventive OK",0,0,0,738
2025-06-27,"M-03","Siang",0,"Preventive OK",0,0,0,763
2025-06-27,"M-04","Malam",0,"Preventive OK",0,0,0,944
2025-06-27,"M-04","Pagi",0,"Preventive OK",0,0,0,821
2025-06-27,"M-04","Siang",1,"Bearing Failure",38,0,38,749
2025-06-27,"M-05","Malam",0,"Preventive OK",0,0,0,418
2025-06-27,"M-05","Pagi",0,"Preventive OK",0,0,0,397
2025-06-27,"M-05","Siang",0,"Preventive OK",0,0,0,434
2025-06-27,"M-06","Malam",0,"Preventive OK",0,0,0,417
2025-06-27,"M-06","Pagi",0,"Preventive OK",0,0,0,413
2025-06-27,"M-06","Siang",0,"Preventive OK",0,0,0,418
2025-06-28,"M-01","Malam",0,"Preventive OK",0,0,0,694
2025-06-28,"M-01","Pagi",0,"Preventive OK",0,0,0,759
2025-06-28,"M-01","Siang",0,"Preventive OK",0,0,0,822
2025-06-28,"M-02","Malam",0,"Preventive OK",0,0,0,809
2025-06-28,"M-02","Pagi",0,"Preventive OK",0,0,0,838
2025-06-28,"M-02","Siang",0,"Preventive OK",0,0,0,720
2025-06-28,"M-03","Malam",0,"Preventive OK",0,0,0,822
2025-06-28,"M-03","Pagi",0,"Preventive OK",0,0,0,813
2025-06-28,"M-03","Siang",0,"Preventive OK",0,0,0,778
2025-06-28,"M-04","Malam",0,"Preventive OK",0,0,0,849
2025-06-28,"M-04","Pagi",0,"Preventive OK",0,0,0,808
2025-06-28,"M-04","Siang",0,"Preventive OK",0,0,0,788
2025-06-28,"M-05","Malam",0,"Preventive OK",0,0,0,412
2025-06-28,"M-05","Pagi",0,"Preventive OK",0,0,0,394
2025-06-28,"M-05","Siang",0,"Preventive OK",0,0,0,438
2025-06-28,"M-06","Malam",0,"Preventive OK",0,0,0,387
2025-06-28,"M-06","Pagi",0,"Preventive OK",0,0,0,334
2025-06-28,"M-06","Siang",0,"Preventive OK",0,0,0,397
2025-06-30,"M-01","Malam",0,"Preventive OK",0,30,30,843
2025-06-30,"M-01","Pagi",0,"Preventive OK",0,30,30,835
2025-06-30,"M-01","Siang",0,"Preventive OK",0,30,30,794
2025-06-30,"M-02","Malam",0,"Preventive OK",0,30,30,720
2025-06-30,"M-02","Pagi",0,"Preventive OK",0,30,30,813
2025-06-30,"M-02","Siang",0,"Preventive OK",0,30,30,899
2025-06-30,"M-03","Malam",0,"Preventive OK",0,30,30,800
2025-06-30,"M-03","Pagi",0,"Preventive OK",0,30,30,816
2025-06-30,"M-03","Siang",0,"Preventive OK",0,30,30,823
2025-06-30,"M-04","Malam",1,"Tool Wear",28,30,58,682
2025-06-30,"M-04","Pagi",0,"Preventive OK",0,30,30,748
2025-06-30,"M-04","Siang",0,"Preventive OK",0,30,30,758
2025-06-30,"M-05","Malam",0,"Preventive OK",0,30,30,390
2025-06-30,"M-05","Pagi",0,"Preventive OK",0,30,30,406
2025-06-30,"M-05","Siang",0,"Preventive OK",0,30,30,420
2025-06-30,"M-06","Malam",0,"Preventive OK",0,30,30,453
2025-06-30,"M-06","Pagi",0,"Preventive OK",0,30,30,417
2025-06-30,"M-06","Siang",0,"Preventive OK",0,30,30,421
2025-07-01,"M-01","Malam",0,"Preventive OK",0,0,0,712
2025-07-01,"M-01","Pagi",0,"Preventive OK",0,0,0,842
2025-07-01,"M-01","Siang",0,"Preventive OK",0,0,0,858
2025-07-01,"M-02","Malam",1,"Kelistrikan",19,0,19,759
2025-07-01,"M-02","Pagi",0,"Preventive OK",0,0,0,837
2025-07-01,"M-02","Siang",0,"Preventive OK",0,0,0,880
2025-07-01,"M-03","Malam",0,"Preventive OK",0,0,0,795
2025-07-01,"M-03","Pagi",0,"Preventive OK",0,0,0,763
2025-07-01,"M-03","Siang",0,"Preventive OK",0,0,0,819
2025-07-01,"M-04","Malam",0,"Preventive OK",0,0,0,865
2025-07-01,"M-04","Pagi",0,"Preventive OK",0,0,0,839
2025-07-01,"M-04","Siang",0,"Preventive OK",0,0,0,818
2025-07-01,"M-05","Malam",0,"Preventive OK",0,0,0,439
2025-07-01,"M-05","Pagi",0,"Preventive OK",0,0,0,407
2025-07-01,"M-05","Siang",0,"Preventive OK",0,0,0,377
2025-07-01,"M-06","Malam",0,"Preventive OK",0,0,0,437
2025-07-01,"M-06","Pagi",0,"Preventive OK",0,0,0,422
2025-07-01,"M-06","Siang",0,"Preventive OK",0,0,0,423
2025-07-02,"M-01","Malam",1,"Tool Wear",32,0,32,838
2025-07-02,"M-01","Pagi",0,"Preventive OK",0,0,0,754
2025-07-02,"M-01","Siang",0,"Preventive OK",0,0,0,828
2025-07-02,"M-02","Malam",0,"Preventive OK",0,0,0,825
2025-07-02,"M-02","Pagi",0,"Preventive OK",0,0,0,746
2025-07-02,"M-02","Siang",0,"Preventive OK",0,0,0,775
2025-07-02,"M-03","Malam",0,"Preventive OK",0,0,0,715
2025-07-02,"M-03","Pagi",0,"Preventive OK",0,0,0,757
2025-07-02,"M-03","Siang",0,"Preventive OK",0,0,0,871
2025-07-02,"M-04","Malam",0,"Preventive OK",0,0,0,825
2025-07-02,"M-04","Pagi",1,"Bearing Failure",31,0,31,738
2025-07-02,"M-04","Siang",0,"Preventive OK",0,0,0,811
2025-07-02,"M-05","Malam",0,"Preventive OK",0,0,0,452
2025-07-02,"M-05","Pagi",0,"Preventive OK",0,0,0,423
2025-07-02,"M-05","Siang",0,"Preventive OK",0,0,0,412
2025-07-02,"M-06","Malam",0,"Preventive OK",0,0,0,468
2025-07-02,"M-06","Pagi",0,"Preventive OK",0,0,0,365
2025-07-02,"M-06","Siang",0,"Preventive OK",0,0,0,451
2025-07-03,"M-01","Malam",0,"Preventive OK",0,0,0,790
2025-07-03,"M-01","Pagi",0,"Preventive OK",0,0,0,723
2025-07-03,"M-01","Siang",0,"Preventive OK",0,0,0,874
2025-07-03,"M-02","Malam",1,"Bearing Failure",21,0,21,790
2025-07-03,"M-02","Pagi",0,"Preventive OK",0,0,0,883
2025-07-03,"M-02","Siang",0,"Preventive OK",0,0,0,822
2025-07-03,"M-03","Malam",0,"Preventive OK",0,0,0,727
2025-07-03,"M-03","Pagi",0,"Preventive OK",0,0,0,793
2025-07-03,"M-03","Siang",0,"Preventive OK",0,0,0,782
2025-07-03,"M-04","Malam",0,"Preventive OK",0,0,0,778
2025-07-03,"M-04","Pagi",0,"Preventive OK",0,0,0,798
2025-07-03,"M-04","Siang",0,"Preventive OK",0,0,0,798
2025-07-03,"M-05","Malam",0,"Preventive OK",0,0,0,417
2025-07-03,"M-05","Pagi",0,"Preventive OK",0,0,0,381
2025-07-03,"M-05","Siang",0,"Preventive OK",0,0,0,431
2025-07-03,"M-06","Malam",0,"Preventive OK",0,0,0,368
2025-07-03,"M-06","Pagi",0,"Preventive OK",0,0,0,434
2025-07-03,"M-06","Siang",0,"Preventive OK",0,0,0,417
2025-07-04,"M-01","Malam",0,"Preventive OK",0,0,0,772
2025-07-04,"M-01","Pagi",0,"Preventive OK",0,0,0,740
2025-07-04,"M-01","Siang",0,"Preventive OK",0,0,0,821
2025-07-04,"M-02","Malam",0,"Preventive OK",0,0,0,794
2025-07-04,"M-02","Pagi",0,"Preventive OK",0,0,0,749
2025-07-04,"M-02","Siang",0,"Preventive OK",0,0,0,949
2025-07-04,"M-03","Malam",0,"Preventive OK",0,0,0,850
2025-07-04,"M-03","Pagi",0,"Preventive OK",0,0,0,733
2025-07-04,"M-03","Siang",0,"Preventive OK",0,0,0,831
2025-07-04,"M-04","Malam",0,"Preventive OK",0,0,0,831
2025-07-04,"M-04","Pagi",0,"Preventive OK",0,0,0,763
2025-07-04,"M-04","Siang",0,"Preventive OK",0,0,0,786
2025-07-04,"M-05","Malam",1,"Setup & Adjust",26,0,26,410
2025-07-04,"M-05","Pagi",0,"Preventive OK",0,0,0,397
2025-07-04,"M-05","Siang",0,"Preventive OK",0,0,0,433
2025-07-04,"M-06","Malam",0,"Preventive OK",0,0,0,378
2025-07-04,"M-06","Pagi",0,"Preventive OK",0,0,0,397
2025-07-04,"M-06","Siang",0,"Preventive OK",0,0,0,443
2025-07-05,"M-01","Malam",0,"Preventive OK",0,0,0,804
2025-07-05,"M-01","Pagi",0,"Preventive OK",0,0,0,882
2025-07-05,"M-01","Siang",0,"Preventive OK",0,0,0,790
2025-07-05,"M-02","Malam",0,"Preventive OK",0,0,0,771
2025-07-05,"M-02","Pagi",0,"Preventive OK",0,0,0,799
2025-07-05,"M-02","Siang",0,"Preventive OK",0,0,0,858
2025-07-05,"M-03","Malam",0,"Preventive OK",0,0,0,809
2025-07-05,"M-03","Pagi",0,"Preventive OK",0,0,0,782
2025-07-05,"M-03","Siang",0,"Preventive OK",0,0,0,766
2025-07-05,"M-04","Malam",0,"Preventive OK",0,0,0,827
2025-07-05,"M-04","Pagi",0,"Preventive OK",0,0,0,882
2025-07-05,"M-04","Siang",0,"Preventive OK",0,0,0,839
2025-07-05,"M-05","Malam",0,"Preventive OK",0,0,0,411
2025-07-05,"M-05","Pagi",0,"Preventive OK",0,0,0,363
2025-07-05,"M-05","Siang",0,"Preventive OK",0,0,0,386
2025-07-05,"M-06","Malam",0,"Preventive OK",0,0,0,399
2025-07-05,"M-06","Pagi",0,"Preventive OK",0,0,0,408
2025-07-05,"M-06","Siang",0,"Preventive OK",0,0,0,419
2025-07-07,"M-01","Malam",0,"Preventive OK",0,30,30,774
2025-07-07,"M-01","Pagi",0,"Preventive OK",0,30,30,812
2025-07-07,"M-01","Siang",0,"Preventive OK",0,30,30,688
2025-07-07,"M-02","Malam",0,"Preventive OK",0,30,30,923
2025-07-07,"M-02","Pagi",1,"Bearing Failure",39,30,69,758
2025-07-07,"M-02","Siang",0,"Preventive OK",0,30,30,852
2025-07-07,"M-03","Malam",0,"Preventive OK",0,30,30,836
2025-07-07,"M-03","Pagi",0,"Preventive OK",0,30,30,785
2025-07-07,"M-03","Siang",0,"Preventive OK",0,30,30,797
2025-07-07,"M-04","Malam",0,"Preventive OK",0,30,30,841
2025-07-07,"M-04","Pagi",0,"Preventive OK",0,30,30,875
2025-07-07,"M-04","Siang",0,"Preventive OK",0,30,30,896
2025-07-07,"M-05","Malam",0,"Preventive OK",0,30,30,420
2025-07-07,"M-05","Pagi",0,"Preventive OK",0,30,30,388
2025-07-07,"M-05","Siang",0,"Preventive OK",0,30,30,456
2025-07-07,"M-06","Malam",0,"Preventive OK",0,30,30,435
2025-07-07,"M-06","Pagi",0,"Preventive OK",0,30,30,427
2025-07-07,"M-06","Siang",0,"Preventive OK",0,30,30,407
2025-07-08,"M-01","Malam",0,"Preventive OK",0,0,0,777
2025-07-08,"M-01","Pagi",0,"Preventive OK",0,0,0,814
2025-07-08,"M-01","Siang",0,"Preventive OK",0,0,0,839
2025-07-08,"M-02","Malam",0,"Preventive OK",0,0,0,814
2025-07-08,"M-02","Pagi",0,"Preventive OK",0,0,0,829
2025-07-08,"M-02","Siang",0,"Preventive OK",0,0,0,822
2025-07-08,"M-03","Malam",0,"Preventive OK",0,0,0,827
2025-07-08,"M-03","Pagi",0,"Preventive OK",0,0,0,731
2025-07-08,"M-03","Siang",0,"Preventive OK",0,0,0,740
2025-07-08,"M-04","Malam",0,"Preventive OK",0,0,0,774
2025-07-08,"M-04","Pagi",0,"Preventive OK",0,0,0,805
2025-07-08,"M-04","Siang",0,"Preventive OK",0,0,0,840
2025-07-08,"M-05","Malam",0,"Preventive OK",0,0,0,421
2025-07-08,"M-05","Pagi",0,"Preventive OK",0,0,0,401
2025-07-08,"M-05","Siang",0,"Preventive OK",0,0,0,395
2025-07-08,"M-06","Malam",0,"Preventive OK",0,0,0,377
2025-07-08,"M-06","Pagi",0,"Preventive OK",0,0,0,411
2025-07-08,"M-06","Siang",0,"Preventive OK",0,0,0,445
2025-07-09,"M-01","Malam",0,"Preventive OK",0,0,0,896
2025-07-09,"M-01","Pagi",0,"Preventive OK",0,0,0,879
2025-07-09,"M-01","Siang",0,"Preventive OK",0,0,0,769
2025-07-09,"M-02","Malam",0,"Preventive OK",0,0,0,831
2025-07-09,"M-02","Pagi",0,"Preventive OK",0,0,0,781
2025-07-09,"M-02","Siang",0,"Preventive OK",0,0,0,822
2025-07-09,"M-03","Malam",0,"Preventive OK",0,0,0,901
2025-07-09,"M-03","Pagi",0,"Preventive OK",0,0,0,788
2025-07-09,"M-03","Siang",0,"Preventive OK",0,0,0,853
2025-07-09,"M-04","Malam",0,"Preventive OK",0,0,0,866
2025-07-09,"M-04","Pagi",0,"Preventive OK",0,0,0,725
2025-07-09,"M-04","Siang",0,"Preventive OK",0,0,0,882
2025-07-09,"M-05","Malam",0,"Preventive OK",0,0,0,435
2025-07-09,"M-05","Pagi",1,"Setup & Adjust",18,0,18,396
2025-07-09,"M-05","Siang",0,"Preventive OK",0,0,0,371
2025-07-09,"M-06","Malam",0,"Preventive OK",0,0,0,433
2025-07-09,"M-06","Pagi",1,"Bearing Failure",18,0,18,452
2025-07-09,"M-06","Siang",0,"Preventive OK",0,0,0,386
2025-07-10,"M-01","Malam",0,"Preventive OK",0,0,0,860
2025-07-10,"M-01","Pagi",0,"Preventive OK",0,0,0,883
2025-07-10,"M-01","Siang",0,"Preventive OK",0,0,0,839
2025-07-10,"M-02","Malam",1,"Tool Wear",30,0,30,902
2025-07-10,"M-02","Pagi",0,"Preventive OK",0,0,0,840
2025-07-10,"M-02","Siang",0,"Preventive OK",0,0,0,723
2025-07-10,"M-03","Malam",0,"Preventive OK",0,0,0,930
2025-07-10,"M-03","Pagi",0,"Preventive OK",0,0,0,792
2025-07-10,"M-03","Siang",0,"Preventive OK",0,0,0,723
2025-07-10,"M-04","Malam",0,"Preventive OK",0,0,0,806
2025-07-10,"M-04","Pagi",0,"Preventive OK",0,0,0,792
2025-07-10,"M-04","Siang",0,"Preventive OK",0,0,0,927
2025-07-10,"M-05","Malam",0,"Preventive OK",0,0,0,393
2025-07-10,"M-05","Pagi",0,"Preventive OK",0,0,0,413
2025-07-10,"M-05","Siang",0,"Preventive OK",0,0,0,385
2025-07-10,"M-06","Malam",0,"Preventive OK",0,0,0,383
2025-07-10,"M-06","Pagi",0,"Preventive OK",0,0,0,397
2025-07-10,"M-06","Siang",0,"Preventive OK",0,0,0,413
2025-07-11,"M-01","Malam",0,"Preventive OK",0,0,0,798
2025-07-11,"M-01","Pagi",1,"Setup & Adjust",22,0,22,796
2025-07-11,"M-01","Siang",0,"Preventive OK",0,0,0,852
2025-07-11,"M-02","Malam",0,"Preventive OK",0,0,0,649
2025-07-11,"M-02","Pagi",0,"Preventive OK",0,0,0,841
2025-07-11,"M-02","Siang",0,"Preventive OK",0,0,0,977
2025-07-11,"M-03","Malam",0,"Preventive OK",0,0,0,801
2025-07-11,"M-03","Pagi",0,"Preventive OK",0,0,0,795
2025-07-11,"M-03","Siang",0,"Preventive OK",0,0,0,723
2025-07-11,"M-04","Malam",0,"Preventive OK",0,0,0,822
2025-07-11,"M-04","Pagi",0,"Preventive OK",0,0,0,815
2025-07-11,"M-04","Siang",0,"Preventive OK",0,0,0,739
2025-07-11,"M-05","Malam",0,"Preventive OK",0,0,0,391
2025-07-11,"M-05","Pagi",1,"Tool Wear",34,0,34,392
2025-07-11,"M-05","Siang",0,"Preventive OK",0,0,0,391
2025-07-11,"M-06","Malam",0,"Preventive OK",0,0,0,388
2025-07-11,"M-06","Pagi",0,"Preventive OK",0,0,0,412
2025-07-11,"M-06","Siang",0,"Preventive OK",0,0,0,450
2025-07-12,"M-01","Malam",0,"Preventive OK",0,0,0,780
2025-07-12,"M-01","Pagi",0,"Preventive OK",0,0,0,802
2025-07-12,"M-01","Siang",0,"Preventive OK",0,0,0,953
2025-07-12,"M-02","Malam",0,"Preventive OK",0,0,0,899
2025-07-12,"M-02","Pagi",0,"Preventive OK",0,0,0,830
2025-07-12,"M-02","Siang",1,"Bearing Failure",30,0,30,770
2025-07-12,"M-03","Malam",0,"Preventive OK",0,0,0,919
2025-07-12,"M-03","Pagi",0,"Preventive OK",0,0,0,839
2025-07-12,"M-03","Siang",0,"Preventive OK",0,0,0,747
2025-07-12,"M-04","Malam",0,"Preventive OK",0,0,0,863
2025-07-12,"M-04","Pagi",1,"Tool Wear",28,0,28,733
2025-07-12,"M-04","Siang",0,"Preventive OK",0,0,0,794
2025-07-12,"M-05","Malam",0,"Preventive OK",0,0,0,391
2025-07-12,"M-05","Pagi",0,"Preventive OK",0,0,0,404
2025-07-12,"M-05","Siang",0,"Preventive OK",0,0,0,412
2025-07-12,"M-06","Malam",0,"Preventive OK",0,0,0,391
2025-07-12,"M-06","Pagi",0,"Preventive OK",0,0,0,450
2025-07-12,"M-06","Siang",0,"Preventive OK",0,0,0,414
2025-07-14,"M-01","Malam",0,"Preventive OK",0,30,30,789
2025-07-14,"M-01","Pagi",0,"Preventive OK",0,30,30,674
2025-07-14,"M-01","Siang",0,"Preventive OK",0,30,30,825
2025-07-14,"M-02","Malam",1,"Bearing Failure",41,30,71,676
2025-07-14,"M-02","Pagi",0,"Preventive OK",0,30,30,770
2025-07-14,"M-02","Siang",0,"Preventive OK",0,30,30,904
2025-07-14,"M-03","Malam",0,"Preventive OK",0,30,30,843
2025-07-14,"M-03","Pagi",0,"Preventive OK",0,30,30,814
2025-07-14,"M-03","Siang",0,"Preventive OK",0,30,30,845
2025-07-14,"M-04","Malam",0,"Preventive OK",0,30,30,738
2025-07-14,"M-04","Pagi",0,"Preventive OK",0,30,30,906
2025-07-14,"M-04","Siang",0,"Preventive OK",0,30,30,702
2025-07-14,"M-05","Malam",0,"Preventive OK",0,30,30,384
2025-07-14,"M-05","Pagi",0,"Preventive OK",0,30,30,338
2025-07-14,"M-05","Siang",0,"Preventive OK",0,30,30,446
2025-07-14,"M-06","Malam",0,"Preventive OK",0,30,30,412
2025-07-14,"M-06","Pagi",0,"Preventive OK",0,30,30,360
2025-07-14,"M-06","Siang",0,"Preventive OK",0,30,30,381
2025-07-15,"M-01","Malam",0,"Preventive OK",0,0,0,861
2025-07-15,"M-01","Pagi",0,"Preventive OK",0,0,0,821
2025-07-15,"M-01","Siang",1,"Preventive OK",19,0,19,876
2025-07-15,"M-02","Malam",0,"Preventive OK",0,0,0,820
2025-07-15,"M-02","Pagi",0,"Preventive OK",0,0,0,824
2025-07-15,"M-02","Siang",0,"Preventive OK",0,0,0,784
2025-07-15,"M-03","Malam",0,"Preventive OK",0,0,0,670
2025-07-15,"M-03","Pagi",0,"Preventive OK",0,0,0,806
2025-07-15,"M-03","Siang",0,"Preventive OK",0,0,0,877
2025-07-15,"M-04","Malam",0,"Preventive OK",0,0,0,835
2025-07-15,"M-04","Pagi",0,"Preventive OK",0,0,0,769
2025-07-15,"M-04","Siang",1,"Bearing Failure",29,0,29,838
2025-07-15,"M-05","Malam",1,"Bearing Failure",39,0,39,405
2025-07-15,"M-05","Pagi",0,"Preventive OK",0,0,0,419
2025-07-15,"M-05","Siang",0,"Preventive OK",0,0,0,409
2025-07-15,"M-06","Malam",0,"Preventive OK",0,0,0,374
2025-07-15,"M-06","Pagi",0,"Preventive OK",0,0,0,442
2025-07-15,"M-06","Siang",0,"Preventive OK",0,0,0,396
2025-07-16,"M-01","Malam",0,"Preventive OK",0,0,0,824
2025-07-16,"M-01","Pagi",0,"Preventive OK",0,0,0,751
2025-07-16,"M-01","Siang",0,"Preventive OK",0,0,0,800
2025-07-16,"M-02","Malam",0,"Preventive OK",0,0,0,807
2025-07-16,"M-02","Pagi",0,"Preventive OK",0,0,0,785
2025-07-16,"M-02","Siang",0,"Preventive OK",0,0,0,844
2025-07-16,"M-03","Malam",0,"Preventive OK",0,0,0,783
2025-07-16,"M-03","Pagi",0,"Preventive OK",0,0,0,873
2025-07-16,"M-03","Siang",0,"Preventive OK",0,0,0,737
2025-07-16,"M-04","Malam",0,"Preventive OK",0,0,0,853
2025-07-16,"M-04","Pagi",0,"Preventive OK",0,0,0,805
2025-07-16,"M-04","Siang",0,"Preventive OK",0,0,0,794
2025-07-16,"M-05","Malam",0,"Preventive OK",0,0,0,446
2025-07-16,"M-05","Pagi",0,"Preventive OK",0,0,0,389
2025-07-16,"M-05","Siang",0,"Preventive OK",0,0,0,399
2025-07-16,"M-06","Malam",0,"Preventive OK",0,0,0,395
2025-07-16,"M-06","Pagi",0,"Preventive OK",0,0,0,405
2025-07-16,"M-06","Siang",0,"Preventive OK",0,0,0,430
2025-07-17,"M-01","Malam",1,"Kelistrikan",19,0,19,877
2025-07-17,"M-01","Pagi",0,"Preventive OK",0,0,0,804
2025-07-17,"M-01","Siang",0,"Preventive OK",0,0,0,827
2025-07-17,"M-02","Malam",0,"Preventive OK",0,0,0,839
2025-07-17,"M-02","Pagi",0,"Preventive OK",0,0,0,854
2025-07-17,"M-02","Siang",0,"Preventive OK",0,0,0,893
2025-07-17,"M-03","Malam",0,"Preventive OK",0,0,0,764
2025-07-17,"M-03","Pagi",0,"Preventive OK",0,0,0,849
2025-07-17,"M-03","Siang",1,"Bearing Failure",33,0,33,790
2025-07-17,"M-04","Malam",0,"Preventive OK",0,0,0,943
2025-07-17,"M-04","Pagi",0,"Preventive OK",0,0,0,835
2025-07-17,"M-04","Siang",0,"Preventive OK",0,0,0,696
2025-07-17,"M-05","Malam",0,"Preventive OK",0,0,0,388
2025-07-17,"M-05","Pagi",0,"Preventive OK",0,0,0,382
2025-07-17,"M-05","Siang",0,"Preventive OK",0,0,0,435
2025-07-17,"M-06","Malam",0,"Preventive OK",0,0,0,404
2025-07-17,"M-06","Pagi",0,"Preventive OK",0,0,0,412
2025-07-17,"M-06","Siang",0,"Preventive OK",0,0,0,456
2025-07-18,"M-01","Malam",0,"Preventive OK",0,0,0,784
2025-07-18,"M-01","Pagi",0,"Preventive OK",0,0,0,788
2025-07-18,"M-01","Siang",0,"Preventive OK",0,0,0,752
2025-07-18,"M-02","Malam",0,"Preventive OK",0,0,0,896
2025-07-18,"M-02","Pagi",0,"Preventive OK",0,0,0,893
2025-07-18,"M-02","Siang",0,"Preventive OK",0,0,0,832
2025-07-18,"M-03","Malam",0,"Preventive OK",0,0,0,788
2025-07-18,"M-03","Pagi",0,"Preventive OK",0,0,0,760
2025-07-18,"M-03","Siang",0,"Preventive OK",0,0,0,865
2025-07-18,"M-04","Malam",0,"Preventive OK",0,0,0,879
2025-07-18,"M-04","Pagi",0,"Preventive OK",0,0,0,721
2025-07-18,"M-04","Siang",0,"Preventive OK",0,0,0,792
2025-07-18,"M-05","Malam",0,"Preventive OK",0,0,0,385
2025-07-18,"M-05","Pagi",0,"Preventive OK",0,0,0,438
2025-07-18,"M-05","Siang",0,"Preventive OK",0,0,0,382
2025-07-18,"M-06","Malam",0,"Preventive OK",0,0,0,416
2025-07-18,"M-06","Pagi",0,"Preventive OK",0,0,0,428
2025-07-18,"M-06","Siang",0,"Preventive OK",0,0,0,417
2025-07-19,"M-01","Malam",0,"Preventive OK",0,0,0,827
2025-07-19,"M-01","Pagi",0,"Preventive OK",0,0,0,809
2025-07-19,"M-01","Siang",0,"Preventive OK",0,0,0,873
2025-07-19,"M-02","Malam",0,"Preventive OK",0,0,0,882
2025-07-19,"M-02","Pagi",1,"Tool Wear",19,0,19,767
2025-07-19,"M-02","Siang",0,"Preventive OK",0,0,0,893
2025-07-19,"M-03","Malam",0,"Preventive OK",0,0,0,808
2025-07-19,"M-03","Pagi",0,"Preventive OK",0,0,0,728
2025-07-19,"M-03","Siang",0,"Preventive OK",0,0,0,829
2025-07-19,"M-04","Malam",0,"Preventive OK",0,0,0,784
2025-07-19,"M-04","Pagi",0,"Preventive OK",0,0,0,816
2025-07-19,"M-04","Siang",0,"Preventive OK",0,0,0,863
2025-07-19,"M-05","Malam",0,"Preventive OK",0,0,0,468
2025-07-19,"M-05","Pagi",0,"Preventive OK",0,0,0,420
2025-07-19,"M-05","Siang",0,"Preventive OK",0,0,0,431
2025-07-19,"M-06","Malam",0,"Preventive OK",0,0,0,364
2025-07-19,"M-06","Pagi",0,"Preventive OK",0,0,0,456
2025-07-19,"M-06","Siang",0,"Preventive OK",0,0,0,416
2025-07-21,"M-01","Malam",0,"Preventive OK",0,30,30,680
2025-07-21,"M-01","Pagi",0,"Preventive OK",0,30,30,819
2025-07-21,"M-01","Siang",0,"Preventive OK",0,30,30,893
2025-07-21,"M-02","Malam",0,"Preventive OK",0,30,30,885
2025-07-21,"M-02","Pagi",0,"Preventive OK",0,30,30,861
2025-07-21,"M-02","Siang",0,"Preventive OK",0,30,30,876
2025-07-21,"M-03","Malam",0,"Preventive OK",0,30,30,757
2025-07-21,"M-03","Pagi",0,"Preventive OK",0,30,30,732
2025-07-21,"M-03","Siang",0,"Preventive OK",0,30,30,829
2025-07-21,"M-04","Malam",0,"Preventive OK",0,30,30,744
2025-07-21,"M-04","Pagi",0,"Preventive OK",0,30,30,793
2025-07-21,"M-04","Siang",0,"Preventive OK",0,30,30,873
2025-07-21,"M-05","Malam",0,"Preventive OK",0,30,30,431
2025-07-21,"M-05","Pagi",0,"Preventive OK",0,30,30,352
2025-07-21,"M-05","Siang",0,"Preventive OK",0,30,30,394
2025-07-21,"M-06","Malam",0,"Preventive OK",0,30,30,424
2025-07-21,"M-06","Pagi",0,"Preventive OK",0,30,30,420
2025-07-21,"M-06","Siang",0,"Preventive OK",0,30,30,439
2025-07-22,"M-01","Malam",0,"Preventive OK",0,0,0,853
2025-07-22,"M-01","Pagi",0,"Preventive OK",0,0,0,918
2025-07-22,"M-01","Siang",0,"Preventive OK",0,0,0,773
2025-07-22,"M-02","Malam",0,"Preventive OK",0,0,0,783
2025-07-22,"M-02","Pagi",0,"Preventive OK",0,0,0,841
2025-07-22,"M-02","Siang",0,"Preventive OK",0,0,0,725
2025-07-22,"M-03","Malam",0,"Preventive OK",0,0,0,759
2025-07-22,"M-03","Pagi",1,"Tool Wear",22,0,22,874
2025-07-22,"M-03","Siang",0,"Preventive OK",0,0,0,783
2025-07-22,"M-04","Malam",1,"Bearing Failure",41,0,41,751
2025-07-22,"M-04","Pagi",0,"Preventive OK",0,0,0,799
2025-07-22,"M-04","Siang",0,"Preventive OK",0,0,0,756
2025-07-22,"M-05","Malam",0,"Preventive OK",0,0,0,395
2025-07-22,"M-05","Pagi",1,"Bearing Failure",23,0,23,415
2025-07-22,"M-05","Siang",1,"Setup & Adjust",26,0,26,341
2025-07-22,"M-06","Malam",0,"Preventive OK",0,0,0,409
2025-07-22,"M-06","Pagi",0,"Preventive OK",0,0,0,413
2025-07-22,"M-06","Siang",1,"Tool Wear",19,0,19,412
2025-07-23,"M-01","Malam",0,"Preventive OK",0,0,0,757
2025-07-23,"M-01","Pagi",0,"Preventive OK",0,0,0,802
2025-07-23,"M-01","Siang",0,"Preventive OK",0,0,0,872
2025-07-23,"M-02","Malam",0,"Preventive OK",0,0,0,736
2025-07-23,"M-02","Pagi",0,"Preventive OK",0,0,0,802
2025-07-23,"M-02","Siang",0,"Preventive OK",0,0,0,738
2025-07-23,"M-03","Malam",0,"Preventive OK",0,0,0,774
2025-07-23,"M-03","Pagi",0,"Preventive OK",0,0,0,813
2025-07-23,"M-03","Siang",0,"Preventive OK",0,0,0,861
2025-07-23,"M-04","Malam",1,"Bearing Failure",39,0,39,719
2025-07-23,"M-04","Pagi",0,"Preventive OK",0,0,0,813
2025-07-23,"M-04","Siang",0,"Preventive OK",0,0,0,842
2025-07-23,"M-05","Malam",0,"Preventive OK",0,0,0,412
2025-07-23,"M-05","Pagi",0,"Preventive OK",0,0,0,372
2025-07-23,"M-05","Siang",0,"Preventive OK",0,0,0,455
2025-07-23,"M-06","Malam",0,"Preventive OK",0,0,0,339
2025-07-23,"M-06","Pagi",0,"Preventive OK",0,0,0,388
2025-07-23,"M-06","Siang",0,"Preventive OK",0,0,0,377
2025-07-24,"M-01","Malam",0,"Preventive OK",0,0,0,863
2025-07-24,"M-01","Pagi",0,"Preventive OK",0,0,0,787
2025-07-24,"M-01","Siang",0,"Preventive OK",0,0,0,780
2025-07-24,"M-02","Malam",0,"Preventive OK",0,0,0,697
2025-07-24,"M-02","Pagi",0,"Preventive OK",0,0,0,865
2025-07-24,"M-02","Siang",1,"Bearing Failure",17,0,17,776
2025-07-24,"M-03","Malam",0,"Preventive OK",0,0,0,780
2025-07-24,"M-03","Pagi",0,"Preventive OK",0,0,0,782
2025-07-24,"M-03","Siang",0,"Preventive OK",0,0,0,802
2025-07-24,"M-04","Malam",0,"Preventive OK",0,0,0,791
2025-07-24,"M-04","Pagi",0,"Preventive OK",0,0,0,935
2025-07-24,"M-04","Siang",0,"Preventive OK",0,0,0,844
2025-07-24,"M-05","Malam",1,"Tool Wear",13,0,13,402
2025-07-24,"M-05","Pagi",0,"Preventive OK",0,0,0,426
2025-07-24,"M-05","Siang",0,"Preventive OK",0,0,0,414
2025-07-24,"M-06","Malam",0,"Preventive OK",0,0,0,450
2025-07-24,"M-06","Pagi",0,"Preventive OK",0,0,0,431
2025-07-24,"M-06","Siang",0,"Preventive OK",0,0,0,396
2025-07-25,"M-01","Malam",1,"Setup & Adjust",23,0,23,855
2025-07-25,"M-01","Pagi",0,"Preventive OK",0,0,0,762
2025-07-25,"M-01","Siang",0,"Preventive OK",0,0,0,822
2025-07-25,"M-02","Malam",0,"Preventive OK",0,0,0,892
2025-07-25,"M-02","Pagi",0,"Preventive OK",0,0,0,840
2025-07-25,"M-02","Siang",0,"Preventive OK",0,0,0,842
2025-07-25,"M-03","Malam",0,"Preventive OK",0,0,0,733
2025-07-25,"M-03","Pagi",0,"Preventive OK",0,0,0,793
2025-07-25,"M-03","Siang",0,"Preventive OK",0,0,0,746
2025-07-25,"M-04","Malam",0,"Preventive OK",0,0,0,825
2025-07-25,"M-04","Pagi",0,"Preventive OK",0,0,0,804
2025-07-25,"M-04","Siang",1,"Tool Wear",28,0,28,720
2025-07-25,"M-05","Malam",0,"Preventive OK",0,0,0,434
2025-07-25,"M-05","Pagi",0,"Preventive OK",0,0,0,396
2025-07-25,"M-05","Siang",0,"Preventive OK",0,0,0,420
2025-07-25,"M-06","Malam",0,"Preventive OK",0,0,0,391
2025-07-25,"M-06","Pagi",0,"Preventive OK",0,0,0,396
2025-07-25,"M-06","Siang",0,"Preventive OK",0,0,0,405
2025-07-26,"M-01","Malam",0,"Preventive OK",0,0,0,855
2025-07-26,"M-01","Pagi",0,"Preventive OK",0,0,0,844
2025-07-26,"M-01","Siang",0,"Preventive OK",0,0,0,897
2025-07-26,"M-02","Malam",0,"Preventive OK",0,0,0,809
2025-07-26,"M-02","Pagi",0,"Preventive OK",0,0,0,903
2025-07-26,"M-02","Siang",0,"Preventive OK",0,0,0,920
2025-07-26,"M-03","Malam",0,"Preventive OK",0,0,0,829
2025-07-26,"M-03","Pagi",0,"Preventive OK",0,0,0,789
2025-07-26,"M-03","Siang",0,"Preventive OK",0,0,0,777
2025-07-26,"M-04","Malam",0,"Preventive OK",0,0,0,778
2025-07-26,"M-04","Pagi",0,"Preventive OK",0,0,0,753
2025-07-26,"M-04","Siang",0,"Preventive OK",0,0,0,835
2025-07-26,"M-05","Malam",0,"Preventive OK",0,0,0,451
2025-07-26,"M-05","Pagi",0,"Preventive OK",0,0,0,405
2025-07-26,"M-05","Siang",0,"Preventive OK",0,0,0,435
2025-07-26,"M-06","Malam",0,"Preventive OK",0,0,0,396
2025-07-26,"M-06","Pagi",0,"Preventive OK",0,0,0,445
2025-07-26,"M-06","Siang",0,"Preventive OK",0,0,0,437
2025-07-28,"M-01","Malam",0,"Preventive OK",0,30,30,861
2025-07-28,"M-01","Pagi",0,"Preventive OK",0,30,30,781
2025-07-28,"M-01","Siang",0,"Preventive OK",0,30,30,762
2025-07-28,"M-02","Malam",1,"Tool Wear",34,30,64,847
2025-07-28,"M-02","Pagi",0,"Preventive OK",0,30,30,831
2025-07-28,"M-02","Siang",0,"Preventive OK",0,30,30,861
2025-07-28,"M-03","Malam",0,"Preventive OK",0,30,30,874
2025-07-28,"M-03","Pagi",1,"Tool Wear",34,30,64,814
2025-07-28,"M-03","Siang",0,"Preventive OK",0,30,30,743
2025-07-28,"M-04","Malam",0,"Preventive OK",0,30,30,833
2025-07-28,"M-04","Pagi",0,"Preventive OK",0,30,30,828
2025-07-28,"M-04","Siang",0,"Preventive OK",0,30,30,835
2025-07-28,"M-05","Malam",0,"Preventive OK",0,30,30,406
2025-07-28,"M-05","Pagi",0,"Preventive OK",0,30,30,408
2025-07-28,"M-05","Siang",0,"Preventive OK",0,30,30,413
2025-07-28,"M-06","Malam",0,"Preventive OK",0,30,30,468
2025-07-28,"M-06","Pagi",0,"Preventive OK",0,30,30,363
2025-07-28,"M-06","Siang",0,"Preventive OK",0,30,30,422
2025-07-29,"M-01","Malam",0,"Preventive OK",0,0,0,775
2025-07-29,"M-01","Pagi",0,"Preventive OK",0,0,0,830
2025-07-29,"M-01","Siang",0,"Preventive OK",0,0,0,876
2025-07-29,"M-02","Malam",0,"Preventive OK",0,0,0,927
2025-07-29,"M-02","Pagi",0,"Preventive OK",0,0,0,741
2025-07-29,"M-02","Siang",0,"Preventive OK",0,0,0,809
2025-07-29,"M-03","Malam",0,"Preventive OK",0,0,0,917
2025-07-29,"M-03","Pagi",0,"Preventive OK",0,0,0,748
2025-07-29,"M-03","Siang",0,"Preventive OK",0,0,0,841
2025-07-29,"M-04","Malam",0,"Preventive OK",0,0,0,812
2025-07-29,"M-04","Pagi",0,"Preventive OK",0,0,0,807
2025-07-29,"M-04","Siang",0,"Preventive OK",0,0,0,840
2025-07-29,"M-05","Malam",0,"Preventive OK",0,0,0,412
2025-07-29,"M-05","Pagi",0,"Preventive OK",0,0,0,412
2025-07-29,"M-05","Siang",0,"Preventive OK",0,0,0,469
2025-07-29,"M-06","Malam",0,"Preventive OK",0,0,0,400
2025-07-29,"M-06","Pagi",0,"Preventive OK",0,0,0,516
2025-07-29,"M-06","Siang",0,"Preventive OK",0,0,0,410
2025-07-30,"M-01","Malam",0,"Preventive OK",0,0,0,786
2025-07-30,"M-01","Pagi",0,"Preventive OK",0,0,0,784
2025-07-30,"M-01","Siang",0,"Preventive OK",0,0,0,872
2025-07-30,"M-02","Malam",0,"Preventive OK",0,0,0,872
2025-07-30,"M-02","Pagi",0,"Preventive OK",0,0,0,844
2025-07-30,"M-02","Siang",0,"Preventive OK",0,0,0,696
2025-07-30,"M-03","Malam",0,"Preventive OK",0,0,0,743
2025-07-30,"M-03","Pagi",0,"Preventive OK",0,0,0,850
2025-07-30,"M-03","Siang",0,"Preventive OK",0,0,0,797
2025-07-30,"M-04","Malam",0,"Preventive OK",0,0,0,936
2025-07-30,"M-04","Pagi",0,"Preventive OK",0,0,0,883
2025-07-30,"M-04","Siang",1,"Bearing Failure",28,0,28,730
2025-07-30,"M-05","Malam",0,"Preventive OK",0,0,0,395
2025-07-30,"M-05","Pagi",0,"Preventive OK",0,0,0,406
2025-07-30,"M-05","Siang",0,"Preventive OK",0,0,0,411
2025-07-30,"M-06","Malam",0,"Preventive OK",0,0,0,427
2025-07-30,"M-06","Pagi",0,"Preventive OK",0,0,0,391
2025-07-30,"M-06","Siang",0,"Preventive OK",0,0,0,473
2025-07-31,"M-01","Malam",0,"Preventive OK",0,0,0,796
2025-07-31,"M-01","Pagi",0,"Preventive OK",0,0,0,767
2025-07-31,"M-01","Siang",0,"Preventive OK",0,0,0,778
2025-07-31,"M-02","Malam",0,"Preventive OK",0,0,0,781
2025-07-31,"M-02","Pagi",0,"Preventive OK",0,0,0,822
2025-07-31,"M-02","Siang",0,"Preventive OK",0,0,0,825
2025-07-31,"M-03","Malam",0,"Preventive OK",0,0,0,724
2025-07-31,"M-03","Pagi",0,"Preventive OK",0,0,0,912
2025-07-31,"M-03","Siang",0,"Preventive OK",0,0,0,849
2025-07-31,"M-04","Malam",0,"Preventive OK",0,0,0,910
2025-07-31,"M-04","Pagi",1,"Kelistrikan",26,0,26,788
2025-07-31,"M-04","Siang",0,"Preventive OK",0,0,0,780
2025-07-31,"M-05","Malam",0,"Preventive OK",0,0,0,402
2025-07-31,"M-05","Pagi",0,"Preventive OK",0,0,0,446
2025-07-31,"M-05","Siang",0,"Preventive OK",0,0,0,414
2025-07-31,"M-06","Malam",0,"Preventive OK",0,0,0,407
2025-07-31,"M-06","Pagi",0,"Preventive OK",0,0,0,429
2025-07-31,"M-06","Siang",0,"Preventive OK",0,0,0,414
2025-08-01,"M-01","Malam",0,"Preventive OK",0,0,0,763
2025-08-01,"M-01","Pagi",0,"Preventive OK",0,0,0,853
2025-08-01,"M-01","Siang",0,"Preventive OK",0,0,0,798
2025-08-01,"M-02","Malam",0,"Preventive OK",0,0,0,805
2025-08-01,"M-02","Pagi",0,"Preventive OK",0,0,0,887
2025-08-01,"M-02","Siang",0,"Preventive OK",0,0,0,839
2025-08-01,"M-03","Malam",0,"Preventive OK",0,0,0,763
2025-08-01,"M-03","Pagi",0,"Preventive OK",0,0,0,906
2025-08-01,"M-03","Siang",0,"Preventive OK",0,0,0,872
2025-08-01,"M-04","Malam",0,"Preventive OK",0,0,0,842
2025-08-01,"M-04","Pagi",0,"Preventive OK",0,0,0,851
2025-08-01,"M-04","Siang",0,"Preventive OK",0,0,0,761
2025-08-01,"M-05","Malam",0,"Preventive OK",0,0,0,398
2025-08-01,"M-05","Pagi",0,"Preventive OK",0,0,0,408
2025-08-01,"M-05","Siang",0,"Preventive OK",0,0,0,378
2025-08-01,"M-06","Malam",0,"Preventive OK",0,0,0,440
2025-08-01,"M-06","Pagi",0,"Preventive OK",0,0,0,388
2025-08-01,"M-06","Siang",0,"Preventive OK",0,0,0,439
2025-08-02,"M-01","Malam",0,"Preventive OK",0,0,0,816
2025-08-02,"M-01","Pagi",0,"Preventive OK",0,0,0,825
2025-08-02,"M-01","Siang",0,"Preventive OK",0,0,0,785
2025-08-02,"M-02","Malam",1,"Tool Wear",53,0,53,739
2025-08-02,"M-02","Pagi",0,"Preventive OK",0,0,0,812
2025-08-02,"M-02","Siang",0,"Preventive OK",0,0,0,756
2025-08-02,"M-03","Malam",0,"Preventive OK",0,0,0,851
2025-08-02,"M-03","Pagi",0,"Preventive OK",0,0,0,758
2025-08-02,"M-03","Siang",0,"Preventive OK",0,0,0,797
2025-08-02,"M-04","Malam",0,"Preventive OK",0,0,0,827
2025-08-02,"M-04","Pagi",1,"Tool Wear",19,0,19,769
2025-08-02,"M-04","Siang",0,"Preventive OK",0,0,0,838
2025-08-02,"M-05","Malam",0,"Preventive OK",0,0,0,425
2025-08-02,"M-05","Pagi",0,"Preventive OK",0,0,0,387
2025-08-02,"M-05","Siang",1,"Tool Wear",17,0,17,393
2025-08-02,"M-06","Malam",0,"Preventive OK",0,0,0,415
2025-08-02,"M-06","Pagi",0,"Preventive OK",0,0,0,446
2025-08-02,"M-06","Siang",0,"Preventive OK",0,0,0,408
2025-08-04,"M-01","Malam",0,"Preventive OK",0,30,30,789
2025-08-04,"M-01","Pagi",0,"Preventive OK",0,30,30,761
2025-08-04,"M-01","Siang",0,"Preventive OK",0,30,30,877
2025-08-04,"M-02","Malam",0,"Preventive OK",0,30,30,809
2025-08-04,"M-02","Pagi",0,"Preventive OK",0,30,30,842
2025-08-04,"M-02","Siang",0,"Preventive OK",0,30,30,786
2025-08-04,"M-03","Malam",0,"Preventive OK",0,30,30,760
2025-08-04,"M-03","Pagi",0,"Preventive OK",0,30,30,813
2025-08-04,"M-03","Siang",0,"Preventive OK",0,30,30,809
2025-08-04,"M-04","Malam",0,"Preventive OK",0,30,30,863
2025-08-04,"M-04","Pagi",0,"Preventive OK",0,30,30,938
2025-08-04,"M-04","Siang",0,"Preventive OK",0,30,30,790
2025-08-04,"M-05","Malam",0,"Preventive OK",0,30,30,459
2025-08-04,"M-05","Pagi",1,"Kelistrikan",17,30,47,380
2025-08-04,"M-05","Siang",1,"Material Jam",21,30,51,381
2025-08-04,"M-06","Malam",0,"Preventive OK",0,30,30,422
2025-08-04,"M-06","Pagi",0,"Preventive OK",0,30,30,458
2025-08-04,"M-06","Siang",0,"Preventive OK",0,30,30,396
2025-08-05,"M-01","Malam",0,"Preventive OK",0,0,0,752
2025-08-05,"M-01","Pagi",0,"Preventive OK",0,0,0,775
2025-08-05,"M-01","Siang",0,"Preventive OK",0,0,0,913
2025-08-05,"M-02","Malam",0,"Preventive OK",0,0,0,826
2025-08-05,"M-02","Pagi",0,"Preventive OK",0,0,0,756
2025-08-05,"M-02","Siang",1,"Bearing Failure",21,0,21,726
2025-08-05,"M-03","Malam",0,"Preventive OK",0,0,0,822
2025-08-05,"M-03","Pagi",0,"Preventive OK",0,0,0,746
2025-08-05,"M-03","Siang",0,"Preventive OK",0,0,0,813
2025-08-05,"M-04","Malam",0,"Preventive OK",0,0,0,851
2025-08-05,"M-04","Pagi",0,"Preventive OK",0,0,0,772
2025-08-05,"M-04","Siang",0,"Preventive OK",0,0,0,780
2025-08-05,"M-05","Malam",0,"Preventive OK",0,0,0,389
2025-08-05,"M-05","Pagi",0,"Preventive OK",0,0,0,427
2025-08-05,"M-05","Siang",0,"Preventive OK",0,0,0,401
2025-08-05,"M-06","Malam",1,"Setup & Adjust",25,0,25,411
2025-08-05,"M-06","Pagi",0,"Preventive OK",0,0,0,437
2025-08-05,"M-06","Siang",0,"Preventive OK",0,0,0,468
2025-08-06,"M-01","Malam",0,"Preventive OK",0,0,0,887
2025-08-06,"M-01","Pagi",0,"Preventive OK",0,0,0,850
2025-08-06,"M-01","Siang",0,"Preventive OK",0,0,0,876
2025-08-06,"M-02","Malam",0,"Preventive OK",0,0,0,872
2025-08-06,"M-02","Pagi",0,"Preventive OK",0,0,0,759
2025-08-06,"M-02","Siang",0,"Preventive OK",0,0,0,781
2025-08-06,"M-03","Malam",0,"Preventive OK",0,0,0,753
2025-08-06,"M-03","Pagi",0,"Preventive OK",0,0,0,712
2025-08-06,"M-03","Siang",0,"Preventive OK",0,0,0,834
2025-08-06,"M-04","Malam",0,"Preventive OK",0,0,0,911
2025-08-06,"M-04","Pagi",0,"Preventive OK",0,0,0,841
2025-08-06,"M-04","Siang",0,"Preventive OK",0,0,0,808
2025-08-06,"M-05","Malam",0,"Preventive OK",0,0,0,407
2025-08-06,"M-05","Pagi",0,"Preventive OK",0,0,0,354
2025-08-06,"M-05","Siang",0,"Preventive OK",0,0,0,430
2025-08-06,"M-06","Malam",0,"Preventive OK",0,0,0,432
2025-08-06,"M-06","Pagi",0,"Preventive OK",0,0,0,411
2025-08-06,"M-06","Siang",0,"Preventive OK",0,0,0,432
2025-08-07,"M-01","Malam",0,"Preventive OK",0,0,0,880
2025-08-07,"M-01","Pagi",0,"Preventive OK",0,0,0,877
2025-08-07,"M-01","Siang",0,"Preventive OK",0,0,0,881
2025-08-07,"M-02","Malam",0,"Preventive OK",0,0,0,863
2025-08-07,"M-02","Pagi",0,"Preventive OK",0,0,0,834
2025-08-07,"M-02","Siang",1,"Bearing Failure",20,0,20,780
2025-08-07,"M-03","Malam",0,"Preventive OK",0,0,0,830
2025-08-07,"M-03","Pagi",0,"Preventive OK",0,0,0,791
2025-08-07,"M-03","Siang",0,"Preventive OK",0,0,0,900
2025-08-07,"M-04","Malam",0,"Preventive OK",0,0,0,924
2025-08-07,"M-04","Pagi",0,"Preventive OK",0,0,0,861
2025-08-07,"M-04","Siang",0,"Preventive OK",0,0,0,787
2025-08-07,"M-05","Malam",0,"Preventive OK",0,0,0,466
2025-08-07,"M-05","Pagi",0,"Preventive OK",0,0,0,396
2025-08-07,"M-05","Siang",0,"Preventive OK",0,0,0,418
2025-08-07,"M-06","Malam",0,"Preventive OK",0,0,0,433
2025-08-07,"M-06","Pagi",0,"Preventive OK",0,0,0,413
2025-08-07,"M-06","Siang",0,"Preventive OK",0,0,0,431
2025-08-08,"M-01","Malam",0,"Preventive OK",0,0,0,773
2025-08-08,"M-01","Pagi",0,"Preventive OK",0,0,0,866
2025-08-08,"M-01","Siang",0,"Preventive OK",0,0,0,944
2025-08-08,"M-02","Malam",0,"Preventive OK",0,0,0,909
2025-08-08,"M-02","Pagi",0,"Preventive OK",0,0,0,757
2025-08-08,"M-02","Siang",0,"Preventive OK",0,0,0,782
2025-08-08,"M-03","Malam",0,"Preventive OK",0,0,0,868
2025-08-08,"M-03","Pagi",0,"Preventive OK",0,0,0,815
2025-08-08,"M-03","Siang",0,"Preventive OK",0,0,0,782
2025-08-08,"M-04","Malam",0,"Preventive OK",0,0,0,737
2025-08-08,"M-04","Pagi",0,"Preventive OK",0,0,0,764
2025-08-08,"M-04","Siang",0,"Preventive OK",0,0,0,847
2025-08-08,"M-05","Malam",1,"Setup & Adjust",40,0,40,387
2025-08-08,"M-05","Pagi",0,"Preventive OK",0,0,0,385
2025-08-08,"M-05","Siang",0,"Preventive OK",0,0,0,422
2025-08-08,"M-06","Malam",0,"Preventive OK",0,0,0,416
2025-08-08,"M-06","Pagi",0,"Preventive OK",0,0,0,424
2025-08-08,"M-06","Siang",0,"Preventive OK",0,0,0,382
2025-08-09,"M-01","Malam",0,"Preventive OK",0,0,0,729
2025-08-09,"M-01","Pagi",0,"Preventive OK",0,0,0,814
2025-08-09,"M-01","Siang",0,"Preventive OK",0,0,0,754
2025-08-09,"M-02","Malam",1,"Kelistrikan",33,0,33,740
2025-08-09,"M-02","Pagi",0,"Preventive OK",0,0,0,772
2025-08-09,"M-02","Siang",0,"Preventive OK",0,0,0,772
2025-08-09,"M-03","Malam",0,"Preventive OK",0,0,0,818
2025-08-09,"M-03","Pagi",0,"Preventive OK",0,0,0,778
2025-08-09,"M-03","Siang",0,"Preventive OK",0,0,0,755
2025-08-09,"M-04","Malam",0,"Preventive OK",0,0,0,880
2025-08-09,"M-04","Pagi",0,"Preventive OK",0,0,0,780
2025-08-09,"M-04","Siang",0,"Preventive OK",0,0,0,923
2025-08-09,"M-05","Malam",0,"Preventive OK",0,0,0,413
2025-08-09,"M-05","Pagi",0,"Preventive OK",0,0,0,449
2025-08-09,"M-05","Siang",1,"Setup & Adjust",32,0,32,420
2025-08-09,"M-06","Malam",0,"Preventive OK",0,0,0,418
2025-08-09,"M-06","Pagi",0,"Preventive OK",0,0,0,438
2025-08-09,"M-06","Siang",0,"Preventive OK",0,0,0,453
2025-08-11,"M-01","Malam",0,"Preventive OK",0,30,30,888
2025-08-11,"M-01","Pagi",0,"Preventive OK",0,30,30,824
2025-08-11,"M-01","Siang",0,"Preventive OK",0,30,30,845
2025-08-11,"M-02","Malam",0,"Preventive OK",0,30,30,814
2025-08-11,"M-02","Pagi",0,"Preventive OK",0,30,30,793
2025-08-11,"M-02","Siang",0,"Preventive OK",0,30,30,831
2025-08-11,"M-03","Malam",0,"Preventive OK",0,30,30,788
2025-08-11,"M-03","Pagi",0,"Preventive OK",0,30,30,729
2025-08-11,"M-03","Siang",0,"Preventive OK",0,30,30,826
2025-08-11,"M-04","Malam",0,"Preventive OK",0,30,30,932
2025-08-11,"M-04","Pagi",0,"Preventive OK",0,30,30,704
2025-08-11,"M-04","Siang",0,"Preventive OK",0,30,30,790
2025-08-11,"M-05","Malam",0,"Preventive OK",0,30,30,394
2025-08-11,"M-05","Pagi",0,"Preventive OK",0,30,30,375
2025-08-11,"M-05","Siang",0,"Preventive OK",0,30,30,388
2025-08-11,"M-06","Malam",0,"Preventive OK",0,30,30,466
2025-08-11,"M-06","Pagi",0,"Preventive OK",0,30,30,399
2025-08-11,"M-06","Siang",0,"Preventive OK",0,30,30,405
2025-08-12,"M-01","Malam",0,"Preventive OK",0,0,0,819
2025-08-12,"M-01","Pagi",0,"Preventive OK",0,0,0,930
2025-08-12,"M-01","Siang",0,"Preventive OK",0,0,0,833
2025-08-12,"M-02","Malam",0,"Preventive OK",0,0,0,873
2025-08-12,"M-02","Pagi",0,"Preventive OK",0,0,0,737
2025-08-12,"M-02","Siang",0,"Preventive OK",0,0,0,754
2025-08-12,"M-03","Malam",0,"Preventive OK",0,0,0,788
2025-08-12,"M-03","Pagi",0,"Preventive OK",0,0,0,703
2025-08-12,"M-03","Siang",0,"Preventive OK",0,0,0,804
2025-08-12,"M-04","Malam",0,"Preventive OK",0,0,0,825
2025-08-12,"M-04","Pagi",0,"Preventive OK",0,0,0,787
2025-08-12,"M-04","Siang",0,"Preventive OK",0,0,0,774
2025-08-12,"M-05","Malam",0,"Preventive OK",0,0,0,376
2025-08-12,"M-05","Pagi",0,"Preventive OK",0,0,0,401
2025-08-12,"M-05","Siang",0,"Preventive OK",0,0,0,441
2025-08-12,"M-06","Malam",0,"Preventive OK",0,0,0,405
2025-08-12,"M-06","Pagi",0,"Preventive OK",0,0,0,386
2025-08-12,"M-06","Siang",0,"Preventive OK",0,0,0,426
2025-08-13,"M-01","Malam",0,"Preventive OK",0,0,0,898
2025-08-13,"M-01","Pagi",0,"Preventive OK",0,0,0,826
2025-08-13,"M-01","Siang",0,"Preventive OK",0,0,0,804
2025-08-13,"M-02","Malam",0,"Preventive OK",0,0,0,796
2025-08-13,"M-02","Pagi",1,"Kelistrikan",26,0,26,812
2025-08-13,"M-02","Siang",0,"Preventive OK",0,0,0,682
2025-08-13,"M-03","Malam",0,"Preventive OK",0,0,0,850
2025-08-13,"M-03","Pagi",0,"Preventive OK",0,0,0,785
2025-08-13,"M-03","Siang",0,"Preventive OK",0,0,0,790
2025-08-13,"M-04","Malam",0,"Preventive OK",0,0,0,753
2025-08-13,"M-04","Pagi",0,"Preventive OK",0,0,0,842
2025-08-13,"M-04","Siang",1,"Bearing Failure",25,0,25,736
2025-08-13,"M-05","Malam",0,"Preventive OK",0,0,0,425
2025-08-13,"M-05","Pagi",0,"Preventive OK",0,0,0,392
2025-08-13,"M-05","Siang",0,"Preventive OK",0,0,0,443
2025-08-13,"M-06","Malam",0,"Preventive OK",0,0,0,387
2025-08-13,"M-06","Pagi",0,"Preventive OK",0,0,0,378
2025-08-13,"M-06","Siang",0,"Preventive OK",0,0,0,387
2025-08-14,"M-01","Malam",0,"Preventive OK",0,0,0,813
2025-08-14,"M-01","Pagi",1,"Material Jam",16,0,16,799
2025-08-14,"M-01","Siang",0,"Preventive OK",0,0,0,732
2025-08-14,"M-02","Malam",1,"Tool Wear",14,0,14,780
2025-08-14,"M-02","Pagi",0,"Preventive OK",0,0,0,827
2025-08-14,"M-02","Siang",0,"Preventive OK",0,0,0,853
2025-08-14,"M-03","Malam",0,"Preventive OK",0,0,0,808
2025-08-14,"M-03","Pagi",0,"Preventive OK",0,0,0,844
2025-08-14,"M-03","Siang",0,"Preventive OK",0,0,0,806
2025-08-14,"M-04","Malam",0,"Preventive OK",0,0,0,778
2025-08-14,"M-04","Pagi",0,"Preventive OK",0,0,0,845
2025-08-14,"M-04","Siang",0,"Preventive OK",0,0,0,873
2025-08-14,"M-05","Malam",0,"Preventive OK",0,0,0,390
2025-08-14,"M-05","Pagi",0,"Preventive OK",0,0,0,443
2025-08-14,"M-05","Siang",0,"Preventive OK",0,0,0,392
2025-08-14,"M-06","Malam",0,"Preventive OK",0,0,0,398
2025-08-14,"M-06","Pagi",0,"Preventive OK",0,0,0,410
2025-08-14,"M-06","Siang",0,"Preventive OK",0,0,0,399
2025-08-15,"M-01","Malam",0,"Preventive OK",0,0,0,744
2025-08-15,"M-01","Pagi",0,"Preventive OK",0,0,0,789
2025-08-15,"M-01","Siang",0,"Preventive OK",0,0,0,939
2025-08-15,"M-02","Malam",0,"Preventive OK",0,0,0,797
2025-08-15,"M-02","Pagi",0,"Preventive OK",0,0,0,802
2025-08-15,"M-02","Siang",0,"Preventive OK",0,0,0,799
2025-08-15,"M-03","Malam",0,"Preventive OK",0,0,0,811
2025-08-15,"M-03","Pagi",0,"Preventive OK",0,0,0,826
2025-08-15,"M-03","Siang",0,"Preventive OK",0,0,0,823
2025-08-15,"M-04","Malam",0,"Preventive OK",0,0,0,835
2025-08-15,"M-04","Pagi",0,"Preventive OK",0,0,0,854
2025-08-15,"M-04","Siang",0,"Preventive OK",0,0,0,859
2025-08-15,"M-05","Malam",0,"Preventive OK",0,0,0,389
2025-08-15,"M-05","Pagi",0,"Preventive OK",0,0,0,465
2025-08-15,"M-05","Siang",0,"Preventive OK",0,0,0,411
2025-08-15,"M-06","Malam",0,"Preventive OK",0,0,0,387
2025-08-15,"M-06","Pagi",0,"Preventive OK",0,0,0,407
2025-08-15,"M-06","Siang",0,"Preventive OK",0,0,0,397
2025-08-16,"M-01","Malam",0,"Preventive OK",0,0,0,854
2025-08-16,"M-01","Pagi",0,"Preventive OK",0,0,0,851
2025-08-16,"M-01","Siang",0,"Preventive OK",0,0,0,821
2025-08-16,"M-02","Malam",1,"Bearing Failure",18,0,18,778
2025-08-16,"M-02","Pagi",0,"Preventive OK",0,0,0,791
2025-08-16,"M-02","Siang",0,"Preventive OK",0,0,0,799
2025-08-16,"M-03","Malam",0,"Preventive OK",0,0,0,937
2025-08-16,"M-03","Pagi",0,"Preventive OK",0,0,0,847
2025-08-16,"M-03","Siang",0,"Preventive OK",0,0,0,756
2025-08-16,"M-04","Malam",0,"Preventive OK",0,0,0,762
2025-08-16,"M-04","Pagi",0,"Preventive OK",0,0,0,953
2025-08-16,"M-04","Siang",0,"Preventive OK",0,0,0,805
2025-08-16,"M-05","Malam",0,"Preventive OK",0,0,0,369
2025-08-16,"M-05","Pagi",0,"Preventive OK",0,0,0,364
2025-08-16,"M-05","Siang",0,"Preventive OK",0,0,0,451
2025-08-16,"M-06","Malam",0,"Preventive OK",0,0,0,405
2025-08-16,"M-06","Pagi",0,"Preventive OK",0,0,0,425
2025-08-16,"M-06","Siang",0,"Preventive OK",0,0,0,367
2025-08-18,"M-01","Malam",0,"Preventive OK",0,30,30,808
2025-08-18,"M-01","Pagi",0,"Preventive OK",0,30,30,787
2025-08-18,"M-01","Siang",0,"Preventive OK",0,30,30,736
2025-08-18,"M-02","Malam",0,"Preventive OK",0,30,30,829
2025-08-18,"M-02","Pagi",0,"Preventive OK",0,30,30,862
2025-08-18,"M-02","Siang",0,"Preventive OK",0,30,30,842
2025-08-18,"M-03","Malam",1,"Bearing Failure",16,30,46,764
2025-08-18,"M-03","Pagi",0,"Preventive OK",0,30,30,816
2025-08-18,"M-03","Siang",0,"Preventive OK",0,30,30,823
2025-08-18,"M-04","Malam",1,"Bearing Failure",38,30,68,914
2025-08-18,"M-04","Pagi",0,"Preventive OK",0,30,30,852
2025-08-18,"M-04","Siang",0,"Preventive OK",0,30,30,848
2025-08-18,"M-05","Malam",0,"Preventive OK",0,30,30,379
2025-08-18,"M-05","Pagi",0,"Preventive OK",0,30,30,393
2025-08-18,"M-05","Siang",0,"Preventive OK",0,30,30,385
2025-08-18,"M-06","Malam",0,"Preventive OK",0,30,30,383
2025-08-18,"M-06","Pagi",0,"Preventive OK",0,30,30,452
2025-08-18,"M-06","Siang",0,"Preventive OK",0,30,30,357
2025-08-19,"M-01","Malam",0,"Preventive OK",0,0,0,814
2025-08-19,"M-01","Pagi",0,"Preventive OK",0,0,0,832
2025-08-19,"M-01","Siang",0,"Preventive OK",0,0,0,829
2025-08-19,"M-02","Malam",0,"Preventive OK",0,0,0,851
2025-08-19,"M-02","Pagi",0,"Preventive OK",0,0,0,709
2025-08-19,"M-02","Siang",0,"Preventive OK",0,0,0,877
2025-08-19,"M-03","Malam",0,"Preventive OK",0,0,0,764
2025-08-19,"M-03","Pagi",0,"Preventive OK",0,0,0,840
2025-08-19,"M-03","Siang",0,"Preventive OK",0,0,0,841
2025-08-19,"M-04","Malam",0,"Preventive OK",0,0,0,765
2025-08-19,"M-04","Pagi",0,"Preventive OK",0,0,0,786
2025-08-19,"M-04","Siang",0,"Preventive OK",0,0,0,800
2025-08-19,"M-05","Malam",0,"Preventive OK",0,0,0,423
2025-08-19,"M-05","Pagi",1,"Bearing Failure",20,0,20,410
2025-08-19,"M-05","Siang",0,"Preventive OK",0,0,0,383
2025-08-19,"M-06","Malam",0,"Preventive OK",0,0,0,387
2025-08-19,"M-06","Pagi",0,"Preventive OK",0,0,0,381
2025-08-19,"M-06","Siang",0,"Preventive OK",0,0,0,451
2025-08-20,"M-01","Malam",0,"Preventive OK",0,0,0,777
2025-08-20,"M-01","Pagi",0,"Preventive OK",0,0,0,815
2025-08-20,"M-01","Siang",0,"Preventive OK",0,0,0,782
2025-08-20,"M-02","Malam",0,"Preventive OK",0,0,0,797
2025-08-20,"M-02","Pagi",0,"Preventive OK",0,0,0,895
2025-08-20,"M-02","Siang",0,"Preventive OK",0,0,0,820
2025-08-20,"M-03","Malam",0,"Preventive OK",0,0,0,819
2025-08-20,"M-03","Pagi",0,"Preventive OK",0,0,0,908
2025-08-20,"M-03","Siang",0,"Preventive OK",0,0,0,824
2025-08-20,"M-04","Malam",0,"Preventive OK",0,0,0,803
2025-08-20,"M-04","Pagi",0,"Preventive OK",0,0,0,814
2025-08-20,"M-04","Siang",0,"Preventive OK",0,0,0,853
2025-08-20,"M-05","Malam",0,"Preventive OK",0,0,0,415
2025-08-20,"M-05","Pagi",0,"Preventive OK",0,0,0,420
2025-08-20,"M-05","Siang",0,"Preventive OK",0,0,0,446
2025-08-20,"M-06","Malam",0,"Preventive OK",0,0,0,390
2025-08-20,"M-06","Pagi",0,"Preventive OK",0,0,0,424
2025-08-20,"M-06","Siang",0,"Preventive OK",0,0,0,384
2025-08-21,"M-01","Malam",0,"Preventive OK",0,0,0,775
2025-08-21,"M-01","Pagi",0,"Preventive OK",0,0,0,832
2025-08-21,"M-01","Siang",0,"Preventive OK",0,0,0,741
2025-08-21,"M-02","Malam",0,"Preventive OK",0,0,0,801
2025-08-21,"M-02","Pagi",0,"Preventive OK",0,0,0,707
2025-08-21,"M-02","Siang",0,"Preventive OK",0,0,0,751
2025-08-21,"M-03","Malam",0,"Preventive OK",0,0,0,848
2025-08-21,"M-03","Pagi",0,"Preventive OK",0,0,0,814
2025-08-21,"M-03","Siang",0,"Preventive OK",0,0,0,817
2025-08-21,"M-04","Malam",0,"Preventive OK",0,0,0,767
2025-08-21,"M-04","Pagi",0,"Preventive OK",0,0,0,837
2025-08-21,"M-04","Siang",0,"Preventive OK",0,0,0,807
2025-08-21,"M-05","Malam",0,"Preventive OK",0,0,0,414
2025-08-21,"M-05","Pagi",0,"Preventive OK",0,0,0,402
2025-08-21,"M-05","Siang",0,"Preventive OK",0,0,0,399
2025-08-21,"M-06","Malam",0,"Preventive OK",0,0,0,460
2025-08-21,"M-06","Pagi",0,"Preventive OK",0,0,0,408
2025-08-21,"M-06","Siang",0,"Preventive OK",0,0,0,361
2025-08-22,"M-01","Malam",0,"Preventive OK",0,0,0,738
2025-08-22,"M-01","Pagi",0,"Preventive OK",0,0,0,870
2025-08-22,"M-01","Siang",0,"Preventive OK",0,0,0,839
2025-08-22,"M-02","Malam",0,"Preventive OK",0,0,0,778
2025-08-22,"M-02","Pagi",0,"Preventive OK",0,0,0,871
2025-08-22,"M-02","Siang",0,"Preventive OK",0,0,0,765
2025-08-22,"M-03","Malam",0,"Preventive OK",0,0,0,903
2025-08-22,"M-03","Pagi",0,"Preventive OK",0,0,0,789
2025-08-22,"M-03","Siang",0,"Preventive OK",0,0,0,886
2025-08-22,"M-04","Malam",0,"Preventive OK",0,0,0,830
2025-08-22,"M-04","Pagi",0,"Preventive OK",0,0,0,809
2025-08-22,"M-04","Siang",0,"Preventive OK",0,0,0,864
2025-08-22,"M-05","Malam",0,"Preventive OK",0,0,0,392
2025-08-22,"M-05","Pagi",0,"Preventive OK",0,0,0,452
2025-08-22,"M-05","Siang",0,"Preventive OK",0,0,0,412
2025-08-22,"M-06","Malam",0,"Preventive OK",0,0,0,423
2025-08-22,"M-06","Pagi",0,"Preventive OK",0,0,0,415
2025-08-22,"M-06","Siang",0,"Preventive OK",0,0,0,350
2025-08-23,"M-01","Malam",0,"Preventive OK",0,0,0,781
2025-08-23,"M-01","Pagi",0,"Preventive OK",0,0,0,847
2025-08-23,"M-01","Siang",0,"Preventive OK",0,0,0,713
2025-08-23,"M-02","Malam",1,"Bearing Failure",13,0,13,765
2025-08-23,"M-02","Pagi",0,"Preventive OK",0,0,0,903
2025-08-23,"M-02","Siang",0,"Preventive OK",0,0,0,874
2025-08-23,"M-03","Malam",0,"Preventive OK",0,0,0,874
2025-08-23,"M-03","Pagi",0,"Preventive OK",0,0,0,756
2025-08-23,"M-03","Siang",0,"Preventive OK",0,0,0,827
2025-08-23,"M-04","Malam",0,"Preventive OK",0,0,0,841
2025-08-23,"M-04","Pagi",1,"Bearing Failure",10,0,10,873
2025-08-23,"M-04","Siang",0,"Preventive OK",0,0,0,784
2025-08-23,"M-05","Malam",0,"Preventive OK",0,0,0,426
2025-08-23,"M-05","Pagi",0,"Preventive OK",0,0,0,411
2025-08-23,"M-05","Siang",0,"Preventive OK",0,0,0,455
2025-08-23,"M-06","Malam",0,"Preventive OK",0,0,0,393
2025-08-23,"M-06","Pagi",0,"Preventive OK",0,0,0,412
2025-08-23,"M-06","Siang",0,"Preventive OK",0,0,0,393
2025-08-25,"M-01","Malam",0,"Preventive OK",0,30,30,811
2025-08-25,"M-01","Pagi",0,"Preventive OK",0,30,30,822
2025-08-25,"M-01","Siang",0,"Preventive OK",0,30,30,732
2025-08-25,"M-02","Malam",0,"Preventive OK",0,30,30,803
2025-08-25,"M-02","Pagi",0,"Preventive OK",0,30,30,832
2025-08-25,"M-02","Siang",0,"Preventive OK",0,30,30,618
2025-08-25,"M-03","Malam",0,"Preventive OK",0,30,30,906
2025-08-25,"M-03","Pagi",0,"Preventive OK",0,30,30,840
2025-08-25,"M-03","Siang",0,"Preventive OK",0,30,30,854
2025-08-25,"M-04","Malam",0,"Preventive OK",0,30,30,614
2025-08-25,"M-04","Pagi",0,"Preventive OK",0,30,30,833
2025-08-25,"M-04","Siang",0,"Preventive OK",0,30,30,882
2025-08-25,"M-05","Malam",0,"Preventive OK",0,30,30,437
2025-08-25,"M-05","Pagi",0,"Preventive OK",0,30,30,421
2025-08-25,"M-05","Siang",0,"Preventive OK",0,30,30,450
2025-08-25,"M-06","Malam",0,"Preventive OK",0,30,30,396
2025-08-25,"M-06","Pagi",0,"Preventive OK",0,30,30,374
2025-08-25,"M-06","Siang",0,"Preventive OK",0,30,30,374
2025-08-26,"M-01","Malam",0,"Preventive OK",0,0,0,797
2025-08-26,"M-01","Pagi",0,"Preventive OK",0,0,0,780
2025-08-26,"M-01","Siang",0,"Preventive OK",0,0,0,878
2025-08-26,"M-02","Malam",0,"Preventive OK",0,0,0,853
2025-08-26,"M-02","Pagi",0,"Preventive OK",0,0,0,836
2025-08-26,"M-02","Siang",0,"Preventive OK",0,0,0,785
2025-08-26,"M-03","Malam",0,"Preventive OK",0,0,0,840
2025-08-26,"M-03","Pagi",0,"Preventive OK",0,0,0,875
2025-08-26,"M-03","Siang",0,"Preventive OK",0,0,0,740
2025-08-26,"M-04","Malam",0,"Preventive OK",0,0,0,813
2025-08-26,"M-04","Pagi",0,"Preventive OK",0,0,0,820
2025-08-26,"M-04","Siang",0,"Preventive OK",0,0,0,815
2025-08-26,"M-05","Malam",0,"Preventive OK",0,0,0,422
2025-08-26,"M-05","Pagi",0,"Preventive OK",0,0,0,403
2025-08-26,"M-05","Siang",0,"Preventive OK",0,0,0,424
2025-08-26,"M-06","Malam",1,"Setup & Adjust",27,0,27,408
2025-08-26,"M-06","Pagi",0,"Preventive OK",0,0,0,410
2025-08-26,"M-06","Siang",0,"Preventive OK",0,0,0,345
2025-08-27,"M-01","Malam",0,"Preventive OK",0,0,0,766
2025-08-27,"M-01","Pagi",0,"Preventive OK",0,0,0,851
2025-08-27,"M-01","Siang",0,"Preventive OK",0,0,0,833
2025-08-27,"M-02","Malam",1,"Bearing Failure",30,0,30,733
2025-08-27,"M-02","Pagi",0,"Preventive OK",0,0,0,773
2025-08-27,"M-02","Siang",0,"Preventive OK",0,0,0,826
2025-08-27,"M-03","Malam",0,"Preventive OK",0,0,0,776
2025-08-27,"M-03","Pagi",1,"Kelistrikan",35,0,35,778
2025-08-27,"M-03","Siang",0,"Preventive OK",0,0,0,760
2025-08-27,"M-04","Malam",0,"Preventive OK",0,0,0,792
2025-08-27,"M-04","Pagi",0,"Preventive OK",0,0,0,796
2025-08-27,"M-04","Siang",1,"Bearing Failure",21,0,21,804
2025-08-27,"M-05","Malam",0,"Preventive OK",0,0,0,363
2025-08-27,"M-05","Pagi",0,"Preventive OK",0,0,0,372
2025-08-27,"M-05","Siang",0,"Preventive OK",0,0,0,399
2025-08-27,"M-06","Malam",0,"Preventive OK",0,0,0,350
2025-08-27,"M-06","Pagi",0,"Preventive OK",0,0,0,354
2025-08-27,"M-06","Siang",0,"Preventive OK",0,0,0,418
2025-08-28,"M-01","Malam",0,"Preventive OK",0,0,0,888
2025-08-28,"M-01","Pagi",0,"Preventive OK",0,0,0,866
2025-08-28,"M-01","Siang",0,"Preventive OK",0,0,0,726
2025-08-28,"M-02","Malam",0,"Preventive OK",0,0,0,769
2025-08-28,"M-02","Pagi",0,"Preventive OK",0,0,0,759
2025-08-28,"M-02","Siang",0,"Preventive OK",0,0,0,775
2025-08-28,"M-03","Malam",0,"Preventive OK",0,0,0,802
2025-08-28,"M-03","Pagi",0,"Preventive OK",0,0,0,833
2025-08-28,"M-03","Siang",0,"Preventive OK",0,0,0,832
2025-08-28,"M-04","Malam",0,"Preventive OK",0,0,0,931
2025-08-28,"M-04","Pagi",1,"Bearing Failure",30,0,30,824
2025-08-28,"M-04","Siang",1,"Tool Wear",31,0,31,723
2025-08-28,"M-05","Malam",0,"Preventive OK",0,0,0,384
2025-08-28,"M-05","Pagi",0,"Preventive OK",0,0,0,389
2025-08-28,"M-05","Siang",0,"Preventive OK",0,0,0,452
2025-08-28,"M-06","Malam",0,"Preventive OK",0,0,0,459
2025-08-28,"M-06","Pagi",0,"Preventive OK",0,0,0,424
2025-08-28,"M-06","Siang",0,"Preventive OK",0,0,0,441
2025-08-29,"M-01","Malam",0,"Preventive OK",0,0,0,780
2025-08-29,"M-01","Pagi",0,"Preventive OK",0,0,0,809
2025-08-29,"M-01","Siang",0,"Preventive OK",0,0,0,820
2025-08-29,"M-02","Malam",0,"Preventive OK",0,0,0,818
2025-08-29,"M-02","Pagi",1,"Tool Wear",40,0,40,717
2025-08-29,"M-02","Siang",0,"Preventive OK",0,0,0,859
2025-08-29,"M-03","Malam",0,"Preventive OK",0,0,0,872
2025-08-29,"M-03","Pagi",0,"Preventive OK",0,0,0,890
2025-08-29,"M-03","Siang",0,"Preventive OK",0,0,0,760
2025-08-29,"M-04","Malam",0,"Preventive OK",0,0,0,722
2025-08-29,"M-04","Pagi",0,"Preventive OK",0,0,0,770
2025-08-29,"M-04","Siang",0,"Preventive OK",0,0,0,874
2025-08-29,"M-05","Malam",0,"Preventive OK",0,0,0,402
2025-08-29,"M-05","Pagi",0,"Preventive OK",0,0,0,428
2025-08-29,"M-05","Siang",0,"Preventive OK",0,0,0,371
2025-08-29,"M-06","Malam",0,"Preventive OK",0,0,0,387
2025-08-29,"M-06","Pagi",0,"Preventive OK",0,0,0,437
2025-08-29,"M-06","Siang",0,"Preventive OK",0,0,0,420
2025-08-30,"M-01","Malam",0,"Preventive OK",0,0,0,777
2025-08-30,"M-01","Pagi",0,"Preventive OK",0,0,0,795
2025-08-30,"M-01","Siang",0,"Preventive OK",0,0,0,754
2025-08-30,"M-02","Malam",0,"Preventive OK",0,0,0,755
2025-08-30,"M-02","Pagi",0,"Preventive OK",0,0,0,823
2025-08-30,"M-02","Siang",0,"Preventive OK",0,0,0,879
2025-08-30,"M-03","Malam",0,"Preventive OK",0,0,0,770
2025-08-30,"M-03","Pagi",0,"Preventive OK",0,0,0,843
2025-08-30,"M-03","Siang",0,"Preventive OK",0,0,0,864
2025-08-30,"M-04","Malam",0,"Preventive OK",0,0,0,829
2025-08-30,"M-04","Pagi",0,"Preventive OK",0,0,0,830
2025-08-30,"M-04","Siang",0,"Preventive OK",0,0,0,843
2025-08-30,"M-05","Malam",0,"Preventive OK",0,0,0,421
2025-08-30,"M-05","Pagi",0,"Preventive OK",0,0,0,426
2025-08-30,"M-05","Siang",0,"Preventive OK",0,0,0,391
2025-08-30,"M-06","Malam",0,"Preventive OK",0,0,0,397
2025-08-30,"M-06","Pagi",0,"Preventive OK",0,0,0,408
2025-08-30,"M-06","Siang",0,"Preventive OK",0,0,0,371
2025-09-01,"M-01","Malam",0,"Preventive OK",0,30,30,899
2025-09-01,"M-01","Pagi",0,"Preventive OK",0,30,30,796
2025-09-01,"M-01","Siang",0,"Preventive OK",0,30,30,774
2025-09-01,"M-02","Malam",0,"Preventive OK",0,30,30,912
2025-09-01,"M-02","Pagi",0,"Preventive OK",0,30,30,934
2025-09-01,"M-02","Siang",0,"Preventive OK",0,30,30,845
2025-09-01,"M-03","Malam",0,"Preventive OK",0,30,30,790
2025-09-01,"M-03","Pagi",0,"Preventive OK",0,30,30,668
2025-09-01,"M-03","Siang",0,"Preventive OK",0,30,30,903
2025-09-01,"M-04","Malam",0,"Preventive OK",0,30,30,776
2025-09-01,"M-04","Pagi",0,"Preventive OK",0,30,30,791
2025-09-01,"M-04","Siang",0,"Preventive OK",0,30,30,913
2025-09-01,"M-05","Malam",0,"Preventive OK",0,30,30,458
2025-09-01,"M-05","Pagi",0,"Preventive OK",0,30,30,433
2025-09-01,"M-05","Siang",0,"Preventive OK",0,30,30,387
2025-09-01,"M-06","Malam",0,"Preventive OK",0,30,30,415
2025-09-01,"M-06","Pagi",0,"Preventive OK",0,30,30,446
2025-09-01,"M-06","Siang",0,"Preventive OK",0,30,30,407
2025-09-02,"M-01","Malam",0,"Preventive OK",0,0,0,743
2025-09-02,"M-01","Pagi",0,"Preventive OK",0,0,0,879
2025-09-02,"M-01","Siang",0,"Preventive OK",0,0,0,890
2025-09-02,"M-02","Malam",0,"Preventive OK",0,0,0,778
2025-09-02,"M-02","Pagi",0,"Preventive OK",0,0,0,764
2025-09-02,"M-02","Siang",0,"Preventive OK",0,0,0,853
2025-09-02,"M-03","Malam",0,"Preventive OK",0,0,0,790
2025-09-02,"M-03","Pagi",0,"Preventive OK",0,0,0,833
2025-09-02,"M-03","Siang",0,"Preventive OK",0,0,0,832
2025-09-02,"M-04","Malam",0,"Preventive OK",0,0,0,750
2025-09-02,"M-04","Pagi",0,"Preventive OK",0,0,0,839
2025-09-02,"M-04","Siang",1,"Bearing Failure",17,0,17,830
2025-09-02,"M-05","Malam",0,"Preventive OK",0,0,0,392
2025-09-02,"M-05","Pagi",0,"Preventive OK",0,0,0,394
2025-09-02,"M-05","Siang",0,"Preventive OK",0,0,0,433
2025-09-02,"M-06","Malam",0,"Preventive OK",0,0,0,376
2025-09-02,"M-06","Pagi",0,"Preventive OK",0,0,0,401
2025-09-02,"M-06","Siang",0,"Preventive OK",0,0,0,433
2025-09-03,"M-01","Malam",1,"Material Jam",16,0,16,787
2025-09-03,"M-01","Pagi",0,"Preventive OK",0,0,0,702
2025-09-03,"M-01","Siang",0,"Preventive OK",0,0,0,785
2025-09-03,"M-02","Malam",0,"Preventive OK",0,0,0,852
2025-09-03,"M-02","Pagi",1,"Bearing Failure",35,0,35,751
2025-09-03,"M-02","Siang",0,"Preventive OK",0,0,0,751
2025-09-03,"M-03","Malam",0,"Preventive OK",0,0,0,921
2025-09-03,"M-03","Pagi",0,"Preventive OK",0,0,0,757
2025-09-03,"M-03","Siang",0,"Preventive OK",0,0,0,824
2025-09-03,"M-04","Malam",0,"Preventive OK",0,0,0,885
2025-09-03,"M-04","Pagi",0,"Preventive OK",0,0,0,787
2025-09-03,"M-04","Siang",0,"Preventive OK",0,0,0,814
2025-09-03,"M-05","Malam",0,"Preventive OK",0,0,0,418
2025-09-03,"M-05","Pagi",0,"Preventive OK",0,0,0,380
2025-09-03,"M-05","Siang",0,"Preventive OK",0,0,0,417
2025-09-03,"M-06","Malam",0,"Preventive OK",0,0,0,422
2025-09-03,"M-06","Pagi",0,"Preventive OK",0,0,0,415
2025-09-03,"M-06","Siang",0,"Preventive OK",0,0,0,437
2025-09-04,"M-01","Malam",0,"Preventive OK",0,0,0,790
2025-09-04,"M-01","Pagi",0,"Preventive OK",0,0,0,847
2025-09-04,"M-01","Siang",0,"Preventive OK",0,0,0,869
2025-09-04,"M-02","Malam",0,"Preventive OK",0,0,0,662
2025-09-04,"M-02","Pagi",0,"Preventive OK",0,0,0,708
2025-09-04,"M-02","Siang",0,"Preventive OK",0,0,0,689
2025-09-04,"M-03","Malam",0,"Preventive OK",0,0,0,794
2025-09-04,"M-03","Pagi",0,"Preventive OK",0,0,0,810
2025-09-04,"M-03","Siang",0,"Preventive OK",0,0,0,844
2025-09-04,"M-04","Malam",1,"Kelistrikan",26,0,26,732
2025-09-04,"M-04","Pagi",0,"Preventive OK",0,0,0,756
2025-09-04,"M-04","Siang",0,"Preventive OK",0,0,0,823
2025-09-04,"M-05","Malam",1,"Setup & Adjust",34,0,34,326
2025-09-04,"M-05","Pagi",0,"Preventive OK",0,0,0,418
2025-09-04,"M-05","Siang",0,"Preventive OK",0,0,0,404
2025-09-04,"M-06","Malam",0,"Preventive OK",0,0,0,443
2025-09-04,"M-06","Pagi",0,"Preventive OK",0,0,0,458
2025-09-04,"M-06","Siang",0,"Preventive OK",0,0,0,369
2025-09-05,"M-01","Malam",0,"Preventive OK",0,0,0,687
2025-09-05,"M-01","Pagi",0,"Preventive OK",0,0,0,961
2025-09-05,"M-01","Siang",0,"Preventive OK",0,0,0,823
2025-09-05,"M-02","Malam",0,"Preventive OK",0,0,0,791
2025-09-05,"M-02","Pagi",0,"Preventive OK",0,0,0,752
2025-09-05,"M-02","Siang",1,"Tool Wear",36,0,36,834
2025-09-05,"M-03","Malam",0,"Preventive OK",0,0,0,908
2025-09-05,"M-03","Pagi",0,"Preventive OK",0,0,0,881
2025-09-05,"M-03","Siang",0,"Preventive OK",0,0,0,878
2025-09-05,"M-04","Malam",0,"Preventive OK",0,0,0,874
2025-09-05,"M-04","Pagi",0,"Preventive OK",0,0,0,921
2025-09-05,"M-04","Siang",0,"Preventive OK",0,0,0,795
2025-09-05,"M-05","Malam",0,"Preventive OK",0,0,0,394
2025-09-05,"M-05","Pagi",0,"Preventive OK",0,0,0,389
2025-09-05,"M-05","Siang",0,"Preventive OK",0,0,0,430
2025-09-05,"M-06","Malam",0,"Preventive OK",0,0,0,446
2025-09-05,"M-06","Pagi",0,"Preventive OK",0,0,0,411
2025-09-05,"M-06","Siang",0,"Preventive OK",0,0,0,475
2025-09-06,"M-01","Malam",0,"Preventive OK",0,0,0,881
2025-09-06,"M-01","Pagi",0,"Preventive OK",0,0,0,704
2025-09-06,"M-01","Siang",0,"Preventive OK",0,0,0,785
2025-09-06,"M-02","Malam",0,"Preventive OK",0,0,0,824
2025-09-06,"M-02","Pagi",0,"Preventive OK",0,0,0,729
2025-09-06,"M-02","Siang",0,"Preventive OK",0,0,0,814
2025-09-06,"M-03","Malam",0,"Preventive OK",0,0,0,892
2025-09-06,"M-03","Pagi",0,"Preventive OK",0,0,0,765
2025-09-06,"M-03","Siang",0,"Preventive OK",0,0,0,847
2025-09-06,"M-04","Malam",0,"Preventive OK",0,0,0,770
2025-09-06,"M-04","Pagi",0,"Preventive OK",0,0,0,767
2025-09-06,"M-04","Siang",0,"Preventive OK",0,0,0,781
2025-09-06,"M-05","Malam",0,"Preventive OK",0,0,0,381
2025-09-06,"M-05","Pagi",0,"Preventive OK",0,0,0,387
2025-09-06,"M-05","Siang",0,"Preventive OK",0,0,0,392
2025-09-06,"M-06","Malam",0,"Preventive OK",0,0,0,412
2025-09-06,"M-06","Pagi",0,"Preventive OK",0,0,0,441
2025-09-06,"M-06","Siang",0,"Preventive OK",0,0,0,400
2025-09-08,"M-01","Malam",0,"Preventive OK",0,30,30,775
2025-09-08,"M-01","Pagi",0,"Preventive OK",0,30,30,801
2025-09-08,"M-01","Siang",0,"Preventive OK",0,30,30,850
2025-09-08,"M-02","Malam",0,"Preventive OK",0,30,30,809
2025-09-08,"M-02","Pagi",0,"Preventive OK",0,30,30,917
2025-09-08,"M-02","Siang",0,"Preventive OK",0,30,30,874
2025-09-08,"M-03","Malam",0,"Preventive OK",0,30,30,808
2025-09-08,"M-03","Pagi",0,"Preventive OK",0,30,30,855
2025-09-08,"M-03","Siang",0,"Preventive OK",0,30,30,841
2025-09-08,"M-04","Malam",1,"Bearing Failure",10,30,40,748
2025-09-08,"M-04","Pagi",0,"Preventive OK",0,30,30,811
2025-09-08,"M-04","Siang",0,"Preventive OK",0,30,30,959
2025-09-08,"M-05","Malam",0,"Preventive OK",0,30,30,428
2025-09-08,"M-05","Pagi",0,"Preventive OK",0,30,30,467
2025-09-08,"M-05","Siang",0,"Preventive OK",0,30,30,376
2025-09-08,"M-06","Malam",0,"Preventive OK",0,30,30,469
2025-09-08,"M-06","Pagi",0,"Preventive OK",0,30,30,402
2025-09-08,"M-06","Siang",0,"Preventive OK",0,30,30,451
2025-09-09,"M-01","Malam",0,"Preventive OK",0,0,0,872
2025-09-09,"M-01","Pagi",0,"Preventive OK",0,0,0,904
2025-09-09,"M-01","Siang",0,"Preventive OK",0,0,0,795
2025-09-09,"M-02","Malam",0,"Preventive OK",0,0,0,758
2025-09-09,"M-02","Pagi",0,"Preventive OK",0,0,0,796
2025-09-09,"M-02","Siang",0,"Preventive OK",0,0,0,831
2025-09-09,"M-03","Malam",0,"Preventive OK",0,0,0,740
2025-09-09,"M-03","Pagi",0,"Preventive OK",0,0,0,987
2025-09-09,"M-03","Siang",0,"Preventive OK",0,0,0,780
2025-09-09,"M-04","Malam",0,"Preventive OK",0,0,0,730
2025-09-09,"M-04","Pagi",0,"Preventive OK",0,0,0,842
2025-09-09,"M-04","Siang",0,"Preventive OK",0,0,0,848
2025-09-09,"M-05","Malam",0,"Preventive OK",0,0,0,369
2025-09-09,"M-05","Pagi",0,"Preventive OK",0,0,0,401
2025-09-09,"M-05","Siang",0,"Preventive OK",0,0,0,441
2025-09-09,"M-06","Malam",0,"Preventive OK",0,0,0,394
2025-09-09,"M-06","Pagi",0,"Preventive OK",0,0,0,384
2025-09-09,"M-06","Siang",0,"Preventive OK",0,0,0,402
2025-09-10,"M-01","Malam",0,"Preventive OK",0,0,0,874
2025-09-10,"M-01","Pagi",0,"Preventive OK",0,0,0,721
2025-09-10,"M-01","Siang",0,"Preventive OK",0,0,0,750
2025-09-10,"M-02","Malam",0,"Preventive OK",0,0,0,862
2025-09-10,"M-02","Pagi",0,"Preventive OK",0,0,0,799
2025-09-10,"M-02","Siang",0,"Preventive OK",0,0,0,821
2025-09-10,"M-03","Malam",0,"Preventive OK",0,0,0,867
2025-09-10,"M-03","Pagi",0,"Preventive OK",0,0,0,880
2025-09-10,"M-03","Siang",0,"Preventive OK",0,0,0,882
2025-09-10,"M-04","Malam",0,"Preventive OK",0,0,0,840
2025-09-10,"M-04","Pagi",0,"Preventive OK",0,0,0,914
2025-09-10,"M-04","Siang",0,"Preventive OK",0,0,0,823
2025-09-10,"M-05","Malam",0,"Preventive OK",0,0,0,429
2025-09-10,"M-05","Pagi",0,"Preventive OK",0,0,0,404
2025-09-10,"M-05","Siang",0,"Preventive OK",0,0,0,426
2025-09-10,"M-06","Malam",0,"Preventive OK",0,0,0,417
2025-09-10,"M-06","Pagi",0,"Preventive OK",0,0,0,385
2025-09-10,"M-06","Siang",0,"Preventive OK",0,0,0,415
2025-09-11,"M-01","Malam",0,"Preventive OK",0,0,0,744
2025-09-11,"M-01","Pagi",0,"Preventive OK",0,0,0,840
2025-09-11,"M-01","Siang",0,"Preventive OK",0,0,0,805
2025-09-11,"M-02","Malam",0,"Preventive OK",0,0,0,816
2025-09-11,"M-02","Pagi",0,"Preventive OK",0,0,0,776
2025-09-11,"M-02","Siang",0,"Preventive OK",0,0,0,878
2025-09-11,"M-03","Malam",0,"Preventive OK",0,0,0,900
2025-09-11,"M-03","Pagi",0,"Preventive OK",0,0,0,796
2025-09-11,"M-03","Siang",0,"Preventive OK",0,0,0,909
2025-09-11,"M-04","Malam",0,"Preventive OK",0,0,0,765
2025-09-11,"M-04","Pagi",0,"Preventive OK",0,0,0,973
2025-09-11,"M-04","Siang",0,"Preventive OK",0,0,0,810
2025-09-11,"M-05","Malam",0,"Preventive OK",0,0,0,399
2025-09-11,"M-05","Pagi",0,"Preventive OK",0,0,0,374
2025-09-11,"M-05","Siang",0,"Preventive OK",0,0,0,395
2025-09-11,"M-06","Malam",0,"Preventive OK",0,0,0,381
2025-09-11,"M-06","Pagi",0,"Preventive OK",0,0,0,417
2025-09-11,"M-06","Siang",1,"Bearing Failure",23,0,23,424
2025-09-12,"M-01","Malam",0,"Preventive OK",0,0,0,847
2025-09-12,"M-01","Pagi",0,"Preventive OK",0,0,0,846
2025-09-12,"M-01","Siang",0,"Preventive OK",0,0,0,831
2025-09-12,"M-02","Malam",0,"Preventive OK",0,0,0,792
2025-09-12,"M-02","Pagi",0,"Preventive OK",0,0,0,854
2025-09-12,"M-02","Siang",0,"Preventive OK",0,0,0,776
2025-09-12,"M-03","Malam",0,"Preventive OK",0,0,0,778
2025-09-12,"M-03","Pagi",0,"Preventive OK",0,0,0,896
2025-09-12,"M-03","Siang",0,"Preventive OK",0,0,0,729
2025-09-12,"M-04","Malam",0,"Preventive OK",0,0,0,803
2025-09-12,"M-04","Pagi",0,"Preventive OK",0,0,0,835
2025-09-12,"M-04","Siang",0,"Preventive OK",0,0,0,798
2025-09-12,"M-05","Malam",0,"Preventive OK",0,0,0,401
2025-09-12,"M-05","Pagi",1,"Material Jam",18,0,18,411
2025-09-12,"M-05","Siang",0,"Preventive OK",0,0,0,415
2025-09-12,"M-06","Malam",0,"Preventive OK",0,0,0,421
2025-09-12,"M-06","Pagi",0,"Preventive OK",0,0,0,410
2025-09-12,"M-06","Siang",0,"Preventive OK",0,0,0,369
2025-09-13,"M-01","Malam",0,"Preventive OK",0,0,0,735
2025-09-13,"M-01","Pagi",0,"Preventive OK",0,0,0,819
2025-09-13,"M-01","Siang",0,"Preventive OK",0,0,0,823
2025-09-13,"M-02","Malam",0,"Preventive OK",0,0,0,747
2025-09-13,"M-02","Pagi",0,"Preventive OK",0,0,0,756
2025-09-13,"M-02","Siang",0,"Preventive OK",0,0,0,759
2025-09-13,"M-03","Malam",0,"Preventive OK",0,0,0,835
2025-09-13,"M-03","Pagi",0,"Preventive OK",0,0,0,768
2025-09-13,"M-03","Siang",0,"Preventive OK",0,0,0,875
2025-09-13,"M-04","Malam",0,"Preventive OK",0,0,0,834
2025-09-13,"M-04","Pagi",0,"Preventive OK",0,0,0,892
2025-09-13,"M-04","Siang",0,"Preventive OK",0,0,0,916
2025-09-13,"M-05","Malam",0,"Preventive OK",0,0,0,420
2025-09-13,"M-05","Pagi",0,"Preventive OK",0,0,0,372
2025-09-13,"M-05","Siang",0,"Preventive OK",0,0,0,365
2025-09-13,"M-06","Malam",0,"Preventive OK",0,0,0,419
2025-09-13,"M-06","Pagi",0,"Preventive OK",0,0,0,419
2025-09-13,"M-06","Siang",0,"Preventive OK",0,0,0,428
2025-09-15,"M-01","Malam",0,"Preventive OK",0,30,30,801
2025-09-15,"M-01","Pagi",0,"Preventive OK",0,30,30,807
2025-09-15,"M-01","Siang",0,"Preventive OK",0,30,30,758
2025-09-15,"M-02","Malam",0,"Preventive OK",0,30,30,784
2025-09-15,"M-02","Pagi",0,"Preventive OK",0,30,30,784
2025-09-15,"M-02","Siang",0,"Preventive OK",0,30,30,776
2025-09-15,"M-03","Malam",0,"Preventive OK",0,30,30,887
2025-09-15,"M-03","Pagi",0,"Preventive OK",0,30,30,809
2025-09-15,"M-03","Siang",0,"Preventive OK",0,30,30,765
2025-09-15,"M-04","Malam",0,"Preventive OK",0,30,30,778
2025-09-15,"M-04","Pagi",0,"Preventive OK",0,30,30,732
2025-09-15,"M-04","Siang",0,"Preventive OK",0,30,30,844
2025-09-15,"M-05","Malam",0,"Preventive OK",0,30,30,496
2025-09-15,"M-05","Pagi",0,"Preventive OK",0,30,30,405
2025-09-15,"M-05","Siang",0,"Preventive OK",0,30,30,382
2025-09-15,"M-06","Malam",0,"Preventive OK",0,30,30,404
2025-09-15,"M-06","Pagi",0,"Preventive OK",0,30,30,455
2025-09-15,"M-06","Siang",0,"Preventive OK",0,30,30,421
2025-09-16,"M-01","Malam",0,"Preventive OK",0,0,0,756
2025-09-16,"M-01","Pagi",0,"Preventive OK",0,0,0,807
2025-09-16,"M-01","Siang",0,"Preventive OK",0,0,0,681
2025-09-16,"M-02","Malam",0,"Preventive OK",0,0,0,769
2025-09-16,"M-02","Pagi",1,"Tool Wear",29,0,29,729
2025-09-16,"M-02","Siang",0,"Preventive OK",0,0,0,846
2025-09-16,"M-03","Malam",0,"Preventive OK",0,0,0,804
2025-09-16,"M-03","Pagi",0,"Preventive OK",0,0,0,752
2025-09-16,"M-03","Siang",0,"Preventive OK",0,0,0,872
2025-09-16,"M-04","Malam",0,"Preventive OK",0,0,0,761
2025-09-16,"M-04","Pagi",0,"Preventive OK",0,0,0,776
2025-09-16,"M-04","Siang",0,"Preventive OK",0,0,0,806
2025-09-16,"M-05","Malam",0,"Preventive OK",0,0,0,386
2025-09-16,"M-05","Pagi",0,"Preventive OK",0,0,0,410
2025-09-16,"M-05","Siang",0,"Preventive OK",0,0,0,390
2025-09-16,"M-06","Malam",0,"Preventive OK",0,0,0,428
2025-09-16,"M-06","Pagi",0,"Preventive OK",0,0,0,419
2025-09-16,"M-06","Siang",0,"Preventive OK",0,0,0,359
2025-09-17,"M-01","Malam",0,"Preventive OK",0,0,0,731
2025-09-17,"M-01","Pagi",0,"Preventive OK",0,0,0,805
2025-09-17,"M-01","Siang",0,"Preventive OK",0,0,0,950
2025-09-17,"M-02","Malam",0,"Preventive OK",0,0,0,765
2025-09-17,"M-02","Pagi",0,"Preventive OK",0,0,0,752
2025-09-17,"M-02","Siang",0,"Preventive OK",0,0,0,844
2025-09-17,"M-03","Malam",0,"Preventive OK",0,0,0,716
2025-09-17,"M-03","Pagi",0,"Preventive OK",0,0,0,754
2025-09-17,"M-03","Siang",0,"Preventive OK",0,0,0,863
2025-09-17,"M-04","Malam",1,"Tool Wear",23,0,23,810
2025-09-17,"M-04","Pagi",0,"Preventive OK",0,0,0,835
2025-09-17,"M-04","Siang",0,"Preventive OK",0,0,0,770
2025-09-17,"M-05","Malam",0,"Preventive OK",0,0,0,381
2025-09-17,"M-05","Pagi",0,"Preventive OK",0,0,0,343
2025-09-17,"M-05","Siang",0,"Preventive OK",0,0,0,345
2025-09-17,"M-06","Malam",0,"Preventive OK",0,0,0,392
2025-09-17,"M-06","Pagi",0,"Preventive OK",0,0,0,432
2025-09-17,"M-06","Siang",0,"Preventive OK",0,0,0,417
2025-09-18,"M-01","Malam",0,"Preventive OK",0,0,0,771
2025-09-18,"M-01","Pagi",0,"Preventive OK",0,0,0,755
2025-09-18,"M-01","Siang",0,"Preventive OK",0,0,0,776
2025-09-18,"M-02","Malam",0,"Preventive OK",0,0,0,902
2025-09-18,"M-02","Pagi",0,"Preventive OK",0,0,0,767
2025-09-18,"M-02","Siang",1,"Kelistrikan",36,0,36,802
2025-09-18,"M-03","Malam",0,"Preventive OK",0,0,0,748
2025-09-18,"M-03","Pagi",0,"Preventive OK",0,0,0,921
2025-09-18,"M-03","Siang",0,"Preventive OK",0,0,0,890
2025-09-18,"M-04","Malam",0,"Preventive OK",0,0,0,744
2025-09-18,"M-04","Pagi",1,"Kelistrikan",21,0,21,745
2025-09-18,"M-04","Siang",0,"Preventive OK",0,0,0,663
2025-09-18,"M-05","Malam",0,"Preventive OK",0,0,0,370
2025-09-18,"M-05","Pagi",0,"Preventive OK",0,0,0,366
2025-09-18,"M-05","Siang",0,"Preventive OK",0,0,0,426
2025-09-18,"M-06","Malam",0,"Preventive OK",0,0,0,407
2025-09-18,"M-06","Pagi",0,"Preventive OK",0,0,0,380
2025-09-18,"M-06","Siang",0,"Preventive OK",0,0,0,412
2025-09-19,"M-01","Malam",0,"Preventive OK",0,0,0,669
2025-09-19,"M-01","Pagi",0,"Preventive OK",0,0,0,806
2025-09-19,"M-01","Siang",0,"Preventive OK",0,0,0,744
2025-09-19,"M-02","Malam",0,"Preventive OK",0,0,0,878
2025-09-19,"M-02","Pagi",0,"Preventive OK",0,0,0,844
2025-09-19,"M-02","Siang",0,"Preventive OK",0,0,0,777
2025-09-19,"M-03","Malam",1,"Bearing Failure",35,0,35,788
2025-09-19,"M-03","Pagi",0,"Preventive OK",0,0,0,729
2025-09-19,"M-03","Siang",0,"Preventive OK",0,0,0,842
2025-09-19,"M-04","Malam",0,"Preventive OK",0,0,0,881
2025-09-19,"M-04","Pagi",0,"Preventive OK",0,0,0,771
2025-09-19,"M-04","Siang",0,"Preventive OK",0,0,0,900
2025-09-19,"M-05","Malam",0,"Preventive OK",0,0,0,360
2025-09-19,"M-05","Pagi",0,"Preventive OK",0,0,0,386
2025-09-19,"M-05","Siang",0,"Preventive OK",0,0,0,406
2025-09-19,"M-06","Malam",0,"Preventive OK",0,0,0,440
2025-09-19,"M-06","Pagi",0,"Preventive OK",0,0,0,432
2025-09-19,"M-06","Siang",0,"Preventive OK",0,0,0,398
2025-09-20,"M-01","Malam",0,"Preventive OK",0,0,0,825
2025-09-20,"M-01","Pagi",0,"Preventive OK",0,0,0,755
2025-09-20,"M-01","Siang",0,"Preventive OK",0,0,0,715
2025-09-20,"M-02","Malam",0,"Preventive OK",0,0,0,862
2025-09-20,"M-02","Pagi",1,"Bearing Failure",24,0,24,769
2025-09-20,"M-02","Siang",0,"Preventive OK",0,0,0,908
2025-09-20,"M-03","Malam",0,"Preventive OK",0,0,0,804
2025-09-20,"M-03","Pagi",0,"Preventive OK",0,0,0,753
2025-09-20,"M-03","Siang",0,"Preventive OK",0,0,0,861
2025-09-20,"M-04","Malam",0,"Preventive OK",0,0,0,799
2025-09-20,"M-04","Pagi",0,"Preventive OK",0,0,0,857
2025-09-20,"M-04","Siang",0,"Preventive OK",0,0,0,727
2025-09-20,"M-05","Malam",0,"Preventive OK",0,0,0,409
2025-09-20,"M-05","Pagi",0,"Preventive OK",0,0,0,420
2025-09-20,"M-05","Siang",0,"Preventive OK",0,0,0,479
2025-09-20,"M-06","Malam",0,"Preventive OK",0,0,0,450
2025-09-20,"M-06","Pagi",0,"Preventive OK",0,0,0,474
2025-09-20,"M-06","Siang",0,"Preventive OK",0,0,0,420
2025-09-22,"M-01","Malam",0,"Preventive OK",0,30,30,751
2025-09-22,"M-01","Pagi",0,"Preventive OK",0,30,30,703
2025-09-22,"M-01","Siang",0,"Preventive OK",0,30,30,882
2025-09-22,"M-02","Malam",0,"Preventive OK",0,30,30,867
2025-09-22,"M-02","Pagi",0,"Preventive OK",0,30,30,853
2025-09-22,"M-02","Siang",0,"Preventive OK",0,30,30,727
2025-09-22,"M-03","Malam",0,"Preventive OK",0,30,30,833
2025-09-22,"M-03","Pagi",1,"Material Jam",28,30,58,751
2025-09-22,"M-03","Siang",0,"Preventive OK",0,30,30,786
2025-09-22,"M-04","Malam",0,"Preventive OK",0,30,30,812
2025-09-22,"M-04","Pagi",0,"Preventive OK",0,30,30,899
2025-09-22,"M-04","Siang",0,"Preventive OK",0,30,30,811
2025-09-22,"M-05","Malam",0,"Preventive OK",0,30,30,408
2025-09-22,"M-05","Pagi",0,"Preventive OK",0,30,30,401
2025-09-22,"M-05","Siang",0,"Preventive OK",0,30,30,367
2025-09-22,"M-06","Malam",0,"Preventive OK",0,30,30,387
2025-09-22,"M-06","Pagi",0,"Preventive OK",0,30,30,367
2025-09-22,"M-06","Siang",0,"Preventive OK",0,30,30,421
2025-09-23,"M-01","Malam",0,"Preventive OK",0,0,0,819
2025-09-23,"M-01","Pagi",0,"Preventive OK",0,0,0,846
2025-09-23,"M-01","Siang",0,"Preventive OK",0,0,0,794
2025-09-23,"M-02","Malam",0,"Preventive OK",0,0,0,799
2025-09-23,"M-02","Pagi",0,"Preventive OK",0,0,0,707
2025-09-23,"M-02","Siang",0,"Preventive OK",0,0,0,870
2025-09-23,"M-03","Malam",0,"Preventive OK",0,0,0,790
2025-09-23,"M-03","Pagi",0,"Preventive OK",0,0,0,781
2025-09-23,"M-03","Siang",0,"Preventive OK",0,0,0,821
2025-09-23,"M-04","Malam",0,"Preventive OK",0,0,0,729
2025-09-23,"M-04","Pagi",0,"Preventive OK",0,0,0,802
2025-09-23,"M-04","Siang",0,"Preventive OK",0,0,0,841
2025-09-23,"M-05","Malam",0,"Preventive OK",0,0,0,426
2025-09-23,"M-05","Pagi",0,"Preventive OK",0,0,0,400
2025-09-23,"M-05","Siang",0,"Preventive OK",0,0,0,400
2025-09-23,"M-06","Malam",0,"Preventive OK",0,0,0,459
2025-09-23,"M-06","Pagi",0,"Preventive OK",0,0,0,409
2025-09-23,"M-06","Siang",0,"Preventive OK",0,0,0,421
2025-09-24,"M-01","Malam",0,"Preventive OK",0,0,0,714
2025-09-24,"M-01","Pagi",1,"Material Jam",15,0,15,841
2025-09-24,"M-01","Siang",0,"Preventive OK",0,0,0,797
2025-09-24,"M-02","Malam",0,"Preventive OK",0,0,0,891
2025-09-24,"M-02","Pagi",0,"Preventive OK",0,0,0,625
2025-09-24,"M-02","Siang",0,"Preventive OK",0,0,0,837
2025-09-24,"M-03","Malam",0,"Preventive OK",0,0,0,720
2025-09-24,"M-03","Pagi",0,"Preventive OK",0,0,0,897
2025-09-24,"M-03","Siang",0,"Preventive OK",0,0,0,737
2025-09-24,"M-04","Malam",0,"Preventive OK",0,0,0,869
2025-09-24,"M-04","Pagi",1,"Bearing Failure",28,0,28,742
2025-09-24,"M-04","Siang",0,"Preventive OK",0,0,0,861
2025-09-24,"M-05","Malam",1,"Material Jam",66,0,66,396
2025-09-24,"M-05","Pagi",0,"Preventive OK",0,0,0,469
2025-09-24,"M-05","Siang",0,"Preventive OK",0,0,0,390
2025-09-24,"M-06","Malam",0,"Preventive OK",0,0,0,398
2025-09-24,"M-06","Pagi",0,"Preventive OK",0,0,0,423
2025-09-24,"M-06","Siang",0,"Preventive OK",0,0,0,437
2025-09-25,"M-01","Malam",0,"Preventive OK",0,0,0,795
2025-09-25,"M-01","Pagi",0,"Preventive OK",0,0,0,869
2025-09-25,"M-01","Siang",0,"Preventive OK",0,0,0,849
2025-09-25,"M-02","Malam",0,"Preventive OK",0,0,0,702
2025-09-25,"M-02","Pagi",0,"Preventive OK",0,0,0,877
2025-09-25,"M-02","Siang",1,"Kelistrikan",31,0,31,727
2025-09-25,"M-03","Malam",0,"Preventive OK",0,0,0,858
2025-09-25,"M-03","Pagi",0,"Preventive OK",0,0,0,735
2025-09-25,"M-03","Siang",0,"Preventive OK",0,0,0,930
2025-09-25,"M-04","Malam",0,"Preventive OK",0,0,0,788
2025-09-25,"M-04","Pagi",0,"Preventive OK",0,0,0,809
2025-09-25,"M-04","Siang",0,"Preventive OK",0,0,0,755
2025-09-25,"M-05","Malam",0,"Preventive OK",0,0,0,470
2025-09-25,"M-05","Pagi",0,"Preventive OK",0,0,0,407
2025-09-25,"M-05","Siang",0,"Preventive OK",0,0,0,381
2025-09-25,"M-06","Malam",0,"Preventive OK",0,0,0,411
2025-09-25,"M-06","Pagi",0,"Preventive OK",0,0,0,420
2025-09-25,"M-06","Siang",0,"Preventive OK",0,0,0,393
2025-09-26,"M-01","Malam",1,"Bearing Failure",28,0,28,767
2025-09-26,"M-01","Pagi",0,"Preventive OK",0,0,0,818
2025-09-26,"M-01","Siang",0,"Preventive OK",0,0,0,913
2025-09-26,"M-02","Malam",0,"Preventive OK",0,0,0,793
2025-09-26,"M-02","Pagi",0,"Preventive OK",0,0,0,799
2025-09-26,"M-02","Siang",0,"Preventive OK",0,0,0,711
2025-09-26,"M-03","Malam",0,"Preventive OK",0,0,0,820
2025-09-26,"M-03","Pagi",0,"Preventive OK",0,0,0,886
2025-09-26,"M-03","Siang",0,"Preventive OK",0,0,0,891
2025-09-26,"M-04","Malam",0,"Preventive OK",0,0,0,773
2025-09-26,"M-04","Pagi",1,"Bearing Failure",27,0,27,811
2025-09-26,"M-04","Siang",0,"Preventive OK",0,0,0,867
2025-09-26,"M-05","Malam",0,"Preventive OK",0,0,0,444
2025-09-26,"M-05","Pagi",1,"Setup & Adjust",23,0,23,373
2025-09-26,"M-05","Siang",0,"Preventive OK",0,0,0,463
2025-09-26,"M-06","Malam",0,"Preventive OK",0,0,0,466
2025-09-26,"M-06","Pagi",0,"Preventive OK",0,0,0,404
2025-09-26,"M-06","Siang",0,"Preventive OK",0,0,0,455
2025-09-27,"M-01","Malam",0,"Preventive OK",0,0,0,791
2025-09-27,"M-01","Pagi",0,"Preventive OK",0,0,0,739
2025-09-27,"M-01","Siang",0,"Preventive OK",0,0,0,790
2025-09-27,"M-02","Malam",0,"Preventive OK",0,0,0,815
2025-09-27,"M-02","Pagi",0,"Preventive OK",0,0,0,863
2025-09-27,"M-02","Siang",0,"Preventive OK",0,0,0,801
2025-09-27,"M-03","Malam",0,"Preventive OK",0,0,0,770
2025-09-27,"M-03","Pagi",0,"Preventive OK",0,0,0,827
2025-09-27,"M-03","Siang",0,"Preventive OK",0,0,0,898
2025-09-27,"M-04","Malam",0,"Preventive OK",0,0,0,802
2025-09-27,"M-04","Pagi",0,"Preventive OK",0,0,0,793
2025-09-27,"M-04","Siang",0,"Preventive OK",0,0,0,785
2025-09-27,"M-05","Malam",0,"Preventive OK",0,0,0,403
2025-09-27,"M-05","Pagi",0,"Preventive OK",0,0,0,430
2025-09-27,"M-05","Siang",0,"Preventive OK",0,0,0,405
2025-09-27,"M-06","Malam",0,"Preventive OK",0,0,0,421
2025-09-27,"M-06","Pagi",0,"Preventive OK",0,0,0,373
2025-09-27,"M-06","Siang",0,"Preventive OK",0,0,0,445
2025-09-29,"M-01","Malam",0,"Preventive OK",0,30,30,823
2025-09-29,"M-01","Pagi",0,"Preventive OK",0,30,30,859
2025-09-29,"M-01","Siang",1,"Setup & Adjust",14,30,44,850
2025-09-29,"M-02","Malam",0,"Preventive OK",0,30,30,853
2025-09-29,"M-02","Pagi",0,"Preventive OK",0,30,30,804
2025-09-29,"M-02","Siang",0,"Preventive OK",0,30,30,812
2025-09-29,"M-03","Malam",0,"Preventive OK",0,30,30,715
2025-09-29,"M-03","Pagi",0,"Preventive OK",0,30,30,896
2025-09-29,"M-03","Siang",0,"Preventive OK",0,30,30,846
2025-09-29,"M-04","Malam",0,"Preventive OK",0,30,30,831
2025-09-29,"M-04","Pagi",0,"Preventive OK",0,30,30,789
2025-09-29,"M-04","Siang",0,"Preventive OK",0,30,30,755
2025-09-29,"M-05","Malam",0,"Preventive OK",0,30,30,425
2025-09-29,"M-05","Pagi",0,"Preventive OK",0,30,30,446
2025-09-29,"M-05","Siang",0,"Preventive OK",0,30,30,369
2025-09-29,"M-06","Malam",0,"Preventive OK",0,30,30,419
2025-09-29,"M-06","Pagi",0,"Preventive OK",0,30,30,459
2025-09-29,"M-06","Siang",0,"Preventive OK",0,30,30,486
2025-09-30,"M-01","Malam",0,"Preventive OK",0,0,0,821
2025-09-30,"M-01","Pagi",0,"Preventive OK",0,0,0,720
2025-09-30,"M-01","Siang",0,"Preventive OK",0,0,0,835
2025-09-30,"M-02","Malam",0,"Preventive OK",0,0,0,904
2025-09-30,"M-02","Pagi",1,"Tool Wear",28,0,28,794
2025-09-30,"M-02","Siang",0,"Preventive OK",0,0,0,719
2025-09-30,"M-03","Malam",0,"Preventive OK",0,0,0,786
2025-09-30,"M-03","Pagi",0,"Preventive OK",0,0,0,787
2025-09-30,"M-03","Siang",0,"Preventive OK",0,0,0,817
2025-09-30,"M-04","Malam",1,"Tool Wear",23,0,23,870
2025-09-30,"M-04","Pagi",0,"Preventive OK",0,0,0,861
2025-09-30,"M-04","Siang",0,"Preventive OK",0,0,0,845
2025-09-30,"M-05","Malam",0,"Preventive OK",0,0,0,420
2025-09-30,"M-05","Pagi",0,"Preventive OK",0,0,0,431
2025-09-30,"M-05","Siang",0,"Preventive OK",0,0,0,425
2025-09-30,"M-06","Malam",0,"Preventive OK",0,0,0,430
2025-09-30,"M-06","Pagi",0,"Preventive OK",0,0,0,395
2025-09-30,"M-06","Siang",0,"Preventive OK",0,0,0,388
2025-10-01,"M-01","Malam",0,"Preventive OK",0,0,0,875
2025-10-01,"M-01","Pagi",0,"Preventive OK",0,0,0,810
2025-10-01,"M-01","Siang",0,"Preventive OK",0,0,0,942
2025-10-01,"M-02","Malam",0,"Preventive OK",0,0,0,864
2025-10-01,"M-02","Pagi",0,"Preventive OK",0,0,0,919
2025-10-01,"M-02","Siang",0,"Preventive OK",0,0,0,745
2025-10-01,"M-03","Malam",0,"Preventive OK",0,0,0,744
2025-10-01,"M-03","Pagi",0,"Preventive OK",0,0,0,883
2025-10-01,"M-03","Siang",0,"Preventive OK",0,0,0,795
2025-10-01,"M-04","Malam",0,"Preventive OK",0,0,0,806
2025-10-01,"M-04","Pagi",0,"Preventive OK",0,0,0,868
2025-10-01,"M-04","Siang",0,"Preventive OK",0,0,0,854
2025-10-01,"M-05","Malam",0,"Preventive OK",0,0,0,353
2025-10-01,"M-05","Pagi",0,"Preventive OK",0,0,0,484
2025-10-01,"M-05","Siang",0,"Preventive OK",0,0,0,394
2025-10-01,"M-06","Malam",0,"Preventive OK",0,0,0,406
2025-10-01,"M-06","Pagi",0,"Preventive OK",0,0,0,417
2025-10-01,"M-06","Siang",0,"Preventive OK",0,0,0,408
2025-10-02,"M-01","Malam",0,"Preventive OK",0,0,0,761
2025-10-02,"M-01","Pagi",0,"Preventive OK",0,0,0,880
2025-10-02,"M-01","Siang",0,"Preventive OK",0,0,0,879
2025-10-02,"M-02","Malam",0,"Preventive OK",0,0,0,948
2025-10-02,"M-02","Pagi",0,"Preventive OK",0,0,0,885
2025-10-02,"M-02","Siang",0,"Preventive OK",0,0,0,829
2025-10-02,"M-03","Malam",0,"Preventive OK",0,0,0,803
2025-10-02,"M-03","Pagi",0,"Preventive OK",0,0,0,822
2025-10-02,"M-03","Siang",0,"Preventive OK",0,0,0,892
2025-10-02,"M-04","Malam",0,"Preventive OK",0,0,0,854
2025-10-02,"M-04","Pagi",0,"Preventive OK",0,0,0,816
2025-10-02,"M-04","Siang",0,"Preventive OK",0,0,0,823
2025-10-02,"M-05","Malam",0,"Preventive OK",0,0,0,402
2025-10-02,"M-05","Pagi",0,"Preventive OK",0,0,0,421
2025-10-02,"M-05","Siang",0,"Preventive OK",0,0,0,420
2025-10-02,"M-06","Malam",0,"Preventive OK",0,0,0,422
2025-10-02,"M-06","Pagi",0,"Preventive OK",0,0,0,434
2025-10-02,"M-06","Siang",0,"Preventive OK",0,0,0,444
2025-10-03,"M-01","Malam",0,"Preventive OK",0,0,0,844
2025-10-03,"M-01","Pagi",0,"Preventive OK",0,0,0,932
2025-10-03,"M-01","Siang",0,"Preventive OK",0,0,0,712
2025-10-03,"M-02","Malam",0,"Preventive OK",0,0,0,785
2025-10-03,"M-02","Pagi",0,"Preventive OK",0,0,0,840
2025-10-03,"M-02","Siang",0,"Preventive OK",0,0,0,745
2025-10-03,"M-03","Malam",0,"Preventive OK",0,0,0,803
2025-10-03,"M-03","Pagi",0,"Preventive OK",0,0,0,832
2025-10-03,"M-03","Siang",1,"Bearing Failure",15,0,15,874
2025-10-03,"M-04","Malam",0,"Preventive OK",0,0,0,884
2025-10-03,"M-04","Pagi",0,"Preventive OK",0,0,0,797
2025-10-03,"M-04","Siang",0,"Preventive OK",0,0,0,825
2025-10-03,"M-05","Malam",0,"Preventive OK",0,0,0,385
2025-10-03,"M-05","Pagi",0,"Preventive OK",0,0,0,379
2025-10-03,"M-05","Siang",0,"Preventive OK",0,0,0,399
2025-10-03,"M-06","Malam",0,"Preventive OK",0,0,0,385
2025-10-03,"M-06","Pagi",0,"Preventive OK",0,0,0,399
2025-10-03,"M-06","Siang",0,"Preventive OK",0,0,0,406
2025-10-04,"M-01","Malam",0,"Preventive OK",0,0,0,791
2025-10-04,"M-01","Pagi",0,"Preventive OK",0,0,0,911
2025-10-04,"M-01","Siang",0,"Preventive OK",0,0,0,865
2025-10-04,"M-02","Malam",0,"Preventive OK",0,0,0,743
2025-10-04,"M-02","Pagi",0,"Preventive OK",0,0,0,861
2025-10-04,"M-02","Siang",0,"Preventive OK",0,0,0,945
2025-10-04,"M-03","Malam",0,"Preventive OK",0,0,0,882
2025-10-04,"M-03","Pagi",0,"Preventive OK",0,0,0,842
2025-10-04,"M-03","Siang",0,"Preventive OK",0,0,0,859
2025-10-04,"M-04","Malam",0,"Preventive OK",0,0,0,796
2025-10-04,"M-04","Pagi",0,"Preventive OK",0,0,0,727
2025-10-04,"M-04","Siang",0,"Preventive OK",0,0,0,842
2025-10-04,"M-05","Malam",0,"Preventive OK",0,0,0,395
2025-10-04,"M-05","Pagi",0,"Preventive OK",0,0,0,465
2025-10-04,"M-05","Siang",0,"Preventive OK",0,0,0,442
2025-10-04,"M-06","Malam",0,"Preventive OK",0,0,0,439
2025-10-04,"M-06","Pagi",0,"Preventive OK",0,0,0,443
2025-10-04,"M-06","Siang",0,"Preventive OK",0,0,0,451
2025-10-06,"M-01","Malam",1,"Bearing Failure",19,30,49,843
2025-10-06,"M-01","Pagi",0,"Preventive OK",0,30,30,741
2025-10-06,"M-01","Siang",0,"Preventive OK",0,30,30,837
2025-10-06,"M-02","Malam",0,"Preventive OK",0,30,30,759
2025-10-06,"M-02","Pagi",0,"Preventive OK",0,30,30,826
2025-10-06,"M-02","Siang",1,"Bearing Failure",23,30,53,784
2025-10-06,"M-03","Malam",0,"Preventive OK",0,30,30,734
2025-10-06,"M-03","Pagi",0,"Preventive OK",0,30,30,852
2025-10-06,"M-03","Siang",0,"Preventive OK",0,30,30,775
2025-10-06,"M-04","Malam",1,"Bearing Failure",27,30,57,906
2025-10-06,"M-04","Pagi",0,"Preventive OK",0,30,30,813
2025-10-06,"M-04","Siang",0,"Preventive OK",0,30,30,829
2025-10-06,"M-05","Malam",0,"Preventive OK",0,30,30,422
2025-10-06,"M-05","Pagi",0,"Preventive OK",0,30,30,450
2025-10-06,"M-05","Siang",0,"Preventive OK",0,30,30,383
2025-10-06,"M-06","Malam",0,"Preventive OK",0,30,30,455
2025-10-06,"M-06","Pagi",1,"Tool Wear",13,30,43,387
2025-10-06,"M-06","Siang",0,"Preventive OK",0,30,30,393
2025-10-07,"M-01","Malam",0,"Preventive OK",0,0,0,795
2025-10-07,"M-01","Pagi",0,"Preventive OK",0,0,0,728
2025-10-07,"M-01","Siang",0,"Preventive OK",0,0,0,850
2025-10-07,"M-02","Malam",0,"Preventive OK",0,0,0,792
2025-10-07,"M-02","Pagi",0,"Preventive OK",0,0,0,856
2025-10-07,"M-02","Siang",0,"Preventive OK",0,0,0,750
2025-10-07,"M-03","Malam",0,"Preventive OK",0,0,0,870
2025-10-07,"M-03","Pagi",0,"Preventive OK",0,0,0,747
2025-10-07,"M-03","Siang",0,"Preventive OK",0,0,0,772
2025-10-07,"M-04","Malam",0,"Preventive OK",0,0,0,821
2025-10-07,"M-04","Pagi",0,"Preventive OK",0,0,0,817
2025-10-07,"M-04","Siang",1,"Tool Wear",27,0,27,721
2025-10-07,"M-05","Malam",0,"Preventive OK",0,0,0,399
2025-10-07,"M-05","Pagi",0,"Preventive OK",0,0,0,405
2025-10-07,"M-05","Siang",0,"Preventive OK",0,0,0,379
2025-10-07,"M-06","Malam",0,"Preventive OK",0,0,0,447
2025-10-07,"M-06","Pagi",0,"Preventive OK",0,0,0,447
2025-10-07,"M-06","Siang",0,"Preventive OK",0,0,0,419
2025-10-08,"M-01","Malam",0,"Preventive OK",0,0,0,790
2025-10-08,"M-01","Pagi",0,"Preventive OK",0,0,0,840
2025-10-08,"M-01","Siang",0,"Preventive OK",0,0,0,820
2025-10-08,"M-02","Malam",0,"Preventive OK",0,0,0,830
2025-10-08,"M-02","Pagi",0,"Preventive OK",0,0,0,829
2025-10-08,"M-02","Siang",0,"Preventive OK",0,0,0,805
2025-10-08,"M-03","Malam",0,"Preventive OK",0,0,0,891
2025-10-08,"M-03","Pagi",0,"Preventive OK",0,0,0,797
2025-10-08,"M-03","Siang",1,"Setup & Adjust",19,0,19,899
2025-10-08,"M-04","Malam",0,"Preventive OK",0,0,0,847
2025-10-08,"M-04","Pagi",0,"Preventive OK",0,0,0,955
2025-10-08,"M-04","Siang",0,"Preventive OK",0,0,0,861
2025-10-08,"M-05","Malam",0,"Preventive OK",0,0,0,435
2025-10-08,"M-05","Pagi",0,"Preventive OK",0,0,0,401
2025-10-08,"M-05","Siang",0,"Preventive OK",0,0,0,399
2025-10-08,"M-06","Malam",0,"Preventive OK",0,0,0,408
2025-10-08,"M-06","Pagi",0,"Preventive OK",0,0,0,410
2025-10-08,"M-06","Siang",0,"Preventive OK",0,0,0,405
2025-10-09,"M-01","Malam",0,"Preventive OK",0,0,0,862
2025-10-09,"M-01","Pagi",0,"Preventive OK",0,0,0,879
2025-10-09,"M-01","Siang",0,"Preventive OK",0,0,0,944
2025-10-09,"M-02","Malam",0,"Preventive OK",0,0,0,764
2025-10-09,"M-02","Pagi",0,"Preventive OK",0,0,0,900
2025-10-09,"M-02","Siang",0,"Preventive OK",0,0,0,706
2025-10-09,"M-03","Malam",0,"Preventive OK",0,0,0,813
2025-10-09,"M-03","Pagi",0,"Preventive OK",0,0,0,667
2025-10-09,"M-03","Siang",0,"Preventive OK",0,0,0,914
2025-10-09,"M-04","Malam",0,"Preventive OK",0,0,0,806
2025-10-09,"M-04","Pagi",1,"Tool Wear",28,0,28,821
2025-10-09,"M-04","Siang",0,"Preventive OK",0,0,0,857
2025-10-09,"M-05","Malam",0,"Preventive OK",0,0,0,380
2025-10-09,"M-05","Pagi",0,"Preventive OK",0,0,0,431
2025-10-09,"M-05","Siang",0,"Preventive OK",0,0,0,434
2025-10-09,"M-06","Malam",0,"Preventive OK",0,0,0,382
2025-10-09,"M-06","Pagi",0,"Preventive OK",0,0,0,429
2025-10-09,"M-06","Siang",0,"Preventive OK",0,0,0,436
2025-10-10,"M-01","Malam",0,"Preventive OK",0,0,0,887
2025-10-10,"M-01","Pagi",0,"Preventive OK",0,0,0,800
2025-10-10,"M-01","Siang",0,"Preventive OK",0,0,0,856
2025-10-10,"M-02","Malam",1,"Bearing Failure",25,0,25,850
2025-10-10,"M-02","Pagi",0,"Preventive OK",0,0,0,738
2025-10-10,"M-02","Siang",0,"Preventive OK",0,0,0,778
2025-10-10,"M-03","Malam",0,"Preventive OK",0,0,0,860
2025-10-10,"M-03","Pagi",0,"Preventive OK",0,0,0,837
2025-10-10,"M-03","Siang",0,"Preventive OK",0,0,0,823
2025-10-10,"M-04","Malam",0,"Preventive OK",0,0,0,799
2025-10-10,"M-04","Pagi",0,"Preventive OK",0,0,0,774
2025-10-10,"M-04","Siang",1,"Bearing Failure",30,0,30,739
2025-10-10,"M-05","Malam",0,"Preventive OK",0,0,0,370
2025-10-10,"M-05","Pagi",0,"Preventive OK",0,0,0,426
2025-10-10,"M-05","Siang",0,"Preventive OK",0,0,0,394
2025-10-10,"M-06","Malam",0,"Preventive OK",0,0,0,398
2025-10-10,"M-06","Pagi",0,"Preventive OK",0,0,0,395
2025-10-10,"M-06","Siang",0,"Preventive OK",0,0,0,423
2025-10-11,"M-01","Malam",0,"Preventive OK",0,0,0,812
2025-10-11,"M-01","Pagi",0,"Preventive OK",0,0,0,769
2025-10-11,"M-01","Siang",0,"Preventive OK",0,0,0,750
2025-10-11,"M-02","Malam",0,"Preventive OK",0,0,0,847
2025-10-11,"M-02","Pagi",0,"Preventive OK",0,0,0,895
2025-10-11,"M-02","Siang",0,"Preventive OK",0,0,0,805
2025-10-11,"M-03","Malam",0,"Preventive OK",0,0,0,862
2025-10-11,"M-03","Pagi",0,"Preventive OK",0,0,0,799
2025-10-11,"M-03","Siang",0,"Preventive OK",0,0,0,796
2025-10-11,"M-04","Malam",0,"Preventive OK",0,0,0,844
2025-10-11,"M-04","Pagi",1,"Tool Wear",29,0,29,776
2025-10-11,"M-04","Siang",0,"Preventive OK",0,0,0,760
2025-10-11,"M-05","Malam",0,"Preventive OK",0,0,0,376
2025-10-11,"M-05","Pagi",0,"Preventive OK",0,0,0,368
2025-10-11,"M-05","Siang",0,"Preventive OK",0,0,0,410
2025-10-11,"M-06","Malam",0,"Preventive OK",0,0,0,374
2025-10-11,"M-06","Pagi",0,"Preventive OK",0,0,0,422
2025-10-11,"M-06","Siang",0,"Preventive OK",0,0,0,423
2025-10-13,"M-01","Malam",0,"Preventive OK",0,30,30,747
2025-10-13,"M-01","Pagi",0,"Preventive OK",0,30,30,833
2025-10-13,"M-01","Siang",0,"Preventive OK",0,30,30,769
2025-10-13,"M-02","Malam",1,"Kelistrikan",34,30,64,687
2025-10-13,"M-02","Pagi",0,"Preventive OK",0,30,30,955
2025-10-13,"M-02","Siang",0,"Preventive OK",0,30,30,833
2025-10-13,"M-03","Malam",0,"Preventive OK",0,30,30,844
2025-10-13,"M-03","Pagi",0,"Preventive OK",0,30,30,759
2025-10-13,"M-03","Siang",0,"Preventive OK",0,30,30,710
2025-10-13,"M-04","Malam",0,"Preventive OK",0,30,30,767
2025-10-13,"M-04","Pagi",0,"Preventive OK",0,30,30,824
2025-10-13,"M-04","Siang",1,"Bearing Failure",28,30,58,804
2025-10-13,"M-05","Malam",0,"Preventive OK",0,30,30,455
2025-10-13,"M-05","Pagi",0,"Preventive OK",0,30,30,408
2025-10-13,"M-05","Siang",0,"Preventive OK",0,30,30,388
2025-10-13,"M-06","Malam",0,"Preventive OK",0,30,30,410
2025-10-13,"M-06","Pagi",0,"Preventive OK",0,30,30,383
2025-10-13,"M-06","Siang",0,"Preventive OK",0,30,30,432
2025-10-14,"M-01","Malam",0,"Preventive OK",0,0,0,851
2025-10-14,"M-01","Pagi",0,"Preventive OK",0,0,0,866
2025-10-14,"M-01","Siang",0,"Preventive OK",0,0,0,853
2025-10-14,"M-02","Malam",0,"Preventive OK",0,0,0,814
2025-10-14,"M-02","Pagi",0,"Preventive OK",0,0,0,835
2025-10-14,"M-02","Siang",0,"Preventive OK",0,0,0,877
2025-10-14,"M-03","Malam",0,"Preventive OK",0,0,0,806
2025-10-14,"M-03","Pagi",0,"Preventive OK",0,0,0,718
2025-10-14,"M-03","Siang",0,"Preventive OK",0,0,0,846
2025-10-14,"M-04","Malam",0,"Preventive OK",0,0,0,829
2025-10-14,"M-04","Pagi",0,"Preventive OK",0,0,0,821
2025-10-14,"M-04","Siang",0,"Preventive OK",0,0,0,708
2025-10-14,"M-05","Malam",0,"Preventive OK",0,0,0,384
2025-10-14,"M-05","Pagi",0,"Preventive OK",0,0,0,354
2025-10-14,"M-05","Siang",0,"Preventive OK",0,0,0,375
2025-10-14,"M-06","Malam",0,"Preventive OK",0,0,0,419
2025-10-14,"M-06","Pagi",0,"Preventive OK",0,0,0,437
2025-10-14,"M-06","Siang",0,"Preventive OK",0,0,0,443
2025-10-15,"M-01","Malam",0,"Preventive OK",0,0,0,807
2025-10-15,"M-01","Pagi",0,"Preventive OK",0,0,0,765
2025-10-15,"M-01","Siang",0,"Preventive OK",0,0,0,830
2025-10-15,"M-02","Malam",0,"Preventive OK",0,0,0,860
2025-10-15,"M-02","Pagi",0,"Preventive OK",0,0,0,790
2025-10-15,"M-02","Siang",0,"Preventive OK",0,0,0,910
2025-10-15,"M-03","Malam",0,"Preventive OK",0,0,0,792
2025-10-15,"M-03","Pagi",0,"Preventive OK",0,0,0,887
2025-10-15,"M-03","Siang",0,"Preventive OK",0,0,0,842
2025-10-15,"M-04","Malam",0,"Preventive OK",0,0,0,786
2025-10-15,"M-04","Pagi",0,"Preventive OK",0,0,0,821
2025-10-15,"M-04","Siang",0,"Preventive OK",0,0,0,860
2025-10-15,"M-05","Malam",0,"Preventive OK",0,0,0,432
2025-10-15,"M-05","Pagi",0,"Preventive OK",0,0,0,458
2025-10-15,"M-05","Siang",0,"Preventive OK",0,0,0,393
2025-10-15,"M-06","Malam",0,"Preventive OK",0,0,0,402
2025-10-15,"M-06","Pagi",0,"Preventive OK",0,0,0,392
2025-10-15,"M-06","Siang",0,"Preventive OK",0,0,0,436
2025-10-16,"M-01","Malam",0,"Preventive OK",0,0,0,861
2025-10-16,"M-01","Pagi",0,"Preventive OK",0,0,0,846
2025-10-16,"M-01","Siang",0,"Preventive OK",0,0,0,763
2025-10-16,"M-02","Malam",0,"Preventive OK",0,0,0,810
2025-10-16,"M-02","Pagi",0,"Preventive OK",0,0,0,881
2025-10-16,"M-02","Siang",0,"Preventive OK",0,0,0,901
2025-10-16,"M-03","Malam",1,"Tool Wear",40,0,40,761
2025-10-16,"M-03","Pagi",0,"Preventive OK",0,0,0,830
2025-10-16,"M-03","Siang",0,"Preventive OK",0,0,0,716
2025-10-16,"M-04","Malam",0,"Preventive OK",0,0,0,876
2025-10-16,"M-04","Pagi",0,"Preventive OK",0,0,0,826
2025-10-16,"M-04","Siang",0,"Preventive OK",0,0,0,773
2025-10-16,"M-05","Malam",0,"Preventive OK",0,0,0,427
2025-10-16,"M-05","Pagi",0,"Preventive OK",0,0,0,382
2025-10-16,"M-05","Siang",0,"Preventive OK",0,0,0,449
2025-10-16,"M-06","Malam",0,"Preventive OK",0,0,0,459
2025-10-16,"M-06","Pagi",0,"Preventive OK",0,0,0,422
2025-10-16,"M-06","Siang",0,"Preventive OK",0,0,0,434
2025-10-17,"M-01","Malam",0,"Preventive OK",0,0,0,795
2025-10-17,"M-01","Pagi",0,"Preventive OK",0,0,0,873
2025-10-17,"M-01","Siang",0,"Preventive OK",0,0,0,742
2025-10-17,"M-02","Malam",0,"Preventive OK",0,0,0,743
2025-10-17,"M-02","Pagi",0,"Preventive OK",0,0,0,893
2025-10-17,"M-02","Siang",0,"Preventive OK",0,0,0,843
2025-10-17,"M-03","Malam",0,"Preventive OK",0,0,0,867
2025-10-17,"M-03","Pagi",0,"Preventive OK",0,0,0,755
2025-10-17,"M-03","Siang",0,"Preventive OK",0,0,0,748
2025-10-17,"M-04","Malam",0,"Preventive OK",0,0,0,749
2025-10-17,"M-04","Pagi",0,"Preventive OK",0,0,0,770
2025-10-17,"M-04","Siang",0,"Preventive OK",0,0,0,738
2025-10-17,"M-05","Malam",0,"Preventive OK",0,0,0,342
2025-10-17,"M-05","Pagi",0,"Preventive OK",0,0,0,390
2025-10-17,"M-05","Siang",0,"Preventive OK",0,0,0,401
2025-10-17,"M-06","Malam",0,"Preventive OK",0,0,0,422
2025-10-17,"M-06","Pagi",0,"Preventive OK",0,0,0,415
2025-10-17,"M-06","Siang",0,"Preventive OK",0,0,0,362
2025-10-18,"M-01","Malam",0,"Preventive OK",0,0,0,735
2025-10-18,"M-01","Pagi",0,"Preventive OK",0,0,0,819
2025-10-18,"M-01","Siang",0,"Preventive OK",0,0,0,814
2025-10-18,"M-02","Malam",0,"Preventive OK",0,0,0,856
2025-10-18,"M-02","Pagi",0,"Preventive OK",0,0,0,756
2025-10-18,"M-02","Siang",0,"Preventive OK",0,0,0,811
2025-10-18,"M-03","Malam",0,"Preventive OK",0,0,0,806
2025-10-18,"M-03","Pagi",0,"Preventive OK",0,0,0,861
2025-10-18,"M-03","Siang",0,"Preventive OK",0,0,0,802
2025-10-18,"M-04","Malam",1,"Tool Wear",18,0,18,754
2025-10-18,"M-04","Pagi",0,"Preventive OK",0,0,0,829
2025-10-18,"M-04","Siang",0,"Preventive OK",0,0,0,852
2025-10-18,"M-05","Malam",0,"Preventive OK",0,0,0,394
2025-10-18,"M-05","Pagi",0,"Preventive OK",0,0,0,422
2025-10-18,"M-05","Siang",0,"Preventive OK",0,0,0,363
2025-10-18,"M-06","Malam",0,"Preventive OK",0,0,0,398
2025-10-18,"M-06","Pagi",0,"Preventive OK",0,0,0,444
2025-10-18,"M-06","Siang",0,"Preventive OK",0,0,0,413
2025-10-20,"M-01","Malam",0,"Preventive OK",0,30,30,868
2025-10-20,"M-01","Pagi",0,"Preventive OK",0,30,30,822
2025-10-20,"M-01","Siang",1,"Kelistrikan",28,30,58,745
2025-10-20,"M-02","Malam",0,"Preventive OK",0,30,30,779
2025-10-20,"M-02","Pagi",0,"Preventive OK",0,30,30,809
2025-10-20,"M-02","Siang",0,"Preventive OK",0,30,30,789
2025-10-20,"M-03","Malam",0,"Preventive OK",0,30,30,755
2025-10-20,"M-03","Pagi",0,"Preventive OK",0,30,30,884
2025-10-20,"M-03","Siang",0,"Preventive OK",0,30,30,803
2025-10-20,"M-04","Malam",0,"Preventive OK",0,30,30,751
2025-10-20,"M-04","Pagi",0,"Preventive OK",0,30,30,805
2025-10-20,"M-04","Siang",0,"Preventive OK",0,30,30,842
2025-10-20,"M-05","Malam",0,"Preventive OK",0,30,30,325
2025-10-20,"M-05","Pagi",0,"Preventive OK",0,30,30,438
2025-10-20,"M-05","Siang",0,"Preventive OK",0,30,30,426
2025-10-20,"M-06","Malam",0,"Preventive OK",0,30,30,395
2025-10-20,"M-06","Pagi",0,"Preventive OK",0,30,30,382
2025-10-20,"M-06","Siang",0,"Preventive OK",0,30,30,398
2025-10-21,"M-01","Malam",0,"Preventive OK",0,0,0,812
2025-10-21,"M-01","Pagi",0,"Preventive OK",0,0,0,752
2025-10-21,"M-01","Siang",0,"Preventive OK",0,0,0,841
2025-10-21,"M-02","Malam",1,"Kelistrikan",35,0,35,836
2025-10-21,"M-02","Pagi",0,"Preventive OK",0,0,0,931
2025-10-21,"M-02","Siang",0,"Preventive OK",0,0,0,839
2025-10-21,"M-03","Malam",0,"Preventive OK",0,0,0,804
2025-10-21,"M-03","Pagi",0,"Preventive OK",0,0,0,845
2025-10-21,"M-03","Siang",0,"Preventive OK",0,0,0,852
2025-10-21,"M-04","Malam",0,"Preventive OK",0,0,0,747
2025-10-21,"M-04","Pagi",0,"Preventive OK",0,0,0,898
2025-10-21,"M-04","Siang",0,"Preventive OK",0,0,0,840
2025-10-21,"M-05","Malam",1,"Bearing Failure",17,0,17,407
2025-10-21,"M-05","Pagi",0,"Preventive OK",0,0,0,403
2025-10-21,"M-05","Siang",0,"Preventive OK",0,0,0,437
2025-10-21,"M-06","Malam",0,"Preventive OK",0,0,0,412
2025-10-21,"M-06","Pagi",0,"Preventive OK",0,0,0,407
2025-10-21,"M-06","Siang",0,"Preventive OK",0,0,0,416
2025-10-22,"M-01","Malam",0,"Preventive OK",0,0,0,870
2025-10-22,"M-01","Pagi",0,"Preventive OK",0,0,0,712
2025-10-22,"M-01","Siang",0,"Preventive OK",0,0,0,693
2025-10-22,"M-02","Malam",0,"Preventive OK",0,0,0,794
2025-10-22,"M-02","Pagi",0,"Preventive OK",0,0,0,823
2025-10-22,"M-02","Siang",0,"Preventive OK",0,0,0,842
2025-10-22,"M-03","Malam",0,"Preventive OK",0,0,0,838
2025-10-22,"M-03","Pagi",0,"Preventive OK",0,0,0,884
2025-10-22,"M-03","Siang",0,"Preventive OK",0,0,0,882
2025-10-22,"M-04","Malam",0,"Preventive OK",0,0,0,744
2025-10-22,"M-04","Pagi",1,"Bearing Failure",34,0,34,839
2025-10-22,"M-04","Siang",0,"Preventive OK",0,0,0,791
2025-10-22,"M-05","Malam",0,"Preventive OK",0,0,0,458
2025-10-22,"M-05","Pagi",0,"Preventive OK",0,0,0,405
2025-10-22,"M-05","Siang",0,"Preventive OK",0,0,0,438
2025-10-22,"M-06","Malam",0,"Preventive OK",0,0,0,402
2025-10-22,"M-06","Pagi",0,"Preventive OK",0,0,0,455
2025-10-22,"M-06","Siang",0,"Preventive OK",0,0,0,365
2025-10-23,"M-01","Malam",0,"Preventive OK",0,0,0,701
2025-10-23,"M-01","Pagi",0,"Preventive OK",0,0,0,832
2025-10-23,"M-01","Siang",0,"Preventive OK",0,0,0,872
2025-10-23,"M-02","Malam",0,"Preventive OK",0,0,0,892
2025-10-23,"M-02","Pagi",0,"Preventive OK",0,0,0,853
2025-10-23,"M-02","Siang",0,"Preventive OK",0,0,0,740
2025-10-23,"M-03","Malam",0,"Preventive OK",0,0,0,845
2025-10-23,"M-03","Pagi",0,"Preventive OK",0,0,0,847
2025-10-23,"M-03","Siang",0,"Preventive OK",0,0,0,751
2025-10-23,"M-04","Malam",0,"Preventive OK",0,0,0,894
2025-10-23,"M-04","Pagi",0,"Preventive OK",0,0,0,876
2025-10-23,"M-04","Siang",0,"Preventive OK",0,0,0,860
2025-10-23,"M-05","Malam",0,"Preventive OK",0,0,0,420
2025-10-23,"M-05","Pagi",0,"Preventive OK",0,0,0,368
2025-10-23,"M-05","Siang",0,"Preventive OK",0,0,0,373
2025-10-23,"M-06","Malam",0,"Preventive OK",0,0,0,403
2025-10-23,"M-06","Pagi",0,"Preventive OK",0,0,0,430
2025-10-23,"M-06","Siang",0,"Preventive OK",0,0,0,381
2025-10-24,"M-01","Malam",0,"Preventive OK",0,0,0,864
2025-10-24,"M-01","Pagi",0,"Preventive OK",0,0,0,799
2025-10-24,"M-01","Siang",0,"Preventive OK",0,0,0,862
2025-10-24,"M-02","Malam",0,"Preventive OK",0,0,0,735
2025-10-24,"M-02","Pagi",0,"Preventive OK",0,0,0,768
2025-10-24,"M-02","Siang",0,"Preventive OK",0,0,0,795
2025-10-24,"M-03","Malam",0,"Preventive OK",0,0,0,694
2025-10-24,"M-03","Pagi",0,"Preventive OK",0,0,0,732
2025-10-24,"M-03","Siang",1,"Bearing Failure",16,0,16,833
2025-10-24,"M-04","Malam",0,"Preventive OK",0,0,0,755
2025-10-24,"M-04","Pagi",0,"Preventive OK",0,0,0,839
2025-10-24,"M-04","Siang",0,"Preventive OK",0,0,0,780
2025-10-24,"M-05","Malam",0,"Preventive OK",0,0,0,408
2025-10-24,"M-05","Pagi",0,"Preventive OK",0,0,0,408
2025-10-24,"M-05","Siang",0,"Preventive OK",0,0,0,375
2025-10-24,"M-06","Malam",0,"Preventive OK",0,0,0,418
2025-10-24,"M-06","Pagi",1,"Setup & Adjust",20,0,20,354
2025-10-24,"M-06","Siang",0,"Preventive OK",0,0,0,358
2025-10-25,"M-01","Malam",0,"Preventive OK",0,0,0,839
2025-10-25,"M-01","Pagi",0,"Preventive OK",0,0,0,867
2025-10-25,"M-01","Siang",0,"Preventive OK",0,0,0,725
2025-10-25,"M-02","Malam",0,"Preventive OK",0,0,0,818
2025-10-25,"M-02","Pagi",0,"Preventive OK",0,0,0,857
2025-10-25,"M-02","Siang",1,"Kelistrikan",29,0,29,810
2025-10-25,"M-03","Malam",0,"Preventive OK",0,0,0,881
2025-10-25,"M-03","Pagi",0,"Preventive OK",0,0,0,858
2025-10-25,"M-03","Siang",0,"Preventive OK",0,0,0,886
2025-10-25,"M-04","Malam",0,"Preventive OK",0,0,0,811
2025-10-25,"M-04","Pagi",0,"Preventive OK",0,0,0,775
2025-10-25,"M-04","Siang",0,"Preventive OK",0,0,0,857
2025-10-25,"M-05","Malam",1,"Bearing Failure",34,0,34,339
2025-10-25,"M-05","Pagi",0,"Preventive OK",0,0,0,457
2025-10-25,"M-05","Siang",0,"Preventive OK",0,0,0,406
2025-10-25,"M-06","Malam",0,"Preventive OK",0,0,0,436
2025-10-25,"M-06","Pagi",0,"Preventive OK",0,0,0,447
2025-10-25,"M-06","Siang",0,"Preventive OK",0,0,0,407
2025-10-27,"M-01","Malam",0,"Preventive OK",0,30,30,821
2025-10-27,"M-01","Pagi",0,"Preventive OK",0,30,30,755
2025-10-27,"M-01","Siang",0,"Preventive OK",0,30,30,924
2025-10-27,"M-02","Malam",0,"Preventive OK",0,30,30,820
2025-10-27,"M-02","Pagi",0,"Preventive OK",0,30,30,827
2025-10-27,"M-02","Siang",0,"Preventive OK",0,30,30,866
2025-10-27,"M-03","Malam",0,"Preventive OK",0,30,30,885
2025-10-27,"M-03","Pagi",0,"Preventive OK",0,30,30,826
2025-10-27,"M-03","Siang",0,"Preventive OK",0,30,30,799
2025-10-27,"M-04","Malam",0,"Preventive OK",0,30,30,756
2025-10-27,"M-04","Pagi",1,"Bearing Failure",57,30,87,914
2025-10-27,"M-04","Siang",0,"Preventive OK",0,30,30,834
2025-10-27,"M-05","Malam",0,"Preventive OK",0,30,30,417
2025-10-27,"M-05","Pagi",0,"Preventive OK",0,30,30,451
2025-10-27,"M-05","Siang",0,"Preventive OK",0,30,30,373
2025-10-27,"M-06","Malam",0,"Preventive OK",0,30,30,431
2025-10-27,"M-06","Pagi",0,"Preventive OK",0,30,30,439
2025-10-27,"M-06","Siang",0,"Preventive OK",0,30,30,421
2025-10-28,"M-01","Malam",1,"Tool Wear",17,0,17,889
2025-10-28,"M-01","Pagi",0,"Preventive OK",0,0,0,816
2025-10-28,"M-01","Siang",0,"Preventive OK",0,0,0,834
2025-10-28,"M-02","Malam",0,"Preventive OK",0,0,0,816
2025-10-28,"M-02","Pagi",0,"Preventive OK",0,0,0,808
2025-10-28,"M-02","Siang",0,"Preventive OK",0,0,0,814
2025-10-28,"M-03","Malam",1,"Tool Wear",21,0,21,814
2025-10-28,"M-03","Pagi",0,"Preventive OK",0,0,0,844
2025-10-28,"M-03","Siang",0,"Preventive OK",0,0,0,720
2025-10-28,"M-04","Malam",0,"Preventive OK",0,0,0,798
2025-10-28,"M-04","Pagi",0,"Preventive OK",0,0,0,885
2025-10-28,"M-04","Siang",0,"Preventive OK",0,0,0,805
2025-10-28,"M-05","Malam",0,"Preventive OK",0,0,0,421
2025-10-28,"M-05","Pagi",0,"Preventive OK",0,0,0,435
2025-10-28,"M-05","Siang",0,"Preventive OK",0,0,0,376
2025-10-28,"M-06","Malam",0,"Preventive OK",0,0,0,424
2025-10-28,"M-06","Pagi",0,"Preventive OK",0,0,0,338
2025-10-28,"M-06","Siang",0,"Preventive OK",0,0,0,414
2025-10-29,"M-01","Malam",0,"Preventive OK",0,0,0,750
2025-10-29,"M-01","Pagi",0,"Preventive OK",0,0,0,816
2025-10-29,"M-01","Siang",0,"Preventive OK",0,0,0,784
2025-10-29,"M-02","Malam",1,"Bearing Failure",47,0,47,727
2025-10-29,"M-02","Pagi",0,"Preventive OK",0,0,0,796
2025-10-29,"M-02","Siang",0,"Preventive OK",0,0,0,788
2025-10-29,"M-03","Malam",0,"Preventive OK",0,0,0,878
2025-10-29,"M-03","Pagi",0,"Preventive OK",0,0,0,740
2025-10-29,"M-03","Siang",0,"Preventive OK",0,0,0,670
2025-10-29,"M-04","Malam",0,"Preventive OK",0,0,0,904
2025-10-29,"M-04","Pagi",0,"Preventive OK",0,0,0,782
2025-10-29,"M-04","Siang",0,"Preventive OK",0,0,0,804
2025-10-29,"M-05","Malam",0,"Preventive OK",0,0,0,479
2025-10-29,"M-05","Pagi",0,"Preventive OK",0,0,0,424
2025-10-29,"M-05","Siang",0,"Preventive OK",0,0,0,409
2025-10-29,"M-06","Malam",0,"Preventive OK",0,0,0,354
2025-10-29,"M-06","Pagi",0,"Preventive OK",0,0,0,434
2025-10-29,"M-06","Siang",0,"Preventive OK",0,0,0,368
2025-10-30,"M-01","Malam",0,"Preventive OK",0,0,0,831
2025-10-30,"M-01","Pagi",0,"Preventive OK",0,0,0,769
2025-10-30,"M-01","Siang",0,"Preventive OK",0,0,0,754
2025-10-30,"M-02","Malam",0,"Preventive OK",0,0,0,871
2025-10-30,"M-02","Pagi",0,"Preventive OK",0,0,0,826
2025-10-30,"M-02","Siang",0,"Preventive OK",0,0,0,749
2025-10-30,"M-03","Malam",0,"Preventive OK",0,0,0,754
2025-10-30,"M-03","Pagi",0,"Preventive OK",0,0,0,791
2025-10-30,"M-03","Siang",0,"Preventive OK",0,0,0,850
2025-10-30,"M-04","Malam",0,"Preventive OK",0,0,0,824
2025-10-30,"M-04","Pagi",0,"Preventive OK",0,0,0,895
2025-10-30,"M-04","Siang",0,"Preventive OK",0,0,0,741
2025-10-30,"M-05","Malam",0,"Preventive OK",0,0,0,366
2025-10-30,"M-05","Pagi",0,"Preventive OK",0,0,0,411
2025-10-30,"M-05","Siang",0,"Preventive OK",0,0,0,423
2025-10-30,"M-06","Malam",0,"Preventive OK",0,0,0,403
2025-10-30,"M-06","Pagi",0,"Preventive OK",0,0,0,377
2025-10-30,"M-06","Siang",0,"Preventive OK",0,0,0,402
2025-10-31,"M-01","Malam",0,"Preventive OK",0,0,0,836
2025-10-31,"M-01","Pagi",0,"Preventive OK",0,0,0,967
2025-10-31,"M-01","Siang",0,"Preventive OK",0,0,0,837
2025-10-31,"M-02","Malam",0,"Preventive OK",0,0,0,884
2025-10-31,"M-02","Pagi",0,"Preventive OK",0,0,0,834
2025-10-31,"M-02","Siang",1,"Bearing Failure",32,0,32,735
2025-10-31,"M-03","Malam",0,"Preventive OK",0,0,0,749
2025-10-31,"M-03","Pagi",0,"Preventive OK",0,0,0,791
2025-10-31,"M-03","Siang",0,"Preventive OK",0,0,0,893
2025-10-31,"M-04","Malam",0,"Preventive OK",0,0,0,801
2025-10-31,"M-04","Pagi",0,"Preventive OK",0,0,0,817
2025-10-31,"M-04","Siang",0,"Preventive OK",0,0,0,875
2025-10-31,"M-05","Malam",0,"Preventive OK",0,0,0,420
2025-10-31,"M-05","Pagi",0,"Preventive OK",0,0,0,438
2025-10-31,"M-05","Siang",0,"Preventive OK",0,0,0,399
2025-10-31,"M-06","Malam",0,"Preventive OK",0,0,0,423
2025-10-31,"M-06","Pagi",0,"Preventive OK",0,0,0,398
2025-10-31,"M-06","Siang",0,"Preventive OK",0,0,0,357
2025-11-01,"M-01","Malam",0,"Preventive OK",0,0,0,811
2025-11-01,"M-01","Pagi",0,"Preventive OK",0,0,0,903
2025-11-01,"M-01","Siang",0,"Preventive OK",0,0,0,931
2025-11-01,"M-02","Malam",0,"Preventive OK",0,0,0,877
2025-11-01,"M-02","Pagi",0,"Preventive OK",0,0,0,736
2025-11-01,"M-02","Siang",0,"Preventive OK",0,0,0,785
2025-11-01,"M-03","Malam",0,"Preventive OK",0,0,0,863
2025-11-01,"M-03","Pagi",0,"Preventive OK",0,0,0,761
2025-11-01,"M-03","Siang",0,"Preventive OK",0,0,0,860
2025-11-01,"M-04","Malam",0,"Preventive OK",0,0,0,786
2025-11-01,"M-04","Pagi",0,"Preventive OK",0,0,0,839
2025-11-01,"M-04","Siang",0,"Preventive OK",0,0,0,802
2025-11-01,"M-05","Malam",1,"Setup & Adjust",31,0,31,377
2025-11-01,"M-05","Pagi",0,"Preventive OK",0,0,0,389
2025-11-01,"M-05","Siang",0,"Preventive OK",0,0,0,410
2025-11-01,"M-06","Malam",0,"Preventive OK",0,0,0,401
2025-11-01,"M-06","Pagi",0,"Preventive OK",0,0,0,387
2025-11-01,"M-06","Siang",0,"Preventive OK",0,0,0,408
2025-11-03,"M-01","Malam",0,"Preventive OK",0,30,30,817
2025-11-03,"M-01","Pagi",0,"Preventive OK",0,30,30,718
2025-11-03,"M-01","Siang",0,"Preventive OK",0,30,30,754
2025-11-03,"M-02","Malam",1,"Tool Wear",15,30,45,817
2025-11-03,"M-02","Pagi",0,"Preventive OK",0,30,30,867
2025-11-03,"M-02","Siang",0,"Preventive OK",0,30,30,919
2025-11-03,"M-03","Malam",0,"Preventive OK",0,30,30,798
2025-11-03,"M-03","Pagi",0,"Preventive OK",0,30,30,766
2025-11-03,"M-03","Siang",0,"Preventive OK",0,30,30,899
2025-11-03,"M-04","Malam",1,"Kelistrikan",38,30,68,688
2025-11-03,"M-04","Pagi",0,"Preventive OK",0,30,30,885
2025-11-03,"M-04","Siang",0,"Preventive OK",0,30,30,719
2025-11-03,"M-05","Malam",0,"Preventive OK",0,30,30,379
2025-11-03,"M-05","Pagi",0,"Preventive OK",0,30,30,426
2025-11-03,"M-05","Siang",0,"Preventive OK",0,30,30,355
2025-11-03,"M-06","Malam",0,"Preventive OK",0,30,30,438
2025-11-03,"M-06","Pagi",0,"Preventive OK",0,30,30,408
2025-11-03,"M-06","Siang",0,"Preventive OK",0,30,30,380
2025-11-04,"M-01","Malam",0,"Preventive OK",0,0,0,732
2025-11-04,"M-01","Pagi",0,"Preventive OK",0,0,0,843
2025-11-04,"M-01","Siang",0,"Preventive OK",0,0,0,819
2025-11-04,"M-02","Malam",0,"Preventive OK",0,0,0,840
2025-11-04,"M-02","Pagi",0,"Preventive OK",0,0,0,809
2025-11-04,"M-02","Siang",0,"Preventive OK",0,0,0,785
2025-11-04,"M-03","Malam",0,"Preventive OK",0,0,0,804
2025-11-04,"M-03","Pagi",0,"Preventive OK",0,0,0,843
2025-11-04,"M-03","Siang",0,"Preventive OK",0,0,0,771
2025-11-04,"M-04","Malam",0,"Preventive OK",0,0,0,754
2025-11-04,"M-04","Pagi",1,"Kelistrikan",30,0,30,774
2025-11-04,"M-04","Siang",0,"Preventive OK",0,0,0,740
2025-11-04,"M-05","Malam",0,"Preventive OK",0,0,0,407
2025-11-04,"M-05","Pagi",0,"Preventive OK",0,0,0,388
2025-11-04,"M-05","Siang",0,"Preventive OK",0,0,0,416
2025-11-04,"M-06","Malam",0,"Preventive OK",0,0,0,396
2025-11-04,"M-06","Pagi",0,"Preventive OK",0,0,0,401
2025-11-04,"M-06","Siang",0,"Preventive OK",0,0,0,434
2025-11-05,"M-01","Malam",0,"Preventive OK",0,0,0,886
2025-11-05,"M-01","Pagi",0,"Preventive OK",0,0,0,802
2025-11-05,"M-01","Siang",0,"Preventive OK",0,0,0,773
2025-11-05,"M-02","Malam",0,"Preventive OK",0,0,0,826
2025-11-05,"M-02","Pagi",0,"Preventive OK",0,0,0,861
2025-11-05,"M-02","Siang",0,"Preventive OK",0,0,0,683
2025-11-05,"M-03","Malam",0,"Preventive OK",0,0,0,796
2025-11-05,"M-03","Pagi",0,"Preventive OK",0,0,0,804
2025-11-05,"M-03","Siang",0,"Preventive OK",0,0,0,809
2025-11-05,"M-04","Malam",0,"Preventive OK",0,0,0,854
2025-11-05,"M-04","Pagi",0,"Preventive OK",0,0,0,764
2025-11-05,"M-04","Siang",0,"Preventive OK",0,0,0,718
2025-11-05,"M-05","Malam",0,"Preventive OK",0,0,0,356
2025-11-05,"M-05","Pagi",1,"Tool Wear",19,0,19,400
2025-11-05,"M-05","Siang",0,"Preventive OK",0,0,0,376
2025-11-05,"M-06","Malam",0,"Preventive OK",0,0,0,437
2025-11-05,"M-06","Pagi",0,"Preventive OK",0,0,0,360
2025-11-05,"M-06","Siang",0,"Preventive OK",0,0,0,441
2025-11-06,"M-01","Malam",0,"Preventive OK",0,0,0,783
2025-11-06,"M-01","Pagi",0,"Preventive OK",0,0,0,738
2025-11-06,"M-01","Siang",0,"Preventive OK",0,0,0,830
2025-11-06,"M-02","Malam",0,"Preventive OK",0,0,0,841
2025-11-06,"M-02","Pagi",0,"Preventive OK",0,0,0,846
2025-11-06,"M-02","Siang",0,"Preventive OK",0,0,0,807
2025-11-06,"M-03","Malam",0,"Preventive OK",0,0,0,781
2025-11-06,"M-03","Pagi",0,"Preventive OK",0,0,0,742
2025-11-06,"M-03","Siang",0,"Preventive OK",0,0,0,922
2025-11-06,"M-04","Malam",0,"Preventive OK",0,0,0,755
2025-11-06,"M-04","Pagi",1,"Tool Wear",16,0,16,801
2025-11-06,"M-04","Siang",0,"Preventive OK",0,0,0,878
2025-11-06,"M-05","Malam",0,"Preventive OK",0,0,0,465
2025-11-06,"M-05","Pagi",0,"Preventive OK",0,0,0,419
2025-11-06,"M-05","Siang",0,"Preventive OK",0,0,0,418
2025-11-06,"M-06","Malam",0,"Preventive OK",0,0,0,430
2025-11-06,"M-06","Pagi",0,"Preventive OK",0,0,0,449
2025-11-06,"M-06","Siang",0,"Preventive OK",0,0,0,397
2025-11-07,"M-01","Malam",0,"Preventive OK",0,0,0,782
2025-11-07,"M-01","Pagi",0,"Preventive OK",0,0,0,856
2025-11-07,"M-01","Siang",0,"Preventive OK",0,0,0,853
2025-11-07,"M-02","Malam",0,"Preventive OK",0,0,0,874
2025-11-07,"M-02","Pagi",1,"Bearing Failure",28,0,28,731
2025-11-07,"M-02","Siang",0,"Preventive OK",0,0,0,849
2025-11-07,"M-03","Malam",1,"Kelistrikan",18,0,18,922
2025-11-07,"M-03","Pagi",0,"Preventive OK",0,0,0,865
2025-11-07,"M-03","Siang",0,"Preventive OK",0,0,0,820
2025-11-07,"M-04","Malam",0,"Preventive OK",0,0,0,870
2025-11-07,"M-04","Pagi",0,"Preventive OK",0,0,0,901
2025-11-07,"M-04","Siang",1,"Bearing Failure",18,0,18,790
2025-11-07,"M-05","Malam",0,"Preventive OK",0,0,0,408
2025-11-07,"M-05","Pagi",0,"Preventive OK",0,0,0,395
2025-11-07,"M-05","Siang",0,"Preventive OK",0,0,0,450
2025-11-07,"M-06","Malam",1,"Bearing Failure",21,0,21,400
2025-11-07,"M-06","Pagi",0,"Preventive OK",0,0,0,439
2025-11-07,"M-06","Siang",0,"Preventive OK",0,0,0,393
2025-11-08,"M-01","Malam",0,"Preventive OK",0,0,0,894
2025-11-08,"M-01","Pagi",0,"Preventive OK",0,0,0,761
2025-11-08,"M-01","Siang",0,"Preventive OK",0,0,0,782
2025-11-08,"M-02","Malam",0,"Preventive OK",0,0,0,712
2025-11-08,"M-02","Pagi",1,"Bearing Failure",33,0,33,776
2025-11-08,"M-02","Siang",0,"Preventive OK",0,0,0,849
2025-11-08,"M-03","Malam",1,"Bearing Failure",27,0,27,803
2025-11-08,"M-03","Pagi",0,"Preventive OK",0,0,0,799
2025-11-08,"M-03","Siang",0,"Preventive OK",0,0,0,797
2025-11-08,"M-04","Malam",0,"Preventive OK",0,0,0,878
2025-11-08,"M-04","Pagi",0,"Preventive OK",0,0,0,828
2025-11-08,"M-04","Siang",1,"Kelistrikan",18,0,18,786
2025-11-08,"M-05","Malam",0,"Preventive OK",0,0,0,438
2025-11-08,"M-05","Pagi",0,"Preventive OK",0,0,0,373
2025-11-08,"M-05","Siang",0,"Preventive OK",0,0,0,442
2025-11-08,"M-06","Malam",0,"Preventive OK",0,0,0,415
2025-11-08,"M-06","Pagi",0,"Preventive OK",0,0,0,427
2025-11-08,"M-06","Siang",0,"Preventive OK",0,0,0,426
2025-11-10,"M-01","Malam",0,"Preventive OK",0,30,30,832
2025-11-10,"M-01","Pagi",0,"Preventive OK",0,30,30,743
2025-11-10,"M-01","Siang",0,"Preventive OK",0,30,30,791
2025-11-10,"M-02","Malam",1,"Bearing Failure",16,30,46,799
2025-11-10,"M-02","Pagi",0,"Preventive OK",0,30,30,843
2025-11-10,"M-02","Siang",0,"Preventive OK",0,30,30,859
2025-11-10,"M-03","Malam",0,"Preventive OK",0,30,30,767
2025-11-10,"M-03","Pagi",0,"Preventive OK",0,30,30,800
2025-11-10,"M-03","Siang",0,"Preventive OK",0,30,30,784
2025-11-10,"M-04","Malam",0,"Preventive OK",0,30,30,894
2025-11-10,"M-04","Pagi",0,"Preventive OK",0,30,30,825
2025-11-10,"M-04","Siang",0,"Preventive OK",0,30,30,829
2025-11-10,"M-05","Malam",0,"Preventive OK",0,30,30,414
2025-11-10,"M-05","Pagi",0,"Preventive OK",0,30,30,381
2025-11-10,"M-05","Siang",0,"Preventive OK",0,30,30,381
2025-11-10,"M-06","Malam",0,"Preventive OK",0,30,30,429
2025-11-10,"M-06","Pagi",0,"Preventive OK",0,30,30,395
2025-11-10,"M-06","Siang",0,"Preventive OK",0,30,30,394
2025-11-11,"M-01","Malam",0,"Preventive OK",0,0,0,731
2025-11-11,"M-01","Pagi",0,"Preventive OK",0,0,0,836
2025-11-11,"M-01","Siang",0,"Preventive OK",0,0,0,746
2025-11-11,"M-02","Malam",1,"Bearing Failure",45,0,45,784
2025-11-11,"M-02","Pagi",0,"Preventive OK",0,0,0,799
2025-11-11,"M-02","Siang",1,"Kelistrikan",33,0,33,853
2025-11-11,"M-03","Malam",0,"Preventive OK",0,0,0,869
2025-11-11,"M-03","Pagi",0,"Preventive OK",0,0,0,839
2025-11-11,"M-03","Siang",0,"Preventive OK",0,0,0,744
2025-11-11,"M-04","Malam",0,"Preventive OK",0,0,0,906
2025-11-11,"M-04","Pagi",0,"Preventive OK",0,0,0,788
2025-11-11,"M-04","Siang",0,"Preventive OK",0,0,0,822
2025-11-11,"M-05","Malam",1,"Tool Wear",20,0,20,372
2025-11-11,"M-05","Pagi",0,"Preventive OK",0,0,0,386
2025-11-11,"M-05","Siang",0,"Preventive OK",0,0,0,393
2025-11-11,"M-06","Malam",0,"Preventive OK",0,0,0,391
2025-11-11,"M-06","Pagi",0,"Preventive OK",0,0,0,367
2025-11-11,"M-06","Siang",0,"Preventive OK",0,0,0,390
2025-11-12,"M-01","Malam",0,"Preventive OK",0,0,0,749
2025-11-12,"M-01","Pagi",0,"Preventive OK",0,0,0,713
2025-11-12,"M-01","Siang",0,"Preventive OK",0,0,0,797
2025-11-12,"M-02","Malam",0,"Preventive OK",0,0,0,773
2025-11-12,"M-02","Pagi",0,"Preventive OK",0,0,0,875
2025-11-12,"M-02","Siang",0,"Preventive OK",0,0,0,815
2025-11-12,"M-03","Malam",0,"Preventive OK",0,0,0,893
2025-11-12,"M-03","Pagi",0,"Preventive OK",0,0,0,912
2025-11-12,"M-03","Siang",0,"Preventive OK",0,0,0,754
2025-11-12,"M-04","Malam",1,"Kelistrikan",46,0,46,733
2025-11-12,"M-04","Pagi",0,"Preventive OK",0,0,0,849
2025-11-12,"M-04","Siang",0,"Preventive OK",0,0,0,746
2025-11-12,"M-05","Malam",0,"Preventive OK",0,0,0,384
2025-11-12,"M-05","Pagi",0,"Preventive OK",0,0,0,378
2025-11-12,"M-05","Siang",0,"Preventive OK",0,0,0,410
2025-11-12,"M-06","Malam",0,"Preventive OK",0,0,0,419
2025-11-12,"M-06","Pagi",0,"Preventive OK",0,0,0,413
2025-11-12,"M-06","Siang",0,"Preventive OK",0,0,0,381
2025-11-13,"M-01","Malam",0,"Preventive OK",0,0,0,828
2025-11-13,"M-01","Pagi",0,"Preventive OK",0,0,0,718
2025-11-13,"M-01","Siang",0,"Preventive OK",0,0,0,791
2025-11-13,"M-02","Malam",1,"Tool Wear",21,0,21,754
2025-11-13,"M-02","Pagi",1,"Tool Wear",28,0,28,733
2025-11-13,"M-02","Siang",0,"Preventive OK",0,0,0,751
2025-11-13,"M-03","Malam",1,"Tool Wear",15,0,15,901
2025-11-13,"M-03","Pagi",0,"Preventive OK",0,0,0,812
2025-11-13,"M-03","Siang",0,"Preventive OK",0,0,0,907
2025-11-13,"M-04","Malam",0,"Preventive OK",0,0,0,802
2025-11-13,"M-04","Pagi",0,"Preventive OK",0,0,0,789
2025-11-13,"M-04","Siang",0,"Preventive OK",0,0,0,764
2025-11-13,"M-05","Malam",0,"Preventive OK",0,0,0,386
2025-11-13,"M-05","Pagi",0,"Preventive OK",0,0,0,392
2025-11-13,"M-05","Siang",0,"Preventive OK",0,0,0,374
2025-11-13,"M-06","Malam",0,"Preventive OK",0,0,0,391
2025-11-13,"M-06","Pagi",0,"Preventive OK",0,0,0,379
2025-11-13,"M-06","Siang",0,"Preventive OK",0,0,0,383
2025-11-14,"M-01","Malam",0,"Preventive OK",0,0,0,829
2025-11-14,"M-01","Pagi",0,"Preventive OK",0,0,0,828
2025-11-14,"M-01","Siang",0,"Preventive OK",0,0,0,844
2025-11-14,"M-02","Malam",0,"Preventive OK",0,0,0,792
2025-11-14,"M-02","Pagi",0,"Preventive OK",0,0,0,972
2025-11-14,"M-02","Siang",0,"Preventive OK",0,0,0,838
2025-11-14,"M-03","Malam",0,"Preventive OK",0,0,0,880
2025-11-14,"M-03","Pagi",0,"Preventive OK",0,0,0,742
2025-11-14,"M-03","Siang",0,"Preventive OK",0,0,0,748
2025-11-14,"M-04","Malam",0,"Preventive OK",0,0,0,894
2025-11-14,"M-04","Pagi",0,"Preventive OK",0,0,0,876
2025-11-14,"M-04","Siang",0,"Preventive OK",0,0,0,734
2025-11-14,"M-05","Malam",0,"Preventive OK",0,0,0,446
2025-11-14,"M-05","Pagi",0,"Preventive OK",0,0,0,389
2025-11-14,"M-05","Siang",1,"Setup & Adjust",20,0,20,398
2025-11-14,"M-06","Malam",0,"Preventive OK",0,0,0,421
2025-11-14,"M-06","Pagi",0,"Preventive OK",0,0,0,394
2025-11-14,"M-06","Siang",0,"Preventive OK",0,0,0,423
2025-11-15,"M-01","Malam",0,"Preventive OK",0,0,0,902
2025-11-15,"M-01","Pagi",0,"Preventive OK",0,0,0,814
2025-11-15,"M-01","Siang",0,"Preventive OK",0,0,0,826
2025-11-15,"M-02","Malam",1,"Bearing Failure",46,0,46,805
2025-11-15,"M-02","Pagi",0,"Preventive OK",0,0,0,704
2025-11-15,"M-02","Siang",0,"Preventive OK",0,0,0,716
2025-11-15,"M-03","Malam",0,"Preventive OK",0,0,0,776
2025-11-15,"M-03","Pagi",0,"Preventive OK",0,0,0,786
2025-11-15,"M-03","Siang",0,"Preventive OK",0,0,0,869
2025-11-15,"M-04","Malam",0,"Preventive OK",0,0,0,799
2025-11-15,"M-04","Pagi",0,"Preventive OK",0,0,0,741
2025-11-15,"M-04","Siang",0,"Preventive OK",0,0,0,819
2025-11-15,"M-05","Malam",0,"Preventive OK",0,0,0,429
2025-11-15,"M-05","Pagi",0,"Preventive OK",0,0,0,429
2025-11-15,"M-05","Siang",0,"Preventive OK",0,0,0,437
2025-11-15,"M-06","Malam",0,"Preventive OK",0,0,0,423
2025-11-15,"M-06","Pagi",0,"Preventive OK",0,0,0,415
2025-11-15,"M-06","Siang",0,"Preventive OK",0,0,0,390
2025-11-17,"M-01","Malam",0,"Preventive OK",0,30,30,732
2025-11-17,"M-01","Pagi",1,"Tool Wear",18,30,48,772
2025-11-17,"M-01","Siang",0,"Preventive OK",0,30,30,766
2025-11-17,"M-02","Malam",0,"Preventive OK",0,30,30,892
2025-11-17,"M-02","Pagi",0,"Preventive OK",0,30,30,779
2025-11-17,"M-02","Siang",0,"Preventive OK",0,30,30,816
2025-11-17,"M-03","Malam",0,"Preventive OK",0,30,30,824
2025-11-17,"M-03","Pagi",0,"Preventive OK",0,30,30,812
2025-11-17,"M-03","Siang",0,"Preventive OK",0,30,30,882
2025-11-17,"M-04","Malam",0,"Preventive OK",0,30,30,877
2025-11-17,"M-04","Pagi",1,"Bearing Failure",22,30,52,806
2025-11-17,"M-04","Siang",0,"Preventive OK",0,30,30,849
2025-11-17,"M-05","Malam",0,"Preventive OK",0,30,30,384
2025-11-17,"M-05","Pagi",0,"Preventive OK",0,30,30,402
2025-11-17,"M-05","Siang",0,"Preventive OK",0,30,30,413
2025-11-17,"M-06","Malam",0,"Preventive OK",0,30,30,411
2025-11-17,"M-06","Pagi",0,"Preventive OK",0,30,30,392
2025-11-17,"M-06","Siang",0,"Preventive OK",0,30,30,392
2025-11-18,"M-01","Malam",0,"Preventive OK",0,0,0,916
2025-11-18,"M-01","Pagi",0,"Preventive OK",0,0,0,807
2025-11-18,"M-01","Siang",0,"Preventive OK",0,0,0,801
2025-11-18,"M-02","Malam",1,"Bearing Failure",30,0,30,780
2025-11-18,"M-02","Pagi",0,"Preventive OK",0,0,0,890
2025-11-18,"M-02","Siang",0,"Preventive OK",0,0,0,850
2025-11-18,"M-03","Malam",0,"Preventive OK",0,0,0,820
2025-11-18,"M-03","Pagi",0,"Preventive OK",0,0,0,861
2025-11-18,"M-03","Siang",0,"Preventive OK",0,0,0,774
2025-11-18,"M-04","Malam",0,"Preventive OK",0,0,0,819
2025-11-18,"M-04","Pagi",0,"Preventive OK",0,0,0,798
2025-11-18,"M-04","Siang",1,"Kelistrikan",26,0,26,859
2025-11-18,"M-05","Malam",0,"Preventive OK",0,0,0,424
2025-11-18,"M-05","Pagi",0,"Preventive OK",0,0,0,397
2025-11-18,"M-05","Siang",0,"Preventive OK",0,0,0,408
2025-11-18,"M-06","Malam",0,"Preventive OK",0,0,0,386
2025-11-18,"M-06","Pagi",0,"Preventive OK",0,0,0,356
2025-11-18,"M-06","Siang",0,"Preventive OK",0,0,0,377
2025-11-19,"M-01","Malam",0,"Preventive OK",0,0,0,789
2025-11-19,"M-01","Pagi",0,"Preventive OK",0,0,0,860
2025-11-19,"M-01","Siang",0,"Preventive OK",0,0,0,798
2025-11-19,"M-02","Malam",0,"Preventive OK",0,0,0,815
2025-11-19,"M-02","Pagi",0,"Preventive OK",0,0,0,838
2025-11-19,"M-02","Siang",0,"Preventive OK",0,0,0,886
2025-11-19,"M-03","Malam",0,"Preventive OK",0,0,0,844
2025-11-19,"M-03","Pagi",0,"Preventive OK",0,0,0,898
2025-11-19,"M-03","Siang",0,"Preventive OK",0,0,0,773
2025-11-19,"M-04","Malam",0,"Preventive OK",0,0,0,857
2025-11-19,"M-04","Pagi",0,"Preventive OK",0,0,0,748
2025-11-19,"M-04","Siang",0,"Preventive OK",0,0,0,770
2025-11-19,"M-05","Malam",0,"Preventive OK",0,0,0,375
2025-11-19,"M-05","Pagi",1,"Bearing Failure",34,0,34,343
2025-11-19,"M-05","Siang",0,"Preventive OK",0,0,0,364
2025-11-19,"M-06","Malam",0,"Preventive OK",0,0,0,434
2025-11-19,"M-06","Pagi",0,"Preventive OK",0,0,0,430
2025-11-19,"M-06","Siang",0,"Preventive OK",0,0,0,390
2025-11-20,"M-01","Malam",0,"Preventive OK",0,0,0,817
2025-11-20,"M-01","Pagi",0,"Preventive OK",0,0,0,753
2025-11-20,"M-01","Siang",0,"Preventive OK",0,0,0,870
2025-11-20,"M-02","Malam",0,"Preventive OK",0,0,0,869
2025-11-20,"M-02","Pagi",0,"Preventive OK",0,0,0,857
2025-11-20,"M-02","Siang",0,"Preventive OK",0,0,0,756
2025-11-20,"M-03","Malam",0,"Preventive OK",0,0,0,895
2025-11-20,"M-03","Pagi",0,"Preventive OK",0,0,0,825
2025-11-20,"M-03","Siang",0,"Preventive OK",0,0,0,652
2025-11-20,"M-04","Malam",1,"Tool Wear",25,0,25,796
2025-11-20,"M-04","Pagi",0,"Preventive OK",0,0,0,808
2025-11-20,"M-04","Siang",0,"Preventive OK",0,0,0,800
2025-11-20,"M-05","Malam",0,"Preventive OK",0,0,0,380
2025-11-20,"M-05","Pagi",0,"Preventive OK",0,0,0,400
2025-11-20,"M-05","Siang",0,"Preventive OK",0,0,0,469
2025-11-20,"M-06","Malam",0,"Preventive OK",0,0,0,428
2025-11-20,"M-06","Pagi",0,"Preventive OK",0,0,0,366
2025-11-20,"M-06","Siang",0,"Preventive OK",0,0,0,423
2025-11-21,"M-01","Malam",0,"Preventive OK",0,0,0,876
2025-11-21,"M-01","Pagi",0,"Preventive OK",0,0,0,801
2025-11-21,"M-01","Siang",0,"Preventive OK",0,0,0,766
2025-11-21,"M-02","Malam",0,"Preventive OK",0,0,0,833
2025-11-21,"M-02","Pagi",0,"Preventive OK",0,0,0,838
2025-11-21,"M-02","Siang",0,"Preventive OK",0,0,0,846
2025-11-21,"M-03","Malam",0,"Preventive OK",0,0,0,907
2025-11-21,"M-03","Pagi",0,"Preventive OK",0,0,0,737
2025-11-21,"M-03","Siang",0,"Preventive OK",0,0,0,873
2025-11-21,"M-04","Malam",0,"Preventive OK",0,0,0,798
2025-11-21,"M-04","Pagi",0,"Preventive OK",0,0,0,778
2025-11-21,"M-04","Siang",0,"Preventive OK",0,0,0,902
2025-11-21,"M-05","Malam",0,"Preventive OK",0,0,0,385
2025-11-21,"M-05","Pagi",0,"Preventive OK",0,0,0,437
2025-11-21,"M-05","Siang",0,"Preventive OK",0,0,0,420
2025-11-21,"M-06","Malam",0,"Preventive OK",0,0,0,374
2025-11-21,"M-06","Pagi",1,"Setup & Adjust",18,0,18,365
2025-11-21,"M-06","Siang",0,"Preventive OK",0,0,0,433
2025-11-22,"M-01","Malam",0,"Preventive OK",0,0,0,735
2025-11-22,"M-01","Pagi",0,"Preventive OK",0,0,0,817
2025-11-22,"M-01","Siang",0,"Preventive OK",0,0,0,830
2025-11-22,"M-02","Malam",1,"Kelistrikan",27,0,27,844
2025-11-22,"M-02","Pagi",0,"Preventive OK",0,0,0,651
2025-11-22,"M-02","Siang",0,"Preventive OK",0,0,0,860
2025-11-22,"M-03","Malam",0,"Preventive OK",0,0,0,852
2025-11-22,"M-03","Pagi",0,"Preventive OK",0,0,0,809
2025-11-22,"M-03","Siang",0,"Preventive OK",0,0,0,820
2025-11-22,"M-04","Malam",0,"Preventive OK",0,0,0,889
2025-11-22,"M-04","Pagi",0,"Preventive OK",0,0,0,835
2025-11-22,"M-04","Siang",0,"Preventive OK",0,0,0,765
2025-11-22,"M-05","Malam",0,"Preventive OK",0,0,0,455
2025-11-22,"M-05","Pagi",0,"Preventive OK",0,0,0,384
2025-11-22,"M-05","Siang",0,"Preventive OK",0,0,0,414
2025-11-22,"M-06","Malam",0,"Preventive OK",0,0,0,368
2025-11-22,"M-06","Pagi",0,"Preventive OK",0,0,0,425
2025-11-22,"M-06","Siang",0,"Preventive OK",0,0,0,432
2025-11-24,"M-01","Malam",0,"Preventive OK",0,30,30,844
2025-11-24,"M-01","Pagi",0,"Preventive OK",0,30,30,845
2025-11-24,"M-01","Siang",0,"Preventive OK",0,30,30,841
2025-11-24,"M-02","Malam",1,"Tool Wear",29,30,59,751
2025-11-24,"M-02","Pagi",0,"Preventive OK",0,30,30,877
2025-11-24,"M-02","Siang",0,"Preventive OK",0,30,30,872
2025-11-24,"M-03","Malam",0,"Preventive OK",0,30,30,817
2025-11-24,"M-03","Pagi",0,"Preventive OK",0,30,30,858
2025-11-24,"M-03","Siang",0,"Preventive OK",0,30,30,809
2025-11-24,"M-04","Malam",0,"Preventive OK",0,30,30,789
2025-11-24,"M-04","Pagi",0,"Preventive OK",0,30,30,791
2025-11-24,"M-04","Siang",0,"Preventive OK",0,30,30,859
2025-11-24,"M-05","Malam",0,"Preventive OK",0,30,30,395
2025-11-24,"M-05","Pagi",0,"Preventive OK",0,30,30,414
2025-11-24,"M-05","Siang",0,"Preventive OK",0,30,30,420
2025-11-24,"M-06","Malam",0,"Preventive OK",0,30,30,403
2025-11-24,"M-06","Pagi",0,"Preventive OK",0,30,30,434
2025-11-24,"M-06","Siang",0,"Preventive OK",0,30,30,415
2025-11-25,"M-01","Malam",0,"Preventive OK",0,0,0,835
2025-11-25,"M-01","Pagi",0,"Preventive OK",0,0,0,857
2025-11-25,"M-01","Siang",0,"Preventive OK",0,0,0,869
2025-11-25,"M-02","Malam",0,"Preventive OK",0,0,0,834
2025-11-25,"M-02","Pagi",0,"Preventive OK",0,0,0,873
2025-11-25,"M-02","Siang",0,"Preventive OK",0,0,0,825
2025-11-25,"M-03","Malam",0,"Preventive OK",0,0,0,769
2025-11-25,"M-03","Pagi",0,"Preventive OK",0,0,0,793
2025-11-25,"M-03","Siang",0,"Preventive OK",0,0,0,767
2025-11-25,"M-04","Malam",0,"Preventive OK",0,0,0,834
2025-11-25,"M-04","Pagi",0,"Preventive OK",0,0,0,823
2025-11-25,"M-04","Siang",0,"Preventive OK",0,0,0,778
2025-11-25,"M-05","Malam",0,"Preventive OK",0,0,0,401
2025-11-25,"M-05","Pagi",0,"Preventive OK",0,0,0,427
2025-11-25,"M-05","Siang",0,"Preventive OK",0,0,0,417
2025-11-25,"M-06","Malam",0,"Preventive OK",0,0,0,347
2025-11-25,"M-06","Pagi",0,"Preventive OK",0,0,0,414
2025-11-25,"M-06","Siang",0,"Preventive OK",0,0,0,381
2025-11-26,"M-01","Malam",0,"Preventive OK",0,0,0,736
2025-11-26,"M-01","Pagi",0,"Preventive OK",0,0,0,870
2025-11-26,"M-01","Siang",0,"Preventive OK",0,0,0,868
2025-11-26,"M-02","Malam",0,"Preventive OK",0,0,0,727
2025-11-26,"M-02","Pagi",0,"Preventive OK",0,0,0,846
2025-11-26,"M-02","Siang",0,"Preventive OK",0,0,0,881
2025-11-26,"M-03","Malam",1,"Kelistrikan",22,0,22,760
2025-11-26,"M-03","Pagi",0,"Preventive OK",0,0,0,760
2025-11-26,"M-03","Siang",0,"Preventive OK",0,0,0,809
2025-11-26,"M-04","Malam",0,"Preventive OK",0,0,0,749
2025-11-26,"M-04","Pagi",0,"Preventive OK",0,0,0,981
2025-11-26,"M-04","Siang",0,"Preventive OK",0,0,0,880
2025-11-26,"M-05","Malam",0,"Preventive OK",0,0,0,437
2025-11-26,"M-05","Pagi",0,"Preventive OK",0,0,0,444
2025-11-26,"M-05","Siang",0,"Preventive OK",0,0,0,430
2025-11-26,"M-06","Malam",0,"Preventive OK",0,0,0,406
2025-11-26,"M-06","Pagi",0,"Preventive OK",0,0,0,430
2025-11-26,"M-06","Siang",0,"Preventive OK",0,0,0,442
2025-11-27,"M-01","Malam",0,"Preventive OK",0,0,0,719
2025-11-27,"M-01","Pagi",0,"Preventive OK",0,0,0,823
2025-11-27,"M-01","Siang",0,"Preventive OK",0,0,0,807
2025-11-27,"M-02","Malam",0,"Preventive OK",0,0,0,865
2025-11-27,"M-02","Pagi",0,"Preventive OK",0,0,0,783
2025-11-27,"M-02","Siang",0,"Preventive OK",0,0,0,853
2025-11-27,"M-03","Malam",0,"Preventive OK",0,0,0,837
2025-11-27,"M-03","Pagi",0,"Preventive OK",0,0,0,862
2025-11-27,"M-03","Siang",0,"Preventive OK",0,0,0,879
2025-11-27,"M-04","Malam",0,"Preventive OK",0,0,0,765
2025-11-27,"M-04","Pagi",0,"Preventive OK",0,0,0,828
2025-11-27,"M-04","Siang",1,"Kelistrikan",16,0,16,724
2025-11-27,"M-05","Malam",0,"Preventive OK",0,0,0,354
2025-11-27,"M-05","Pagi",0,"Preventive OK",0,0,0,447
2025-11-27,"M-05","Siang",0,"Preventive OK",0,0,0,424
2025-11-27,"M-06","Malam",0,"Preventive OK",0,0,0,394
2025-11-27,"M-06","Pagi",0,"Preventive OK",0,0,0,379
2025-11-27,"M-06","Siang",0,"Preventive OK",0,0,0,429
2025-11-28,"M-01","Malam",0,"Preventive OK",0,0,0,809
2025-11-28,"M-01","Pagi",0,"Preventive OK",0,0,0,707
2025-11-28,"M-01","Siang",0,"Preventive OK",0,0,0,866
2025-11-28,"M-02","Malam",0,"Preventive OK",0,0,0,730
2025-11-28,"M-02","Pagi",0,"Preventive OK",0,0,0,792
2025-11-28,"M-02","Siang",0,"Preventive OK",0,0,0,787
2025-11-28,"M-03","Malam",1,"Kelistrikan",18,0,18,819
2025-11-28,"M-03","Pagi",0,"Preventive OK",0,0,0,708
2025-11-28,"M-03","Siang",0,"Preventive OK",0,0,0,881
2025-11-28,"M-04","Malam",0,"Preventive OK",0,0,0,819
2025-11-28,"M-04","Pagi",0,"Preventive OK",0,0,0,729
2025-11-28,"M-04","Siang",0,"Preventive OK",0,0,0,737
2025-11-28,"M-05","Malam",0,"Preventive OK",0,0,0,430
2025-11-28,"M-05","Pagi",0,"Preventive OK",0,0,0,411
2025-11-28,"M-05","Siang",0,"Preventive OK",0,0,0,372
2025-11-28,"M-06","Malam",0,"Preventive OK",0,0,0,388
2025-11-28,"M-06","Pagi",0,"Preventive OK",0,0,0,423
2025-11-28,"M-06","Siang",0,"Preventive OK",0,0,0,409
2025-11-29,"M-01","Malam",0,"Preventive OK",0,0,0,850
2025-11-29,"M-01","Pagi",0,"Preventive OK",0,0,0,829
2025-11-29,"M-01","Siang",0,"Preventive OK",0,0,0,874
2025-11-29,"M-02","Malam",1,"Kelistrikan",21,0,21,899
2025-11-29,"M-02","Pagi",0,"Preventive OK",0,0,0,872
2025-11-29,"M-02","Siang",0,"Preventive OK",0,0,0,728
2025-11-29,"M-03","Malam",0,"Preventive OK",0,0,0,852
2025-11-29,"M-03","Pagi",0,"Preventive OK",0,0,0,738
2025-11-29,"M-03","Siang",0,"Preventive OK",0,0,0,898
2025-11-29,"M-04","Malam",0,"Preventive OK",0,0,0,823
2025-11-29,"M-04","Pagi",0,"Preventive OK",0,0,0,799
2025-11-29,"M-04","Siang",0,"Preventive OK",0,0,0,903
2025-11-29,"M-05","Malam",1,"Tool Wear",18,0,18,384
2025-11-29,"M-05","Pagi",0,"Preventive OK",0,0,0,451
2025-11-29,"M-05","Siang",0,"Preventive OK",0,0,0,387
2025-11-29,"M-06","Malam",0,"Preventive OK",0,0,0,428
2025-11-29,"M-06","Pagi",0,"Preventive OK",0,0,0,399
2025-11-29,"M-06","Siang",0,"Preventive OK",0,0,0,400
2025-12-01,"M-01","Malam",0,"Preventive OK",0,30,30,824
2025-12-01,"M-01","Pagi",0,"Preventive OK",0,30,30,795
2025-12-01,"M-01","Siang",0,"Preventive OK",0,30,30,879
2025-12-01,"M-02","Malam",0,"Preventive OK",0,30,30,763
2025-12-01,"M-02","Pagi",0,"Preventive OK",0,30,30,783
2025-12-01,"M-02","Siang",0,"Preventive OK",0,30,30,801
2025-12-01,"M-03","Malam",0,"Preventive OK",0,30,30,720
2025-12-01,"M-03","Pagi",0,"Preventive OK",0,30,30,782
2025-12-01,"M-03","Siang",0,"Preventive OK",0,30,30,799
2025-12-01,"M-04","Malam",0,"Preventive OK",0,30,30,876
2025-12-01,"M-04","Pagi",0,"Preventive OK",0,30,30,813
2025-12-01,"M-04","Siang",0,"Preventive OK",0,30,30,713
2025-12-01,"M-05","Malam",0,"Preventive OK",0,30,30,390
2025-12-01,"M-05","Pagi",0,"Preventive OK",0,30,30,429
2025-12-01,"M-05","Siang",0,"Preventive OK",0,30,30,406
2025-12-01,"M-06","Malam",0,"Preventive OK",0,30,30,417
2025-12-01,"M-06","Pagi",0,"Preventive OK",0,30,30,398
2025-12-01,"M-06","Siang",0,"Preventive OK",0,30,30,405
2025-12-02,"M-01","Malam",0,"Preventive OK",0,0,0,879
2025-12-02,"M-01","Pagi",0,"Preventive OK",0,0,0,777
2025-12-02,"M-01","Siang",0,"Preventive OK",0,0,0,763
2025-12-02,"M-02","Malam",0,"Preventive OK",0,0,0,838
2025-12-02,"M-02","Pagi",1,"Bearing Failure",21,0,21,829
2025-12-02,"M-02","Siang",0,"Preventive OK",0,0,0,843
2025-12-02,"M-03","Malam",0,"Preventive OK",0,0,0,827
2025-12-02,"M-03","Pagi",0,"Preventive OK",0,0,0,875
2025-12-02,"M-03","Siang",0,"Preventive OK",0,0,0,923
2025-12-02,"M-04","Malam",0,"Preventive OK",0,0,0,851
2025-12-02,"M-04","Pagi",0,"Preventive OK",0,0,0,760
2025-12-02,"M-04","Siang",0,"Preventive OK",0,0,0,879
2025-12-02,"M-05","Malam",0,"Preventive OK",0,0,0,380
2025-12-02,"M-05","Pagi",0,"Preventive OK",0,0,0,404
2025-12-02,"M-05","Siang",1,"Bearing Failure",27,0,27,400
2025-12-02,"M-06","Malam",0,"Preventive OK",0,0,0,470
2025-12-02,"M-06","Pagi",0,"Preventive OK",0,0,0,435
2025-12-02,"M-06","Siang",0,"Preventive OK",0,0,0,403
2025-12-03,"M-01","Malam",0,"Preventive OK",0,0,0,827
2025-12-03,"M-01","Pagi",1,"Bearing Failure",21,0,21,753
2025-12-03,"M-01","Siang",0,"Preventive OK",0,0,0,856
2025-12-03,"M-02","Malam",0,"Preventive OK",0,0,0,973
2025-12-03,"M-02","Pagi",0,"Preventive OK",0,0,0,859
2025-12-03,"M-02","Siang",1,"Tool Wear",15,0,15,816
2025-12-03,"M-03","Malam",0,"Preventive OK",0,0,0,798
2025-12-03,"M-03","Pagi",0,"Preventive OK",0,0,0,752
2025-12-03,"M-03","Siang",0,"Preventive OK",0,0,0,687
2025-12-03,"M-04","Malam",0,"Preventive OK",0,0,0,777
2025-12-03,"M-04","Pagi",0,"Preventive OK",0,0,0,861
2025-12-03,"M-04","Siang",1,"Bearing Failure",45,0,45,852
2025-12-03,"M-05","Malam",0,"Preventive OK",0,0,0,407
2025-12-03,"M-05","Pagi",0,"Preventive OK",0,0,0,428
2025-12-03,"M-05","Siang",0,"Preventive OK",0,0,0,426
2025-12-03,"M-06","Malam",0,"Preventive OK",0,0,0,416
2025-12-03,"M-06","Pagi",0,"Preventive OK",0,0,0,439
2025-12-03,"M-06","Siang",0,"Preventive OK",0,0,0,431
2025-12-04,"M-01","Malam",0,"Preventive OK",0,0,0,724
2025-12-04,"M-01","Pagi",0,"Preventive OK",0,0,0,813
2025-12-04,"M-01","Siang",0,"Preventive OK",0,0,0,792
2025-12-04,"M-02","Malam",1,"Kelistrikan",35,0,35,782
2025-12-04,"M-02","Pagi",0,"Preventive OK",0,0,0,851
2025-12-04,"M-02","Siang",0,"Preventive OK",0,0,0,715
2025-12-04,"M-03","Malam",0,"Preventive OK",0,0,0,777
2025-12-04,"M-03","Pagi",0,"Preventive OK",0,0,0,846
2025-12-04,"M-03","Siang",0,"Preventive OK",0,0,0,751
2025-12-04,"M-04","Malam",0,"Preventive OK",0,0,0,761
2025-12-04,"M-04","Pagi",0,"Preventive OK",0,0,0,822
2025-12-04,"M-04","Siang",0,"Preventive OK",0,0,0,793
2025-12-04,"M-05","Malam",0,"Preventive OK",0,0,0,416
2025-12-04,"M-05","Pagi",0,"Preventive OK",0,0,0,408
2025-12-04,"M-05","Siang",0,"Preventive OK",0,0,0,482
2025-12-04,"M-06","Malam",0,"Preventive OK",0,0,0,373
2025-12-04,"M-06","Pagi",0,"Preventive OK",0,0,0,400
2025-12-04,"M-06","Siang",0,"Preventive OK",0,0,0,401
2025-12-05,"M-01","Malam",0,"Preventive OK",0,0,0,901
2025-12-05,"M-01","Pagi",0,"Preventive OK",0,0,0,818
2025-12-05,"M-01","Siang",0,"Preventive OK",0,0,0,881
2025-12-05,"M-02","Malam",1,"Tool Wear",30,0,30,770
2025-12-05,"M-02","Pagi",0,"Preventive OK",0,0,0,765
2025-12-05,"M-02","Siang",0,"Preventive OK",0,0,0,855
2025-12-05,"M-03","Malam",0,"Preventive OK",0,0,0,811
2025-12-05,"M-03","Pagi",0,"Preventive OK",0,0,0,811
2025-12-05,"M-03","Siang",0,"Preventive OK",0,0,0,765
2025-12-05,"M-04","Malam",0,"Preventive OK",0,0,0,778
2025-12-05,"M-04","Pagi",0,"Preventive OK",0,0,0,903
2025-12-05,"M-04","Siang",0,"Preventive OK",0,0,0,816
2025-12-05,"M-05","Malam",0,"Preventive OK",0,0,0,388
2025-12-05,"M-05","Pagi",0,"Preventive OK",0,0,0,399
2025-12-05,"M-05","Siang",0,"Preventive OK",0,0,0,441
2025-12-05,"M-06","Malam",0,"Preventive OK",0,0,0,416
2025-12-05,"M-06","Pagi",0,"Preventive OK",0,0,0,421
2025-12-05,"M-06","Siang",0,"Preventive OK",0,0,0,393
2025-12-06,"M-01","Malam",0,"Preventive OK",0,0,0,905
2025-12-06,"M-01","Pagi",0,"Preventive OK",0,0,0,831
2025-12-06,"M-01","Siang",0,"Preventive OK",0,0,0,752
2025-12-06,"M-02","Malam",0,"Preventive OK",0,0,0,881
2025-12-06,"M-02","Pagi",0,"Preventive OK",0,0,0,803
2025-12-06,"M-02","Siang",1,"Bearing Failure",27,0,27,785
2025-12-06,"M-03","Malam",0,"Preventive OK",0,0,0,797
2025-12-06,"M-03","Pagi",0,"Preventive OK",0,0,0,801
2025-12-06,"M-03","Siang",0,"Preventive OK",0,0,0,851
2025-12-06,"M-04","Malam",0,"Preventive OK",0,0,0,868
2025-12-06,"M-04","Pagi",0,"Preventive OK",0,0,0,739
2025-12-06,"M-04","Siang",0,"Preventive OK",0,0,0,777
2025-12-06,"M-05","Malam",0,"Preventive OK",0,0,0,387
2025-12-06,"M-05","Pagi",0,"Preventive OK",0,0,0,390
2025-12-06,"M-05","Siang",0,"Preventive OK",0,0,0,424
2025-12-06,"M-06","Malam",0,"Preventive OK",0,0,0,394
2025-12-06,"M-06","Pagi",0,"Preventive OK",0,0,0,374
2025-12-06,"M-06","Siang",0,"Preventive OK",0,0,0,433
2025-12-08,"M-01","Malam",0,"Preventive OK",0,30,30,833
2025-12-08,"M-01","Pagi",0,"Preventive OK",0,30,30,870
2025-12-08,"M-01","Siang",0,"Preventive OK",0,30,30,768
2025-12-08,"M-02","Malam",0,"Preventive OK",0,30,30,705
2025-12-08,"M-02","Pagi",0,"Preventive OK",0,30,30,757
2025-12-08,"M-02","Siang",0,"Preventive OK",0,30,30,768
2025-12-08,"M-03","Malam",0,"Preventive OK",0,30,30,811
2025-12-08,"M-03","Pagi",0,"Preventive OK",0,30,30,768
2025-12-08,"M-03","Siang",0,"Preventive OK",0,30,30,728
2025-12-08,"M-04","Malam",1,"Bearing Failure",30,30,60,805
2025-12-08,"M-04","Pagi",0,"Preventive OK",0,30,30,731
2025-12-08,"M-04","Siang",0,"Preventive OK",0,30,30,852
2025-12-08,"M-05","Malam",0,"Preventive OK",0,30,30,411
2025-12-08,"M-05","Pagi",0,"Preventive OK",0,30,30,423
2025-12-08,"M-05","Siang",0,"Preventive OK",0,30,30,450
2025-12-08,"M-06","Malam",0,"Preventive OK",0,30,30,410
2025-12-08,"M-06","Pagi",0,"Preventive OK",0,30,30,451
2025-12-08,"M-06","Siang",0,"Preventive OK",0,30,30,487
2025-12-09,"M-01","Malam",0,"Preventive OK",0,0,0,819
2025-12-09,"M-01","Pagi",0,"Preventive OK",0,0,0,913
2025-12-09,"M-01","Siang",0,"Preventive OK",0,0,0,914
2025-12-09,"M-02","Malam",1,"Bearing Failure",35,0,35,893
2025-12-09,"M-02","Pagi",0,"Preventive OK",0,0,0,830
2025-12-09,"M-02","Siang",0,"Preventive OK",0,0,0,889
2025-12-09,"M-03","Malam",0,"Preventive OK",0,0,0,871
2025-12-09,"M-03","Pagi",0,"Preventive OK",0,0,0,830
2025-12-09,"M-03","Siang",0,"Preventive OK",0,0,0,721
2025-12-09,"M-04","Malam",1,"Bearing Failure",53,0,53,760
2025-12-09,"M-04","Pagi",0,"Preventive OK",0,0,0,740
2025-12-09,"M-04","Siang",0,"Preventive OK",0,0,0,867
2025-12-09,"M-05","Malam",0,"Preventive OK",0,0,0,376
2025-12-09,"M-05","Pagi",0,"Preventive OK",0,0,0,416
2025-12-09,"M-05","Siang",0,"Preventive OK",0,0,0,435
2025-12-09,"M-06","Malam",0,"Preventive OK",0,0,0,411
2025-12-09,"M-06","Pagi",0,"Preventive OK",0,0,0,413
2025-12-09,"M-06","Siang",0,"Preventive OK",0,0,0,452
2025-12-10,"M-01","Malam",0,"Preventive OK",0,0,0,889
2025-12-10,"M-01","Pagi",0,"Preventive OK",0,0,0,801
2025-12-10,"M-01","Siang",0,"Preventive OK",0,0,0,785
2025-12-10,"M-02","Malam",1,"Bearing Failure",14,0,14,796
2025-12-10,"M-02","Pagi",0,"Preventive OK",0,0,0,844
2025-12-10,"M-02","Siang",0,"Preventive OK",0,0,0,823
2025-12-10,"M-03","Malam",1,"Preventive OK",15,0,15,791
2025-12-10,"M-03","Pagi",0,"Preventive OK",0,0,0,873
2025-12-10,"M-03","Siang",0,"Preventive OK",0,0,0,795
2025-12-10,"M-04","Malam",0,"Preventive OK",0,0,0,778
2025-12-10,"M-04","Pagi",0,"Preventive OK",0,0,0,848
2025-12-10,"M-04","Siang",0,"Preventive OK",0,0,0,812
2025-12-10,"M-05","Malam",0,"Preventive OK",0,0,0,391
2025-12-10,"M-05","Pagi",0,"Preventive OK",0,0,0,420
2025-12-10,"M-05","Siang",0,"Preventive OK",0,0,0,395
2025-12-10,"M-06","Malam",0,"Preventive OK",0,0,0,400
2025-12-10,"M-06","Pagi",0,"Preventive OK",0,0,0,398
2025-12-10,"M-06","Siang",0,"Preventive OK",0,0,0,453
2025-12-11,"M-01","Malam",0,"Preventive OK",0,0,0,799
2025-12-11,"M-01","Pagi",0,"Preventive OK",0,0,0,769
2025-12-11,"M-01","Siang",0,"Preventive OK",0,0,0,809
2025-12-11,"M-02","Malam",1,"Bearing Failure",22,0,22,793
2025-12-11,"M-02","Pagi",0,"Preventive OK",0,0,0,767
2025-12-11,"M-02","Siang",0,"Preventive OK",0,0,0,839
2025-12-11,"M-03","Malam",0,"Preventive OK",0,0,0,875
2025-12-11,"M-03","Pagi",0,"Preventive OK",0,0,0,872
2025-12-11,"M-03","Siang",0,"Preventive OK",0,0,0,806
2025-12-11,"M-04","Malam",0,"Preventive OK",0,0,0,755
2025-12-11,"M-04","Pagi",0,"Preventive OK",0,0,0,824
2025-12-11,"M-04","Siang",0,"Preventive OK",0,0,0,873
2025-12-11,"M-05","Malam",0,"Preventive OK",0,0,0,374
2025-12-11,"M-05","Pagi",0,"Preventive OK",0,0,0,401
2025-12-11,"M-05","Siang",0,"Preventive OK",0,0,0,451
2025-12-11,"M-06","Malam",0,"Preventive OK",0,0,0,398
2025-12-11,"M-06","Pagi",1,"Bearing Failure",17,0,17,384
2025-12-11,"M-06","Siang",0,"Preventive OK",0,0,0,409
2025-12-12,"M-01","Malam",0,"Preventive OK",0,0,0,819
2025-12-12,"M-01","Pagi",0,"Preventive OK",0,0,0,811
2025-12-12,"M-01","Siang",0,"Preventive OK",0,0,0,778
2025-12-12,"M-02","Malam",0,"Preventive OK",0,0,0,757
2025-12-12,"M-02","Pagi",0,"Preventive OK",0,0,0,749
2025-12-12,"M-02","Siang",0,"Preventive OK",0,0,0,728
2025-12-12,"M-03","Malam",0,"Preventive OK",0,0,0,913
2025-12-12,"M-03","Pagi",0,"Preventive OK",0,0,0,854
2025-12-12,"M-03","Siang",0,"Preventive OK",0,0,0,772
2025-12-12,"M-04","Malam",0,"Preventive OK",0,0,0,734
2025-12-12,"M-04","Pagi",0,"Preventive OK",0,0,0,814
2025-12-12,"M-04","Siang",0,"Preventive OK",0,0,0,712
2025-12-12,"M-05","Malam",0,"Preventive OK",0,0,0,430
2025-12-12,"M-05","Pagi",0,"Preventive OK",0,0,0,427
2025-12-12,"M-05","Siang",0,"Preventive OK",0,0,0,354
2025-12-12,"M-06","Malam",0,"Preventive OK",0,0,0,431
2025-12-12,"M-06","Pagi",0,"Preventive OK",0,0,0,371
2025-12-12,"M-06","Siang",0,"Preventive OK",0,0,0,435
2025-12-13,"M-01","Malam",0,"Preventive OK",0,0,0,884
2025-12-13,"M-01","Pagi",0,"Preventive OK",0,0,0,750
2025-12-13,"M-01","Siang",0,"Preventive OK",0,0,0,827
2025-12-13,"M-02","Malam",0,"Preventive OK",0,0,0,775
2025-12-13,"M-02","Pagi",0,"Preventive OK",0,0,0,711
2025-12-13,"M-02","Siang",1,"Bearing Failure",11,0,11,770
2025-12-13,"M-03","Malam",0,"Preventive OK",0,0,0,791
2025-12-13,"M-03","Pagi",0,"Preventive OK",0,0,0,888
2025-12-13,"M-03","Siang",0,"Preventive OK",0,0,0,773
2025-12-13,"M-04","Malam",0,"Preventive OK",0,0,0,850
2025-12-13,"M-04","Pagi",0,"Preventive OK",0,0,0,817
2025-12-13,"M-04","Siang",0,"Preventive OK",0,0,0,748
2025-12-13,"M-05","Malam",0,"Preventive OK",0,0,0,364
2025-12-13,"M-05","Pagi",0,"Preventive OK",0,0,0,459
2025-12-13,"M-05","Siang",0,"Preventive OK",0,0,0,448
2025-12-13,"M-06","Malam",0,"Preventive OK",0,0,0,466
2025-12-13,"M-06","Pagi",0,"Preventive OK",0,0,0,386
2025-12-13,"M-06","Siang",0,"Preventive OK",0,0,0,438
2025-12-15,"M-01","Malam",0,"Preventive OK",0,30,30,865
2025-12-15,"M-01","Pagi",0,"Preventive OK",0,30,30,741
2025-12-15,"M-01","Siang",0,"Preventive OK",0,30,30,834
2025-12-15,"M-02","Malam",0,"Preventive OK",0,30,30,775
2025-12-15,"M-02","Pagi",0,"Preventive OK",0,30,30,804
2025-12-15,"M-02","Siang",0,"Preventive OK",0,30,30,746
2025-12-15,"M-03","Malam",0,"Preventive OK",0,30,30,786
2025-12-15,"M-03","Pagi",1,"Bearing Failure",22,30,52,774
2025-12-15,"M-03","Siang",0,"Preventive OK",0,30,30,841
2025-12-15,"M-04","Malam",1,"Bearing Failure",35,30,65,887
2025-12-15,"M-04","Pagi",0,"Preventive OK",0,30,30,883
2025-12-15,"M-04","Siang",0,"Preventive OK",0,30,30,793
2025-12-15,"M-05","Malam",0,"Preventive OK",0,30,30,412
2025-12-15,"M-05","Pagi",0,"Preventive OK",0,30,30,371
2025-12-15,"M-05","Siang",0,"Preventive OK",0,30,30,439
2025-12-15,"M-06","Malam",0,"Preventive OK",0,30,30,435
2025-12-15,"M-06","Pagi",0,"Preventive OK",0,30,30,400
2025-12-15,"M-06","Siang",0,"Preventive OK",0,30,30,417
2025-12-16,"M-01","Malam",0,"Preventive OK",0,0,0,813
2025-12-16,"M-01","Pagi",0,"Preventive OK",0,0,0,841
2025-12-16,"M-01","Siang",0,"Preventive OK",0,0,0,800
2025-12-16,"M-02","Malam",0,"Preventive OK",0,0,0,848
2025-12-16,"M-02","Pagi",0,"Preventive OK",0,0,0,759
2025-12-16,"M-02","Siang",0,"Preventive OK",0,0,0,782
2025-12-16,"M-03","Malam",0,"Preventive OK",0,0,0,849
2025-12-16,"M-03","Pagi",0,"Preventive OK",0,0,0,915
2025-12-16,"M-03","Siang",0,"Preventive OK",0,0,0,830
2025-12-16,"M-04","Malam",0,"Preventive OK",0,0,0,702
2025-12-16,"M-04","Pagi",0,"Preventive OK",0,0,0,894
2025-12-16,"M-04","Siang",0,"Preventive OK",0,0,0,815
2025-12-16,"M-05","Malam",0,"Preventive OK",0,0,0,394
2025-12-16,"M-05","Pagi",0,"Preventive OK",0,0,0,375
2025-12-16,"M-05","Siang",0,"Preventive OK",0,0,0,414
2025-12-16,"M-06","Malam",0,"Preventive OK",0,0,0,390
2025-12-16,"M-06","Pagi",0,"Preventive OK",0,0,0,450
2025-12-16,"M-06","Siang",0,"Preventive OK",0,0,0,413
2025-12-17,"M-01","Malam",0,"Preventive OK",0,0,0,786
2025-12-17,"M-01","Pagi",0,"Preventive OK",0,0,0,904
2025-12-17,"M-01","Siang",0,"Preventive OK",0,0,0,779
2025-12-17,"M-02","Malam",0,"Preventive OK",0,0,0,807
2025-12-17,"M-02","Pagi",0,"Preventive OK",0,0,0,848
2025-12-17,"M-02","Siang",0,"Preventive OK",0,0,0,770
2025-12-17,"M-03","Malam",0,"Preventive OK",0,0,0,838
2025-12-17,"M-03","Pagi",0,"Preventive OK",0,0,0,808
2025-12-17,"M-03","Siang",1,"Bearing Failure",16,0,16,840
2025-12-17,"M-04","Malam",0,"Preventive OK",0,0,0,782
2025-12-17,"M-04","Pagi",0,"Preventive OK",0,0,0,884
2025-12-17,"M-04","Siang",1,"Kelistrikan",23,0,23,808
2025-12-17,"M-05","Malam",0,"Preventive OK",0,0,0,383
2025-12-17,"M-05","Pagi",0,"Preventive OK",0,0,0,439
2025-12-17,"M-05","Siang",0,"Preventive OK",0,0,0,462
2025-12-17,"M-06","Malam",0,"Preventive OK",0,0,0,365
2025-12-17,"M-06","Pagi",0,"Preventive OK",0,0,0,389
2025-12-17,"M-06","Siang",0,"Preventive OK",0,0,0,400
2025-12-18,"M-01","Malam",0,"Preventive OK",0,0,0,757
2025-12-18,"M-01","Pagi",0,"Preventive OK",0,0,0,812
2025-12-18,"M-01","Siang",0,"Preventive OK",0,0,0,769
2025-12-18,"M-02","Malam",0,"Preventive OK",0,0,0,838
2025-12-18,"M-02","Pagi",0,"Preventive OK",0,0,0,881
2025-12-18,"M-02","Siang",0,"Preventive OK",0,0,0,819
2025-12-18,"M-03","Malam",0,"Preventive OK",0,0,0,829
2025-12-18,"M-03","Pagi",0,"Preventive OK",0,0,0,789
2025-12-18,"M-03","Siang",0,"Preventive OK",0,0,0,782
2025-12-18,"M-04","Malam",0,"Preventive OK",0,0,0,799
2025-12-18,"M-04","Pagi",0,"Preventive OK",0,0,0,924
2025-12-18,"M-04","Siang",0,"Preventive OK",0,0,0,818
2025-12-18,"M-05","Malam",0,"Preventive OK",0,0,0,429
2025-12-18,"M-05","Pagi",0,"Preventive OK",0,0,0,416
2025-12-18,"M-05","Siang",0,"Preventive OK",0,0,0,445
2025-12-18,"M-06","Malam",0,"Preventive OK",0,0,0,394
2025-12-18,"M-06","Pagi",0,"Preventive OK",0,0,0,402
2025-12-18,"M-06","Siang",0,"Preventive OK",0,0,0,404
2025-12-19,"M-01","Malam",0,"Preventive OK",0,0,0,861
2025-12-19,"M-01","Pagi",0,"Preventive OK",0,0,0,748
2025-12-19,"M-01","Siang",0,"Preventive OK",0,0,0,875
2025-12-19,"M-02","Malam",0,"Preventive OK",0,0,0,768
2025-12-19,"M-02","Pagi",0,"Preventive OK",0,0,0,755
2025-12-19,"M-02","Siang",0,"Preventive OK",0,0,0,908
2025-12-19,"M-03","Malam",0,"Preventive OK",0,0,0,812
2025-12-19,"M-03","Pagi",0,"Preventive OK",0,0,0,748
2025-12-19,"M-03","Siang",0,"Preventive OK",0,0,0,918
2025-12-19,"M-04","Malam",0,"Preventive OK",0,0,0,696
2025-12-19,"M-04","Pagi",0,"Preventive OK",0,0,0,850
2025-12-19,"M-04","Siang",0,"Preventive OK",0,0,0,904
2025-12-19,"M-05","Malam",0,"Preventive OK",0,0,0,356
2025-12-19,"M-05","Pagi",0,"Preventive OK",0,0,0,437
2025-12-19,"M-05","Siang",0,"Preventive OK",0,0,0,419
2025-12-19,"M-06","Malam",0,"Preventive OK",0,0,0,433
2025-12-19,"M-06","Pagi",0,"Preventive OK",0,0,0,383
2025-12-19,"M-06","Siang",0,"Preventive OK",0,0,0,385
2025-12-20,"M-01","Malam",0,"Preventive OK",0,0,0,807
2025-12-20,"M-01","Pagi",0,"Preventive OK",0,0,0,822
2025-12-20,"M-01","Siang",0,"Preventive OK",0,0,0,777
2025-12-20,"M-02","Malam",0,"Preventive OK",0,0,0,851
2025-12-20,"M-02","Pagi",0,"Preventive OK",0,0,0,826
2025-12-20,"M-02","Siang",0,"Preventive OK",0,0,0,805
2025-12-20,"M-03","Malam",0,"Preventive OK",0,0,0,889
2025-12-20,"M-03","Pagi",0,"Preventive OK",0,0,0,897
2025-12-20,"M-03","Siang",0,"Preventive OK",0,0,0,848
2025-12-20,"M-04","Malam",0,"Preventive OK",0,0,0,901
2025-12-20,"M-04","Pagi",0,"Preventive OK",0,0,0,741
2025-12-20,"M-04","Siang",0,"Preventive OK",0,0,0,812
2025-12-20,"M-05","Malam",0,"Preventive OK",0,0,0,392
2025-12-20,"M-05","Pagi",0,"Preventive OK",0,0,0,391
2025-12-20,"M-05","Siang",0,"Preventive OK",0,0,0,414
2025-12-20,"M-06","Malam",0,"Preventive OK",0,0,0,388
2025-12-20,"M-06","Pagi",0,"Preventive OK",0,0,0,399
2025-12-20,"M-06","Siang",0,"Preventive OK",0,0,0,389
2025-12-22,"M-01","Malam",0,"Preventive OK",0,30,30,867
2025-12-22,"M-01","Pagi",0,"Preventive OK",0,30,30,765
2025-12-22,"M-01","Siang",0,"Preventive OK",0,30,30,811
2025-12-22,"M-02","Malam",0,"Preventive OK",0,30,30,837
2025-12-22,"M-02","Pagi",0,"Preventive OK",0,30,30,846
2025-12-22,"M-02","Siang",0,"Preventive OK",0,30,30,768
2025-12-22,"M-03","Malam",0,"Preventive OK",0,30,30,902
2025-12-22,"M-03","Pagi",0,"Preventive OK",0,30,30,711
2025-12-22,"M-03","Siang",0,"Preventive OK",0,30,30,870
2025-12-22,"M-04","Malam",0,"Preventive OK",0,30,30,874
2025-12-22,"M-04","Pagi",0,"Preventive OK",0,30,30,852
2025-12-22,"M-04","Siang",0,"Preventive OK",0,30,30,853
2025-12-22,"M-05","Malam",0,"Preventive OK",0,30,30,400
2025-12-22,"M-05","Pagi",0,"Preventive OK",0,30,30,375
2025-12-22,"M-05","Siang",0,"Preventive OK",0,30,30,422
2025-12-22,"M-06","Malam",0,"Preventive OK",0,30,30,418
2025-12-22,"M-06","Pagi",0,"Preventive OK",0,30,30,393
2025-12-22,"M-06","Siang",1,"Bearing Failure",39,30,69,380
2025-12-23,"M-01","Malam",0,"Preventive OK",0,0,0,939
2025-12-23,"M-01","Pagi",1,"Material Jam",16,0,16,833
2025-12-23,"M-01","Siang",0,"Preventive OK",0,0,0,765
2025-12-23,"M-02","Malam",0,"Preventive OK",0,0,0,875
2025-12-23,"M-02","Pagi",0,"Preventive OK",0,0,0,821
2025-12-23,"M-02","Siang",0,"Preventive OK",0,0,0,829
2025-12-23,"M-03","Malam",0,"Preventive OK",0,0,0,878
2025-12-23,"M-03","Pagi",0,"Preventive OK",0,0,0,834
2025-12-23,"M-03","Siang",0,"Preventive OK",0,0,0,908
2025-12-23,"M-04","Malam",0,"Preventive OK",0,0,0,840
2025-12-23,"M-04","Pagi",0,"Preventive OK",0,0,0,790
2025-12-23,"M-04","Siang",0,"Preventive OK",0,0,0,772
2025-12-23,"M-05","Malam",0,"Preventive OK",0,0,0,392
2025-12-23,"M-05","Pagi",0,"Preventive OK",0,0,0,399
2025-12-23,"M-05","Siang",0,"Preventive OK",0,0,0,463
2025-12-23,"M-06","Malam",0,"Preventive OK",0,0,0,443
2025-12-23,"M-06","Pagi",0,"Preventive OK",0,0,0,387
2025-12-23,"M-06","Siang",0,"Preventive OK",0,0,0,332
2025-12-24,"M-01","Malam",0,"Preventive OK",0,0,0,745
2025-12-24,"M-01","Pagi",0,"Preventive OK",0,0,0,817
2025-12-24,"M-01","Siang",0,"Preventive OK",0,0,0,825
2025-12-24,"M-02","Malam",0,"Preventive OK",0,0,0,781
2025-12-24,"M-02","Pagi",0,"Preventive OK",0,0,0,861
2025-12-24,"M-02","Siang",0,"Preventive OK",0,0,0,738
2025-12-24,"M-03","Malam",0,"Preventive OK",0,0,0,838
2025-12-24,"M-03","Pagi",0,"Preventive OK",0,0,0,815
2025-12-24,"M-03","Siang",0,"Preventive OK",0,0,0,770
2025-12-24,"M-04","Malam",0,"Preventive OK",0,0,0,850
2025-12-24,"M-04","Pagi",0,"Preventive OK",0,0,0,835
2025-12-24,"M-04","Siang",1,"Tool Wear",17,0,17,791
2025-12-24,"M-05","Malam",0,"Preventive OK",0,0,0,409
2025-12-24,"M-05","Pagi",0,"Preventive OK",0,0,0,442
2025-12-24,"M-05","Siang",0,"Preventive OK",0,0,0,407
2025-12-24,"M-06","Malam",0,"Preventive OK",0,0,0,418
2025-12-24,"M-06","Pagi",0,"Preventive OK",0,0,0,410
2025-12-24,"M-06","Siang",0,"Preventive OK",0,0,0,445
2025-12-25,"M-01","Malam",0,"Preventive OK",0,0,0,849
2025-12-25,"M-01","Pagi",0,"Preventive OK",0,0,0,786
2025-12-25,"M-01","Siang",0,"Preventive OK",0,0,0,763
2025-12-25,"M-02","Malam",0,"Preventive OK",0,0,0,858
2025-12-25,"M-02","Pagi",1,"Bearing Failure",26,0,26,733
2025-12-25,"M-02","Siang",0,"Preventive OK",0,0,0,860
2025-12-25,"M-03","Malam",0,"Preventive OK",0,0,0,869
2025-12-25,"M-03","Pagi",0,"Preventive OK",0,0,0,791
2025-12-25,"M-03","Siang",0,"Preventive OK",0,0,0,838
2025-12-25,"M-04","Malam",0,"Preventive OK",0,0,0,796
2025-12-25,"M-04","Pagi",0,"Preventive OK",0,0,0,817
2025-12-25,"M-04","Siang",0,"Preventive OK",0,0,0,838
2025-12-25,"M-05","Malam",0,"Preventive OK",0,0,0,461
2025-12-25,"M-05","Pagi",1,"Setup & Adjust",20,0,20,431
2025-12-25,"M-05","Siang",0,"Preventive OK",0,0,0,384
2025-12-25,"M-06","Malam",0,"Preventive OK",0,0,0,393
2025-12-25,"M-06","Pagi",0,"Preventive OK",0,0,0,402
2025-12-25,"M-06","Siang",0,"Preventive OK",0,0,0,449
2025-12-26,"M-01","Malam",0,"Preventive OK",0,0,0,852
2025-12-26,"M-01","Pagi",0,"Preventive OK",0,0,0,796
2025-12-26,"M-01","Siang",0,"Preventive OK",0,0,0,758
2025-12-26,"M-02","Malam",1,"Kelistrikan",22,0,22,809
2025-12-26,"M-02","Pagi",0,"Preventive OK",0,0,0,844
2025-12-26,"M-02","Siang",0,"Preventive OK",0,0,0,870
2025-12-26,"M-03","Malam",0,"Preventive OK",0,0,0,781
2025-12-26,"M-03","Pagi",0,"Preventive OK",0,0,0,861
2025-12-26,"M-03","Siang",0,"Preventive OK",0,0,0,691
2025-12-26,"M-04","Malam",0,"Preventive OK",0,0,0,872
2025-12-26,"M-04","Pagi",0,"Preventive OK",0,0,0,839
2025-12-26,"M-04","Siang",0,"Preventive OK",0,0,0,861
2025-12-26,"M-05","Malam",0,"Preventive OK",0,0,0,418
2025-12-26,"M-05","Pagi",0,"Preventive OK",0,0,0,409
2025-12-26,"M-05","Siang",0,"Preventive OK",0,0,0,441
2025-12-26,"M-06","Malam",0,"Preventive OK",0,0,0,400
2025-12-26,"M-06","Pagi",0,"Preventive OK",0,0,0,447
2025-12-26,"M-06","Siang",0,"Preventive OK",0,0,0,391
2025-12-27,"M-01","Malam",0,"Preventive OK",0,0,0,757
2025-12-27,"M-01","Pagi",0,"Preventive OK",0,0,0,817
2025-12-27,"M-01","Siang",0,"Preventive OK",0,0,0,912
2025-12-27,"M-02","Malam",0,"Preventive OK",0,0,0,750
2025-12-27,"M-02","Pagi",0,"Preventive OK",0,0,0,847
2025-12-27,"M-02","Siang",0,"Preventive OK",0,0,0,830
2025-12-27,"M-03","Malam",0,"Preventive OK",0,0,0,843
2025-12-27,"M-03","Pagi",0,"Preventive OK",0,0,0,879
2025-12-27,"M-03","Siang",0,"Preventive OK",0,0,0,818
2025-12-27,"M-04","Malam",0,"Preventive OK",0,0,0,860
2025-12-27,"M-04","Pagi",0,"Preventive OK",0,0,0,663
2025-12-27,"M-04","Siang",1,"Bearing Failure",23,0,23,889
2025-12-27,"M-05","Malam",0,"Preventive OK",0,0,0,399
2025-12-27,"M-05","Pagi",0,"Preventive OK",0,0,0,356
2025-12-27,"M-05","Siang",0,"Preventive OK",0,0,0,412
2025-12-27,"M-06","Malam",0,"Preventive OK",0,0,0,425
2025-12-27,"M-06","Pagi",0,"Preventive OK",0,0,0,447
2025-12-27,"M-06","Siang",0,"Preventive OK",0,0,0,425
2025-12-29,"M-01","Malam",0,"Preventive OK",0,30,30,734
2025-12-29,"M-01","Pagi",0,"Preventive OK",0,30,30,919
2025-12-29,"M-01","Siang",0,"Preventive OK",0,30,30,774
2025-12-29,"M-02","Malam",1,"Kelistrikan",33,30,63,739
2025-12-29,"M-02","Pagi",0,"Preventive OK",0,30,30,798
2025-12-29,"M-02","Siang",0,"Preventive OK",0,30,30,791
2025-12-29,"M-03","Malam",0,"Preventive OK",0,30,30,777
2025-12-29,"M-03","Pagi",0,"Preventive OK",0,30,30,784
2025-12-29,"M-03","Siang",0,"Preventive OK",0,30,30,895
2025-12-29,"M-04","Malam",0,"Preventive OK",0,30,30,902
2025-12-29,"M-04","Pagi",0,"Preventive OK",0,30,30,749
2025-12-29,"M-04","Siang",0,"Preventive OK",0,30,30,860
2025-12-29,"M-05","Malam",0,"Preventive OK",0,30,30,475
2025-12-29,"M-05","Pagi",0,"Preventive OK",0,30,30,349
2025-12-29,"M-05","Siang",0,"Preventive OK",0,30,30,358
2025-12-29,"M-06","Malam",0,"Preventive OK",0,30,30,420
2025-12-29,"M-06","Pagi",0,"Preventive OK",0,30,30,417
2025-12-29,"M-06","Siang",0,"Preventive OK",0,30,30,383
2025-12-30,"M-01","Malam",0,"Preventive OK",0,0,0,814
2025-12-30,"M-01","Pagi",0,"Preventive OK",0,0,0,894
2025-12-30,"M-01","Siang",0,"Preventive OK",0,0,0,766
2025-12-30,"M-02","Malam",0,"Preventive OK",0,0,0,842
2025-12-30,"M-02","Pagi",0,"Preventive OK",0,0,0,838
2025-12-30,"M-02","Siang",0,"Preventive OK",0,0,0,771
2025-12-30,"M-03","Malam",0,"Preventive OK",0,0,0,826
2025-12-30,"M-03","Pagi",0,"Preventive OK",0,0,0,781
2025-12-30,"M-03","Siang",0,"Preventive OK",0,0,0,853
2025-12-30,"M-04","Malam",0,"Preventive OK",0,0,0,837
2025-12-30,"M-04","Pagi",0,"Preventive OK",0,0,0,767
2025-12-30,"M-04","Siang",0,"Preventive OK",0,0,0,871
2025-12-30,"M-05","Malam",1,"Setup & Adjust",40,0,40,368
2025-12-30,"M-05","Pagi",0,"Preventive OK",0,0,0,430
2025-12-30,"M-05","Siang",1,"Kelistrikan",12,0,12,379
2025-12-30,"M-06","Malam",0,"Preventive OK",0,0,0,381
2025-12-30,"M-06","Pagi",1,"Bearing Failure",19,0,19,445
2025-12-30,"M-06","Siang",1,"Tool Wear",22,0,22,399
2025-12-31,"M-01","Malam",0,"Preventive OK",0,0,0,809
2025-12-31,"M-01","Pagi",0,"Preventive OK",0,0,0,832
2025-12-31,"M-01","Siang",0,"Preventive OK",0,0,0,911
2025-12-31,"M-02","Malam",0,"Preventive OK",0,0,0,817
2025-12-31,"M-02","Pagi",0,"Preventive OK",0,0,0,750
2025-12-31,"M-02","Siang",1,"Bearing Failure",33,0,33,838
2025-12-31,"M-03","Malam",0,"Preventive OK",0,0,0,840
2025-12-31,"M-03","Pagi",0,"Preventive OK",0,0,0,791
2025-12-31,"M-03","Siang",0,"Preventive OK",0,0,0,769
2025-12-31,"M-04","Malam",0,"Preventive OK",0,0,0,776
2025-12-31,"M-04","Pagi",0,"Preventive OK",0,0,0,770
2025-12-31,"M-04","Siang",1,"Bearing Failure",20,0,20,783
2025-12-31,"M-05","Malam",0,"Preventive OK",0,0,0,385
2025-12-31,"M-05","Pagi",0,"Preventive OK",0,0,0,455
2025-12-31,"M-05","Siang",0,"Preventive OK",0,0,0,451
2025-12-31,"M-06","Malam",0,"Preventive OK",0,0,0,375
2025-12-31,"M-06","Pagi",0,"Preventive OK",0,0,0,402
2025-12-31,"M-06","Siang",0,"Preventive OK",0,0,0,441
2026-01-01,"M-01","Malam",0,"Preventive OK",0,0,0,781
2026-01-01,"M-01","Pagi",0,"Preventive OK",0,0,0,771
2026-01-01,"M-01","Siang",0,"Preventive OK",0,0,0,801
2026-01-01,"M-02","Malam",0,"Preventive OK",0,0,0,888
2026-01-01,"M-02","Pagi",0,"Preventive OK",0,0,0,811
2026-01-01,"M-02","Siang",0,"Preventive OK",0,0,0,817
2026-01-01,"M-03","Malam",0,"Preventive OK",0,0,0,765
2026-01-01,"M-03","Pagi",0,"Preventive OK",0,0,0,864
2026-01-01,"M-03","Siang",1,"Bearing Failure",15,0,15,811
2026-01-01,"M-04","Malam",0,"Preventive OK",0,0,0,778
2026-01-01,"M-04","Pagi",1,"Tool Wear",32,0,32,869
2026-01-01,"M-04","Siang",0,"Preventive OK",0,0,0,770
2026-01-01,"M-05","Malam",0,"Preventive OK",0,0,0,459
2026-01-01,"M-05","Pagi",0,"Preventive OK",0,0,0,431
2026-01-01,"M-05","Siang",0,"Preventive OK",0,0,0,361
2026-01-01,"M-06","Malam",0,"Preventive OK",0,0,0,444
2026-01-01,"M-06","Pagi",0,"Preventive OK",0,0,0,403
2026-01-01,"M-06","Siang",0,"Preventive OK",0,0,0,417
2026-01-02,"M-01","Malam",0,"Preventive OK",0,0,0,754
2026-01-02,"M-01","Pagi",0,"Preventive OK",0,0,0,733
2026-01-02,"M-01","Siang",0,"Preventive OK",0,0,0,791
2026-01-02,"M-02","Malam",0,"Preventive OK",0,0,0,772
2026-01-02,"M-02","Pagi",0,"Preventive OK",0,0,0,848
2026-01-02,"M-02","Siang",1,"Tool Wear",32,0,32,723
2026-01-02,"M-03","Malam",0,"Preventive OK",0,0,0,801
2026-01-02,"M-03","Pagi",0,"Preventive OK",0,0,0,796
2026-01-02,"M-03","Siang",0,"Preventive OK",0,0,0,805
2026-01-02,"M-04","Malam",0,"Preventive OK",0,0,0,690
2026-01-02,"M-04","Pagi",0,"Preventive OK",0,0,0,718
2026-01-02,"M-04","Siang",1,"Kelistrikan",55,0,55,760
2026-01-02,"M-05","Malam",0,"Preventive OK",0,0,0,376
2026-01-02,"M-05","Pagi",0,"Preventive OK",0,0,0,446
2026-01-02,"M-05","Siang",0,"Preventive OK",0,0,0,400
2026-01-02,"M-06","Malam",0,"Preventive OK",0,0,0,426
2026-01-02,"M-06","Pagi",0,"Preventive OK",0,0,0,400
2026-01-02,"M-06","Siang",0,"Preventive OK",0,0,0,369
2026-01-03,"M-01","Malam",0,"Preventive OK",0,0,0,874
2026-01-03,"M-01","Pagi",0,"Preventive OK",0,0,0,779
2026-01-03,"M-01","Siang",0,"Preventive OK",0,0,0,835
2026-01-03,"M-02","Malam",0,"Preventive OK",0,0,0,830
2026-01-03,"M-02","Pagi",0,"Preventive OK",0,0,0,878
2026-01-03,"M-02","Siang",0,"Preventive OK",0,0,0,802
2026-01-03,"M-03","Malam",0,"Preventive OK",0,0,0,858
2026-01-03,"M-03","Pagi",0,"Preventive OK",0,0,0,906
2026-01-03,"M-03","Siang",0,"Preventive OK",0,0,0,806
2026-01-03,"M-04","Malam",0,"Preventive OK",0,0,0,798
2026-01-03,"M-04","Pagi",0,"Preventive OK",0,0,0,727
2026-01-03,"M-04","Siang",0,"Preventive OK",0,0,0,800
2026-01-03,"M-05","Malam",0,"Preventive OK",0,0,0,397
2026-01-03,"M-05","Pagi",0,"Preventive OK",0,0,0,414
2026-01-03,"M-05","Siang",0,"Preventive OK",0,0,0,460
2026-01-03,"M-06","Malam",0,"Preventive OK",0,0,0,435
2026-01-03,"M-06","Pagi",0,"Preventive OK",0,0,0,445
2026-01-03,"M-06","Siang",0,"Preventive OK",0,0,0,422
2026-01-05,"M-01","Malam",0,"Preventive OK",0,30,30,798
2026-01-05,"M-01","Pagi",0,"Preventive OK",0,30,30,825
2026-01-05,"M-01","Siang",0,"Preventive OK",0,30,30,798
2026-01-05,"M-02","Malam",0,"Preventive OK",0,30,30,869
2026-01-05,"M-02","Pagi",0,"Preventive OK",0,30,30,918
2026-01-05,"M-02","Siang",0,"Preventive OK",0,30,30,835
2026-01-05,"M-03","Malam",0,"Preventive OK",0,30,30,794
2026-01-05,"M-03","Pagi",0,"Preventive OK",0,30,30,878
2026-01-05,"M-03","Siang",0,"Preventive OK",0,30,30,800
2026-01-05,"M-04","Malam",0,"Preventive OK",0,30,30,885
2026-01-05,"M-04","Pagi",0,"Preventive OK",0,30,30,732
2026-01-05,"M-04","Siang",0,"Preventive OK",0,30,30,845
2026-01-05,"M-05","Malam",0,"Preventive OK",0,30,30,378
2026-01-05,"M-05","Pagi",0,"Preventive OK",0,30,30,399
2026-01-05,"M-05","Siang",0,"Preventive OK",0,30,30,381
2026-01-05,"M-06","Malam",0,"Preventive OK",0,30,30,414
2026-01-05,"M-06","Pagi",0,"Preventive OK",0,30,30,418
2026-01-05,"M-06","Siang",0,"Preventive OK",0,30,30,357
2026-01-06,"M-01","Malam",0,"Preventive OK",0,0,0,827
2026-01-06,"M-01","Pagi",0,"Preventive OK",0,0,0,803
2026-01-06,"M-01","Siang",0,"Preventive OK",0,0,0,764
2026-01-06,"M-02","Malam",0,"Preventive OK",0,0,0,821
2026-01-06,"M-02","Pagi",0,"Preventive OK",0,0,0,813
2026-01-06,"M-02","Siang",0,"Preventive OK",0,0,0,788
2026-01-06,"M-03","Malam",0,"Preventive OK",0,0,0,841
2026-01-06,"M-03","Pagi",0,"Preventive OK",0,0,0,814
2026-01-06,"M-03","Siang",0,"Preventive OK",0,0,0,803
2026-01-06,"M-04","Malam",0,"Preventive OK",0,0,0,713
2026-01-06,"M-04","Pagi",0,"Preventive OK",0,0,0,615
2026-01-06,"M-04","Siang",0,"Preventive OK",0,0,0,814
2026-01-06,"M-05","Malam",0,"Preventive OK",0,0,0,418
2026-01-06,"M-05","Pagi",0,"Preventive OK",0,0,0,416
2026-01-06,"M-05","Siang",0,"Preventive OK",0,0,0,422
2026-01-06,"M-06","Malam",0,"Preventive OK",0,0,0,388
2026-01-06,"M-06","Pagi",0,"Preventive OK",0,0,0,412
2026-01-06,"M-06","Siang",0,"Preventive OK",0,0,0,447
2026-01-07,"M-01","Malam",0,"Preventive OK",0,0,0,863
2026-01-07,"M-01","Pagi",0,"Preventive OK",0,0,0,886
2026-01-07,"M-01","Siang",0,"Preventive OK",0,0,0,734
2026-01-07,"M-02","Malam",0,"Preventive OK",0,0,0,932
2026-01-07,"M-02","Pagi",0,"Preventive OK",0,0,0,736
2026-01-07,"M-02","Siang",0,"Preventive OK",0,0,0,789
2026-01-07,"M-03","Malam",0,"Preventive OK",0,0,0,792
2026-01-07,"M-03","Pagi",0,"Preventive OK",0,0,0,808
2026-01-07,"M-03","Siang",0,"Preventive OK",0,0,0,831
2026-01-07,"M-04","Malam",0,"Preventive OK",0,0,0,810
2026-01-07,"M-04","Pagi",0,"Preventive OK",0,0,0,852
2026-01-07,"M-04","Siang",0,"Preventive OK",0,0,0,800
2026-01-07,"M-05","Malam",0,"Preventive OK",0,0,0,449
2026-01-07,"M-05","Pagi",0,"Preventive OK",0,0,0,349
2026-01-07,"M-05","Siang",0,"Preventive OK",0,0,0,423
2026-01-07,"M-06","Malam",0,"Preventive OK",0,0,0,445
2026-01-07,"M-06","Pagi",0,"Preventive OK",0,0,0,413
2026-01-07,"M-06","Siang",0,"Preventive OK",0,0,0,365
2026-01-08,"M-01","Malam",0,"Preventive OK",0,0,0,743
2026-01-08,"M-01","Pagi",0,"Preventive OK",0,0,0,866
2026-01-08,"M-01","Siang",0,"Preventive OK",0,0,0,877
2026-01-08,"M-02","Malam",1,"Bearing Failure",33,0,33,749
2026-01-08,"M-02","Pagi",0,"Preventive OK",0,0,0,799
2026-01-08,"M-02","Siang",0,"Preventive OK",0,0,0,711
2026-01-08,"M-03","Malam",0,"Preventive OK",0,0,0,824
2026-01-08,"M-03","Pagi",0,"Preventive OK",0,0,0,818
2026-01-08,"M-03","Siang",0,"Preventive OK",0,0,0,943
2026-01-08,"M-04","Malam",0,"Preventive OK",0,0,0,861
2026-01-08,"M-04","Pagi",1,"Bearing Failure",29,0,29,810
2026-01-08,"M-04","Siang",1,"Bearing Failure",26,0,26,771
2026-01-08,"M-05","Malam",0,"Preventive OK",0,0,0,409
2026-01-08,"M-05","Pagi",0,"Preventive OK",0,0,0,420
2026-01-08,"M-05","Siang",1,"Tool Wear",12,0,12,342
2026-01-08,"M-06","Malam",0,"Preventive OK",0,0,0,377
2026-01-08,"M-06","Pagi",0,"Preventive OK",0,0,0,400
2026-01-08,"M-06","Siang",0,"Preventive OK",0,0,0,393
2026-01-09,"M-01","Malam",0,"Preventive OK",0,0,0,936
2026-01-09,"M-01","Pagi",0,"Preventive OK",0,0,0,752
2026-01-09,"M-01","Siang",0,"Preventive OK",0,0,0,776
2026-01-09,"M-02","Malam",0,"Preventive OK",0,0,0,762
2026-01-09,"M-02","Pagi",0,"Preventive OK",0,0,0,861
2026-01-09,"M-02","Siang",0,"Preventive OK",0,0,0,835
2026-01-09,"M-03","Malam",0,"Preventive OK",0,0,0,759
2026-01-09,"M-03","Pagi",0,"Preventive OK",0,0,0,876
2026-01-09,"M-03","Siang",0,"Preventive OK",0,0,0,813
2026-01-09,"M-04","Malam",0,"Preventive OK",0,0,0,816
2026-01-09,"M-04","Pagi",0,"Preventive OK",0,0,0,825
2026-01-09,"M-04","Siang",0,"Preventive OK",0,0,0,676
2026-01-09,"M-05","Malam",0,"Preventive OK",0,0,0,381
2026-01-09,"M-05","Pagi",0,"Preventive OK",0,0,0,402
2026-01-09,"M-05","Siang",0,"Preventive OK",0,0,0,427
2026-01-09,"M-06","Malam",0,"Preventive OK",0,0,0,390
2026-01-09,"M-06","Pagi",0,"Preventive OK",0,0,0,417
2026-01-09,"M-06","Siang",0,"Preventive OK",0,0,0,424
2026-01-10,"M-01","Malam",0,"Preventive OK",0,0,0,751
2026-01-10,"M-01","Pagi",0,"Preventive OK",0,0,0,924
2026-01-10,"M-01","Siang",0,"Preventive OK",0,0,0,794
2026-01-10,"M-02","Malam",0,"Preventive OK",0,0,0,913
2026-01-10,"M-02","Pagi",0,"Preventive OK",0,0,0,763
2026-01-10,"M-02","Siang",0,"Preventive OK",0,0,0,771
2026-01-10,"M-03","Malam",0,"Preventive OK",0,0,0,762
2026-01-10,"M-03","Pagi",0,"Preventive OK",0,0,0,707
2026-01-10,"M-03","Siang",0,"Preventive OK",0,0,0,837
2026-01-10,"M-04","Malam",0,"Preventive OK",0,0,0,858
2026-01-10,"M-04","Pagi",0,"Preventive OK",0,0,0,736
2026-01-10,"M-04","Siang",0,"Preventive OK",0,0,0,717
2026-01-10,"M-05","Malam",0,"Preventive OK",0,0,0,460
2026-01-10,"M-05","Pagi",0,"Preventive OK",0,0,0,382
2026-01-10,"M-05","Siang",0,"Preventive OK",0,0,0,427
2026-01-10,"M-06","Malam",0,"Preventive OK",0,0,0,385
2026-01-10,"M-06","Pagi",0,"Preventive OK",0,0,0,404
2026-01-10,"M-06","Siang",0,"Preventive OK",0,0,0,430
2026-01-12,"M-01","Malam",0,"Preventive OK",0,30,30,735
2026-01-12,"M-01","Pagi",0,"Preventive OK",0,30,30,793
2026-01-12,"M-01","Siang",0,"Preventive OK",0,30,30,754
2026-01-12,"M-02","Malam",0,"Preventive OK",0,30,30,922
2026-01-12,"M-02","Pagi",1,"Kelistrikan",15,30,45,750
2026-01-12,"M-02","Siang",0,"Preventive OK",0,30,30,837
2026-01-12,"M-03","Malam",0,"Preventive OK",0,30,30,806
2026-01-12,"M-03","Pagi",0,"Preventive OK",0,30,30,809
2026-01-12,"M-03","Siang",0,"Preventive OK",0,30,30,807
2026-01-12,"M-04","Malam",0,"Preventive OK",0,30,30,845
2026-01-12,"M-04","Pagi",0,"Preventive OK",0,30,30,803
2026-01-12,"M-04","Siang",0,"Preventive OK",0,30,30,770
2026-01-12,"M-05","Malam",0,"Preventive OK",0,30,30,395
2026-01-12,"M-05","Pagi",0,"Preventive OK",0,30,30,409
2026-01-12,"M-05","Siang",0,"Preventive OK",0,30,30,442
2026-01-12,"M-06","Malam",0,"Preventive OK",0,30,30,391
2026-01-12,"M-06","Pagi",0,"Preventive OK",0,30,30,416
2026-01-12,"M-06","Siang",0,"Preventive OK",0,30,30,444
2026-01-13,"M-01","Malam",0,"Preventive OK",0,0,0,825
2026-01-13,"M-01","Pagi",1,"Setup & Adjust",28,0,28,832
2026-01-13,"M-01","Siang",0,"Preventive OK",0,0,0,713
2026-01-13,"M-02","Malam",1,"Tool Wear",32,0,32,826
2026-01-13,"M-02","Pagi",0,"Preventive OK",0,0,0,835
2026-01-13,"M-02","Siang",0,"Preventive OK",0,0,0,790
2026-01-13,"M-03","Malam",1,"Material Jam",18,0,18,805
2026-01-13,"M-03","Pagi",0,"Preventive OK",0,0,0,778
2026-01-13,"M-03","Siang",0,"Preventive OK",0,0,0,804
2026-01-13,"M-04","Malam",0,"Preventive OK",0,0,0,868
2026-01-13,"M-04","Pagi",0,"Preventive OK",0,0,0,923
2026-01-13,"M-04","Siang",0,"Preventive OK",0,0,0,930
2026-01-13,"M-05","Malam",0,"Preventive OK",0,0,0,406
2026-01-13,"M-05","Pagi",0,"Preventive OK",0,0,0,430
2026-01-13,"M-05","Siang",0,"Preventive OK",0,0,0,354
2026-01-13,"M-06","Malam",0,"Preventive OK",0,0,0,406
2026-01-13,"M-06","Pagi",0,"Preventive OK",0,0,0,399
2026-01-13,"M-06","Siang",0,"Preventive OK",0,0,0,388
2026-01-14,"M-01","Malam",0,"Preventive OK",0,0,0,887
2026-01-14,"M-01","Pagi",0,"Preventive OK",0,0,0,807
2026-01-14,"M-01","Siang",0,"Preventive OK",0,0,0,862
2026-01-14,"M-02","Malam",0,"Preventive OK",0,0,0,838
2026-01-14,"M-02","Pagi",1,"Tool Wear",20,0,20,829
2026-01-14,"M-02","Siang",0,"Preventive OK",0,0,0,829
2026-01-14,"M-03","Malam",0,"Preventive OK",0,0,0,749
2026-01-14,"M-03","Pagi",0,"Preventive OK",0,0,0,902
2026-01-14,"M-03","Siang",0,"Preventive OK",0,0,0,838
2026-01-14,"M-04","Malam",0,"Preventive OK",0,0,0,785
2026-01-14,"M-04","Pagi",0,"Preventive OK",0,0,0,848
2026-01-14,"M-04","Siang",0,"Preventive OK",0,0,0,844
2026-01-14,"M-05","Malam",0,"Preventive OK",0,0,0,379
2026-01-14,"M-05","Pagi",0,"Preventive OK",0,0,0,413
2026-01-14,"M-05","Siang",0,"Preventive OK",0,0,0,402
2026-01-14,"M-06","Malam",0,"Preventive OK",0,0,0,439
2026-01-14,"M-06","Pagi",0,"Preventive OK",0,0,0,388
2026-01-14,"M-06","Siang",0,"Preventive OK",0,0,0,476
2026-01-15,"M-01","Malam",0,"Preventive OK",0,0,0,775
2026-01-15,"M-01","Pagi",0,"Preventive OK",0,0,0,894
2026-01-15,"M-01","Siang",0,"Preventive OK",0,0,0,777
2026-01-15,"M-02","Malam",0,"Preventive OK",0,0,0,804
2026-01-15,"M-02","Pagi",0,"Preventive OK",0,0,0,843
2026-01-15,"M-02","Siang",1,"Bearing Failure",33,0,33,844
2026-01-15,"M-03","Malam",0,"Preventive OK",0,0,0,839
2026-01-15,"M-03","Pagi",0,"Preventive OK",0,0,0,757
2026-01-15,"M-03","Siang",0,"Preventive OK",0,0,0,954
2026-01-15,"M-04","Malam",1,"Bearing Failure",26,0,26,749
2026-01-15,"M-04","Pagi",0,"Preventive OK",0,0,0,807
2026-01-15,"M-04","Siang",0,"Preventive OK",0,0,0,782
2026-01-15,"M-05","Malam",0,"Preventive OK",0,0,0,394
2026-01-15,"M-05","Pagi",0,"Preventive OK",0,0,0,426
2026-01-15,"M-05","Siang",0,"Preventive OK",0,0,0,432
2026-01-15,"M-06","Malam",0,"Preventive OK",0,0,0,414
2026-01-15,"M-06","Pagi",0,"Preventive OK",0,0,0,376
2026-01-15,"M-06","Siang",0,"Preventive OK",0,0,0,424
2026-01-16,"M-01","Malam",0,"Preventive OK",0,0,0,737
2026-01-16,"M-01","Pagi",0,"Preventive OK",0,0,0,730
2026-01-16,"M-01","Siang",0,"Preventive OK",0,0,0,849
2026-01-16,"M-02","Malam",0,"Preventive OK",0,0,0,752
2026-01-16,"M-02","Pagi",0,"Preventive OK",0,0,0,870
2026-01-16,"M-02","Siang",0,"Preventive OK",0,0,0,895
2026-01-16,"M-03","Malam",0,"Preventive OK",0,0,0,808
2026-01-16,"M-03","Pagi",0,"Preventive OK",0,0,0,785
2026-01-16,"M-03","Siang",0,"Preventive OK",0,0,0,854
2026-01-16,"M-04","Malam",0,"Preventive OK",0,0,0,826
2026-01-16,"M-04","Pagi",0,"Preventive OK",0,0,0,850
2026-01-16,"M-04","Siang",0,"Preventive OK",0,0,0,831
2026-01-16,"M-05","Malam",0,"Preventive OK",0,0,0,433
2026-01-16,"M-05","Pagi",0,"Preventive OK",0,0,0,407
2026-01-16,"M-05","Siang",0,"Preventive OK",0,0,0,384
2026-01-16,"M-06","Malam",0,"Preventive OK",0,0,0,403
2026-01-16,"M-06","Pagi",0,"Preventive OK",0,0,0,414
2026-01-16,"M-06","Siang",0,"Preventive OK",0,0,0,410
2026-01-17,"M-01","Malam",0,"Preventive OK",0,0,0,823
2026-01-17,"M-01","Pagi",0,"Preventive OK",0,0,0,745
2026-01-17,"M-01","Siang",0,"Preventive OK",0,0,0,918
2026-01-17,"M-02","Malam",0,"Preventive OK",0,0,0,751
2026-01-17,"M-02","Pagi",0,"Preventive OK",0,0,0,862
2026-01-17,"M-02","Siang",0,"Preventive OK",0,0,0,806
2026-01-17,"M-03","Malam",0,"Preventive OK",0,0,0,717
2026-01-17,"M-03","Pagi",0,"Preventive OK",0,0,0,878
2026-01-17,"M-03","Siang",0,"Preventive OK",0,0,0,737
2026-01-17,"M-04","Malam",1,"Bearing Failure",22,0,22,894
2026-01-17,"M-04","Pagi",0,"Preventive OK",0,0,0,744
2026-01-17,"M-04","Siang",0,"Preventive OK",0,0,0,893
2026-01-17,"M-05","Malam",0,"Preventive OK",0,0,0,373
2026-01-17,"M-05","Pagi",0,"Preventive OK",0,0,0,437
2026-01-17,"M-05","Siang",0,"Preventive OK",0,0,0,424
2026-01-17,"M-06","Malam",0,"Preventive OK",0,0,0,430
2026-01-17,"M-06","Pagi",0,"Preventive OK",0,0,0,374
2026-01-17,"M-06","Siang",0,"Preventive OK",0,0,0,407
2026-01-19,"M-01","Malam",0,"Preventive OK",0,30,30,892
2026-01-19,"M-01","Pagi",0,"Preventive OK",0,30,30,835
2026-01-19,"M-01","Siang",0,"Preventive OK",0,30,30,835
2026-01-19,"M-02","Malam",1,"Tool Wear",30,30,60,776
2026-01-19,"M-02","Pagi",0,"Preventive OK",0,30,30,825
2026-01-19,"M-02","Siang",0,"Preventive OK",0,30,30,948
2026-01-19,"M-03","Malam",0,"Preventive OK",0,30,30,835
2026-01-19,"M-03","Pagi",0,"Preventive OK",0,30,30,906
2026-01-19,"M-03","Siang",0,"Preventive OK",0,30,30,907
2026-01-19,"M-04","Malam",0,"Preventive OK",0,30,30,907
2026-01-19,"M-04","Pagi",0,"Preventive OK",0,30,30,814
2026-01-19,"M-04","Siang",1,"Tool Wear",26,30,56,874
2026-01-19,"M-05","Malam",0,"Preventive OK",0,30,30,403
2026-01-19,"M-05","Pagi",0,"Preventive OK",0,30,30,388
2026-01-19,"M-05","Siang",0,"Preventive OK",0,30,30,383
2026-01-19,"M-06","Malam",0,"Preventive OK",0,30,30,345
2026-01-19,"M-06","Pagi",0,"Preventive OK",0,30,30,422
2026-01-19,"M-06","Siang",0,"Preventive OK",0,30,30,409
2026-01-20,"M-01","Malam",0,"Preventive OK",0,0,0,922
2026-01-20,"M-01","Pagi",0,"Preventive OK",0,0,0,707
2026-01-20,"M-01","Siang",0,"Preventive OK",0,0,0,872
2026-01-20,"M-02","Malam",0,"Preventive OK",0,0,0,738
2026-01-20,"M-02","Pagi",0,"Preventive OK",0,0,0,772
2026-01-20,"M-02","Siang",0,"Preventive OK",0,0,0,768
2026-01-20,"M-03","Malam",0,"Preventive OK",0,0,0,763
2026-01-20,"M-03","Pagi",0,"Preventive OK",0,0,0,853
2026-01-20,"M-03","Siang",0,"Preventive OK",0,0,0,868
2026-01-20,"M-04","Malam",0,"Preventive OK",0,0,0,881
2026-01-20,"M-04","Pagi",0,"Preventive OK",0,0,0,739
2026-01-20,"M-04","Siang",0,"Preventive OK",0,0,0,831
2026-01-20,"M-05","Malam",0,"Preventive OK",0,0,0,404
2026-01-20,"M-05","Pagi",0,"Preventive OK",0,0,0,407
2026-01-20,"M-05","Siang",0,"Preventive OK",0,0,0,386
2026-01-20,"M-06","Malam",0,"Preventive OK",0,0,0,383
2026-01-20,"M-06","Pagi",0,"Preventive OK",0,0,0,397
2026-01-20,"M-06","Siang",0,"Preventive OK",0,0,0,389
2026-01-21,"M-01","Malam",1,"Bearing Failure",14,0,14,795
2026-01-21,"M-01","Pagi",0,"Preventive OK",0,0,0,804
2026-01-21,"M-01","Siang",0,"Preventive OK",0,0,0,819
2026-01-21,"M-02","Malam",1,"Bearing Failure",27,0,27,726
2026-01-21,"M-02","Pagi",0,"Preventive OK",0,0,0,823
2026-01-21,"M-02","Siang",0,"Preventive OK",0,0,0,730
2026-01-21,"M-03","Malam",0,"Preventive OK",0,0,0,759
2026-01-21,"M-03","Pagi",0,"Preventive OK",0,0,0,823
2026-01-21,"M-03","Siang",0,"Preventive OK",0,0,0,858
2026-01-21,"M-04","Malam",0,"Preventive OK",0,0,0,769
2026-01-21,"M-04","Pagi",0,"Preventive OK",0,0,0,863
2026-01-21,"M-04","Siang",0,"Preventive OK",0,0,0,738
2026-01-21,"M-05","Malam",0,"Preventive OK",0,0,0,374
2026-01-21,"M-05","Pagi",0,"Preventive OK",0,0,0,415
2026-01-21,"M-05","Siang",0,"Preventive OK",0,0,0,397
2026-01-21,"M-06","Malam",0,"Preventive OK",0,0,0,406
2026-01-21,"M-06","Pagi",0,"Preventive OK",0,0,0,406
2026-01-21,"M-06","Siang",0,"Preventive OK",0,0,0,471
2026-01-22,"M-01","Malam",0,"Preventive OK",0,0,0,852
2026-01-22,"M-01","Pagi",0,"Preventive OK",0,0,0,897
2026-01-22,"M-01","Siang",0,"Preventive OK",0,0,0,792
2026-01-22,"M-02","Malam",0,"Preventive OK",0,0,0,774
2026-01-22,"M-02","Pagi",1,"Bearing Failure",20,0,20,857
2026-01-22,"M-02","Siang",0,"Preventive OK",0,0,0,730
2026-01-22,"M-03","Malam",0,"Preventive OK",0,0,0,814
2026-01-22,"M-03","Pagi",0,"Preventive OK",0,0,0,825
2026-01-22,"M-03","Siang",0,"Preventive OK",0,0,0,781
2026-01-22,"M-04","Malam",0,"Preventive OK",0,0,0,770
2026-01-22,"M-04","Pagi",0,"Preventive OK",0,0,0,826
2026-01-22,"M-04","Siang",0,"Preventive OK",0,0,0,780
2026-01-22,"M-05","Malam",0,"Preventive OK",0,0,0,416
2026-01-22,"M-05","Pagi",0,"Preventive OK",0,0,0,434
2026-01-22,"M-05","Siang",0,"Preventive OK",0,0,0,439
2026-01-22,"M-06","Malam",0,"Preventive OK",0,0,0,405
2026-01-22,"M-06","Pagi",0,"Preventive OK",0,0,0,421
2026-01-22,"M-06","Siang",0,"Preventive OK",0,0,0,414
2026-01-23,"M-01","Malam",0,"Preventive OK",0,0,0,864
2026-01-23,"M-01","Pagi",0,"Preventive OK",0,0,0,924
2026-01-23,"M-01","Siang",0,"Preventive OK",0,0,0,794
2026-01-23,"M-02","Malam",0,"Preventive OK",0,0,0,827
2026-01-23,"M-02","Pagi",0,"Preventive OK",0,0,0,833
2026-01-23,"M-02","Siang",0,"Preventive OK",0,0,0,740
2026-01-23,"M-03","Malam",0,"Preventive OK",0,0,0,907
2026-01-23,"M-03","Pagi",0,"Preventive OK",0,0,0,740
2026-01-23,"M-03","Siang",0,"Preventive OK",0,0,0,853
2026-01-23,"M-04","Malam",0,"Preventive OK",0,0,0,839
2026-01-23,"M-04","Pagi",0,"Preventive OK",0,0,0,870
2026-01-23,"M-04","Siang",0,"Preventive OK",0,0,0,780
2026-01-23,"M-05","Malam",0,"Preventive OK",0,0,0,388
2026-01-23,"M-05","Pagi",0,"Preventive OK",0,0,0,427
2026-01-23,"M-05","Siang",0,"Preventive OK",0,0,0,370
2026-01-23,"M-06","Malam",0,"Preventive OK",0,0,0,405
2026-01-23,"M-06","Pagi",0,"Preventive OK",0,0,0,356
2026-01-23,"M-06","Siang",0,"Preventive OK",0,0,0,419
2026-01-24,"M-01","Malam",0,"Preventive OK",0,0,0,920
2026-01-24,"M-01","Pagi",0,"Preventive OK",0,0,0,862
2026-01-24,"M-01","Siang",0,"Preventive OK",0,0,0,746
2026-01-24,"M-02","Malam",0,"Preventive OK",0,0,0,797
2026-01-24,"M-02","Pagi",0,"Preventive OK",0,0,0,774
2026-01-24,"M-02","Siang",0,"Preventive OK",0,0,0,719
2026-01-24,"M-03","Malam",0,"Preventive OK",0,0,0,813
2026-01-24,"M-03","Pagi",0,"Preventive OK",0,0,0,752
2026-01-24,"M-03","Siang",0,"Preventive OK",0,0,0,906
2026-01-24,"M-04","Malam",0,"Preventive OK",0,0,0,828
2026-01-24,"M-04","Pagi",0,"Preventive OK",0,0,0,885
2026-01-24,"M-04","Siang",0,"Preventive OK",0,0,0,668
2026-01-24,"M-05","Malam",0,"Preventive OK",0,0,0,382
2026-01-24,"M-05","Pagi",0,"Preventive OK",0,0,0,418
2026-01-24,"M-05","Siang",0,"Preventive OK",0,0,0,384
2026-01-24,"M-06","Malam",0,"Preventive OK",0,0,0,430
2026-01-24,"M-06","Pagi",0,"Preventive OK",0,0,0,393
2026-01-24,"M-06","Siang",0,"Preventive OK",0,0,0,407
2026-01-26,"M-01","Malam",0,"Preventive OK",0,30,30,763
2026-01-26,"M-01","Pagi",0,"Preventive OK",0,30,30,881
2026-01-26,"M-01","Siang",0,"Preventive OK",0,30,30,864
2026-01-26,"M-02","Malam",0,"Preventive OK",0,30,30,798
2026-01-26,"M-02","Pagi",0,"Preventive OK",0,30,30,853
2026-01-26,"M-02","Siang",0,"Preventive OK",0,30,30,866
2026-01-26,"M-03","Malam",0,"Preventive OK",0,30,30,802
2026-01-26,"M-03","Pagi",0,"Preventive OK",0,30,30,798
2026-01-26,"M-03","Siang",0,"Preventive OK",0,30,30,719
2026-01-26,"M-04","Malam",0,"Preventive OK",0,30,30,881
2026-01-26,"M-04","Pagi",0,"Preventive OK",0,30,30,829
2026-01-26,"M-04","Siang",0,"Preventive OK",0,30,30,790
2026-01-26,"M-05","Malam",0,"Preventive OK",0,30,30,382
2026-01-26,"M-05","Pagi",0,"Preventive OK",0,30,30,424
2026-01-26,"M-05","Siang",0,"Preventive OK",0,30,30,414
2026-01-26,"M-06","Malam",0,"Preventive OK",0,30,30,391
2026-01-26,"M-06","Pagi",0,"Preventive OK",0,30,30,444
2026-01-26,"M-06","Siang",0,"Preventive OK",0,30,30,453
2026-01-27,"M-01","Malam",0,"Preventive OK",0,0,0,802
2026-01-27,"M-01","Pagi",0,"Preventive OK",0,0,0,766
2026-01-27,"M-01","Siang",0,"Preventive OK",0,0,0,817
2026-01-27,"M-02","Malam",0,"Preventive OK",0,0,0,721
2026-01-27,"M-02","Pagi",0,"Preventive OK",0,0,0,759
2026-01-27,"M-02","Siang",0,"Preventive OK",0,0,0,855
2026-01-27,"M-03","Malam",0,"Preventive OK",0,0,0,728
2026-01-27,"M-03","Pagi",0,"Preventive OK",0,0,0,898
2026-01-27,"M-03","Siang",0,"Preventive OK",0,0,0,815
2026-01-27,"M-04","Malam",0,"Preventive OK",0,0,0,834
2026-01-27,"M-04","Pagi",0,"Preventive OK",0,0,0,851
2026-01-27,"M-04","Siang",0,"Preventive OK",0,0,0,892
2026-01-27,"M-05","Malam",0,"Preventive OK",0,0,0,421
2026-01-27,"M-05","Pagi",0,"Preventive OK",0,0,0,391
2026-01-27,"M-05","Siang",0,"Preventive OK",0,0,0,399
2026-01-27,"M-06","Malam",1,"Tool Wear",31,0,31,358
2026-01-27,"M-06","Pagi",0,"Preventive OK",0,0,0,405
2026-01-27,"M-06","Siang",0,"Preventive OK",0,0,0,396
2026-01-28,"M-01","Malam",0,"Preventive OK",0,0,0,838
2026-01-28,"M-01","Pagi",0,"Preventive OK",0,0,0,830
2026-01-28,"M-01","Siang",0,"Preventive OK",0,0,0,793
2026-01-28,"M-02","Malam",0,"Preventive OK",0,0,0,786
2026-01-28,"M-02","Pagi",0,"Preventive OK",0,0,0,853
2026-01-28,"M-02","Siang",0,"Preventive OK",0,0,0,862
2026-01-28,"M-03","Malam",0,"Preventive OK",0,0,0,753
2026-01-28,"M-03","Pagi",0,"Preventive OK",0,0,0,811
2026-01-28,"M-03","Siang",0,"Preventive OK",0,0,0,871
2026-01-28,"M-04","Malam",0,"Preventive OK",0,0,0,776
2026-01-28,"M-04","Pagi",0,"Preventive OK",0,0,0,795
2026-01-28,"M-04","Siang",0,"Preventive OK",0,0,0,747
2026-01-28,"M-05","Malam",0,"Preventive OK",0,0,0,436
2026-01-28,"M-05","Pagi",0,"Preventive OK",0,0,0,366
2026-01-28,"M-05","Siang",0,"Preventive OK",0,0,0,401
2026-01-28,"M-06","Malam",0,"Preventive OK",0,0,0,334
2026-01-28,"M-06","Pagi",0,"Preventive OK",0,0,0,368
2026-01-28,"M-06","Siang",0,"Preventive OK",0,0,0,390
2026-01-29,"M-01","Malam",0,"Preventive OK",0,0,0,817
2026-01-29,"M-01","Pagi",0,"Preventive OK",0,0,0,791
2026-01-29,"M-01","Siang",0,"Preventive OK",0,0,0,751
2026-01-29,"M-02","Malam",0,"Preventive OK",0,0,0,740
2026-01-29,"M-02","Pagi",1,"Kelistrikan",20,0,20,764
2026-01-29,"M-02","Siang",1,"Bearing Failure",24,0,24,846
2026-01-29,"M-03","Malam",0,"Preventive OK",0,0,0,811
2026-01-29,"M-03","Pagi",0,"Preventive OK",0,0,0,757
2026-01-29,"M-03","Siang",0,"Preventive OK",0,0,0,929
2026-01-29,"M-04","Malam",0,"Preventive OK",0,0,0,798
2026-01-29,"M-04","Pagi",0,"Preventive OK",0,0,0,822
2026-01-29,"M-04","Siang",0,"Preventive OK",0,0,0,801
2026-01-29,"M-05","Malam",0,"Preventive OK",0,0,0,391
2026-01-29,"M-05","Pagi",1,"Setup & Adjust",26,0,26,413
2026-01-29,"M-05","Siang",0,"Preventive OK",0,0,0,393
2026-01-29,"M-06","Malam",0,"Preventive OK",0,0,0,413
2026-01-29,"M-06","Pagi",0,"Preventive OK",0,0,0,408
2026-01-29,"M-06","Siang",0,"Preventive OK",0,0,0,420
2026-01-30,"M-01","Malam",0,"Preventive OK",0,0,0,821
2026-01-30,"M-01","Pagi",0,"Preventive OK",0,0,0,746
2026-01-30,"M-01","Siang",0,"Preventive OK",0,0,0,722
2026-01-30,"M-02","Malam",1,"Bearing Failure",35,0,35,867
2026-01-30,"M-02","Pagi",0,"Preventive OK",0,0,0,815
2026-01-30,"M-02","Siang",0,"Preventive OK",0,0,0,812
2026-01-30,"M-03","Malam",0,"Preventive OK",0,0,0,779
2026-01-30,"M-03","Pagi",1,"Bearing Failure",16,0,16,789
2026-01-30,"M-03","Siang",0,"Preventive OK",0,0,0,795
2026-01-30,"M-04","Malam",0,"Preventive OK",0,0,0,814
2026-01-30,"M-04","Pagi",0,"Preventive OK",0,0,0,797
2026-01-30,"M-04","Siang",0,"Preventive OK",0,0,0,845
2026-01-30,"M-05","Malam",0,"Preventive OK",0,0,0,434
2026-01-30,"M-05","Pagi",0,"Preventive OK",0,0,0,410
2026-01-30,"M-05","Siang",0,"Preventive OK",0,0,0,402
2026-01-30,"M-06","Malam",1,"Setup & Adjust",22,0,22,356
2026-01-30,"M-06","Pagi",0,"Preventive OK",0,0,0,457
2026-01-30,"M-06","Siang",0,"Preventive OK",0,0,0,427
2026-01-31,"M-01","Malam",0,"Preventive OK",0,0,0,906
2026-01-31,"M-01","Pagi",0,"Preventive OK",0,0,0,835
2026-01-31,"M-01","Siang",0,"Preventive OK",0,0,0,864
2026-01-31,"M-02","Malam",0,"Preventive OK",0,0,0,781
2026-01-31,"M-02","Pagi",0,"Preventive OK",0,0,0,733
2026-01-31,"M-02","Siang",1,"Kelistrikan",23,0,23,753
2026-01-31,"M-03","Malam",0,"Preventive OK",0,0,0,798
2026-01-31,"M-03","Pagi",0,"Preventive OK",0,0,0,781
2026-01-31,"M-03","Siang",1,"Kelistrikan",34,0,34,718
2026-01-31,"M-04","Malam",1,"Bearing Failure",18,0,18,819
2026-01-31,"M-04","Pagi",0,"Preventive OK",0,0,0,766
2026-01-31,"M-04","Siang",0,"Preventive OK",0,0,0,795
2026-01-31,"M-05","Malam",0,"Preventive OK",0,0,0,379
2026-01-31,"M-05","Pagi",0,"Preventive OK",0,0,0,435
2026-01-31,"M-05","Siang",0,"Preventive OK",0,0,0,420
2026-01-31,"M-06","Malam",0,"Preventive OK",0,0,0,368
2026-01-31,"M-06","Pagi",0,"Preventive OK",0,0,0,429
2026-01-31,"M-06","Siang",0,"Preventive OK",0,0,0,384
2026-02-02,"M-01","Malam",0,"Preventive OK",0,30,30,867
2026-02-02,"M-01","Pagi",0,"Preventive OK",0,30,30,809
2026-02-02,"M-01","Siang",0,"Preventive OK",0,30,30,845
2026-02-02,"M-02","Malam",1,"Bearing Failure",35,30,65,747
2026-02-02,"M-02","Pagi",0,"Preventive OK",0,30,30,866
2026-02-02,"M-02","Siang",0,"Preventive OK",0,30,30,678
2026-02-02,"M-03","Malam",0,"Preventive OK",0,30,30,868
2026-02-02,"M-03","Pagi",0,"Preventive OK",0,30,30,820
2026-02-02,"M-03","Siang",0,"Preventive OK",0,30,30,915
2026-02-02,"M-04","Malam",0,"Preventive OK",0,30,30,814
2026-02-02,"M-04","Pagi",0,"Preventive OK",0,30,30,767
2026-02-02,"M-04","Siang",0,"Preventive OK",0,30,30,798
2026-02-02,"M-05","Malam",0,"Preventive OK",0,30,30,394
2026-02-02,"M-05","Pagi",0,"Preventive OK",0,30,30,435
2026-02-02,"M-05","Siang",0,"Preventive OK",0,30,30,404
2026-02-02,"M-06","Malam",0,"Preventive OK",0,30,30,444
2026-02-02,"M-06","Pagi",0,"Preventive OK",0,30,30,387
2026-02-02,"M-06","Siang",0,"Preventive OK",0,30,30,354
2026-02-03,"M-01","Malam",0,"Preventive OK",0,0,0,967
2026-02-03,"M-01","Pagi",0,"Preventive OK",0,0,0,892
2026-02-03,"M-01","Siang",0,"Preventive OK",0,0,0,793
2026-02-03,"M-02","Malam",0,"Preventive OK",0,0,0,767
2026-02-03,"M-02","Pagi",0,"Preventive OK",0,0,0,667
2026-02-03,"M-02","Siang",0,"Preventive OK",0,0,0,950
2026-02-03,"M-03","Malam",0,"Preventive OK",0,0,0,846
2026-02-03,"M-03","Pagi",0,"Preventive OK",0,0,0,782
2026-02-03,"M-03","Siang",0,"Preventive OK",0,0,0,722
2026-02-03,"M-04","Malam",0,"Preventive OK",0,0,0,858
2026-02-03,"M-04","Pagi",1,"Bearing Failure",19,0,19,811
2026-02-03,"M-04","Siang",0,"Preventive OK",0,0,0,788
2026-02-03,"M-05","Malam",0,"Preventive OK",0,0,0,387
2026-02-03,"M-05","Pagi",0,"Preventive OK",0,0,0,400
2026-02-03,"M-05","Siang",0,"Preventive OK",0,0,0,427
2026-02-03,"M-06","Malam",0,"Preventive OK",0,0,0,393
2026-02-03,"M-06","Pagi",0,"Preventive OK",0,0,0,422
2026-02-03,"M-06","Siang",0,"Preventive OK",0,0,0,407
2026-02-04,"M-01","Malam",0,"Preventive OK",0,0,0,779
2026-02-04,"M-01","Pagi",0,"Preventive OK",0,0,0,798
2026-02-04,"M-01","Siang",0,"Preventive OK",0,0,0,762
2026-02-04,"M-02","Malam",0,"Preventive OK",0,0,0,881
2026-02-04,"M-02","Pagi",0,"Preventive OK",0,0,0,852
2026-02-04,"M-02","Siang",0,"Preventive OK",0,0,0,924
2026-02-04,"M-03","Malam",0,"Preventive OK",0,0,0,703
2026-02-04,"M-03","Pagi",0,"Preventive OK",0,0,0,884
2026-02-04,"M-03","Siang",0,"Preventive OK",0,0,0,777
2026-02-04,"M-04","Malam",0,"Preventive OK",0,0,0,881
2026-02-04,"M-04","Pagi",0,"Preventive OK",0,0,0,839
2026-02-04,"M-04","Siang",0,"Preventive OK",0,0,0,862
2026-02-04,"M-05","Malam",0,"Preventive OK",0,0,0,375
2026-02-04,"M-05","Pagi",0,"Preventive OK",0,0,0,470
2026-02-04,"M-05","Siang",0,"Preventive OK",0,0,0,449
2026-02-04,"M-06","Malam",0,"Preventive OK",0,0,0,327
2026-02-04,"M-06","Pagi",0,"Preventive OK",0,0,0,410
2026-02-04,"M-06","Siang",0,"Preventive OK",0,0,0,449
2026-02-05,"M-01","Malam",0,"Preventive OK",0,0,0,772
2026-02-05,"M-01","Pagi",0,"Preventive OK",0,0,0,847
2026-02-05,"M-01","Siang",0,"Preventive OK",0,0,0,661
2026-02-05,"M-02","Malam",0,"Preventive OK",0,0,0,781
2026-02-05,"M-02","Pagi",0,"Preventive OK",0,0,0,921
2026-02-05,"M-02","Siang",0,"Preventive OK",0,0,0,873
2026-02-05,"M-03","Malam",0,"Preventive OK",0,0,0,981
2026-02-05,"M-03","Pagi",0,"Preventive OK",0,0,0,706
2026-02-05,"M-03","Siang",0,"Preventive OK",0,0,0,874
2026-02-05,"M-04","Malam",0,"Preventive OK",0,0,0,792
2026-02-05,"M-04","Pagi",0,"Preventive OK",0,0,0,805
2026-02-05,"M-04","Siang",0,"Preventive OK",0,0,0,871
2026-02-05,"M-05","Malam",0,"Preventive OK",0,0,0,439
2026-02-05,"M-05","Pagi",0,"Preventive OK",0,0,0,428
2026-02-05,"M-05","Siang",0,"Preventive OK",0,0,0,421
2026-02-05,"M-06","Malam",0,"Preventive OK",0,0,0,443
2026-02-05,"M-06","Pagi",0,"Preventive OK",0,0,0,428
2026-02-05,"M-06","Siang",0,"Preventive OK",0,0,0,394
2026-02-06,"M-01","Malam",0,"Preventive OK",0,0,0,904
2026-02-06,"M-01","Pagi",0,"Preventive OK",0,0,0,788
2026-02-06,"M-01","Siang",0,"Preventive OK",0,0,0,885
2026-02-06,"M-02","Malam",1,"Tool Wear",26,0,26,801
2026-02-06,"M-02","Pagi",0,"Preventive OK",0,0,0,827
2026-02-06,"M-02","Siang",0,"Preventive OK",0,0,0,793
2026-02-06,"M-03","Malam",0,"Preventive OK",0,0,0,822
2026-02-06,"M-03","Pagi",0,"Preventive OK",0,0,0,785
2026-02-06,"M-03","Siang",0,"Preventive OK",0,0,0,838
2026-02-06,"M-04","Malam",0,"Preventive OK",0,0,0,842
2026-02-06,"M-04","Pagi",0,"Preventive OK",0,0,0,829
2026-02-06,"M-04","Siang",0,"Preventive OK",0,0,0,813
2026-02-06,"M-05","Malam",0,"Preventive OK",0,0,0,410
2026-02-06,"M-05","Pagi",0,"Preventive OK",0,0,0,399
2026-02-06,"M-05","Siang",0,"Preventive OK",0,0,0,445
2026-02-06,"M-06","Malam",0,"Preventive OK",0,0,0,372
2026-02-06,"M-06","Pagi",0,"Preventive OK",0,0,0,417
2026-02-06,"M-06","Siang",0,"Preventive OK",0,0,0,407
2026-02-07,"M-01","Malam",0,"Preventive OK",0,0,0,901
2026-02-07,"M-01","Pagi",0,"Preventive OK",0,0,0,842
2026-02-07,"M-01","Siang",0,"Preventive OK",0,0,0,869
2026-02-07,"M-02","Malam",0,"Preventive OK",0,0,0,772
2026-02-07,"M-02","Pagi",1,"Tool Wear",30,0,30,790
2026-02-07,"M-02","Siang",0,"Preventive OK",0,0,0,775
2026-02-07,"M-03","Malam",0,"Preventive OK",0,0,0,772
2026-02-07,"M-03","Pagi",0,"Preventive OK",0,0,0,832
2026-02-07,"M-03","Siang",0,"Preventive OK",0,0,0,873
2026-02-07,"M-04","Malam",0,"Preventive OK",0,0,0,842
2026-02-07,"M-04","Pagi",0,"Preventive OK",0,0,0,818
2026-02-07,"M-04","Siang",0,"Preventive OK",0,0,0,724
2026-02-07,"M-05","Malam",0,"Preventive OK",0,0,0,393
2026-02-07,"M-05","Pagi",0,"Preventive OK",0,0,0,440
2026-02-07,"M-05","Siang",0,"Preventive OK",0,0,0,426
2026-02-07,"M-06","Malam",0,"Preventive OK",0,0,0,433
2026-02-07,"M-06","Pagi",0,"Preventive OK",0,0,0,368
2026-02-07,"M-06","Siang",0,"Preventive OK",0,0,0,417
2026-02-09,"M-01","Malam",0,"Preventive OK",0,30,30,963
2026-02-09,"M-01","Pagi",0,"Preventive OK",0,30,30,850
2026-02-09,"M-01","Siang",0,"Preventive OK",0,30,30,740
2026-02-09,"M-02","Malam",0,"Preventive OK",0,30,30,919
2026-02-09,"M-02","Pagi",0,"Preventive OK",0,30,30,727
2026-02-09,"M-02","Siang",0,"Preventive OK",0,30,30,798
2026-02-09,"M-03","Malam",0,"Preventive OK",0,30,30,783
2026-02-09,"M-03","Pagi",0,"Preventive OK",0,30,30,837
2026-02-09,"M-03","Siang",0,"Preventive OK",0,30,30,880
2026-02-09,"M-04","Malam",0,"Preventive OK",0,30,30,821
2026-02-09,"M-04","Pagi",0,"Preventive OK",0,30,30,815
2026-02-09,"M-04","Siang",0,"Preventive OK",0,30,30,794
2026-02-09,"M-05","Malam",1,"Setup & Adjust",25,30,55,352
2026-02-09,"M-05","Pagi",0,"Preventive OK",0,30,30,443
2026-02-09,"M-05","Siang",0,"Preventive OK",0,30,30,424
2026-02-09,"M-06","Malam",0,"Preventive OK",0,30,30,460
2026-02-09,"M-06","Pagi",0,"Preventive OK",0,30,30,481
2026-02-09,"M-06","Siang",0,"Preventive OK",0,30,30,411
2026-02-10,"M-01","Malam",0,"Preventive OK",0,0,0,818
2026-02-10,"M-01","Pagi",0,"Preventive OK",0,0,0,859
2026-02-10,"M-01","Siang",0,"Preventive OK",0,0,0,873
2026-02-10,"M-02","Malam",0,"Preventive OK",0,0,0,845
2026-02-10,"M-02","Pagi",0,"Preventive OK",0,0,0,873
2026-02-10,"M-02","Siang",0,"Preventive OK",0,0,0,851
2026-02-10,"M-03","Malam",0,"Preventive OK",0,0,0,967
2026-02-10,"M-03","Pagi",0,"Preventive OK",0,0,0,790
2026-02-10,"M-03","Siang",0,"Preventive OK",0,0,0,898
2026-02-10,"M-04","Malam",0,"Preventive OK",0,0,0,770
2026-02-10,"M-04","Pagi",0,"Preventive OK",0,0,0,803
2026-02-10,"M-04","Siang",0,"Preventive OK",0,0,0,812
2026-02-10,"M-05","Malam",1,"Setup & Adjust",27,0,27,399
2026-02-10,"M-05","Pagi",0,"Preventive OK",0,0,0,434
2026-02-10,"M-05","Siang",0,"Preventive OK",0,0,0,450
2026-02-10,"M-06","Malam",0,"Preventive OK",0,0,0,371
2026-02-10,"M-06","Pagi",0,"Preventive OK",0,0,0,413
2026-02-10,"M-06","Siang",0,"Preventive OK",0,0,0,421
2026-02-11,"M-01","Malam",0,"Preventive OK",0,0,0,815
2026-02-11,"M-01","Pagi",0,"Preventive OK",0,0,0,802
2026-02-11,"M-01","Siang",0,"Preventive OK",0,0,0,893
2026-02-11,"M-02","Malam",0,"Preventive OK",0,0,0,823
2026-02-11,"M-02","Pagi",0,"Preventive OK",0,0,0,716
2026-02-11,"M-02","Siang",0,"Preventive OK",0,0,0,827
2026-02-11,"M-03","Malam",0,"Preventive OK",0,0,0,907
2026-02-11,"M-03","Pagi",0,"Preventive OK",0,0,0,786
2026-02-11,"M-03","Siang",1,"Setup & Adjust",12,0,12,795
2026-02-11,"M-04","Malam",0,"Preventive OK",0,0,0,776
2026-02-11,"M-04","Pagi",0,"Preventive OK",0,0,0,852
2026-02-11,"M-04","Siang",0,"Preventive OK",0,0,0,820
2026-02-11,"M-05","Malam",0,"Preventive OK",0,0,0,449
2026-02-11,"M-05","Pagi",1,"Tool Wear",25,0,25,405
2026-02-11,"M-05","Siang",0,"Preventive OK",0,0,0,359
2026-02-11,"M-06","Malam",0,"Preventive OK",0,0,0,424
2026-02-11,"M-06","Pagi",0,"Preventive OK",0,0,0,439
2026-02-11,"M-06","Siang",0,"Preventive OK",0,0,0,360
2026-02-12,"M-01","Malam",0,"Preventive OK",0,0,0,777
2026-02-12,"M-01","Pagi",0,"Preventive OK",0,0,0,739
2026-02-12,"M-01","Siang",0,"Preventive OK",0,0,0,831
2026-02-12,"M-02","Malam",0,"Preventive OK",0,0,0,988
2026-02-12,"M-02","Pagi",0,"Preventive OK",0,0,0,717
2026-02-12,"M-02","Siang",0,"Preventive OK",0,0,0,871
2026-02-12,"M-03","Malam",0,"Preventive OK",0,0,0,829
2026-02-12,"M-03","Pagi",0,"Preventive OK",0,0,0,889
2026-02-12,"M-03","Siang",0,"Preventive OK",0,0,0,783
2026-02-12,"M-04","Malam",0,"Preventive OK",0,0,0,806
2026-02-12,"M-04","Pagi",0,"Preventive OK",0,0,0,806
2026-02-12,"M-04","Siang",0,"Preventive OK",0,0,0,764
2026-02-12,"M-05","Malam",0,"Preventive OK",0,0,0,405
2026-02-12,"M-05","Pagi",0,"Preventive OK",0,0,0,414
2026-02-12,"M-05","Siang",0,"Preventive OK",0,0,0,429
2026-02-12,"M-06","Malam",0,"Preventive OK",0,0,0,409
2026-02-12,"M-06","Pagi",0,"Preventive OK",0,0,0,396
2026-02-12,"M-06","Siang",0,"Preventive OK",0,0,0,414
2026-02-13,"M-01","Malam",0,"Preventive OK",0,0,0,752
2026-02-13,"M-01","Pagi",0,"Preventive OK",0,0,0,765
2026-02-13,"M-01","Siang",0,"Preventive OK",0,0,0,783
2026-02-13,"M-02","Malam",0,"Preventive OK",0,0,0,770
2026-02-13,"M-02","Pagi",1,"Tool Wear",35,0,35,760
2026-02-13,"M-02","Siang",0,"Preventive OK",0,0,0,778
2026-02-13,"M-03","Malam",0,"Preventive OK",0,0,0,856
2026-02-13,"M-03","Pagi",0,"Preventive OK",0,0,0,808
2026-02-13,"M-03","Siang",0,"Preventive OK",0,0,0,778
2026-02-13,"M-04","Malam",0,"Preventive OK",0,0,0,892
2026-02-13,"M-04","Pagi",1,"Tool Wear",29,0,29,720
2026-02-13,"M-04","Siang",0,"Preventive OK",0,0,0,824
2026-02-13,"M-05","Malam",0,"Preventive OK",0,0,0,393
2026-02-13,"M-05","Pagi",0,"Preventive OK",0,0,0,455
2026-02-13,"M-05","Siang",0,"Preventive OK",0,0,0,394
2026-02-13,"M-06","Malam",0,"Preventive OK",0,0,0,450
2026-02-13,"M-06","Pagi",0,"Preventive OK",0,0,0,396
2026-02-13,"M-06","Siang",0,"Preventive OK",0,0,0,414
2026-02-14,"M-01","Malam",0,"Preventive OK",0,0,0,908
2026-02-14,"M-01","Pagi",0,"Preventive OK",0,0,0,907
2026-02-14,"M-01","Siang",0,"Preventive OK",0,0,0,723
2026-02-14,"M-02","Malam",0,"Preventive OK",0,0,0,807
2026-02-14,"M-02","Pagi",0,"Preventive OK",0,0,0,925
2026-02-14,"M-02","Siang",0,"Preventive OK",0,0,0,824
2026-02-14,"M-03","Malam",0,"Preventive OK",0,0,0,750
2026-02-14,"M-03","Pagi",0,"Preventive OK",0,0,0,812
2026-02-14,"M-03","Siang",0,"Preventive OK",0,0,0,734
2026-02-14,"M-04","Malam",1,"Bearing Failure",32,0,32,810
2026-02-14,"M-04","Pagi",0,"Preventive OK",0,0,0,771
2026-02-14,"M-04","Siang",0,"Preventive OK",0,0,0,809
2026-02-14,"M-05","Malam",0,"Preventive OK",0,0,0,428
2026-02-14,"M-05","Pagi",0,"Preventive OK",0,0,0,419
2026-02-14,"M-05","Siang",0,"Preventive OK",0,0,0,373
2026-02-14,"M-06","Malam",0,"Preventive OK",0,0,0,342
2026-02-14,"M-06","Pagi",0,"Preventive OK",0,0,0,423
2026-02-14,"M-06","Siang",0,"Preventive OK",0,0,0,410
2026-02-16,"M-01","Malam",0,"Preventive OK",0,30,30,864
2026-02-16,"M-01","Pagi",0,"Preventive OK",0,30,30,767
2026-02-16,"M-01","Siang",0,"Preventive OK",0,30,30,863
2026-02-16,"M-02","Malam",1,"Bearing Failure",29,30,59,769
2026-02-16,"M-02","Pagi",0,"Preventive OK",0,30,30,802
2026-02-16,"M-02","Siang",0,"Preventive OK",0,30,30,866
2026-02-16,"M-03","Malam",0,"Preventive OK",0,30,30,801
2026-02-16,"M-03","Pagi",0,"Preventive OK",0,30,30,736
2026-02-16,"M-03","Siang",0,"Preventive OK",0,30,30,799
2026-02-16,"M-04","Malam",0,"Preventive OK",0,30,30,794
2026-02-16,"M-04","Pagi",0,"Preventive OK",0,30,30,906
2026-02-16,"M-04","Siang",0,"Preventive OK",0,30,30,846
2026-02-16,"M-05","Malam",0,"Preventive OK",0,30,30,435
2026-02-16,"M-05","Pagi",0,"Preventive OK",0,30,30,419
2026-02-16,"M-05","Siang",0,"Preventive OK",0,30,30,421
2026-02-16,"M-06","Malam",1,"Setup & Adjust",22,30,52,432
2026-02-16,"M-06","Pagi",0,"Preventive OK",0,30,30,439
2026-02-16,"M-06","Siang",0,"Preventive OK",0,30,30,419
2026-02-17,"M-01","Malam",0,"Preventive OK",0,0,0,741
2026-02-17,"M-01","Pagi",0,"Preventive OK",0,0,0,816
2026-02-17,"M-01","Siang",0,"Preventive OK",0,0,0,791
2026-02-17,"M-02","Malam",0,"Preventive OK",0,0,0,762
2026-02-17,"M-02","Pagi",0,"Preventive OK",0,0,0,818
2026-02-17,"M-02","Siang",0,"Preventive OK",0,0,0,838
2026-02-17,"M-03","Malam",0,"Preventive OK",0,0,0,822
2026-02-17,"M-03","Pagi",0,"Preventive OK",0,0,0,825
2026-02-17,"M-03","Siang",0,"Preventive OK",0,0,0,802
2026-02-17,"M-04","Malam",0,"Preventive OK",0,0,0,952
2026-02-17,"M-04","Pagi",0,"Preventive OK",0,0,0,924
2026-02-17,"M-04","Siang",0,"Preventive OK",0,0,0,913
2026-02-17,"M-05","Malam",0,"Preventive OK",0,0,0,375
2026-02-17,"M-05","Pagi",0,"Preventive OK",0,0,0,402
2026-02-17,"M-05","Siang",0,"Preventive OK",0,0,0,413
2026-02-17,"M-06","Malam",0,"Preventive OK",0,0,0,388
2026-02-17,"M-06","Pagi",0,"Preventive OK",0,0,0,393
2026-02-17,"M-06","Siang",0,"Preventive OK",0,0,0,415
2026-02-18,"M-01","Malam",0,"Preventive OK",0,0,0,830
2026-02-18,"M-01","Pagi",0,"Preventive OK",0,0,0,777
2026-02-18,"M-01","Siang",0,"Preventive OK",0,0,0,789
2026-02-18,"M-02","Malam",0,"Preventive OK",0,0,0,848
2026-02-18,"M-02","Pagi",0,"Preventive OK",0,0,0,887
2026-02-18,"M-02","Siang",0,"Preventive OK",0,0,0,844
2026-02-18,"M-03","Malam",0,"Preventive OK",0,0,0,787
2026-02-18,"M-03","Pagi",0,"Preventive OK",0,0,0,816
2026-02-18,"M-03","Siang",0,"Preventive OK",0,0,0,874
2026-02-18,"M-04","Malam",0,"Preventive OK",0,0,0,718
2026-02-18,"M-04","Pagi",0,"Preventive OK",0,0,0,760
2026-02-18,"M-04","Siang",0,"Preventive OK",0,0,0,840
2026-02-18,"M-05","Malam",0,"Preventive OK",0,0,0,413
2026-02-18,"M-05","Pagi",0,"Preventive OK",0,0,0,406
2026-02-18,"M-05","Siang",0,"Preventive OK",0,0,0,393
2026-02-18,"M-06","Malam",0,"Preventive OK",0,0,0,405
2026-02-18,"M-06","Pagi",0,"Preventive OK",0,0,0,419
2026-02-18,"M-06","Siang",0,"Preventive OK",0,0,0,410
2026-02-19,"M-01","Malam",0,"Preventive OK",0,0,0,887
2026-02-19,"M-01","Pagi",0,"Preventive OK",0,0,0,837
2026-02-19,"M-01","Siang",0,"Preventive OK",0,0,0,820
2026-02-19,"M-02","Malam",0,"Preventive OK",0,0,0,767
2026-02-19,"M-02","Pagi",0,"Preventive OK",0,0,0,841
2026-02-19,"M-02","Siang",0,"Preventive OK",0,0,0,739
2026-02-19,"M-03","Malam",0,"Preventive OK",0,0,0,783
2026-02-19,"M-03","Pagi",0,"Preventive OK",0,0,0,833
2026-02-19,"M-03","Siang",0,"Preventive OK",0,0,0,731
2026-02-19,"M-04","Malam",0,"Preventive OK",0,0,0,835
2026-02-19,"M-04","Pagi",0,"Preventive OK",0,0,0,810
2026-02-19,"M-04","Siang",0,"Preventive OK",0,0,0,821
2026-02-19,"M-05","Malam",0,"Preventive OK",0,0,0,403
2026-02-19,"M-05","Pagi",0,"Preventive OK",0,0,0,398
2026-02-19,"M-05","Siang",0,"Preventive OK",0,0,0,394
2026-02-19,"M-06","Malam",0,"Preventive OK",0,0,0,403
2026-02-19,"M-06","Pagi",0,"Preventive OK",0,0,0,389
2026-02-19,"M-06","Siang",0,"Preventive OK",0,0,0,444
2026-02-20,"M-01","Malam",0,"Preventive OK",0,0,0,893
2026-02-20,"M-01","Pagi",1,"Tool Wear",30,0,30,814
2026-02-20,"M-01","Siang",0,"Preventive OK",0,0,0,774
2026-02-20,"M-02","Malam",0,"Preventive OK",0,0,0,811
2026-02-20,"M-02","Pagi",1,"Kelistrikan",53,0,53,766
2026-02-20,"M-02","Siang",0,"Preventive OK",0,0,0,831
2026-02-20,"M-03","Malam",0,"Preventive OK",0,0,0,761
2026-02-20,"M-03","Pagi",0,"Preventive OK",0,0,0,790
2026-02-20,"M-03","Siang",0,"Preventive OK",0,0,0,796
2026-02-20,"M-04","Malam",1,"Tool Wear",13,0,13,889
2026-02-20,"M-04","Pagi",0,"Preventive OK",0,0,0,750
2026-02-20,"M-04","Siang",0,"Preventive OK",0,0,0,876
2026-02-20,"M-05","Malam",0,"Preventive OK",0,0,0,418
2026-02-20,"M-05","Pagi",0,"Preventive OK",0,0,0,393
2026-02-20,"M-05","Siang",0,"Preventive OK",0,0,0,423
2026-02-20,"M-06","Malam",0,"Preventive OK",0,0,0,381
2026-02-20,"M-06","Pagi",0,"Preventive OK",0,0,0,408
2026-02-20,"M-06","Siang",0,"Preventive OK",0,0,0,398
2026-02-21,"M-01","Malam",0,"Preventive OK",0,0,0,754
2026-02-21,"M-01","Pagi",0,"Preventive OK",0,0,0,1005
2026-02-21,"M-01","Siang",0,"Preventive OK",0,0,0,944
2026-02-21,"M-02","Malam",0,"Preventive OK",0,0,0,857
2026-02-21,"M-02","Pagi",0,"Preventive OK",0,0,0,848
2026-02-21,"M-02","Siang",0,"Preventive OK",0,0,0,929
2026-02-21,"M-03","Malam",1,"Tool Wear",21,0,21,873
2026-02-21,"M-03","Pagi",0,"Preventive OK",0,0,0,887
2026-02-21,"M-03","Siang",0,"Preventive OK",0,0,0,758
2026-02-21,"M-04","Malam",0,"Preventive OK",0,0,0,877
2026-02-21,"M-04","Pagi",0,"Preventive OK",0,0,0,764
2026-02-21,"M-04","Siang",0,"Preventive OK",0,0,0,902
2026-02-21,"M-05","Malam",1,"Tool Wear",35,0,35,396
2026-02-21,"M-05","Pagi",0,"Preventive OK",0,0,0,362
2026-02-21,"M-05","Siang",0,"Preventive OK",0,0,0,426
2026-02-21,"M-06","Malam",0,"Preventive OK",0,0,0,420
2026-02-21,"M-06","Pagi",0,"Preventive OK",0,0,0,418
2026-02-21,"M-06","Siang",0,"Preventive OK",0,0,0,400
2026-02-23,"M-01","Malam",0,"Preventive OK",0,30,30,792
2026-02-23,"M-01","Pagi",0,"Preventive OK",0,30,30,758
2026-02-23,"M-01","Siang",0,"Preventive OK",0,30,30,745
2026-02-23,"M-02","Malam",0,"Preventive OK",0,30,30,726
2026-02-23,"M-02","Pagi",0,"Preventive OK",0,30,30,767
2026-02-23,"M-02","Siang",0,"Preventive OK",0,30,30,794
2026-02-23,"M-03","Malam",0,"Preventive OK",0,30,30,928
2026-02-23,"M-03","Pagi",0,"Preventive OK",0,30,30,782
2026-02-23,"M-03","Siang",0,"Preventive OK",0,30,30,881
2026-02-23,"M-04","Malam",0,"Preventive OK",0,30,30,809
2026-02-23,"M-04","Pagi",0,"Preventive OK",0,30,30,724
2026-02-23,"M-04","Siang",0,"Preventive OK",0,30,30,891
2026-02-23,"M-05","Malam",0,"Preventive OK",0,30,30,372
2026-02-23,"M-05","Pagi",0,"Preventive OK",0,30,30,416
2026-02-23,"M-05","Siang",1,"Tool Wear",26,30,56,351
2026-02-23,"M-06","Malam",0,"Preventive OK",0,30,30,417
2026-02-23,"M-06","Pagi",0,"Preventive OK",0,30,30,377
2026-02-23,"M-06","Siang",0,"Preventive OK",0,30,30,401
2026-02-24,"M-01","Malam",0,"Preventive OK",0,0,0,848
2026-02-24,"M-01","Pagi",0,"Preventive OK",0,0,0,918
2026-02-24,"M-01","Siang",0,"Preventive OK",0,0,0,751
2026-02-24,"M-02","Malam",1,"Bearing Failure",42,0,42,702
2026-02-24,"M-02","Pagi",0,"Preventive OK",0,0,0,788
2026-02-24,"M-02","Siang",0,"Preventive OK",0,0,0,832
2026-02-24,"M-03","Malam",0,"Preventive OK",0,0,0,820
2026-02-24,"M-03","Pagi",0,"Preventive OK",0,0,0,816
2026-02-24,"M-03","Siang",0,"Preventive OK",0,0,0,792
2026-02-24,"M-04","Malam",0,"Preventive OK",0,0,0,711
2026-02-24,"M-04","Pagi",0,"Preventive OK",0,0,0,819
2026-02-24,"M-04","Siang",0,"Preventive OK",0,0,0,911
2026-02-24,"M-05","Malam",0,"Preventive OK",0,0,0,371
2026-02-24,"M-05","Pagi",0,"Preventive OK",0,0,0,369
2026-02-24,"M-05","Siang",0,"Preventive OK",0,0,0,403
2026-02-24,"M-06","Malam",0,"Preventive OK",0,0,0,395
2026-02-24,"M-06","Pagi",0,"Preventive OK",0,0,0,406
2026-02-24,"M-06","Siang",0,"Preventive OK",0,0,0,381
2026-02-25,"M-01","Malam",0,"Preventive OK",0,0,0,782
2026-02-25,"M-01","Pagi",0,"Preventive OK",0,0,0,903
2026-02-25,"M-01","Siang",0,"Preventive OK",0,0,0,772
2026-02-25,"M-02","Malam",0,"Preventive OK",0,0,0,847
2026-02-25,"M-02","Pagi",0,"Preventive OK",0,0,0,773
2026-02-25,"M-02","Siang",0,"Preventive OK",0,0,0,747
2026-02-25,"M-03","Malam",0,"Preventive OK",0,0,0,861
2026-02-25,"M-03","Pagi",0,"Preventive OK",0,0,0,843
2026-02-25,"M-03","Siang",0,"Preventive OK",0,0,0,899
2026-02-25,"M-04","Malam",1,"Bearing Failure",21,0,21,903
2026-02-25,"M-04","Pagi",0,"Preventive OK",0,0,0,758
2026-02-25,"M-04","Siang",1,"Kelistrikan",27,0,27,773
2026-02-25,"M-05","Malam",0,"Preventive OK",0,0,0,434
2026-02-25,"M-05","Pagi",0,"Preventive OK",0,0,0,413
2026-02-25,"M-05","Siang",0,"Preventive OK",0,0,0,404
2026-02-25,"M-06","Malam",0,"Preventive OK",0,0,0,408
2026-02-25,"M-06","Pagi",0,"Preventive OK",0,0,0,390
2026-02-25,"M-06","Siang",0,"Preventive OK",0,0,0,405
2026-02-26,"M-01","Malam",0,"Preventive OK",0,0,0,860
2026-02-26,"M-01","Pagi",0,"Preventive OK",0,0,0,737
2026-02-26,"M-01","Siang",0,"Preventive OK",0,0,0,781
2026-02-26,"M-02","Malam",1,"Kelistrikan",24,0,24,753
2026-02-26,"M-02","Pagi",0,"Preventive OK",0,0,0,811
2026-02-26,"M-02","Siang",0,"Preventive OK",0,0,0,756
2026-02-26,"M-03","Malam",0,"Preventive OK",0,0,0,854
2026-02-26,"M-03","Pagi",0,"Preventive OK",0,0,0,864
2026-02-26,"M-03","Siang",0,"Preventive OK",0,0,0,815
2026-02-26,"M-04","Malam",1,"Tool Wear",15,0,15,781
2026-02-26,"M-04","Pagi",0,"Preventive OK",0,0,0,880
2026-02-26,"M-04","Siang",0,"Preventive OK",0,0,0,882
2026-02-26,"M-05","Malam",0,"Preventive OK",0,0,0,425
2026-02-26,"M-05","Pagi",0,"Preventive OK",0,0,0,402
2026-02-26,"M-05","Siang",0,"Preventive OK",0,0,0,456
2026-02-26,"M-06","Malam",0,"Preventive OK",0,0,0,448
2026-02-26,"M-06","Pagi",0,"Preventive OK",0,0,0,386
2026-02-26,"M-06","Siang",0,"Preventive OK",0,0,0,420
2026-02-27,"M-01","Malam",0,"Preventive OK",0,0,0,859
2026-02-27,"M-01","Pagi",0,"Preventive OK",0,0,0,777
2026-02-27,"M-01","Siang",0,"Preventive OK",0,0,0,830
2026-02-27,"M-02","Malam",0,"Preventive OK",0,0,0,784
2026-02-27,"M-02","Pagi",0,"Preventive OK",0,0,0,775
2026-02-27,"M-02","Siang",1,"Kelistrikan",34,0,34,844
2026-02-27,"M-03","Malam",0,"Preventive OK",0,0,0,841
2026-02-27,"M-03","Pagi",0,"Preventive OK",0,0,0,797
2026-02-27,"M-03","Siang",0,"Preventive OK",0,0,0,769
2026-02-27,"M-04","Malam",0,"Preventive OK",0,0,0,732
2026-02-27,"M-04","Pagi",0,"Preventive OK",0,0,0,827
2026-02-27,"M-04","Siang",0,"Preventive OK",0,0,0,747
2026-02-27,"M-05","Malam",1,"Setup & Adjust",28,0,28,418
2026-02-27,"M-05","Pagi",0,"Preventive OK",0,0,0,363
2026-02-27,"M-05","Siang",0,"Preventive OK",0,0,0,406
2026-02-27,"M-06","Malam",0,"Preventive OK",0,0,0,384
2026-02-27,"M-06","Pagi",0,"Preventive OK",0,0,0,406
2026-02-27,"M-06","Siang",0,"Preventive OK",0,0,0,393
2026-02-28,"M-01","Malam",0,"Preventive OK",0,0,0,777
2026-02-28,"M-01","Pagi",0,"Preventive OK",0,0,0,913
2026-02-28,"M-01","Siang",0,"Preventive OK",0,0,0,745
2026-02-28,"M-02","Malam",0,"Preventive OK",0,0,0,829
2026-02-28,"M-02","Pagi",1,"Bearing Failure",23,0,23,793
2026-02-28,"M-02","Siang",0,"Preventive OK",0,0,0,864
2026-02-28,"M-03","Malam",0,"Preventive OK",0,0,0,797
2026-02-28,"M-03","Pagi",0,"Preventive OK",0,0,0,741
2026-02-28,"M-03","Siang",0,"Preventive OK",0,0,0,781
2026-02-28,"M-04","Malam",0,"Preventive OK",0,0,0,813
2026-02-28,"M-04","Pagi",0,"Preventive OK",0,0,0,816
2026-02-28,"M-04","Siang",0,"Preventive OK",0,0,0,781
2026-02-28,"M-05","Malam",0,"Preventive OK",0,0,0,379
2026-02-28,"M-05","Pagi",0,"Preventive OK",0,0,0,373
2026-02-28,"M-05","Siang",0,"Preventive OK",0,0,0,475
2026-02-28,"M-06","Malam",0,"Preventive OK",0,0,0,383
2026-02-28,"M-06","Pagi",0,"Preventive OK",0,0,0,450
2026-02-28,"M-06","Siang",1,"Bearing Failure",15,0,15,411
2026-03-02,"M-01","Malam",0,"Preventive OK",0,30,30,874
2026-03-02,"M-01","Pagi",0,"Preventive OK",0,30,30,849
2026-03-02,"M-01","Siang",0,"Preventive OK",0,30,30,881
2026-03-02,"M-02","Malam",0,"Preventive OK",0,30,30,769
2026-03-02,"M-02","Pagi",0,"Preventive OK",0,30,30,832
2026-03-02,"M-02","Siang",0,"Preventive OK",0,30,30,809
2026-03-02,"M-03","Malam",0,"Preventive OK",0,30,30,662
2026-03-02,"M-03","Pagi",0,"Preventive OK",0,30,30,811
2026-03-02,"M-03","Siang",0,"Preventive OK",0,30,30,814
2026-03-02,"M-04","Malam",1,"Bearing Failure",54,30,84,775
2026-03-02,"M-04","Pagi",0,"Preventive OK",0,30,30,871
2026-03-02,"M-04","Siang",0,"Preventive OK",0,30,30,867
2026-03-02,"M-05","Malam",0,"Preventive OK",0,30,30,366
2026-03-02,"M-05","Pagi",0,"Preventive OK",0,30,30,455
2026-03-02,"M-05","Siang",0,"Preventive OK",0,30,30,467
2026-03-02,"M-06","Malam",0,"Preventive OK",0,30,30,421
2026-03-02,"M-06","Pagi",0,"Preventive OK",0,30,30,375
2026-03-02,"M-06","Siang",0,"Preventive OK",0,30,30,359
2026-03-03,"M-01","Malam",0,"Preventive OK",0,0,0,787
2026-03-03,"M-01","Pagi",0,"Preventive OK",0,0,0,784
2026-03-03,"M-01","Siang",0,"Preventive OK",0,0,0,740
2026-03-03,"M-02","Malam",1,"Tool Wear",59,0,59,754
2026-03-03,"M-02","Pagi",0,"Preventive OK",0,0,0,867
2026-03-03,"M-02","Siang",0,"Preventive OK",0,0,0,754
2026-03-03,"M-03","Malam",0,"Preventive OK",0,0,0,723
2026-03-03,"M-03","Pagi",0,"Preventive OK",0,0,0,768
2026-03-03,"M-03","Siang",0,"Preventive OK",0,0,0,819
2026-03-03,"M-04","Malam",0,"Preventive OK",0,0,0,859
2026-03-03,"M-04","Pagi",0,"Preventive OK",0,0,0,717
2026-03-03,"M-04","Siang",0,"Preventive OK",0,0,0,802
2026-03-03,"M-05","Malam",0,"Preventive OK",0,0,0,388
2026-03-03,"M-05","Pagi",0,"Preventive OK",0,0,0,431
2026-03-03,"M-05","Siang",0,"Preventive OK",0,0,0,439
2026-03-03,"M-06","Malam",0,"Preventive OK",0,0,0,372
2026-03-03,"M-06","Pagi",0,"Preventive OK",0,0,0,402
2026-03-03,"M-06","Siang",0,"Preventive OK",0,0,0,460
2026-03-04,"M-01","Malam",0,"Preventive OK",0,0,0,790
2026-03-04,"M-01","Pagi",0,"Preventive OK",0,0,0,917
2026-03-04,"M-01","Siang",0,"Preventive OK",0,0,0,783
2026-03-04,"M-02","Malam",1,"Bearing Failure",27,0,27,767
2026-03-04,"M-02","Pagi",0,"Preventive OK",0,0,0,778
2026-03-04,"M-02","Siang",0,"Preventive OK",0,0,0,715
2026-03-04,"M-03","Malam",0,"Preventive OK",0,0,0,809
2026-03-04,"M-03","Pagi",0,"Preventive OK",0,0,0,777
2026-03-04,"M-03","Siang",0,"Preventive OK",0,0,0,806
2026-03-04,"M-04","Malam",1,"Tool Wear",35,0,35,757
2026-03-04,"M-04","Pagi",0,"Preventive OK",0,0,0,728
2026-03-04,"M-04","Siang",0,"Preventive OK",0,0,0,856
2026-03-04,"M-05","Malam",0,"Preventive OK",0,0,0,414
2026-03-04,"M-05","Pagi",0,"Preventive OK",0,0,0,438
2026-03-04,"M-05","Siang",1,"Setup & Adjust",23,0,23,430
2026-03-04,"M-06","Malam",0,"Preventive OK",0,0,0,398
2026-03-04,"M-06","Pagi",0,"Preventive OK",0,0,0,402
2026-03-04,"M-06","Siang",0,"Preventive OK",0,0,0,346
2026-03-05,"M-01","Malam",0,"Preventive OK",0,0,0,771
2026-03-05,"M-01","Pagi",0,"Preventive OK",0,0,0,782
2026-03-05,"M-01","Siang",0,"Preventive OK",0,0,0,760
2026-03-05,"M-02","Malam",0,"Preventive OK",0,0,0,695
2026-03-05,"M-02","Pagi",0,"Preventive OK",0,0,0,848
2026-03-05,"M-02","Siang",0,"Preventive OK",0,0,0,743
2026-03-05,"M-03","Malam",0,"Preventive OK",0,0,0,763
2026-03-05,"M-03","Pagi",0,"Preventive OK",0,0,0,796
2026-03-05,"M-03","Siang",0,"Preventive OK",0,0,0,826
2026-03-05,"M-04","Malam",1,"Bearing Failure",21,0,21,814
2026-03-05,"M-04","Pagi",0,"Preventive OK",0,0,0,836
2026-03-05,"M-04","Siang",0,"Preventive OK",0,0,0,710
2026-03-05,"M-05","Malam",0,"Preventive OK",0,0,0,401
2026-03-05,"M-05","Pagi",1,"Bearing Failure",18,0,18,402
2026-03-05,"M-05","Siang",0,"Preventive OK",0,0,0,445
2026-03-05,"M-06","Malam",0,"Preventive OK",0,0,0,424
2026-03-05,"M-06","Pagi",0,"Preventive OK",0,0,0,403
2026-03-05,"M-06","Siang",0,"Preventive OK",0,0,0,398
2026-03-06,"M-01","Malam",0,"Preventive OK",0,0,0,873
2026-03-06,"M-01","Pagi",0,"Preventive OK",0,0,0,845
2026-03-06,"M-01","Siang",0,"Preventive OK",0,0,0,805
2026-03-06,"M-02","Malam",0,"Preventive OK",0,0,0,821
2026-03-06,"M-02","Pagi",0,"Preventive OK",0,0,0,755
2026-03-06,"M-02","Siang",0,"Preventive OK",0,0,0,919
2026-03-06,"M-03","Malam",0,"Preventive OK",0,0,0,898
2026-03-06,"M-03","Pagi",1,"Material Jam",29,0,29,809
2026-03-06,"M-03","Siang",0,"Preventive OK",0,0,0,773
2026-03-06,"M-04","Malam",0,"Preventive OK",0,0,0,892
2026-03-06,"M-04","Pagi",0,"Preventive OK",0,0,0,874
2026-03-06,"M-04","Siang",0,"Preventive OK",0,0,0,748
2026-03-06,"M-05","Malam",0,"Preventive OK",0,0,0,380
2026-03-06,"M-05","Pagi",1,"Material Jam",19,0,19,406
2026-03-06,"M-05","Siang",1,"Bearing Failure",37,0,37,390
2026-03-06,"M-06","Malam",0,"Preventive OK",0,0,0,448
2026-03-06,"M-06","Pagi",0,"Preventive OK",0,0,0,412
2026-03-06,"M-06","Siang",0,"Preventive OK",0,0,0,423
2026-03-07,"M-01","Malam",0,"Preventive OK",0,0,0,870
2026-03-07,"M-01","Pagi",0,"Preventive OK",0,0,0,735
2026-03-07,"M-01","Siang",0,"Preventive OK",0,0,0,809
2026-03-07,"M-02","Malam",0,"Preventive OK",0,0,0,739
2026-03-07,"M-02","Pagi",0,"Preventive OK",0,0,0,751
2026-03-07,"M-02","Siang",0,"Preventive OK",0,0,0,819
2026-03-07,"M-03","Malam",1,"Setup & Adjust",15,0,15,752
2026-03-07,"M-03","Pagi",0,"Preventive OK",0,0,0,791
2026-03-07,"M-03","Siang",0,"Preventive OK",0,0,0,751
2026-03-07,"M-04","Malam",0,"Preventive OK",0,0,0,798
2026-03-07,"M-04","Pagi",0,"Preventive OK",0,0,0,864
2026-03-07,"M-04","Siang",0,"Preventive OK",0,0,0,847
2026-03-07,"M-05","Malam",0,"Preventive OK",0,0,0,428
2026-03-07,"M-05","Pagi",0,"Preventive OK",0,0,0,441
2026-03-07,"M-05","Siang",1,"Tool Wear",30,0,30,354
2026-03-07,"M-06","Malam",0,"Preventive OK",0,0,0,362
2026-03-07,"M-06","Pagi",0,"Preventive OK",0,0,0,427
2026-03-07,"M-06","Siang",0,"Preventive OK",0,0,0,421
2026-03-09,"M-01","Malam",0,"Preventive OK",0,30,30,800
2026-03-09,"M-01","Pagi",0,"Preventive OK",0,30,30,797
2026-03-09,"M-01","Siang",0,"Preventive OK",0,30,30,804
2026-03-09,"M-02","Malam",0,"Preventive OK",0,30,30,896
2026-03-09,"M-02","Pagi",0,"Preventive OK",0,30,30,860
2026-03-09,"M-02","Siang",0,"Preventive OK",0,30,30,878
2026-03-09,"M-03","Malam",0,"Preventive OK",0,30,30,855
2026-03-09,"M-03","Pagi",0,"Preventive OK",0,30,30,807
2026-03-09,"M-03","Siang",0,"Preventive OK",0,30,30,787
2026-03-09,"M-04","Malam",1,"Bearing Failure",67,30,97,761
2026-03-09,"M-04","Pagi",0,"Preventive OK",0,30,30,819
2026-03-09,"M-04","Siang",0,"Preventive OK",0,30,30,846
2026-03-09,"M-05","Malam",0,"Preventive OK",0,30,30,374
2026-03-09,"M-05","Pagi",0,"Preventive OK",0,30,30,420
2026-03-09,"M-05","Siang",0,"Preventive OK",0,30,30,445
2026-03-09,"M-06","Malam",0,"Preventive OK",0,30,30,396
2026-03-09,"M-06","Pagi",0,"Preventive OK",0,30,30,452
2026-03-09,"M-06","Siang",0,"Preventive OK",0,30,30,433
2026-03-10,"M-01","Malam",0,"Preventive OK",0,0,0,834
2026-03-10,"M-01","Pagi",0,"Preventive OK",0,0,0,821
2026-03-10,"M-01","Siang",0,"Preventive OK",0,0,0,851
2026-03-10,"M-02","Malam",0,"Preventive OK",0,0,0,763
2026-03-10,"M-02","Pagi",0,"Preventive OK",0,0,0,781
2026-03-10,"M-02","Siang",0,"Preventive OK",0,0,0,797
2026-03-10,"M-03","Malam",1,"Setup & Adjust",26,0,26,763
2026-03-10,"M-03","Pagi",0,"Preventive OK",0,0,0,739
2026-03-10,"M-03","Siang",0,"Preventive OK",0,0,0,947
2026-03-10,"M-04","Malam",0,"Preventive OK",0,0,0,699
2026-03-10,"M-04","Pagi",0,"Preventive OK",0,0,0,874
2026-03-10,"M-04","Siang",0,"Preventive OK",0,0,0,871
2026-03-10,"M-05","Malam",0,"Preventive OK",0,0,0,375
2026-03-10,"M-05","Pagi",0,"Preventive OK",0,0,0,417
2026-03-10,"M-05","Siang",0,"Preventive OK",0,0,0,333
2026-03-10,"M-06","Malam",0,"Preventive OK",0,0,0,400
2026-03-10,"M-06","Pagi",0,"Preventive OK",0,0,0,356
2026-03-10,"M-06","Siang",0,"Preventive OK",0,0,0,434
2026-03-11,"M-01","Malam",0,"Preventive OK",0,0,0,783
2026-03-11,"M-01","Pagi",0,"Preventive OK",0,0,0,824
2026-03-11,"M-01","Siang",0,"Preventive OK",0,0,0,810
2026-03-11,"M-02","Malam",0,"Preventive OK",0,0,0,773
2026-03-11,"M-02","Pagi",0,"Preventive OK",0,0,0,826
2026-03-11,"M-02","Siang",0,"Preventive OK",0,0,0,763
2026-03-11,"M-03","Malam",0,"Preventive OK",0,0,0,941
2026-03-11,"M-03","Pagi",0,"Preventive OK",0,0,0,889
2026-03-11,"M-03","Siang",0,"Preventive OK",0,0,0,797
2026-03-11,"M-04","Malam",0,"Preventive OK",0,0,0,786
2026-03-11,"M-04","Pagi",0,"Preventive OK",0,0,0,804
2026-03-11,"M-04","Siang",0,"Preventive OK",0,0,0,765
2026-03-11,"M-05","Malam",0,"Preventive OK",0,0,0,427
2026-03-11,"M-05","Pagi",0,"Preventive OK",0,0,0,404
2026-03-11,"M-05","Siang",0,"Preventive OK",0,0,0,430
2026-03-11,"M-06","Malam",0,"Preventive OK",0,0,0,425
2026-03-11,"M-06","Pagi",0,"Preventive OK",0,0,0,401
2026-03-11,"M-06","Siang",0,"Preventive OK",0,0,0,395
2026-03-12,"M-01","Malam",0,"Preventive OK",0,0,0,819
2026-03-12,"M-01","Pagi",0,"Preventive OK",0,0,0,789
2026-03-12,"M-01","Siang",1,"Kelistrikan",15,0,15,743
2026-03-12,"M-02","Malam",0,"Preventive OK",0,0,0,922
2026-03-12,"M-02","Pagi",1,"Bearing Failure",47,0,47,766
2026-03-12,"M-02","Siang",0,"Preventive OK",0,0,0,850
2026-03-12,"M-03","Malam",0,"Preventive OK",0,0,0,784
2026-03-12,"M-03","Pagi",0,"Preventive OK",0,0,0,786
2026-03-12,"M-03","Siang",0,"Preventive OK",0,0,0,835
2026-03-12,"M-04","Malam",0,"Preventive OK",0,0,0,828
2026-03-12,"M-04","Pagi",0,"Preventive OK",0,0,0,809
2026-03-12,"M-04","Siang",0,"Preventive OK",0,0,0,823
2026-03-12,"M-05","Malam",0,"Preventive OK",0,0,0,384
2026-03-12,"M-05","Pagi",0,"Preventive OK",0,0,0,394
2026-03-12,"M-05","Siang",0,"Preventive OK",0,0,0,412
2026-03-12,"M-06","Malam",0,"Preventive OK",0,0,0,397
2026-03-12,"M-06","Pagi",0,"Preventive OK",0,0,0,422
2026-03-12,"M-06","Siang",0,"Preventive OK",0,0,0,416
2026-03-13,"M-01","Malam",0,"Preventive OK",0,0,0,818
2026-03-13,"M-01","Pagi",0,"Preventive OK",0,0,0,841
2026-03-13,"M-01","Siang",0,"Preventive OK",0,0,0,851
2026-03-13,"M-02","Malam",0,"Preventive OK",0,0,0,902
2026-03-13,"M-02","Pagi",0,"Preventive OK",0,0,0,733
2026-03-13,"M-02","Siang",0,"Preventive OK",0,0,0,827
2026-03-13,"M-03","Malam",0,"Preventive OK",0,0,0,890
2026-03-13,"M-03","Pagi",0,"Preventive OK",0,0,0,823
2026-03-13,"M-03","Siang",0,"Preventive OK",0,0,0,829
2026-03-13,"M-04","Malam",0,"Preventive OK",0,0,0,731
2026-03-13,"M-04","Pagi",0,"Preventive OK",0,0,0,804
2026-03-13,"M-04","Siang",0,"Preventive OK",0,0,0,786
2026-03-13,"M-05","Malam",0,"Preventive OK",0,0,0,393
2026-03-13,"M-05","Pagi",0,"Preventive OK",0,0,0,433
2026-03-13,"M-05","Siang",0,"Preventive OK",0,0,0,430
2026-03-13,"M-06","Malam",0,"Preventive OK",0,0,0,411
2026-03-13,"M-06","Pagi",0,"Preventive OK",0,0,0,389
2026-03-13,"M-06","Siang",0,"Preventive OK",0,0,0,464
2026-03-14,"M-01","Malam",0,"Preventive OK",0,0,0,674
2026-03-14,"M-01","Pagi",0,"Preventive OK",0,0,0,796
2026-03-14,"M-01","Siang",0,"Preventive OK",0,0,0,863
2026-03-14,"M-02","Malam",0,"Preventive OK",0,0,0,757
2026-03-14,"M-02","Pagi",0,"Preventive OK",0,0,0,817
2026-03-14,"M-02","Siang",0,"Preventive OK",0,0,0,782
2026-03-14,"M-03","Malam",0,"Preventive OK",0,0,0,769
2026-03-14,"M-03","Pagi",0,"Preventive OK",0,0,0,764
2026-03-14,"M-03","Siang",0,"Preventive OK",0,0,0,813
2026-03-14,"M-04","Malam",0,"Preventive OK",0,0,0,765
2026-03-14,"M-04","Pagi",0,"Preventive OK",0,0,0,777
2026-03-14,"M-04","Siang",0,"Preventive OK",0,0,0,786
2026-03-14,"M-05","Malam",0,"Preventive OK",0,0,0,419
2026-03-14,"M-05","Pagi",0,"Preventive OK",0,0,0,396
2026-03-14,"M-05","Siang",0,"Preventive OK",0,0,0,447
2026-03-14,"M-06","Malam",0,"Preventive OK",0,0,0,418
2026-03-14,"M-06","Pagi",0,"Preventive OK",0,0,0,392
2026-03-14,"M-06","Siang",0,"Preventive OK",0,0,0,447
2026-03-16,"M-01","Malam",0,"Preventive OK",0,30,30,714
2026-03-16,"M-01","Pagi",0,"Preventive OK",0,30,30,846
2026-03-16,"M-01","Siang",0,"Preventive OK",0,30,30,873
2026-03-16,"M-02","Malam",0,"Preventive OK",0,30,30,873
2026-03-16,"M-02","Pagi",0,"Preventive OK",0,30,30,816
2026-03-16,"M-02","Siang",0,"Preventive OK",0,30,30,801
2026-03-16,"M-03","Malam",0,"Preventive OK",0,30,30,823
2026-03-16,"M-03","Pagi",0,"Preventive OK",0,30,30,693
2026-03-16,"M-03","Siang",0,"Preventive OK",0,30,30,802
2026-03-16,"M-04","Malam",0,"Preventive OK",0,30,30,745
2026-03-16,"M-04","Pagi",0,"Preventive OK",0,30,30,829
2026-03-16,"M-04","Siang",0,"Preventive OK",0,30,30,775
2026-03-16,"M-05","Malam",1,"Bearing Failure",20,30,50,389
2026-03-16,"M-05","Pagi",0,"Preventive OK",0,30,30,416
2026-03-16,"M-05","Siang",0,"Preventive OK",0,30,30,350
2026-03-16,"M-06","Malam",0,"Preventive OK",0,30,30,369
2026-03-16,"M-06","Pagi",0,"Preventive OK",0,30,30,409
2026-03-16,"M-06","Siang",0,"Preventive OK",0,30,30,404
2026-03-17,"M-01","Malam",0,"Preventive OK",0,0,0,812
2026-03-17,"M-01","Pagi",0,"Preventive OK",0,0,0,828
2026-03-17,"M-01","Siang",0,"Preventive OK",0,0,0,868
2026-03-17,"M-02","Malam",0,"Preventive OK",0,0,0,714
2026-03-17,"M-02","Pagi",0,"Preventive OK",0,0,0,671
2026-03-17,"M-02","Siang",0,"Preventive OK",0,0,0,837
2026-03-17,"M-03","Malam",0,"Preventive OK",0,0,0,879
2026-03-17,"M-03","Pagi",0,"Preventive OK",0,0,0,884
2026-03-17,"M-03","Siang",0,"Preventive OK",0,0,0,866
2026-03-17,"M-04","Malam",0,"Preventive OK",0,0,0,777
2026-03-17,"M-04","Pagi",0,"Preventive OK",0,0,0,804
2026-03-17,"M-04","Siang",0,"Preventive OK",0,0,0,837
2026-03-17,"M-05","Malam",0,"Preventive OK",0,0,0,428
2026-03-17,"M-05","Pagi",0,"Preventive OK",0,0,0,399
2026-03-17,"M-05","Siang",0,"Preventive OK",0,0,0,448
2026-03-17,"M-06","Malam",0,"Preventive OK",0,0,0,472
2026-03-17,"M-06","Pagi",0,"Preventive OK",0,0,0,472
2026-03-17,"M-06","Siang",0,"Preventive OK",0,0,0,416
2026-03-18,"M-01","Malam",0,"Preventive OK",0,0,0,729
2026-03-18,"M-01","Pagi",0,"Preventive OK",0,0,0,814
2026-03-18,"M-01","Siang",0,"Preventive OK",0,0,0,915
2026-03-18,"M-02","Malam",0,"Preventive OK",0,0,0,759
2026-03-18,"M-02","Pagi",0,"Preventive OK",0,0,0,890
2026-03-18,"M-02","Siang",0,"Preventive OK",0,0,0,741
2026-03-18,"M-03","Malam",0,"Preventive OK",0,0,0,845
2026-03-18,"M-03","Pagi",0,"Preventive OK",0,0,0,784
2026-03-18,"M-03","Siang",1,"Kelistrikan",35,0,35,775
2026-03-18,"M-04","Malam",1,"Bearing Failure",29,0,29,821
2026-03-18,"M-04","Pagi",0,"Preventive OK",0,0,0,804
2026-03-18,"M-04","Siang",0,"Preventive OK",0,0,0,858
2026-03-18,"M-05","Malam",1,"Material Jam",12,0,12,432
2026-03-18,"M-05","Pagi",0,"Preventive OK",0,0,0,380
2026-03-18,"M-05","Siang",0,"Preventive OK",0,0,0,380
2026-03-18,"M-06","Malam",0,"Preventive OK",0,0,0,402
2026-03-18,"M-06","Pagi",0,"Preventive OK",0,0,0,379
2026-03-18,"M-06","Siang",0,"Preventive OK",0,0,0,419
2026-03-19,"M-01","Malam",0,"Preventive OK",0,0,0,787
2026-03-19,"M-01","Pagi",0,"Preventive OK",0,0,0,844
2026-03-19,"M-01","Siang",0,"Preventive OK",0,0,0,763
2026-03-19,"M-02","Malam",0,"Preventive OK",0,0,0,874
2026-03-19,"M-02","Pagi",0,"Preventive OK",0,0,0,832
2026-03-19,"M-02","Siang",0,"Preventive OK",0,0,0,763
2026-03-19,"M-03","Malam",0,"Preventive OK",0,0,0,787
2026-03-19,"M-03","Pagi",0,"Preventive OK",0,0,0,793
2026-03-19,"M-03","Siang",0,"Preventive OK",0,0,0,757
2026-03-19,"M-04","Malam",0,"Preventive OK",0,0,0,834
2026-03-19,"M-04","Pagi",0,"Preventive OK",0,0,0,824
2026-03-19,"M-04","Siang",0,"Preventive OK",0,0,0,823
2026-03-19,"M-05","Malam",0,"Preventive OK",0,0,0,371
2026-03-19,"M-05","Pagi",0,"Preventive OK",0,0,0,355
2026-03-19,"M-05","Siang",0,"Preventive OK",0,0,0,377
2026-03-19,"M-06","Malam",0,"Preventive OK",0,0,0,444
2026-03-19,"M-06","Pagi",0,"Preventive OK",0,0,0,383
2026-03-19,"M-06","Siang",0,"Preventive OK",0,0,0,427
2026-03-20,"M-01","Malam",1,"Tool Wear",10,0,10,901
2026-03-20,"M-01","Pagi",0,"Preventive OK",0,0,0,809
2026-03-20,"M-01","Siang",0,"Preventive OK",0,0,0,859
2026-03-20,"M-02","Malam",0,"Preventive OK",0,0,0,815
2026-03-20,"M-02","Pagi",0,"Preventive OK",0,0,0,765
2026-03-20,"M-02","Siang",0,"Preventive OK",0,0,0,869
2026-03-20,"M-03","Malam",0,"Preventive OK",0,0,0,842
2026-03-20,"M-03","Pagi",0,"Preventive OK",0,0,0,859
2026-03-20,"M-03","Siang",0,"Preventive OK",0,0,0,768
2026-03-20,"M-04","Malam",1,"Bearing Failure",26,0,26,778
2026-03-20,"M-04","Pagi",0,"Preventive OK",0,0,0,833
2026-03-20,"M-04","Siang",0,"Preventive OK",0,0,0,907
2026-03-20,"M-05","Malam",0,"Preventive OK",0,0,0,426
2026-03-20,"M-05","Pagi",0,"Preventive OK",0,0,0,413
2026-03-20,"M-05","Siang",0,"Preventive OK",0,0,0,411
2026-03-20,"M-06","Malam",0,"Preventive OK",0,0,0,421
2026-03-20,"M-06","Pagi",0,"Preventive OK",0,0,0,404
2026-03-20,"M-06","Siang",0,"Preventive OK",0,0,0,442
2026-03-21,"M-01","Malam",0,"Preventive OK",0,0,0,799
2026-03-21,"M-01","Pagi",0,"Preventive OK",0,0,0,886
2026-03-21,"M-01","Siang",0,"Preventive OK",0,0,0,786
2026-03-21,"M-02","Malam",1,"Kelistrikan",24,0,24,819
2026-03-21,"M-02","Pagi",0,"Preventive OK",0,0,0,756
2026-03-21,"M-02","Siang",0,"Preventive OK",0,0,0,774
2026-03-21,"M-03","Malam",0,"Preventive OK",0,0,0,715
2026-03-21,"M-03","Pagi",0,"Preventive OK",0,0,0,836
2026-03-21,"M-03","Siang",0,"Preventive OK",0,0,0,806
2026-03-21,"M-04","Malam",0,"Preventive OK",0,0,0,886
2026-03-21,"M-04","Pagi",0,"Preventive OK",0,0,0,939
2026-03-21,"M-04","Siang",0,"Preventive OK",0,0,0,818
2026-03-21,"M-05","Malam",0,"Preventive OK",0,0,0,377
2026-03-21,"M-05","Pagi",0,"Preventive OK",0,0,0,436
2026-03-21,"M-05","Siang",0,"Preventive OK",0,0,0,433
2026-03-21,"M-06","Malam",0,"Preventive OK",0,0,0,403
2026-03-21,"M-06","Pagi",0,"Preventive OK",0,0,0,408
2026-03-21,"M-06","Siang",0,"Preventive OK",0,0,0,454
2026-03-23,"M-01","Malam",0,"Preventive OK",0,30,30,817
2026-03-23,"M-01","Pagi",0,"Preventive OK",0,30,30,833
2026-03-23,"M-01","Siang",0,"Preventive OK",0,30,30,903
2026-03-23,"M-02","Malam",0,"Preventive OK",0,30,30,913
2026-03-23,"M-02","Pagi",0,"Preventive OK",0,30,30,878
2026-03-23,"M-02","Siang",0,"Preventive OK",0,30,30,813
2026-03-23,"M-03","Malam",0,"Preventive OK",0,30,30,879
2026-03-23,"M-03","Pagi",0,"Preventive OK",0,30,30,807
2026-03-23,"M-03","Siang",0,"Preventive OK",0,30,30,890
2026-03-23,"M-04","Malam",0,"Preventive OK",0,30,30,874
2026-03-23,"M-04","Pagi",0,"Preventive OK",0,30,30,807
2026-03-23,"M-04","Siang",0,"Preventive OK",0,30,30,841
2026-03-23,"M-05","Malam",0,"Preventive OK",0,30,30,395
2026-03-23,"M-05","Pagi",0,"Preventive OK",0,30,30,420
2026-03-23,"M-05","Siang",0,"Preventive OK",0,30,30,422
2026-03-23,"M-06","Malam",0,"Preventive OK",0,30,30,380
2026-03-23,"M-06","Pagi",0,"Preventive OK",0,30,30,399
2026-03-23,"M-06","Siang",0,"Preventive OK",0,30,30,373
2026-03-24,"M-01","Malam",0,"Preventive OK",0,0,0,892
2026-03-24,"M-01","Pagi",0,"Preventive OK",0,0,0,784
2026-03-24,"M-01","Siang",0,"Preventive OK",0,0,0,759
2026-03-24,"M-02","Malam",0,"Preventive OK",0,0,0,718
2026-03-24,"M-02","Pagi",0,"Preventive OK",0,0,0,816
2026-03-24,"M-02","Siang",0,"Preventive OK",0,0,0,827
2026-03-24,"M-03","Malam",0,"Preventive OK",0,0,0,830
2026-03-24,"M-03","Pagi",0,"Preventive OK",0,0,0,804
2026-03-24,"M-03","Siang",0,"Preventive OK",0,0,0,821
2026-03-24,"M-04","Malam",0,"Preventive OK",0,0,0,845
2026-03-24,"M-04","Pagi",0,"Preventive OK",0,0,0,827
2026-03-24,"M-04","Siang",0,"Preventive OK",0,0,0,767
2026-03-24,"M-05","Malam",1,"Material Jam",23,0,23,401
2026-03-24,"M-05","Pagi",0,"Preventive OK",0,0,0,377
2026-03-24,"M-05","Siang",0,"Preventive OK",0,0,0,409
2026-03-24,"M-06","Malam",1,"Material Jam",14,0,14,377
2026-03-24,"M-06","Pagi",0,"Preventive OK",0,0,0,404
2026-03-24,"M-06","Siang",0,"Preventive OK",0,0,0,395
2026-03-25,"M-01","Malam",0,"Preventive OK",0,0,0,834
2026-03-25,"M-01","Pagi",0,"Preventive OK",0,0,0,732
2026-03-25,"M-01","Siang",0,"Preventive OK",0,0,0,823
2026-03-25,"M-02","Malam",0,"Preventive OK",0,0,0,852
2026-03-25,"M-02","Pagi",0,"Preventive OK",0,0,0,861
2026-03-25,"M-02","Siang",1,"Bearing Failure",42,0,42,844
2026-03-25,"M-03","Malam",0,"Preventive OK",0,0,0,811
2026-03-25,"M-03","Pagi",0,"Preventive OK",0,0,0,833
2026-03-25,"M-03","Siang",0,"Preventive OK",0,0,0,735
2026-03-25,"M-04","Malam",0,"Preventive OK",0,0,0,868
2026-03-25,"M-04","Pagi",0,"Preventive OK",0,0,0,820
2026-03-25,"M-04","Siang",0,"Preventive OK",0,0,0,785
2026-03-25,"M-05","Malam",0,"Preventive OK",0,0,0,415
2026-03-25,"M-05","Pagi",0,"Preventive OK",0,0,0,435
2026-03-25,"M-05","Siang",0,"Preventive OK",0,0,0,413
2026-03-25,"M-06","Malam",0,"Preventive OK",0,0,0,438
2026-03-25,"M-06","Pagi",0,"Preventive OK",0,0,0,405
2026-03-25,"M-06","Siang",0,"Preventive OK",0,0,0,406
2026-03-26,"M-01","Malam",0,"Preventive OK",0,0,0,808
2026-03-26,"M-01","Pagi",0,"Preventive OK",0,0,0,872
2026-03-26,"M-01","Siang",0,"Preventive OK",0,0,0,818
2026-03-26,"M-02","Malam",0,"Preventive OK",0,0,0,659
2026-03-26,"M-02","Pagi",0,"Preventive OK",0,0,0,911
2026-03-26,"M-02","Siang",0,"Preventive OK",0,0,0,759
2026-03-26,"M-03","Malam",0,"Preventive OK",0,0,0,810
2026-03-26,"M-03","Pagi",0,"Preventive OK",0,0,0,838
2026-03-26,"M-03","Siang",0,"Preventive OK",0,0,0,717
2026-03-26,"M-04","Malam",0,"Preventive OK",0,0,0,859
2026-03-26,"M-04","Pagi",0,"Preventive OK",0,0,0,830
2026-03-26,"M-04","Siang",0,"Preventive OK",0,0,0,833
2026-03-26,"M-05","Malam",0,"Preventive OK",0,0,0,408
2026-03-26,"M-05","Pagi",0,"Preventive OK",0,0,0,351
2026-03-26,"M-05","Siang",0,"Preventive OK",0,0,0,351
2026-03-26,"M-06","Malam",0,"Preventive OK",0,0,0,385
2026-03-26,"M-06","Pagi",0,"Preventive OK",0,0,0,385
2026-03-26,"M-06","Siang",0,"Preventive OK",0,0,0,401
2026-03-27,"M-01","Malam",0,"Preventive OK",0,0,0,810
2026-03-27,"M-01","Pagi",0,"Preventive OK",0,0,0,730
2026-03-27,"M-01","Siang",0,"Preventive OK",0,0,0,835
2026-03-27,"M-02","Malam",0,"Preventive OK",0,0,0,813
2026-03-27,"M-02","Pagi",0,"Preventive OK",0,0,0,779
2026-03-27,"M-02","Siang",0,"Preventive OK",0,0,0,845
2026-03-27,"M-03","Malam",0,"Preventive OK",0,0,0,831
2026-03-27,"M-03","Pagi",0,"Preventive OK",0,0,0,825
2026-03-27,"M-03","Siang",0,"Preventive OK",0,0,0,843
2026-03-27,"M-04","Malam",1,"Kelistrikan",37,0,37,728
2026-03-27,"M-04","Pagi",0,"Preventive OK",0,0,0,913
2026-03-27,"M-04","Siang",1,"Bearing Failure",52,0,52,739
2026-03-27,"M-05","Malam",0,"Preventive OK",0,0,0,430
2026-03-27,"M-05","Pagi",0,"Preventive OK",0,0,0,441
2026-03-27,"M-05","Siang",0,"Preventive OK",0,0,0,404
2026-03-27,"M-06","Malam",0,"Preventive OK",0,0,0,356
2026-03-27,"M-06","Pagi",0,"Preventive OK",0,0,0,427
2026-03-27,"M-06","Siang",0,"Preventive OK",0,0,0,379
2026-03-28,"M-01","Malam",0,"Preventive OK",0,0,0,817
2026-03-28,"M-01","Pagi",0,"Preventive OK",0,0,0,776
2026-03-28,"M-01","Siang",0,"Preventive OK",0,0,0,718
2026-03-28,"M-02","Malam",1,"Bearing Failure",32,0,32,864
2026-03-28,"M-02","Pagi",1,"Bearing Failure",41,0,41,799
2026-03-28,"M-02","Siang",0,"Preventive OK",0,0,0,821
2026-03-28,"M-03","Malam",1,"Setup & Adjust",16,0,16,808
2026-03-28,"M-03","Pagi",0,"Preventive OK",0,0,0,858
2026-03-28,"M-03","Siang",0,"Preventive OK",0,0,0,753
2026-03-28,"M-04","Malam",0,"Preventive OK",0,0,0,790
2026-03-28,"M-04","Pagi",0,"Preventive OK",0,0,0,865
2026-03-28,"M-04","Siang",0,"Preventive OK",0,0,0,887
2026-03-28,"M-05","Malam",0,"Preventive OK",0,0,0,392
2026-03-28,"M-05","Pagi",0,"Preventive OK",0,0,0,401
2026-03-28,"M-05","Siang",1,"Material Jam",51,0,51,396
2026-03-28,"M-06","Malam",0,"Preventive OK",0,0,0,440
2026-03-28,"M-06","Pagi",1,"Bearing Failure",11,0,11,410
2026-03-28,"M-06","Siang",0,"Preventive OK",0,0,0,375
2026-03-30,"M-01","Malam",0,"Preventive OK",0,30,30,856
2026-03-30,"M-01","Pagi",0,"Preventive OK",0,30,30,762
2026-03-30,"M-01","Siang",0,"Preventive OK",0,30,30,784
2026-03-30,"M-02","Malam",1,"Kelistrikan",19,30,49,824
2026-03-30,"M-02","Pagi",0,"Preventive OK",0,30,30,835
2026-03-30,"M-02","Siang",0,"Preventive OK",0,30,30,783
2026-03-30,"M-03","Malam",0,"Preventive OK",0,30,30,709
2026-03-30,"M-03","Pagi",0,"Preventive OK",0,30,30,780
2026-03-30,"M-03","Siang",0,"Preventive OK",0,30,30,886
2026-03-30,"M-04","Malam",0,"Preventive OK",0,30,30,892
2026-03-30,"M-04","Pagi",0,"Preventive OK",0,30,30,708
2026-03-30,"M-04","Siang",0,"Preventive OK",0,30,30,877
2026-03-30,"M-05","Malam",0,"Preventive OK",0,30,30,405
2026-03-30,"M-05","Pagi",0,"Preventive OK",0,30,30,423
2026-03-30,"M-05","Siang",0,"Preventive OK",0,30,30,452
2026-03-30,"M-06","Malam",0,"Preventive OK",0,30,30,396
2026-03-30,"M-06","Pagi",0,"Preventive OK",0,30,30,459
2026-03-30,"M-06","Siang",0,"Preventive OK",0,30,30,403
2026-03-31,"M-01","Malam",0,"Preventive OK",0,0,0,814
2026-03-31,"M-01","Pagi",0,"Preventive OK",0,0,0,898
2026-03-31,"M-01","Siang",0,"Preventive OK",0,0,0,796
2026-03-31,"M-02","Malam",0,"Preventive OK",0,0,0,815
2026-03-31,"M-02","Pagi",1,"Bearing Failure",25,0,25,772
2026-03-31,"M-02","Siang",0,"Preventive OK",0,0,0,801
2026-03-31,"M-03","Malam",0,"Preventive OK",0,0,0,814
2026-03-31,"M-03","Pagi",0,"Preventive OK",0,0,0,793
2026-03-31,"M-03","Siang",0,"Preventive OK",0,0,0,815
2026-03-31,"M-04","Malam",1,"Bearing Failure",22,0,22,817
2026-03-31,"M-04","Pagi",0,"Preventive OK",0,0,0,822
2026-03-31,"M-04","Siang",0,"Preventive OK",0,0,0,823
2026-03-31,"M-05","Malam",0,"Preventive OK",0,0,0,437
2026-03-31,"M-05","Pagi",0,"Preventive OK",0,0,0,416
2026-03-31,"M-05","Siang",0,"Preventive OK",0,0,0,419
2026-03-31,"M-06","Malam",0,"Preventive OK",0,0,0,373
2026-03-31,"M-06","Pagi",0,"Preventive OK",0,0,0,414
2026-03-31,"M-06","Siang",0,"Preventive OK",0,0,0,365
2026-04-01,"M-01","Malam",0,"Preventive OK",0,0,0,713
2026-04-01,"M-01","Pagi",0,"Preventive OK",0,0,0,824
2026-04-01,"M-01","Siang",0,"Preventive OK",0,0,0,787
2026-04-01,"M-02","Malam",0,"Preventive OK",0,0,0,761
2026-04-01,"M-02","Pagi",0,"Preventive OK",0,0,0,759
2026-04-01,"M-02","Siang",0,"Preventive OK",0,0,0,735
2026-04-01,"M-03","Malam",0,"Preventive OK",0,0,0,773
2026-04-01,"M-03","Pagi",1,"Setup & Adjust",25,0,25,771
2026-04-01,"M-03","Siang",0,"Preventive OK",0,0,0,852
2026-04-01,"M-04","Malam",0,"Preventive OK",0,0,0,810
2026-04-01,"M-04","Pagi",0,"Preventive OK",0,0,0,909
2026-04-01,"M-04","Siang",0,"Preventive OK",0,0,0,880
2026-04-01,"M-05","Malam",0,"Preventive OK",0,0,0,402
2026-04-01,"M-05","Pagi",0,"Preventive OK",0,0,0,420
2026-04-01,"M-05","Siang",0,"Preventive OK",0,0,0,431
2026-04-01,"M-06","Malam",0,"Preventive OK",0,0,0,392
2026-04-01,"M-06","Pagi",0,"Preventive OK",0,0,0,401
2026-04-01,"M-06","Siang",0,"Preventive OK",0,0,0,425
2026-04-02,"M-01","Malam",0,"Preventive OK",0,0,0,775
2026-04-02,"M-01","Pagi",0,"Preventive OK",0,0,0,906
2026-04-02,"M-01","Siang",0,"Preventive OK",0,0,0,783
2026-04-02,"M-02","Malam",0,"Preventive OK",0,0,0,805
2026-04-02,"M-02","Pagi",0,"Preventive OK",0,0,0,797
2026-04-02,"M-02","Siang",0,"Preventive OK",0,0,0,812
2026-04-02,"M-03","Malam",0,"Preventive OK",0,0,0,765
2026-04-02,"M-03","Pagi",0,"Preventive OK",0,0,0,779
2026-04-02,"M-03","Siang",0,"Preventive OK",0,0,0,806
2026-04-02,"M-04","Malam",1,"Bearing Failure",21,0,21,838
2026-04-02,"M-04","Pagi",0,"Preventive OK",0,0,0,712
2026-04-02,"M-04","Siang",0,"Preventive OK",0,0,0,745
2026-04-02,"M-05","Malam",0,"Preventive OK",0,0,0,435
2026-04-02,"M-05","Pagi",0,"Preventive OK",0,0,0,400
2026-04-02,"M-05","Siang",0,"Preventive OK",0,0,0,402
2026-04-02,"M-06","Malam",0,"Preventive OK",0,0,0,342
2026-04-02,"M-06","Pagi",0,"Preventive OK",0,0,0,414
2026-04-02,"M-06","Siang",1,"Tool Wear",16,0,16,412
2026-04-03,"M-01","Malam",0,"Preventive OK",0,0,0,830
2026-04-03,"M-01","Pagi",0,"Preventive OK",0,0,0,840
2026-04-03,"M-01","Siang",0,"Preventive OK",0,0,0,797
2026-04-03,"M-02","Malam",1,"Bearing Failure",41,0,41,847
2026-04-03,"M-02","Pagi",0,"Preventive OK",0,0,0,806
2026-04-03,"M-02","Siang",0,"Preventive OK",0,0,0,819
2026-04-03,"M-03","Malam",0,"Preventive OK",0,0,0,806
2026-04-03,"M-03","Pagi",0,"Preventive OK",0,0,0,822
2026-04-03,"M-03","Siang",0,"Preventive OK",0,0,0,711
2026-04-03,"M-04","Malam",1,"Tool Wear",29,0,29,710
2026-04-03,"M-04","Pagi",0,"Preventive OK",0,0,0,893
2026-04-03,"M-04","Siang",0,"Preventive OK",0,0,0,893
2026-04-03,"M-05","Malam",0,"Preventive OK",0,0,0,445
2026-04-03,"M-05","Pagi",0,"Preventive OK",0,0,0,413
2026-04-03,"M-05","Siang",0,"Preventive OK",0,0,0,348
2026-04-03,"M-06","Malam",0,"Preventive OK",0,0,0,382
2026-04-03,"M-06","Pagi",0,"Preventive OK",0,0,0,410
2026-04-03,"M-06","Siang",1,"Setup & Adjust",15,0,15,374
2026-04-04,"M-01","Malam",0,"Preventive OK",0,0,0,830
2026-04-04,"M-01","Pagi",0,"Preventive OK",0,0,0,761
2026-04-04,"M-01","Siang",0,"Preventive OK",0,0,0,831
2026-04-04,"M-02","Malam",1,"Kelistrikan",28,0,28,720
2026-04-04,"M-02","Pagi",0,"Preventive OK",0,0,0,828
2026-04-04,"M-02","Siang",0,"Preventive OK",0,0,0,971
2026-04-04,"M-03","Malam",0,"Preventive OK",0,0,0,822
2026-04-04,"M-03","Pagi",0,"Preventive OK",0,0,0,742
2026-04-04,"M-03","Siang",0,"Preventive OK",0,0,0,851
2026-04-04,"M-04","Malam",0,"Preventive OK",0,0,0,799
2026-04-04,"M-04","Pagi",0,"Preventive OK",0,0,0,828
2026-04-04,"M-04","Siang",0,"Preventive OK",0,0,0,905
2026-04-04,"M-05","Malam",0,"Preventive OK",0,0,0,383
2026-04-04,"M-05","Pagi",0,"Preventive OK",0,0,0,393
2026-04-04,"M-05","Siang",0,"Preventive OK",0,0,0,365
2026-04-04,"M-06","Malam",0,"Preventive OK",0,0,0,413
2026-04-04,"M-06","Pagi",0,"Preventive OK",0,0,0,485
2026-04-04,"M-06","Siang",0,"Preventive OK",0,0,0,386
2026-04-06,"M-01","Malam",0,"Preventive OK",0,30,30,883
2026-04-06,"M-01","Pagi",0,"Preventive OK",0,30,30,812
2026-04-06,"M-01","Siang",0,"Preventive OK",0,30,30,812
2026-04-06,"M-02","Malam",0,"Preventive OK",0,30,30,829
2026-04-06,"M-02","Pagi",0,"Preventive OK",0,30,30,777
2026-04-06,"M-02","Siang",0,"Preventive OK",0,30,30,881
2026-04-06,"M-03","Malam",0,"Preventive OK",0,30,30,789
2026-04-06,"M-03","Pagi",0,"Preventive OK",0,30,30,864
2026-04-06,"M-03","Siang",0,"Preventive OK",0,30,30,888
2026-04-06,"M-04","Malam",0,"Preventive OK",0,30,30,819
2026-04-06,"M-04","Pagi",0,"Preventive OK",0,30,30,892
2026-04-06,"M-04","Siang",0,"Preventive OK",0,30,30,942
2026-04-06,"M-05","Malam",0,"Preventive OK",0,30,30,365
2026-04-06,"M-05","Pagi",0,"Preventive OK",0,30,30,372
2026-04-06,"M-05","Siang",0,"Preventive OK",0,30,30,412
2026-04-06,"M-06","Malam",0,"Preventive OK",0,30,30,386
2026-04-06,"M-06","Pagi",0,"Preventive OK",0,30,30,364
2026-04-06,"M-06","Siang",0,"Preventive OK",0,30,30,388
2026-04-07,"M-01","Malam",0,"Preventive OK",0,0,0,741
2026-04-07,"M-01","Pagi",0,"Preventive OK",0,0,0,854
2026-04-07,"M-01","Siang",0,"Preventive OK",0,0,0,822
2026-04-07,"M-02","Malam",1,"Kelistrikan",26,0,26,838
2026-04-07,"M-02","Pagi",0,"Preventive OK",0,0,0,813
2026-04-07,"M-02","Siang",0,"Preventive OK",0,0,0,818
2026-04-07,"M-03","Malam",0,"Preventive OK",0,0,0,819
2026-04-07,"M-03","Pagi",0,"Preventive OK",0,0,0,797
2026-04-07,"M-03","Siang",0,"Preventive OK",0,0,0,816
2026-04-07,"M-04","Malam",1,"Bearing Failure",29,0,29,772
2026-04-07,"M-04","Pagi",0,"Preventive OK",0,0,0,846
2026-04-07,"M-04","Siang",0,"Preventive OK",0,0,0,755
2026-04-07,"M-05","Malam",0,"Preventive OK",0,0,0,426
2026-04-07,"M-05","Pagi",0,"Preventive OK",0,0,0,395
2026-04-07,"M-05","Siang",0,"Preventive OK",0,0,0,366
2026-04-07,"M-06","Malam",0,"Preventive OK",0,0,0,425
2026-04-07,"M-06","Pagi",0,"Preventive OK",0,0,0,364
2026-04-07,"M-06","Siang",0,"Preventive OK",0,0,0,472
2026-04-08,"M-01","Malam",0,"Preventive OK",0,0,0,792
2026-04-08,"M-01","Pagi",0,"Preventive OK",0,0,0,863
2026-04-08,"M-01","Siang",0,"Preventive OK",0,0,0,744
2026-04-08,"M-02","Malam",0,"Preventive OK",0,0,0,771
2026-04-08,"M-02","Pagi",0,"Preventive OK",0,0,0,911
2026-04-08,"M-02","Siang",0,"Preventive OK",0,0,0,742
2026-04-08,"M-03","Malam",0,"Preventive OK",0,0,0,704
2026-04-08,"M-03","Pagi",0,"Preventive OK",0,0,0,779
2026-04-08,"M-03","Siang",0,"Preventive OK",0,0,0,844
2026-04-08,"M-04","Malam",0,"Preventive OK",0,0,0,732
2026-04-08,"M-04","Pagi",0,"Preventive OK",0,0,0,888
2026-04-08,"M-04","Siang",0,"Preventive OK",0,0,0,884
2026-04-08,"M-05","Malam",1,"Material Jam",16,0,16,389
2026-04-08,"M-05","Pagi",0,"Preventive OK",0,0,0,428
2026-04-08,"M-05","Siang",0,"Preventive OK",0,0,0,379
2026-04-08,"M-06","Malam",0,"Preventive OK",0,0,0,410
2026-04-08,"M-06","Pagi",0,"Preventive OK",0,0,0,382
2026-04-08,"M-06","Siang",0,"Preventive OK",0,0,0,367
2026-04-09,"M-01","Malam",0,"Preventive OK",0,0,0,833
2026-04-09,"M-01","Pagi",0,"Preventive OK",0,0,0,720
2026-04-09,"M-01","Siang",0,"Preventive OK",0,0,0,737
2026-04-09,"M-02","Malam",0,"Preventive OK",0,0,0,807
2026-04-09,"M-02","Pagi",0,"Preventive OK",0,0,0,760
2026-04-09,"M-02","Siang",0,"Preventive OK",0,0,0,800
2026-04-09,"M-03","Malam",0,"Preventive OK",0,0,0,837
2026-04-09,"M-03","Pagi",0,"Preventive OK",0,0,0,854
2026-04-09,"M-03","Siang",0,"Preventive OK",0,0,0,729
2026-04-09,"M-04","Malam",0,"Preventive OK",0,0,0,917
2026-04-09,"M-04","Pagi",0,"Preventive OK",0,0,0,808
2026-04-09,"M-04","Siang",0,"Preventive OK",0,0,0,837
2026-04-09,"M-05","Malam",0,"Preventive OK",0,0,0,385
2026-04-09,"M-05","Pagi",0,"Preventive OK",0,0,0,387
2026-04-09,"M-05","Siang",0,"Preventive OK",0,0,0,365
2026-04-09,"M-06","Malam",0,"Preventive OK",0,0,0,384
2026-04-09,"M-06","Pagi",0,"Preventive OK",0,0,0,407
2026-04-09,"M-06","Siang",0,"Preventive OK",0,0,0,412
2026-04-10,"M-01","Malam",0,"Preventive OK",0,0,0,787
2026-04-10,"M-01","Pagi",0,"Preventive OK",0,0,0,710
2026-04-10,"M-01","Siang",0,"Preventive OK",0,0,0,807
2026-04-10,"M-02","Malam",1,"Tool Wear",30,0,30,844
2026-04-10,"M-02","Pagi",0,"Preventive OK",0,0,0,759
2026-04-10,"M-02","Siang",1,"Bearing Failure",35,0,35,782
2026-04-10,"M-03","Malam",0,"Preventive OK",0,0,0,842
2026-04-10,"M-03","Pagi",0,"Preventive OK",0,0,0,743
2026-04-10,"M-03","Siang",0,"Preventive OK",0,0,0,658
2026-04-10,"M-04","Malam",0,"Preventive OK",0,0,0,806
2026-04-10,"M-04","Pagi",0,"Preventive OK",0,0,0,755
2026-04-10,"M-04","Siang",0,"Preventive OK",0,0,0,730
2026-04-10,"M-05","Malam",0,"Preventive OK",0,0,0,408
2026-04-10,"M-05","Pagi",0,"Preventive OK",0,0,0,407
2026-04-10,"M-05","Siang",0,"Preventive OK",0,0,0,461
2026-04-10,"M-06","Malam",0,"Preventive OK",0,0,0,412
2026-04-10,"M-06","Pagi",0,"Preventive OK",0,0,0,411
2026-04-10,"M-06","Siang",0,"Preventive OK",0,0,0,409
2026-04-11,"M-01","Malam",0,"Preventive OK",0,0,0,914
2026-04-11,"M-01","Pagi",0,"Preventive OK",0,0,0,842
2026-04-11,"M-01","Siang",0,"Preventive OK",0,0,0,836
2026-04-11,"M-02","Malam",1,"Bearing Failure",23,0,23,873
2026-04-11,"M-02","Pagi",0,"Preventive OK",0,0,0,759
2026-04-11,"M-02","Siang",0,"Preventive OK",0,0,0,826
2026-04-11,"M-03","Malam",0,"Preventive OK",0,0,0,879
2026-04-11,"M-03","Pagi",1,"Bearing Failure",21,0,21,742
2026-04-11,"M-03","Siang",0,"Preventive OK",0,0,0,816
2026-04-11,"M-04","Malam",0,"Preventive OK",0,0,0,850
2026-04-11,"M-04","Pagi",0,"Preventive OK",0,0,0,779
2026-04-11,"M-04","Siang",1,"Tool Wear",56,0,56,808
2026-04-11,"M-05","Malam",0,"Preventive OK",0,0,0,415
2026-04-11,"M-05","Pagi",0,"Preventive OK",0,0,0,366
2026-04-11,"M-05","Siang",0,"Preventive OK",0,0,0,387
2026-04-11,"M-06","Malam",0,"Preventive OK",0,0,0,435
2026-04-11,"M-06","Pagi",0,"Preventive OK",0,0,0,441
2026-04-11,"M-06","Siang",0,"Preventive OK",0,0,0,457
2026-04-13,"M-01","Malam",0,"Preventive OK",0,30,30,712
2026-04-13,"M-01","Pagi",0,"Preventive OK",0,30,30,809
2026-04-13,"M-01","Siang",0,"Preventive OK",0,30,30,934
2026-04-13,"M-02","Malam",0,"Preventive OK",0,30,30,877
2026-04-13,"M-02","Pagi",0,"Preventive OK",0,30,30,870
2026-04-13,"M-02","Siang",0,"Preventive OK",0,30,30,922
2026-04-13,"M-03","Malam",0,"Preventive OK",0,30,30,826
2026-04-13,"M-03","Pagi",0,"Preventive OK",0,30,30,785
2026-04-13,"M-03","Siang",0,"Preventive OK",0,30,30,790
2026-04-13,"M-04","Malam",0,"Preventive OK",0,30,30,747
2026-04-13,"M-04","Pagi",0,"Preventive OK",0,30,30,776
2026-04-13,"M-04","Siang",0,"Preventive OK",0,30,30,826
2026-04-13,"M-05","Malam",0,"Preventive OK",0,30,30,356
2026-04-13,"M-05","Pagi",1,"Bearing Failure",22,30,52,375
2026-04-13,"M-05","Siang",0,"Preventive OK",0,30,30,367
2026-04-13,"M-06","Malam",0,"Preventive OK",0,30,30,409
2026-04-13,"M-06","Pagi",0,"Preventive OK",0,30,30,420
2026-04-13,"M-06","Siang",0,"Preventive OK",0,30,30,436
2026-04-14,"M-01","Malam",1,"Tool Wear",28,0,28,866
2026-04-14,"M-01","Pagi",0,"Preventive OK",0,0,0,930
2026-04-14,"M-01","Siang",0,"Preventive OK",0,0,0,762
2026-04-14,"M-02","Malam",1,"Bearing Failure",18,0,18,854
2026-04-14,"M-02","Pagi",0,"Preventive OK",0,0,0,767
2026-04-14,"M-02","Siang",0,"Preventive OK",0,0,0,759
2026-04-14,"M-03","Malam",0,"Preventive OK",0,0,0,788
2026-04-14,"M-03","Pagi",0,"Preventive OK",0,0,0,940
2026-04-14,"M-03","Siang",1,"Tool Wear",18,0,18,837
2026-04-14,"M-04","Malam",1,"Kelistrikan",33,0,33,822
2026-04-14,"M-04","Pagi",0,"Preventive OK",0,0,0,888
2026-04-14,"M-04","Siang",0,"Preventive OK",0,0,0,757
2026-04-14,"M-05","Malam",0,"Preventive OK",0,0,0,369
2026-04-14,"M-05","Pagi",0,"Preventive OK",0,0,0,440
2026-04-14,"M-05","Siang",0,"Preventive OK",0,0,0,429
2026-04-14,"M-06","Malam",0,"Preventive OK",0,0,0,462
2026-04-14,"M-06","Pagi",0,"Preventive OK",0,0,0,406
2026-04-14,"M-06","Siang",0,"Preventive OK",0,0,0,432
2026-04-15,"M-01","Malam",1,"Setup & Adjust",17,0,17,722
2026-04-15,"M-01","Pagi",0,"Preventive OK",0,0,0,792
2026-04-15,"M-01","Siang",0,"Preventive OK",0,0,0,810
2026-04-15,"M-02","Malam",1,"Kelistrikan",26,0,26,760
2026-04-15,"M-02","Pagi",0,"Preventive OK",0,0,0,764
2026-04-15,"M-02","Siang",0,"Preventive OK",0,0,0,842
2026-04-15,"M-03","Malam",0,"Preventive OK",0,0,0,769
2026-04-15,"M-03","Pagi",0,"Preventive OK",0,0,0,791
2026-04-15,"M-03","Siang",0,"Preventive OK",0,0,0,819
2026-04-15,"M-04","Malam",0,"Preventive OK",0,0,0,803
2026-04-15,"M-04","Pagi",0,"Preventive OK",0,0,0,834
2026-04-15,"M-04","Siang",0,"Preventive OK",0,0,0,837
2026-04-15,"M-05","Malam",0,"Preventive OK",0,0,0,356
2026-04-15,"M-05","Pagi",0,"Preventive OK",0,0,0,358
2026-04-15,"M-05","Siang",0,"Preventive OK",0,0,0,430
2026-04-15,"M-06","Malam",0,"Preventive OK",0,0,0,347
2026-04-15,"M-06","Pagi",0,"Preventive OK",0,0,0,393
2026-04-15,"M-06","Siang",0,"Preventive OK",0,0,0,372
2026-04-16,"M-01","Malam",0,"Preventive OK",0,0,0,838
2026-04-16,"M-01","Pagi",0,"Preventive OK",0,0,0,904
2026-04-16,"M-01","Siang",0,"Preventive OK",0,0,0,795
2026-04-16,"M-02","Malam",0,"Preventive OK",0,0,0,813
2026-04-16,"M-02","Pagi",1,"Kelistrikan",28,0,28,806
2026-04-16,"M-02","Siang",0,"Preventive OK",0,0,0,737
2026-04-16,"M-03","Malam",0,"Preventive OK",0,0,0,883
2026-04-16,"M-03","Pagi",0,"Preventive OK",0,0,0,856
2026-04-16,"M-03","Siang",0,"Preventive OK",0,0,0,834
2026-04-16,"M-04","Malam",0,"Preventive OK",0,0,0,940
2026-04-16,"M-04","Pagi",0,"Preventive OK",0,0,0,805
2026-04-16,"M-04","Siang",0,"Preventive OK",0,0,0,773
2026-04-16,"M-05","Malam",1,"Material Jam",28,0,28,394
2026-04-16,"M-05","Pagi",0,"Preventive OK",0,0,0,357
2026-04-16,"M-05","Siang",0,"Preventive OK",0,0,0,387
2026-04-16,"M-06","Malam",0,"Preventive OK",0,0,0,457
2026-04-16,"M-06","Pagi",0,"Preventive OK",0,0,0,356
2026-04-16,"M-06","Siang",0,"Preventive OK",0,0,0,379
2026-04-17,"M-01","Malam",0,"Preventive OK",0,0,0,803
2026-04-17,"M-01","Pagi",0,"Preventive OK",0,0,0,847
2026-04-17,"M-01","Siang",0,"Preventive OK",0,0,0,807
2026-04-17,"M-02","Malam",0,"Preventive OK",0,0,0,858
2026-04-17,"M-02","Pagi",1,"Tool Wear",24,0,24,720
2026-04-17,"M-02","Siang",0,"Preventive OK",0,0,0,849
2026-04-17,"M-03","Malam",1,"Setup & Adjust",33,0,33,843
2026-04-17,"M-03","Pagi",0,"Preventive OK",0,0,0,747
2026-04-17,"M-03","Siang",0,"Preventive OK",0,0,0,787
2026-04-17,"M-04","Malam",0,"Preventive OK",0,0,0,808
2026-04-17,"M-04","Pagi",0,"Preventive OK",0,0,0,889
2026-04-17,"M-04","Siang",0,"Preventive OK",0,0,0,818
2026-04-17,"M-05","Malam",0,"Preventive OK",0,0,0,456
2026-04-17,"M-05","Pagi",0,"Preventive OK",0,0,0,391
2026-04-17,"M-05","Siang",0,"Preventive OK",0,0,0,436
2026-04-17,"M-06","Malam",0,"Preventive OK",0,0,0,381
2026-04-17,"M-06","Pagi",0,"Preventive OK",0,0,0,406
2026-04-17,"M-06","Siang",0,"Preventive OK",0,0,0,371
2026-04-18,"M-01","Malam",0,"Preventive OK",0,0,0,664
2026-04-18,"M-01","Pagi",0,"Preventive OK",0,0,0,858
2026-04-18,"M-01","Siang",0,"Preventive OK",0,0,0,836
2026-04-18,"M-02","Malam",1,"Bearing Failure",27,0,27,814
2026-04-18,"M-02","Pagi",0,"Preventive OK",0,0,0,831
2026-04-18,"M-02","Siang",0,"Preventive OK",0,0,0,707
2026-04-18,"M-03","Malam",0,"Preventive OK",0,0,0,769
2026-04-18,"M-03","Pagi",0,"Preventive OK",0,0,0,832
2026-04-18,"M-03","Siang",0,"Preventive OK",0,0,0,827
2026-04-18,"M-04","Malam",0,"Preventive OK",0,0,0,894
2026-04-18,"M-04","Pagi",0,"Preventive OK",0,0,0,728
2026-04-18,"M-04","Siang",0,"Preventive OK",0,0,0,778
2026-04-18,"M-05","Malam",0,"Preventive OK",0,0,0,387
2026-04-18,"M-05","Pagi",0,"Preventive OK",0,0,0,376
2026-04-18,"M-05","Siang",0,"Preventive OK",0,0,0,381
2026-04-18,"M-06","Malam",0,"Preventive OK",0,0,0,351
2026-04-18,"M-06","Pagi",0,"Preventive OK",0,0,0,419
2026-04-18,"M-06","Siang",0,"Preventive OK",0,0,0,418
2026-04-20,"M-01","Malam",0,"Preventive OK",0,30,30,642
2026-04-20,"M-01","Pagi",0,"Preventive OK",0,30,30,836
2026-04-20,"M-01","Siang",0,"Preventive OK",0,30,30,724
2026-04-20,"M-02","Malam",0,"Preventive OK",0,30,30,837
2026-04-20,"M-02","Pagi",0,"Preventive OK",0,30,30,748
2026-04-20,"M-02","Siang",0,"Preventive OK",0,30,30,884
2026-04-20,"M-03","Malam",0,"Preventive OK",0,30,30,798
2026-04-20,"M-03","Pagi",0,"Preventive OK",0,30,30,861
2026-04-20,"M-03","Siang",0,"Preventive OK",0,30,30,799
2026-04-20,"M-04","Malam",1,"Bearing Failure",33,30,63,871
2026-04-20,"M-04","Pagi",0,"Preventive OK",0,30,30,883
2026-04-20,"M-04","Siang",0,"Preventive OK",0,30,30,799
2026-04-20,"M-05","Malam",0,"Preventive OK",0,30,30,390
2026-04-20,"M-05","Pagi",0,"Preventive OK",0,30,30,415
2026-04-20,"M-05","Siang",0,"Preventive OK",0,30,30,431
2026-04-20,"M-06","Malam",0,"Preventive OK",0,30,30,426
2026-04-20,"M-06","Pagi",0,"Preventive OK",0,30,30,345
2026-04-20,"M-06","Siang",0,"Preventive OK",0,30,30,455
2026-04-21,"M-01","Malam",0,"Preventive OK",0,0,0,918
2026-04-21,"M-01","Pagi",0,"Preventive OK",0,0,0,814
2026-04-21,"M-01","Siang",0,"Preventive OK",0,0,0,803
2026-04-21,"M-02","Malam",0,"Preventive OK",0,0,0,780
2026-04-21,"M-02","Pagi",0,"Preventive OK",0,0,0,658
2026-04-21,"M-02","Siang",1,"Bearing Failure",16,0,16,751
2026-04-21,"M-03","Malam",0,"Preventive OK",0,0,0,882
2026-04-21,"M-03","Pagi",0,"Preventive OK",0,0,0,771
2026-04-21,"M-03","Siang",0,"Preventive OK",0,0,0,938
2026-04-21,"M-04","Malam",1,"Bearing Failure",18,0,18,803
2026-04-21,"M-04","Pagi",0,"Preventive OK",0,0,0,867
2026-04-21,"M-04","Siang",0,"Preventive OK",0,0,0,744
2026-04-21,"M-05","Malam",1,"Bearing Failure",29,0,29,419
2026-04-21,"M-05","Pagi",0,"Preventive OK",0,0,0,353
2026-04-21,"M-05","Siang",0,"Preventive OK",0,0,0,410
2026-04-21,"M-06","Malam",0,"Preventive OK",0,0,0,405
2026-04-21,"M-06","Pagi",0,"Preventive OK",0,0,0,412
2026-04-21,"M-06","Siang",0,"Preventive OK",0,0,0,391
2026-04-22,"M-01","Malam",0,"Preventive OK",0,0,0,774
2026-04-22,"M-01","Pagi",0,"Preventive OK",0,0,0,875
2026-04-22,"M-01","Siang",0,"Preventive OK",0,0,0,927
2026-04-22,"M-02","Malam",0,"Preventive OK",0,0,0,778
2026-04-22,"M-02","Pagi",0,"Preventive OK",0,0,0,841
2026-04-22,"M-02","Siang",1,"Tool Wear",32,0,32,795
2026-04-22,"M-03","Malam",0,"Preventive OK",0,0,0,750
2026-04-22,"M-03","Pagi",0,"Preventive OK",0,0,0,881
2026-04-22,"M-03","Siang",0,"Preventive OK",0,0,0,841
2026-04-22,"M-04","Malam",0,"Preventive OK",0,0,0,766
2026-04-22,"M-04","Pagi",0,"Preventive OK",0,0,0,873
2026-04-22,"M-04","Siang",0,"Preventive OK",0,0,0,896
2026-04-22,"M-05","Malam",0,"Preventive OK",0,0,0,436
2026-04-22,"M-05","Pagi",0,"Preventive OK",0,0,0,374
2026-04-22,"M-05","Siang",0,"Preventive OK",0,0,0,469
2026-04-22,"M-06","Malam",0,"Preventive OK",0,0,0,436
2026-04-22,"M-06","Pagi",0,"Preventive OK",0,0,0,394
2026-04-22,"M-06","Siang",0,"Preventive OK",0,0,0,456
2026-04-23,"M-01","Malam",0,"Preventive OK",0,0,0,796
2026-04-23,"M-01","Pagi",0,"Preventive OK",0,0,0,890
2026-04-23,"M-01","Siang",0,"Preventive OK",0,0,0,799
2026-04-23,"M-02","Malam",0,"Preventive OK",0,0,0,724
2026-04-23,"M-02","Pagi",0,"Preventive OK",0,0,0,775
2026-04-23,"M-02","Siang",0,"Preventive OK",0,0,0,806
2026-04-23,"M-03","Malam",0,"Preventive OK",0,0,0,708
2026-04-23,"M-03","Pagi",0,"Preventive OK",0,0,0,836
2026-04-23,"M-03","Siang",0,"Preventive OK",0,0,0,808
2026-04-23,"M-04","Malam",0,"Preventive OK",0,0,0,758
2026-04-23,"M-04","Pagi",0,"Preventive OK",0,0,0,828
2026-04-23,"M-04","Siang",0,"Preventive OK",0,0,0,835
2026-04-23,"M-05","Malam",0,"Preventive OK",0,0,0,442
2026-04-23,"M-05","Pagi",0,"Preventive OK",0,0,0,397
2026-04-23,"M-05","Siang",0,"Preventive OK",0,0,0,412
2026-04-23,"M-06","Malam",0,"Preventive OK",0,0,0,454
2026-04-23,"M-06","Pagi",0,"Preventive OK",0,0,0,337
2026-04-23,"M-06","Siang",0,"Preventive OK",0,0,0,454
2026-04-24,"M-01","Malam",0,"Preventive OK",0,0,0,739
2026-04-24,"M-01","Pagi",0,"Preventive OK",0,0,0,749
2026-04-24,"M-01","Siang",0,"Preventive OK",0,0,0,691
2026-04-24,"M-02","Malam",1,"Kelistrikan",33,0,33,733
2026-04-24,"M-02","Pagi",0,"Preventive OK",0,0,0,888
2026-04-24,"M-02","Siang",0,"Preventive OK",0,0,0,857
2026-04-24,"M-03","Malam",0,"Preventive OK",0,0,0,798
2026-04-24,"M-03","Pagi",0,"Preventive OK",0,0,0,868
2026-04-24,"M-03","Siang",0,"Preventive OK",0,0,0,749
2026-04-24,"M-04","Malam",0,"Preventive OK",0,0,0,851
2026-04-24,"M-04","Pagi",1,"Tool Wear",21,0,21,750
2026-04-24,"M-04","Siang",0,"Preventive OK",0,0,0,775
2026-04-24,"M-05","Malam",0,"Preventive OK",0,0,0,367
2026-04-24,"M-05","Pagi",0,"Preventive OK",0,0,0,462
2026-04-24,"M-05","Siang",0,"Preventive OK",0,0,0,388
2026-04-24,"M-06","Malam",0,"Preventive OK",0,0,0,358
2026-04-24,"M-06","Pagi",0,"Preventive OK",0,0,0,391
2026-04-24,"M-06","Siang",0,"Preventive OK",0,0,0,343
2026-04-25,"M-01","Malam",0,"Preventive OK",0,0,0,798
2026-04-25,"M-01","Pagi",0,"Preventive OK",0,0,0,789
2026-04-25,"M-01","Siang",0,"Preventive OK",0,0,0,828
2026-04-25,"M-02","Malam",0,"Preventive OK",0,0,0,827
2026-04-25,"M-02","Pagi",0,"Preventive OK",0,0,0,789
2026-04-25,"M-02","Siang",0,"Preventive OK",0,0,0,883
2026-04-25,"M-03","Malam",0,"Preventive OK",0,0,0,812
2026-04-25,"M-03","Pagi",0,"Preventive OK",0,0,0,835
2026-04-25,"M-03","Siang",0,"Preventive OK",0,0,0,920
2026-04-25,"M-04","Malam",0,"Preventive OK",0,0,0,748
2026-04-25,"M-04","Pagi",1,"Kelistrikan",23,0,23,842
2026-04-25,"M-04","Siang",0,"Preventive OK",0,0,0,896
2026-04-25,"M-05","Malam",0,"Preventive OK",0,0,0,380
2026-04-25,"M-05","Pagi",0,"Preventive OK",0,0,0,410
2026-04-25,"M-05","Siang",0,"Preventive OK",0,0,0,430
2026-04-25,"M-06","Malam",0,"Preventive OK",0,0,0,381
2026-04-25,"M-06","Pagi",0,"Preventive OK",0,0,0,413
2026-04-25,"M-06","Siang",0,"Preventive OK",0,0,0,466
2026-04-27,"M-01","Malam",0,"Preventive OK",0,30,30,806
2026-04-27,"M-01","Pagi",0,"Preventive OK",0,30,30,823
2026-04-27,"M-01","Siang",0,"Preventive OK",0,30,30,833
2026-04-27,"M-02","Malam",0,"Preventive OK",0,30,30,720
2026-04-27,"M-02","Pagi",0,"Preventive OK",0,30,30,875
2026-04-27,"M-02","Siang",0,"Preventive OK",0,30,30,773
2026-04-27,"M-03","Malam",1,"Material Jam",30,30,60,847
2026-04-27,"M-03","Pagi",0,"Preventive OK",0,30,30,821
2026-04-27,"M-03","Siang",0,"Preventive OK",0,30,30,850
2026-04-27,"M-04","Malam",0,"Preventive OK",0,30,30,705
2026-04-27,"M-04","Pagi",0,"Preventive OK",0,30,30,793
2026-04-27,"M-04","Siang",1,"Tool Wear",19,30,49,733
2026-04-27,"M-05","Malam",0,"Preventive OK",0,30,30,406
2026-04-27,"M-05","Pagi",0,"Preventive OK",0,30,30,415
2026-04-27,"M-05","Siang",0,"Preventive OK",0,30,30,444
2026-04-27,"M-06","Malam",0,"Preventive OK",0,30,30,433
2026-04-27,"M-06","Pagi",0,"Preventive OK",0,30,30,353
2026-04-27,"M-06","Siang",0,"Preventive OK",0,30,30,379
2026-04-28,"M-01","Malam",0,"Preventive OK",0,0,0,847
2026-04-28,"M-01","Pagi",0,"Preventive OK",0,0,0,803
2026-04-28,"M-01","Siang",0,"Preventive OK",0,0,0,810
2026-04-28,"M-02","Malam",0,"Preventive OK",0,0,0,993
2026-04-28,"M-02","Pagi",0,"Preventive OK",0,0,0,764
2026-04-28,"M-02","Siang",0,"Preventive OK",0,0,0,830
2026-04-28,"M-03","Malam",0,"Preventive OK",0,0,0,874
2026-04-28,"M-03","Pagi",0,"Preventive OK",0,0,0,842
2026-04-28,"M-03","Siang",0,"Preventive OK",0,0,0,833
2026-04-28,"M-04","Malam",1,"Tool Wear",46,0,46,779
2026-04-28,"M-04","Pagi",0,"Preventive OK",0,0,0,779
2026-04-28,"M-04","Siang",0,"Preventive OK",0,0,0,807
2026-04-28,"M-05","Malam",0,"Preventive OK",0,0,0,405
2026-04-28,"M-05","Pagi",0,"Preventive OK",0,0,0,409
2026-04-28,"M-05","Siang",0,"Preventive OK",0,0,0,442
2026-04-28,"M-06","Malam",0,"Preventive OK",0,0,0,339
2026-04-28,"M-06","Pagi",0,"Preventive OK",0,0,0,439
2026-04-28,"M-06","Siang",0,"Preventive OK",0,0,0,367
2026-04-29,"M-01","Malam",0,"Preventive OK",0,0,0,775
2026-04-29,"M-01","Pagi",0,"Preventive OK",0,0,0,760
2026-04-29,"M-01","Siang",0,"Preventive OK",0,0,0,768
2026-04-29,"M-02","Malam",0,"Preventive OK",0,0,0,743
2026-04-29,"M-02","Pagi",0,"Preventive OK",0,0,0,804
2026-04-29,"M-02","Siang",0,"Preventive OK",0,0,0,854
2026-04-29,"M-03","Malam",0,"Preventive OK",0,0,0,764
2026-04-29,"M-03","Pagi",0,"Preventive OK",0,0,0,820
2026-04-29,"M-03","Siang",0,"Preventive OK",0,0,0,886
2026-04-29,"M-04","Malam",0,"Preventive OK",0,0,0,911
2026-04-29,"M-04","Pagi",1,"Bearing Failure",30,0,30,911
2026-04-29,"M-04","Siang",0,"Preventive OK",0,0,0,844
2026-04-29,"M-05","Malam",0,"Preventive OK",0,0,0,372
2026-04-29,"M-05","Pagi",0,"Preventive OK",0,0,0,391
2026-04-29,"M-05","Siang",0,"Preventive OK",0,0,0,440
2026-04-29,"M-06","Malam",0,"Preventive OK",0,0,0,417
2026-04-29,"M-06","Pagi",0,"Preventive OK",0,0,0,387
2026-04-29,"M-06","Siang",0,"Preventive OK",0,0,0,403
2026-04-30,"M-01","Malam",0,"Preventive OK",0,0,0,842
2026-04-30,"M-01","Pagi",0,"Preventive OK",0,0,0,854
2026-04-30,"M-01","Siang",0,"Preventive OK",0,0,0,854
2026-04-30,"M-02","Malam",1,"Bearing Failure",54,0,54,660
2026-04-30,"M-02","Pagi",0,"Preventive OK",0,0,0,848
2026-04-30,"M-02","Siang",0,"Preventive OK",0,0,0,790
2026-04-30,"M-03","Malam",0,"Preventive OK",0,0,0,823
2026-04-30,"M-03","Pagi",0,"Preventive OK",0,0,0,745
2026-04-30,"M-03","Siang",0,"Preventive OK",0,0,0,809
2026-04-30,"M-04","Malam",0,"Preventive OK",0,0,0,665
2026-04-30,"M-04","Pagi",0,"Preventive OK",0,0,0,817
2026-04-30,"M-04","Siang",0,"Preventive OK",0,0,0,644
2026-04-30,"M-05","Malam",0,"Preventive OK",0,0,0,421
2026-04-30,"M-05","Pagi",0,"Preventive OK",0,0,0,394
2026-04-30,"M-05","Siang",0,"Preventive OK",0,0,0,429
2026-04-30,"M-06","Malam",0,"Preventive OK",0,0,0,419
2026-04-30,"M-06","Pagi",0,"Preventive OK",0,0,0,405
2026-04-30,"M-06","Siang",0,"Preventive OK",0,0,0,371
2026-05-01,"M-01","Malam",0,"Preventive OK",0,0,0,870
2026-05-01,"M-01","Pagi",0,"Preventive OK",0,0,0,800
2026-05-01,"M-01","Siang",0,"Preventive OK",0,0,0,826
2026-05-01,"M-02","Malam",0,"Preventive OK",0,0,0,795
2026-05-01,"M-02","Pagi",0,"Preventive OK",0,0,0,833
2026-05-01,"M-02","Siang",0,"Preventive OK",0,0,0,832
2026-05-01,"M-03","Malam",0,"Preventive OK",0,0,0,886
2026-05-01,"M-03","Pagi",0,"Preventive OK",0,0,0,844
2026-05-01,"M-03","Siang",0,"Preventive OK",0,0,0,840
2026-05-01,"M-04","Malam",0,"Preventive OK",0,0,0,802
2026-05-01,"M-04","Pagi",0,"Preventive OK",0,0,0,797
2026-05-01,"M-04","Siang",0,"Preventive OK",0,0,0,869
2026-05-01,"M-05","Malam",0,"Preventive OK",0,0,0,384
2026-05-01,"M-05","Pagi",0,"Preventive OK",0,0,0,356
2026-05-01,"M-05","Siang",0,"Preventive OK",0,0,0,439
2026-05-01,"M-06","Malam",0,"Preventive OK",0,0,0,458
2026-05-01,"M-06","Pagi",0,"Preventive OK",0,0,0,392
2026-05-01,"M-06","Siang",0,"Preventive OK",0,0,0,437
2026-05-02,"M-01","Malam",0,"Preventive OK",0,0,0,731
2026-05-02,"M-01","Pagi",0,"Preventive OK",0,0,0,764
2026-05-02,"M-01","Siang",0,"Preventive OK",0,0,0,915
2026-05-02,"M-02","Malam",0,"Preventive OK",0,0,0,767
2026-05-02,"M-02","Pagi",0,"Preventive OK",0,0,0,877
2026-05-02,"M-02","Siang",0,"Preventive OK",0,0,0,797
2026-05-02,"M-03","Malam",0,"Preventive OK",0,0,0,881
2026-05-02,"M-03","Pagi",0,"Preventive OK",0,0,0,785
2026-05-02,"M-03","Siang",0,"Preventive OK",0,0,0,747
2026-05-02,"M-04","Malam",0,"Preventive OK",0,0,0,869
2026-05-02,"M-04","Pagi",0,"Preventive OK",0,0,0,861
2026-05-02,"M-04","Siang",0,"Preventive OK",0,0,0,806
2026-05-02,"M-05","Malam",0,"Preventive OK",0,0,0,405
2026-05-02,"M-05","Pagi",0,"Preventive OK",0,0,0,466
2026-05-02,"M-05","Siang",0,"Preventive OK",0,0,0,444
2026-05-02,"M-06","Malam",0,"Preventive OK",0,0,0,428
2026-05-02,"M-06","Pagi",0,"Preventive OK",0,0,0,407
2026-05-02,"M-06","Siang",0,"Preventive OK",0,0,0,427
2026-05-04,"M-01","Malam",0,"Preventive OK",0,30,30,815
2026-05-04,"M-01","Pagi",0,"Preventive OK",0,30,30,823
2026-05-04,"M-01","Siang",0,"Preventive OK",0,30,30,774
2026-05-04,"M-02","Malam",1,"Tool Wear",21,30,51,851
2026-05-04,"M-02","Pagi",0,"Preventive OK",0,30,30,718
2026-05-04,"M-02","Siang",0,"Preventive OK",0,30,30,801
2026-05-04,"M-03","Malam",0,"Preventive OK",0,30,30,836
2026-05-04,"M-03","Pagi",0,"Preventive OK",0,30,30,811
2026-05-04,"M-03","Siang",0,"Preventive OK",0,30,30,837
2026-05-04,"M-04","Malam",0,"Preventive OK",0,30,30,770
2026-05-04,"M-04","Pagi",1,"Tool Wear",35,30,65,887
2026-05-04,"M-04","Siang",0,"Preventive OK",0,30,30,876
2026-05-04,"M-05","Malam",0,"Preventive OK",0,30,30,383
2026-05-04,"M-05","Pagi",0,"Preventive OK",0,30,30,417
2026-05-04,"M-05","Siang",0,"Preventive OK",0,30,30,408
2026-05-04,"M-06","Malam",0,"Preventive OK",0,30,30,373
2026-05-04,"M-06","Pagi",0,"Preventive OK",0,30,30,350
2026-05-04,"M-06","Siang",0,"Preventive OK",0,30,30,418
2026-05-05,"M-01","Malam",0,"Preventive OK",0,0,0,798
2026-05-05,"M-01","Pagi",0,"Preventive OK",0,0,0,832
2026-05-05,"M-01","Siang",0,"Preventive OK",0,0,0,842
2026-05-05,"M-02","Malam",1,"Bearing Failure",20,0,20,717
2026-05-05,"M-02","Pagi",0,"Preventive OK",0,0,0,774
2026-05-05,"M-02","Siang",0,"Preventive OK",0,0,0,894
2026-05-05,"M-03","Malam",0,"Preventive OK",0,0,0,874
2026-05-05,"M-03","Pagi",1,"Tool Wear",14,0,14,739
2026-05-05,"M-03","Siang",0,"Preventive OK",0,0,0,741
2026-05-05,"M-04","Malam",0,"Preventive OK",0,0,0,918
2026-05-05,"M-04","Pagi",0,"Preventive OK",0,0,0,755
2026-05-05,"M-04","Siang",0,"Preventive OK",0,0,0,833
2026-05-05,"M-05","Malam",0,"Preventive OK",0,0,0,406
2026-05-05,"M-05","Pagi",0,"Preventive OK",0,0,0,390
2026-05-05,"M-05","Siang",0,"Preventive OK",0,0,0,399
2026-05-05,"M-06","Malam",0,"Preventive OK",0,0,0,438
2026-05-05,"M-06","Pagi",0,"Preventive OK",0,0,0,397
2026-05-05,"M-06","Siang",1,"Material Jam",45,0,45,359
2026-05-06,"M-01","Malam",0,"Preventive OK",0,0,0,828
2026-05-06,"M-01","Pagi",0,"Preventive OK",0,0,0,754
2026-05-06,"M-01","Siang",0,"Preventive OK",0,0,0,781
2026-05-06,"M-02","Malam",1,"Bearing Failure",25,0,25,801
2026-05-06,"M-02","Pagi",0,"Preventive OK",0,0,0,872
2026-05-06,"M-02","Siang",0,"Preventive OK",0,0,0,790
2026-05-06,"M-03","Malam",0,"Preventive OK",0,0,0,863
2026-05-06,"M-03","Pagi",0,"Preventive OK",0,0,0,782
2026-05-06,"M-03","Siang",0,"Preventive OK",0,0,0,879
2026-05-06,"M-04","Malam",0,"Preventive OK",0,0,0,814
2026-05-06,"M-04","Pagi",0,"Preventive OK",0,0,0,845
2026-05-06,"M-04","Siang",0,"Preventive OK",0,0,0,868
2026-05-06,"M-05","Malam",0,"Preventive OK",0,0,0,393
2026-05-06,"M-05","Pagi",0,"Preventive OK",0,0,0,419
2026-05-06,"M-05","Siang",0,"Preventive OK",0,0,0,437
2026-05-06,"M-06","Malam",0,"Preventive OK",0,0,0,436
2026-05-06,"M-06","Pagi",0,"Preventive OK",0,0,0,394
2026-05-06,"M-06","Siang",0,"Preventive OK",0,0,0,404
2026-05-07,"M-01","Malam",0,"Preventive OK",0,0,0,876
2026-05-07,"M-01","Pagi",0,"Preventive OK",0,0,0,750
2026-05-07,"M-01","Siang",0,"Preventive OK",0,0,0,838
2026-05-07,"M-02","Malam",0,"Preventive OK",0,0,0,949
2026-05-07,"M-02","Pagi",0,"Preventive OK",0,0,0,896
2026-05-07,"M-02","Siang",0,"Preventive OK",0,0,0,908
2026-05-07,"M-03","Malam",1,"Kelistrikan",18,0,18,806
2026-05-07,"M-03","Pagi",0,"Preventive OK",0,0,0,879
2026-05-07,"M-03","Siang",0,"Preventive OK",0,0,0,747
2026-05-07,"M-04","Malam",0,"Preventive OK",0,0,0,798
2026-05-07,"M-04","Pagi",0,"Preventive OK",0,0,0,788
2026-05-07,"M-04","Siang",0,"Preventive OK",0,0,0,720
2026-05-07,"M-05","Malam",0,"Preventive OK",0,0,0,357
2026-05-07,"M-05","Pagi",0,"Preventive OK",0,0,0,411
2026-05-07,"M-05","Siang",0,"Preventive OK",0,0,0,398
2026-05-07,"M-06","Malam",0,"Preventive OK",0,0,0,413
2026-05-07,"M-06","Pagi",0,"Preventive OK",0,0,0,419
2026-05-07,"M-06","Siang",0,"Preventive OK",0,0,0,395
2026-05-08,"M-01","Malam",0,"Preventive OK",0,0,0,860
2026-05-08,"M-01","Pagi",0,"Preventive OK",0,0,0,829
2026-05-08,"M-01","Siang",0,"Preventive OK",0,0,0,750
2026-05-08,"M-02","Malam",0,"Preventive OK",0,0,0,808
2026-05-08,"M-02","Pagi",0,"Preventive OK",0,0,0,890
2026-05-08,"M-02","Siang",0,"Preventive OK",0,0,0,742
2026-05-08,"M-03","Malam",0,"Preventive OK",0,0,0,721
2026-05-08,"M-03","Pagi",0,"Preventive OK",0,0,0,851
2026-05-08,"M-03","Siang",0,"Preventive OK",0,0,0,907
2026-05-08,"M-04","Malam",0,"Preventive OK",0,0,0,775
2026-05-08,"M-04","Pagi",0,"Preventive OK",0,0,0,828
2026-05-08,"M-04","Siang",0,"Preventive OK",0,0,0,817
2026-05-08,"M-05","Malam",0,"Preventive OK",0,0,0,404
2026-05-08,"M-05","Pagi",0,"Preventive OK",0,0,0,411
2026-05-08,"M-05","Siang",0,"Preventive OK",0,0,0,461
2026-05-08,"M-06","Malam",0,"Preventive OK",0,0,0,404
2026-05-08,"M-06","Pagi",0,"Preventive OK",0,0,0,363
2026-05-08,"M-06","Siang",0,"Preventive OK",0,0,0,443
2026-05-09,"M-01","Malam",0,"Preventive OK",0,0,0,757
2026-05-09,"M-01","Pagi",0,"Preventive OK",0,0,0,806
2026-05-09,"M-01","Siang",0,"Preventive OK",0,0,0,779
2026-05-09,"M-02","Malam",1,"Tool Wear",31,0,31,875
2026-05-09,"M-02","Pagi",0,"Preventive OK",0,0,0,795
2026-05-09,"M-02","Siang",0,"Preventive OK",0,0,0,762
2026-05-09,"M-03","Malam",0,"Preventive OK",0,0,0,770
2026-05-09,"M-03","Pagi",0,"Preventive OK",0,0,0,835
2026-05-09,"M-03","Siang",0,"Preventive OK",0,0,0,873
2026-05-09,"M-04","Malam",0,"Preventive OK",0,0,0,871
2026-05-09,"M-04","Pagi",0,"Preventive OK",0,0,0,727
2026-05-09,"M-04","Siang",0,"Preventive OK",0,0,0,797
2026-05-09,"M-05","Malam",0,"Preventive OK",0,0,0,452
2026-05-09,"M-05","Pagi",0,"Preventive OK",0,0,0,405
2026-05-09,"M-05","Siang",0,"Preventive OK",0,0,0,403
2026-05-09,"M-06","Malam",0,"Preventive OK",0,0,0,399
2026-05-09,"M-06","Pagi",1,"Material Jam",13,0,13,437
2026-05-09,"M-06","Siang",0,"Preventive OK",0,0,0,377
2026-05-11,"M-01","Malam",0,"Preventive OK",0,30,30,720
2026-05-11,"M-01","Pagi",0,"Preventive OK",0,30,30,880
2026-05-11,"M-01","Siang",0,"Preventive OK",0,30,30,873
2026-05-11,"M-02","Malam",0,"Preventive OK",0,30,30,825
2026-05-11,"M-02","Pagi",0,"Preventive OK",0,30,30,843
2026-05-11,"M-02","Siang",0,"Preventive OK",0,30,30,924
2026-05-11,"M-03","Malam",0,"Preventive OK",0,30,30,827
2026-05-11,"M-03","Pagi",0,"Preventive OK",0,30,30,851
2026-05-11,"M-03","Siang",0,"Preventive OK",0,30,30,808
2026-05-11,"M-04","Malam",0,"Preventive OK",0,30,30,796
2026-05-11,"M-04","Pagi",1,"Bearing Failure",23,30,53,724
2026-05-11,"M-04","Siang",0,"Preventive OK",0,30,30,957
2026-05-11,"M-05","Malam",0,"Preventive OK",0,30,30,386
2026-05-11,"M-05","Pagi",0,"Preventive OK",0,30,30,383
2026-05-11,"M-05","Siang",0,"Preventive OK",0,30,30,403
2026-05-11,"M-06","Malam",0,"Preventive OK",0,30,30,352
2026-05-11,"M-06","Pagi",0,"Preventive OK",0,30,30,382
2026-05-11,"M-06","Siang",0,"Preventive OK",0,30,30,372
2026-05-12,"M-01","Malam",0,"Preventive OK",0,0,0,808
2026-05-12,"M-01","Pagi",0,"Preventive OK",0,0,0,748
2026-05-12,"M-01","Siang",0,"Preventive OK",0,0,0,673
2026-05-12,"M-02","Malam",0,"Preventive OK",0,0,0,765
2026-05-12,"M-02","Pagi",0,"Preventive OK",0,0,0,831
2026-05-12,"M-02","Siang",1,"Kelistrikan",28,0,28,874
2026-05-12,"M-03","Malam",0,"Preventive OK",0,0,0,726
2026-05-12,"M-03","Pagi",0,"Preventive OK",0,0,0,831
2026-05-12,"M-03","Siang",0,"Preventive OK",0,0,0,797
2026-05-12,"M-04","Malam",0,"Preventive OK",0,0,0,848
2026-05-12,"M-04","Pagi",1,"Bearing Failure",12,0,12,793
2026-05-12,"M-04","Siang",0,"Preventive OK",0,0,0,763
2026-05-12,"M-05","Malam",0,"Preventive OK",0,0,0,361
2026-05-12,"M-05","Pagi",0,"Preventive OK",0,0,0,413
2026-05-12,"M-05","Siang",0,"Preventive OK",0,0,0,442
2026-05-12,"M-06","Malam",0,"Preventive OK",0,0,0,423
2026-05-12,"M-06","Pagi",0,"Preventive OK",0,0,0,371
2026-05-12,"M-06","Siang",0,"Preventive OK",0,0,0,434
2026-05-13,"M-01","Malam",0,"Preventive OK",0,0,0,735
2026-05-13,"M-01","Pagi",0,"Preventive OK",0,0,0,773
2026-05-13,"M-01","Siang",0,"Preventive OK",0,0,0,849
2026-05-13,"M-02","Malam",0,"Preventive OK",0,0,0,799
2026-05-13,"M-02","Pagi",0,"Preventive OK",0,0,0,809
2026-05-13,"M-02","Siang",0,"Preventive OK",0,0,0,844
2026-05-13,"M-03","Malam",0,"Preventive OK",0,0,0,800
2026-05-13,"M-03","Pagi",0,"Preventive OK",0,0,0,734
2026-05-13,"M-03","Siang",0,"Preventive OK",0,0,0,829
2026-05-13,"M-04","Malam",0,"Preventive OK",0,0,0,884
2026-05-13,"M-04","Pagi",0,"Preventive OK",0,0,0,810
2026-05-13,"M-04","Siang",0,"Preventive OK",0,0,0,826
2026-05-13,"M-05","Malam",0,"Preventive OK",0,0,0,461
2026-05-13,"M-05","Pagi",0,"Preventive OK",0,0,0,404
2026-05-13,"M-05","Siang",0,"Preventive OK",0,0,0,434
2026-05-13,"M-06","Malam",0,"Preventive OK",0,0,0,328
2026-05-13,"M-06","Pagi",0,"Preventive OK",0,0,0,408
2026-05-13,"M-06","Siang",0,"Preventive OK",0,0,0,367
2026-05-14,"M-01","Malam",0,"Preventive OK",0,0,0,886
2026-05-14,"M-01","Pagi",0,"Preventive OK",0,0,0,926
2026-05-14,"M-01","Siang",0,"Preventive OK",0,0,0,817
2026-05-14,"M-02","Malam",1,"Bearing Failure",23,0,23,824
2026-05-14,"M-02","Pagi",0,"Preventive OK",0,0,0,815
2026-05-14,"M-02","Siang",0,"Preventive OK",0,0,0,762
2026-05-14,"M-03","Malam",0,"Preventive OK",0,0,0,898
2026-05-14,"M-03","Pagi",0,"Preventive OK",0,0,0,838
2026-05-14,"M-03","Siang",0,"Preventive OK",0,0,0,747
2026-05-14,"M-04","Malam",0,"Preventive OK",0,0,0,863
2026-05-14,"M-04","Pagi",0,"Preventive OK",0,0,0,798
2026-05-14,"M-04","Siang",0,"Preventive OK",0,0,0,828
2026-05-14,"M-05","Malam",0,"Preventive OK",0,0,0,397
2026-05-14,"M-05","Pagi",0,"Preventive OK",0,0,0,422
2026-05-14,"M-05","Siang",0,"Preventive OK",0,0,0,404
2026-05-14,"M-06","Malam",0,"Preventive OK",0,0,0,396
2026-05-14,"M-06","Pagi",0,"Preventive OK",0,0,0,430
2026-05-14,"M-06","Siang",0,"Preventive OK",0,0,0,355
2026-05-15,"M-01","Malam",0,"Preventive OK",0,0,0,788
2026-05-15,"M-01","Pagi",1,"Setup & Adjust",24,0,24,717
2026-05-15,"M-01","Siang",0,"Preventive OK",0,0,0,866
2026-05-15,"M-02","Malam",0,"Preventive OK",0,0,0,948
2026-05-15,"M-02","Pagi",0,"Preventive OK",0,0,0,759
2026-05-15,"M-02","Siang",0,"Preventive OK",0,0,0,797
2026-05-15,"M-03","Malam",0,"Preventive OK",0,0,0,874
2026-05-15,"M-03","Pagi",0,"Preventive OK",0,0,0,929
2026-05-15,"M-03","Siang",0,"Preventive OK",0,0,0,804
2026-05-15,"M-04","Malam",0,"Preventive OK",0,0,0,819
2026-05-15,"M-04","Pagi",0,"Preventive OK",0,0,0,796
2026-05-15,"M-04","Siang",0,"Preventive OK",0,0,0,1001
2026-05-15,"M-05","Malam",0,"Preventive OK",0,0,0,451
2026-05-15,"M-05","Pagi",0,"Preventive OK",0,0,0,426
2026-05-15,"M-05","Siang",0,"Preventive OK",0,0,0,410
2026-05-15,"M-06","Malam",0,"Preventive OK",0,0,0,386
2026-05-15,"M-06","Pagi",0,"Preventive OK",0,0,0,367
2026-05-15,"M-06","Siang",0,"Preventive OK",0,0,0,376
2026-05-16,"M-01","Malam",0,"Preventive OK",0,0,0,741
2026-05-16,"M-01","Pagi",0,"Preventive OK",0,0,0,773
2026-05-16,"M-01","Siang",0,"Preventive OK",0,0,0,757
2026-05-16,"M-02","Malam",0,"Preventive OK",0,0,0,786
2026-05-16,"M-02","Pagi",0,"Preventive OK",0,0,0,729
2026-05-16,"M-02","Siang",0,"Preventive OK",0,0,0,885
2026-05-16,"M-03","Malam",0,"Preventive OK",0,0,0,744
2026-05-16,"M-03","Pagi",0,"Preventive OK",0,0,0,808
2026-05-16,"M-03","Siang",0,"Preventive OK",0,0,0,826
2026-05-16,"M-04","Malam",0,"Preventive OK",0,0,0,816
2026-05-16,"M-04","Pagi",0,"Preventive OK",0,0,0,883
2026-05-16,"M-04","Siang",0,"Preventive OK",0,0,0,806
2026-05-16,"M-05","Malam",0,"Preventive OK",0,0,0,436
2026-05-16,"M-05","Pagi",0,"Preventive OK",0,0,0,404
2026-05-16,"M-05","Siang",0,"Preventive OK",0,0,0,446
2026-05-16,"M-06","Malam",0,"Preventive OK",0,0,0,398
2026-05-16,"M-06","Pagi",0,"Preventive OK",0,0,0,395
2026-05-16,"M-06","Siang",0,"Preventive OK",0,0,0,397
2026-05-18,"M-01","Malam",0,"Preventive OK",0,30,30,882
2026-05-18,"M-01","Pagi",0,"Preventive OK",0,30,30,781
2026-05-18,"M-01","Siang",0,"Preventive OK",0,30,30,838
2026-05-18,"M-02","Malam",0,"Preventive OK",0,30,30,881
2026-05-18,"M-02","Pagi",0,"Preventive OK",0,30,30,840
2026-05-18,"M-02","Siang",0,"Preventive OK",0,30,30,847
2026-05-18,"M-03","Malam",0,"Preventive OK",0,30,30,839
2026-05-18,"M-03","Pagi",0,"Preventive OK",0,30,30,807
2026-05-18,"M-03","Siang",0,"Preventive OK",0,30,30,809
2026-05-18,"M-04","Malam",0,"Preventive OK",0,30,30,790
2026-05-18,"M-04","Pagi",0,"Preventive OK",0,30,30,886
2026-05-18,"M-04","Siang",0,"Preventive OK",0,30,30,787
2026-05-18,"M-05","Malam",0,"Preventive OK",0,30,30,398
2026-05-18,"M-05","Pagi",0,"Preventive OK",0,30,30,422
2026-05-18,"M-05","Siang",0,"Preventive OK",0,30,30,365
2026-05-18,"M-06","Malam",1,"Bearing Failure",37,30,67,396
2026-05-18,"M-06","Pagi",1,"Kelistrikan",28,30,58,348
2026-05-18,"M-06","Siang",0,"Preventive OK",0,30,30,392
2026-05-19,"M-01","Malam",0,"Preventive OK",0,0,0,796
2026-05-19,"M-01","Pagi",0,"Preventive OK",0,0,0,839
2026-05-19,"M-01","Siang",0,"Preventive OK",0,0,0,780
2026-05-19,"M-02","Malam",1,"Bearing Failure",31,0,31,751
2026-05-19,"M-02","Pagi",0,"Preventive OK",0,0,0,882
2026-05-19,"M-02","Siang",0,"Preventive OK",0,0,0,802
2026-05-19,"M-03","Malam",0,"Preventive OK",0,0,0,813
2026-05-19,"M-03","Pagi",0,"Preventive OK",0,0,0,830
2026-05-19,"M-03","Siang",0,"Preventive OK",0,0,0,794
2026-05-19,"M-04","Malam",0,"Preventive OK",0,0,0,806
2026-05-19,"M-04","Pagi",0,"Preventive OK",0,0,0,872
2026-05-19,"M-04","Siang",0,"Preventive OK",0,0,0,761
2026-05-19,"M-05","Malam",0,"Preventive OK",0,0,0,451
2026-05-19,"M-05","Pagi",0,"Preventive OK",0,0,0,402
2026-05-19,"M-05","Siang",0,"Preventive OK",0,0,0,406
2026-05-19,"M-06","Malam",0,"Preventive OK",0,0,0,383
2026-05-19,"M-06","Pagi",0,"Preventive OK",0,0,0,359
2026-05-19,"M-06","Siang",0,"Preventive OK",0,0,0,440
2026-05-20,"M-01","Malam",0,"Preventive OK",0,0,0,996
2026-05-20,"M-01","Pagi",0,"Preventive OK",0,0,0,820
2026-05-20,"M-01","Siang",0,"Preventive OK",0,0,0,869
2026-05-20,"M-02","Malam",0,"Preventive OK",0,0,0,876
2026-05-20,"M-02","Pagi",0,"Preventive OK",0,0,0,811
2026-05-20,"M-02","Siang",0,"Preventive OK",0,0,0,895
2026-05-20,"M-03","Malam",0,"Preventive OK",0,0,0,881
2026-05-20,"M-03","Pagi",0,"Preventive OK",0,0,0,870
2026-05-20,"M-03","Siang",0,"Preventive OK",0,0,0,665
2026-05-20,"M-04","Malam",0,"Preventive OK",0,0,0,711
2026-05-20,"M-04","Pagi",0,"Preventive OK",0,0,0,761
2026-05-20,"M-04","Siang",0,"Preventive OK",0,0,0,816
2026-05-20,"M-05","Malam",0,"Preventive OK",0,0,0,367
2026-05-20,"M-05","Pagi",0,"Preventive OK",0,0,0,406
2026-05-20,"M-05","Siang",0,"Preventive OK",0,0,0,477
2026-05-20,"M-06","Malam",0,"Preventive OK",0,0,0,430
2026-05-20,"M-06","Pagi",0,"Preventive OK",0,0,0,392
2026-05-20,"M-06","Siang",0,"Preventive OK",0,0,0,454
2026-05-21,"M-01","Malam",0,"Preventive OK",0,0,0,822
2026-05-21,"M-01","Pagi",0,"Preventive OK",0,0,0,886
2026-05-21,"M-01","Siang",0,"Preventive OK",0,0,0,737
2026-05-21,"M-02","Malam",0,"Preventive OK",0,0,0,830
2026-05-21,"M-02","Pagi",0,"Preventive OK",0,0,0,835
2026-05-21,"M-02","Siang",0,"Preventive OK",0,0,0,772
2026-05-21,"M-03","Malam",0,"Preventive OK",0,0,0,805
2026-05-21,"M-03","Pagi",0,"Preventive OK",0,0,0,884
2026-05-21,"M-03","Siang",0,"Preventive OK",0,0,0,884
2026-05-21,"M-04","Malam",1,"Bearing Failure",19,0,19,765
2026-05-21,"M-04","Pagi",0,"Preventive OK",0,0,0,901
2026-05-21,"M-04","Siang",0,"Preventive OK",0,0,0,797
2026-05-21,"M-05","Malam",0,"Preventive OK",0,0,0,388
2026-05-21,"M-05","Pagi",0,"Preventive OK",0,0,0,384
2026-05-21,"M-05","Siang",0,"Preventive OK",0,0,0,381
2026-05-21,"M-06","Malam",0,"Preventive OK",0,0,0,414
2026-05-21,"M-06","Pagi",0,"Preventive OK",0,0,0,435
2026-05-21,"M-06","Siang",0,"Preventive OK",0,0,0,407
2026-05-22,"M-01","Malam",0,"Preventive OK",0,0,0,868
2026-05-22,"M-01","Pagi",0,"Preventive OK",0,0,0,839
2026-05-22,"M-01","Siang",0,"Preventive OK",0,0,0,887
2026-05-22,"M-02","Malam",0,"Preventive OK",0,0,0,782
2026-05-22,"M-02","Pagi",0,"Preventive OK",0,0,0,739
2026-05-22,"M-02","Siang",0,"Preventive OK",0,0,0,779
2026-05-22,"M-03","Malam",0,"Preventive OK",0,0,0,786
2026-05-22,"M-03","Pagi",0,"Preventive OK",0,0,0,901
2026-05-22,"M-03","Siang",0,"Preventive OK",0,0,0,740
2026-05-22,"M-04","Malam",0,"Preventive OK",0,0,0,822
2026-05-22,"M-04","Pagi",0,"Preventive OK",0,0,0,754
2026-05-22,"M-04","Siang",0,"Preventive OK",0,0,0,739
2026-05-22,"M-05","Malam",1,"Tool Wear",31,0,31,433
2026-05-22,"M-05","Pagi",0,"Preventive OK",0,0,0,422
2026-05-22,"M-05","Siang",0,"Preventive OK",0,0,0,376
2026-05-22,"M-06","Malam",0,"Preventive OK",0,0,0,382
2026-05-22,"M-06","Pagi",0,"Preventive OK",0,0,0,380
2026-05-22,"M-06","Siang",0,"Preventive OK",0,0,0,437
2026-05-23,"M-01","Malam",0,"Preventive OK",0,0,0,790
2026-05-23,"M-01","Pagi",0,"Preventive OK",0,0,0,797
2026-05-23,"M-01","Siang",0,"Preventive OK",0,0,0,844
2026-05-23,"M-02","Malam",0,"Preventive OK",0,0,0,786
2026-05-23,"M-02","Pagi",0,"Preventive OK",0,0,0,776
2026-05-23,"M-02","Siang",0,"Preventive OK",0,0,0,745
2026-05-23,"M-03","Malam",0,"Preventive OK",0,0,0,843
2026-05-23,"M-03","Pagi",0,"Preventive OK",0,0,0,812
2026-05-23,"M-03","Siang",0,"Preventive OK",0,0,0,783
2026-05-23,"M-04","Malam",0,"Preventive OK",0,0,0,747
2026-05-23,"M-04","Pagi",0,"Preventive OK",0,0,0,869
2026-05-23,"M-04","Siang",1,"Tool Wear",24,0,24,704
2026-05-23,"M-05","Malam",0,"Preventive OK",0,0,0,406
2026-05-23,"M-05","Pagi",0,"Preventive OK",0,0,0,395
2026-05-23,"M-05","Siang",0,"Preventive OK",0,0,0,407
2026-05-23,"M-06","Malam",0,"Preventive OK",0,0,0,413
2026-05-23,"M-06","Pagi",0,"Preventive OK",0,0,0,394
2026-05-23,"M-06","Siang",0,"Preventive OK",0,0,0,398
2026-05-25,"M-01","Malam",0,"Preventive OK",0,30,30,935
2026-05-25,"M-01","Pagi",0,"Preventive OK",0,30,30,798
2026-05-25,"M-01","Siang",0,"Preventive OK",0,30,30,844
2026-05-25,"M-02","Malam",0,"Preventive OK",0,30,30,723
2026-05-25,"M-02","Pagi",0,"Preventive OK",0,30,30,739
2026-05-25,"M-02","Siang",0,"Preventive OK",0,30,30,829
2026-05-25,"M-03","Malam",0,"Preventive OK",0,30,30,881
2026-05-25,"M-03","Pagi",0,"Preventive OK",0,30,30,891
2026-05-25,"M-03","Siang",0,"Preventive OK",0,30,30,882
2026-05-25,"M-04","Malam",0,"Preventive OK",0,30,30,795
2026-05-25,"M-04","Pagi",0,"Preventive OK",0,30,30,783
2026-05-25,"M-04","Siang",0,"Preventive OK",0,30,30,732
2026-05-25,"M-05","Malam",0,"Preventive OK",0,30,30,443
2026-05-25,"M-05","Pagi",0,"Preventive OK",0,30,30,434
2026-05-25,"M-05","Siang",0,"Preventive OK",0,30,30,395
2026-05-25,"M-06","Malam",0,"Preventive OK",0,30,30,394
2026-05-25,"M-06","Pagi",0,"Preventive OK",0,30,30,405
2026-05-25,"M-06","Siang",0,"Preventive OK",0,30,30,416
2026-05-26,"M-01","Malam",0,"Preventive OK",0,0,0,784
2026-05-26,"M-01","Pagi",0,"Preventive OK",0,0,0,869
2026-05-26,"M-01","Siang",0,"Preventive OK",0,0,0,753
2026-05-26,"M-02","Malam",0,"Preventive OK",0,0,0,821
2026-05-26,"M-02","Pagi",0,"Preventive OK",0,0,0,730
2026-05-26,"M-02","Siang",0,"Preventive OK",0,0,0,871
2026-05-26,"M-03","Malam",0,"Preventive OK",0,0,0,906
2026-05-26,"M-03","Pagi",0,"Preventive OK",0,0,0,810
2026-05-26,"M-03","Siang",1,"Setup & Adjust",11,0,11,773
2026-05-26,"M-04","Malam",1,"Kelistrikan",27,0,27,836
2026-05-26,"M-04","Pagi",0,"Preventive OK",0,0,0,933
2026-05-26,"M-04","Siang",0,"Preventive OK",0,0,0,865
2026-05-26,"M-05","Malam",0,"Preventive OK",0,0,0,429
2026-05-26,"M-05","Pagi",0,"Preventive OK",0,0,0,425
2026-05-26,"M-05","Siang",0,"Preventive OK",0,0,0,419
2026-05-26,"M-06","Malam",0,"Preventive OK",0,0,0,425
2026-05-26,"M-06","Pagi",1,"Kelistrikan",21,0,21,411
2026-05-26,"M-06","Siang",0,"Preventive OK",0,0,0,431
2026-05-27,"M-01","Malam",0,"Preventive OK",0,0,0,844
2026-05-27,"M-01","Pagi",0,"Preventive OK",0,0,0,901
2026-05-27,"M-01","Siang",0,"Preventive OK",0,0,0,719
2026-05-27,"M-02","Malam",0,"Preventive OK",0,0,0,818
2026-05-27,"M-02","Pagi",0,"Preventive OK",0,0,0,821
2026-05-27,"M-02","Siang",0,"Preventive OK",0,0,0,807
2026-05-27,"M-03","Malam",0,"Preventive OK",0,0,0,784
2026-05-27,"M-03","Pagi",0,"Preventive OK",0,0,0,819
2026-05-27,"M-03","Siang",0,"Preventive OK",0,0,0,728
2026-05-27,"M-04","Malam",1,"Bearing Failure",35,0,35,760
2026-05-27,"M-04","Pagi",0,"Preventive OK",0,0,0,820
2026-05-27,"M-04","Siang",0,"Preventive OK",0,0,0,841
2026-05-27,"M-05","Malam",0,"Preventive OK",0,0,0,416
2026-05-27,"M-05","Pagi",0,"Preventive OK",0,0,0,411
2026-05-27,"M-05","Siang",0,"Preventive OK",0,0,0,446
2026-05-27,"M-06","Malam",0,"Preventive OK",0,0,0,436
2026-05-27,"M-06","Pagi",0,"Preventive OK",0,0,0,339
2026-05-27,"M-06","Siang",0,"Preventive OK",0,0,0,433
2026-05-28,"M-01","Malam",0,"Preventive OK",0,0,0,946
2026-05-28,"M-01","Pagi",0,"Preventive OK",0,0,0,860
2026-05-28,"M-01","Siang",0,"Preventive OK",0,0,0,814
2026-05-28,"M-02","Malam",1,"Tool Wear",23,0,23,758
2026-05-28,"M-02","Pagi",0,"Preventive OK",0,0,0,846
2026-05-28,"M-02","Siang",0,"Preventive OK",0,0,0,844
2026-05-28,"M-03","Malam",0,"Preventive OK",0,0,0,995
2026-05-28,"M-03","Pagi",0,"Preventive OK",0,0,0,777
2026-05-28,"M-03","Siang",0,"Preventive OK",0,0,0,815
2026-05-28,"M-04","Malam",1,"Kelistrikan",38,0,38,717
2026-05-28,"M-04","Pagi",1,"Bearing Failure",35,0,35,844
2026-05-28,"M-04","Siang",0,"Preventive OK",0,0,0,823
2026-05-28,"M-05","Malam",0,"Preventive OK",0,0,0,415
2026-05-28,"M-05","Pagi",0,"Preventive OK",0,0,0,394
2026-05-28,"M-05","Siang",0,"Preventive OK",0,0,0,406
2026-05-28,"M-06","Malam",0,"Preventive OK",0,0,0,412
2026-05-28,"M-06","Pagi",0,"Preventive OK",0,0,0,383
2026-05-28,"M-06","Siang",0,"Preventive OK",0,0,0,419
2026-05-29,"M-01","Malam",0,"Preventive OK",0,0,0,876
2026-05-29,"M-01","Pagi",0,"Preventive OK",0,0,0,823
2026-05-29,"M-01","Siang",0,"Preventive OK",0,0,0,795
2026-05-29,"M-02","Malam",1,"Kelistrikan",33,0,33,711
2026-05-29,"M-02","Pagi",0,"Preventive OK",0,0,0,736
2026-05-29,"M-02","Siang",0,"Preventive OK",0,0,0,831
2026-05-29,"M-03","Malam",0,"Preventive OK",0,0,0,753
2026-05-29,"M-03","Pagi",0,"Preventive OK",0,0,0,799
2026-05-29,"M-03","Siang",0,"Preventive OK",0,0,0,925
2026-05-29,"M-04","Malam",0,"Preventive OK",0,0,0,704
2026-05-29,"M-04","Pagi",0,"Preventive OK",0,0,0,791
2026-05-29,"M-04","Siang",0,"Preventive OK",0,0,0,851
2026-05-29,"M-05","Malam",0,"Preventive OK",0,0,0,402
2026-05-29,"M-05","Pagi",0,"Preventive OK",0,0,0,379
2026-05-29,"M-05","Siang",0,"Preventive OK",0,0,0,415
2026-05-29,"M-06","Malam",0,"Preventive OK",0,0,0,381
2026-05-29,"M-06","Pagi",0,"Preventive OK",0,0,0,426
2026-05-29,"M-06","Siang",0,"Preventive OK",0,0,0,383
2026-05-30,"M-01","Malam",0,"Preventive OK",0,0,0,773
2026-05-30,"M-01","Pagi",0,"Preventive OK",0,0,0,851
2026-05-30,"M-01","Siang",0,"Preventive OK",0,0,0,869
2026-05-30,"M-02","Malam",0,"Preventive OK",0,0,0,802
2026-05-30,"M-02","Pagi",1,"Kelistrikan",16,0,16,834
2026-05-30,"M-02","Siang",1,"Tool Wear",31,0,31,664
2026-05-30,"M-03","Malam",0,"Preventive OK",0,0,0,803
2026-05-30,"M-03","Pagi",0,"Preventive OK",0,0,0,814
2026-05-30,"M-03","Siang",0,"Preventive OK",0,0,0,867
2026-05-30,"M-04","Malam",0,"Preventive OK",0,0,0,801
2026-05-30,"M-04","Pagi",0,"Preventive OK",0,0,0,762
2026-05-30,"M-04","Siang",0,"Preventive OK",0,0,0,822
2026-05-30,"M-05","Malam",0,"Preventive OK",0,0,0,460
2026-05-30,"M-05","Pagi",1,"Tool Wear",35,0,35,321
2026-05-30,"M-05","Siang",0,"Preventive OK",0,0,0,402
2026-05-30,"M-06","Malam",0,"Preventive OK",0,0,0,432
2026-05-30,"M-06","Pagi",0,"Preventive OK",0,0,0,392
2026-05-30,"M-06","Siang",0,"Preventive OK",0,0,0,362
2026-06-01,"M-01","Malam",0,"Preventive OK",0,30,30,781
2026-06-01,"M-01","Pagi",0,"Preventive OK",0,30,30,848
2026-06-01,"M-01","Siang",0,"Preventive OK",0,30,30,962
2026-06-01,"M-02","Malam",0,"Preventive OK",0,30,30,820
2026-06-01,"M-02","Pagi",0,"Preventive OK",0,30,30,746
2026-06-01,"M-02","Siang",0,"Preventive OK",0,30,30,878
2026-06-01,"M-03","Malam",0,"Preventive OK",0,30,30,698
2026-06-01,"M-03","Pagi",0,"Preventive OK",0,30,30,844
2026-06-01,"M-03","Siang",0,"Preventive OK",0,30,30,928
2026-06-01,"M-04","Malam",0,"Preventive OK",0,30,30,781
2026-06-01,"M-04","Pagi",0,"Preventive OK",0,30,30,898
2026-06-01,"M-04","Siang",0,"Preventive OK",0,30,30,797
2026-06-01,"M-05","Malam",1,"Material Jam",20,30,50,357
2026-06-01,"M-05","Pagi",0,"Preventive OK",0,30,30,447
2026-06-01,"M-05","Siang",0,"Preventive OK",0,30,30,404
2026-06-01,"M-06","Malam",0,"Preventive OK",0,30,30,379
2026-06-01,"M-06","Pagi",0,"Preventive OK",0,30,30,399
2026-06-01,"M-06","Siang",0,"Preventive OK",0,30,30,406
2026-06-02,"M-01","Malam",0,"Preventive OK",0,0,0,750
2026-06-02,"M-01","Pagi",0,"Preventive OK",0,0,0,809
2026-06-02,"M-01","Siang",0,"Preventive OK",0,0,0,776
2026-06-02,"M-02","Malam",0,"Preventive OK",0,0,0,742
2026-06-02,"M-02","Pagi",0,"Preventive OK",0,0,0,853
2026-06-02,"M-02","Siang",1,"Bearing Failure",41,0,41,838
2026-06-02,"M-03","Malam",0,"Preventive OK",0,0,0,829
2026-06-02,"M-03","Pagi",0,"Preventive OK",0,0,0,792
2026-06-02,"M-03","Siang",0,"Preventive OK",0,0,0,746
2026-06-02,"M-04","Malam",0,"Preventive OK",0,0,0,803
2026-06-02,"M-04","Pagi",0,"Preventive OK",0,0,0,912
2026-06-02,"M-04","Siang",0,"Preventive OK",0,0,0,885
2026-06-02,"M-05","Malam",0,"Preventive OK",0,0,0,366
2026-06-02,"M-05","Pagi",0,"Preventive OK",0,0,0,400
2026-06-02,"M-05","Siang",0,"Preventive OK",0,0,0,417
2026-06-02,"M-06","Malam",0,"Preventive OK",0,0,0,447
2026-06-02,"M-06","Pagi",0,"Preventive OK",0,0,0,427
2026-06-02,"M-06","Siang",0,"Preventive OK",0,0,0,386
2026-06-03,"M-01","Malam",0,"Preventive OK",0,0,0,711
2026-06-03,"M-01","Pagi",0,"Preventive OK",0,0,0,757
2026-06-03,"M-01","Siang",0,"Preventive OK",0,0,0,735
2026-06-03,"M-02","Malam",0,"Preventive OK",0,0,0,884
2026-06-03,"M-02","Pagi",0,"Preventive OK",0,0,0,812
2026-06-03,"M-02","Siang",0,"Preventive OK",0,0,0,857
2026-06-03,"M-03","Malam",0,"Preventive OK",0,0,0,854
2026-06-03,"M-03","Pagi",0,"Preventive OK",0,0,0,806
2026-06-03,"M-03","Siang",0,"Preventive OK",0,0,0,793
2026-06-03,"M-04","Malam",1,"Bearing Failure",31,0,31,862
2026-06-03,"M-04","Pagi",0,"Preventive OK",0,0,0,892
2026-06-03,"M-04","Siang",0,"Preventive OK",0,0,0,810
2026-06-03,"M-05","Malam",0,"Preventive OK",0,0,0,450
2026-06-03,"M-05","Pagi",0,"Preventive OK",0,0,0,388
2026-06-03,"M-05","Siang",0,"Preventive OK",0,0,0,433
2026-06-03,"M-06","Malam",0,"Preventive OK",0,0,0,395
2026-06-03,"M-06","Pagi",0,"Preventive OK",0,0,0,441
2026-06-03,"M-06","Siang",0,"Preventive OK",0,0,0,431
2026-06-04,"M-01","Malam",0,"Preventive OK",0,0,0,863
2026-06-04,"M-01","Pagi",0,"Preventive OK",0,0,0,757
2026-06-04,"M-01","Siang",0,"Preventive OK",0,0,0,871
2026-06-04,"M-02","Malam",0,"Preventive OK",0,0,0,757
2026-06-04,"M-02","Pagi",0,"Preventive OK",0,0,0,923
2026-06-04,"M-02","Siang",0,"Preventive OK",0,0,0,826
2026-06-04,"M-03","Malam",0,"Preventive OK",0,0,0,850
2026-06-04,"M-03","Pagi",0,"Preventive OK",0,0,0,745
2026-06-04,"M-03","Siang",0,"Preventive OK",0,0,0,858
2026-06-04,"M-04","Malam",1,"Tool Wear",52,0,52,744
2026-06-04,"M-04","Pagi",0,"Preventive OK",0,0,0,740
2026-06-04,"M-04","Siang",1,"Bearing Failure",50,0,50,724
2026-06-04,"M-05","Malam",0,"Preventive OK",0,0,0,431
2026-06-04,"M-05","Pagi",0,"Preventive OK",0,0,0,370
2026-06-04,"M-05","Siang",0,"Preventive OK",0,0,0,388
2026-06-04,"M-06","Malam",0,"Preventive OK",0,0,0,415
2026-06-04,"M-06","Pagi",0,"Preventive OK",0,0,0,451
2026-06-04,"M-06","Siang",0,"Preventive OK",0,0,0,403
2026-06-05,"M-01","Malam",0,"Preventive OK",0,0,0,921
2026-06-05,"M-01","Pagi",0,"Preventive OK",0,0,0,782
2026-06-05,"M-01","Siang",0,"Preventive OK",0,0,0,780
2026-06-05,"M-02","Malam",0,"Preventive OK",0,0,0,647
2026-06-05,"M-02","Pagi",0,"Preventive OK",0,0,0,796
2026-06-05,"M-02","Siang",0,"Preventive OK",0,0,0,744
2026-06-05,"M-03","Malam",0,"Preventive OK",0,0,0,842
2026-06-05,"M-03","Pagi",0,"Preventive OK",0,0,0,797
2026-06-05,"M-03","Siang",0,"Preventive OK",0,0,0,900
2026-06-05,"M-04","Malam",1,"Bearing Failure",27,0,27,758
2026-06-05,"M-04","Pagi",1,"Kelistrikan",21,0,21,849
2026-06-05,"M-04","Siang",0,"Preventive OK",0,0,0,824
2026-06-05,"M-05","Malam",0,"Preventive OK",0,0,0,419
2026-06-05,"M-05","Pagi",0,"Preventive OK",0,0,0,421
2026-06-05,"M-05","Siang",0,"Preventive OK",0,0,0,406
2026-06-05,"M-06","Malam",0,"Preventive OK",0,0,0,415
2026-06-05,"M-06","Pagi",0,"Preventive OK",0,0,0,415
2026-06-05,"M-06","Siang",0,"Preventive OK",0,0,0,343
2026-06-06,"M-01","Malam",0,"Preventive OK",0,0,0,815
2026-06-06,"M-01","Pagi",0,"Preventive OK",0,0,0,805
2026-06-06,"M-01","Siang",0,"Preventive OK",0,0,0,771
2026-06-06,"M-02","Malam",0,"Preventive OK",0,0,0,838
2026-06-06,"M-02","Pagi",0,"Preventive OK",0,0,0,843
2026-06-06,"M-02","Siang",0,"Preventive OK",0,0,0,826
2026-06-06,"M-03","Malam",0,"Preventive OK",0,0,0,803
2026-06-06,"M-03","Pagi",0,"Preventive OK",0,0,0,864
2026-06-06,"M-03","Siang",0,"Preventive OK",0,0,0,846
2026-06-06,"M-04","Malam",0,"Preventive OK",0,0,0,804
2026-06-06,"M-04","Pagi",0,"Preventive OK",0,0,0,759
2026-06-06,"M-04","Siang",0,"Preventive OK",0,0,0,918
2026-06-06,"M-05","Malam",0,"Preventive OK",0,0,0,399
2026-06-06,"M-05","Pagi",0,"Preventive OK",0,0,0,455
2026-06-06,"M-05","Siang",0,"Preventive OK",0,0,0,440
2026-06-06,"M-06","Malam",0,"Preventive OK",0,0,0,395
2026-06-06,"M-06","Pagi",0,"Preventive OK",0,0,0,426
2026-06-06,"M-06","Siang",0,"Preventive OK",0,0,0,371
2026-06-08,"M-01","Malam",0,"Preventive OK",0,30,30,816
2026-06-08,"M-01","Pagi",0,"Preventive OK",0,30,30,858
2026-06-08,"M-01","Siang",0,"Preventive OK",0,30,30,837
2026-06-08,"M-02","Malam",0,"Preventive OK",0,30,30,856
2026-06-08,"M-02","Pagi",0,"Preventive OK",0,30,30,907
2026-06-08,"M-02","Siang",0,"Preventive OK",0,30,30,879
2026-06-08,"M-03","Malam",0,"Preventive OK",0,30,30,818
2026-06-08,"M-03","Pagi",0,"Preventive OK",0,30,30,832
2026-06-08,"M-03","Siang",0,"Preventive OK",0,30,30,920
2026-06-08,"M-04","Malam",0,"Preventive OK",0,30,30,839
2026-06-08,"M-04","Pagi",0,"Preventive OK",0,30,30,809
2026-06-08,"M-04","Siang",1,"Bearing Failure",35,30,65,752
2026-06-08,"M-05","Malam",0,"Preventive OK",0,30,30,359
2026-06-08,"M-05","Pagi",0,"Preventive OK",0,30,30,409
2026-06-08,"M-05","Siang",0,"Preventive OK",0,30,30,413
2026-06-08,"M-06","Malam",0,"Preventive OK",0,30,30,401
2026-06-08,"M-06","Pagi",0,"Preventive OK",0,30,30,387
2026-06-08,"M-06","Siang",0,"Preventive OK",0,30,30,420
2026-06-09,"M-01","Malam",0,"Preventive OK",0,0,0,742
2026-06-09,"M-01","Pagi",0,"Preventive OK",0,0,0,818
2026-06-09,"M-01","Siang",0,"Preventive OK",0,0,0,901
2026-06-09,"M-02","Malam",0,"Preventive OK",0,0,0,906
2026-06-09,"M-02","Pagi",0,"Preventive OK",0,0,0,797
2026-06-09,"M-02","Siang",0,"Preventive OK",0,0,0,817
2026-06-09,"M-03","Malam",0,"Preventive OK",0,0,0,735
2026-06-09,"M-03","Pagi",0,"Preventive OK",0,0,0,931
2026-06-09,"M-03","Siang",0,"Preventive OK",0,0,0,822
2026-06-09,"M-04","Malam",0,"Preventive OK",0,0,0,802
2026-06-09,"M-04","Pagi",0,"Preventive OK",0,0,0,786
2026-06-09,"M-04","Siang",0,"Preventive OK",0,0,0,792
2026-06-09,"M-05","Malam",0,"Preventive OK",0,0,0,407
2026-06-09,"M-05","Pagi",0,"Preventive OK",0,0,0,412
2026-06-09,"M-05","Siang",0,"Preventive OK",0,0,0,418
2026-06-09,"M-06","Malam",0,"Preventive OK",0,0,0,427
2026-06-09,"M-06","Pagi",0,"Preventive OK",0,0,0,436
2026-06-09,"M-06","Siang",0,"Preventive OK",0,0,0,411
2026-06-10,"M-01","Malam",0,"Preventive OK",0,0,0,831
2026-06-10,"M-01","Pagi",0,"Preventive OK",0,0,0,875
2026-06-10,"M-01","Siang",0,"Preventive OK",0,0,0,956
2026-06-10,"M-02","Malam",0,"Preventive OK",0,0,0,726
2026-06-10,"M-02","Pagi",0,"Preventive OK",0,0,0,882
2026-06-10,"M-02","Siang",0,"Preventive OK",0,0,0,840
2026-06-10,"M-03","Malam",0,"Preventive OK",0,0,0,885
2026-06-10,"M-03","Pagi",0,"Preventive OK",0,0,0,846
2026-06-10,"M-03","Siang",0,"Preventive OK",0,0,0,895
2026-06-10,"M-04","Malam",0,"Preventive OK",0,0,0,852
2026-06-10,"M-04","Pagi",1,"Bearing Failure",21,0,21,763
2026-06-10,"M-04","Siang",0,"Preventive OK",0,0,0,933
2026-06-10,"M-05","Malam",0,"Preventive OK",0,0,0,425
2026-06-10,"M-05","Pagi",0,"Preventive OK",0,0,0,390
2026-06-10,"M-05","Siang",0,"Preventive OK",0,0,0,376
2026-06-10,"M-06","Malam",0,"Preventive OK",0,0,0,441
2026-06-10,"M-06","Pagi",0,"Preventive OK",0,0,0,415
2026-06-10,"M-06","Siang",0,"Preventive OK",0,0,0,391
2026-06-11,"M-01","Malam",0,"Preventive OK",0,0,0,700
2026-06-11,"M-01","Pagi",0,"Preventive OK",0,0,0,674
2026-06-11,"M-01","Siang",0,"Preventive OK",0,0,0,852
2026-06-11,"M-02","Malam",0,"Preventive OK",0,0,0,786
2026-06-11,"M-02","Pagi",0,"Preventive OK",0,0,0,822
2026-06-11,"M-02","Siang",0,"Preventive OK",0,0,0,800
2026-06-11,"M-03","Malam",0,"Preventive OK",0,0,0,895
2026-06-11,"M-03","Pagi",0,"Preventive OK",0,0,0,744
2026-06-11,"M-03","Siang",0,"Preventive OK",0,0,0,691
2026-06-11,"M-04","Malam",0,"Preventive OK",0,0,0,768
2026-06-11,"M-04","Pagi",1,"Bearing Failure",36,0,36,722
2026-06-11,"M-04","Siang",0,"Preventive OK",0,0,0,803
2026-06-11,"M-05","Malam",0,"Preventive OK",0,0,0,376
2026-06-11,"M-05","Pagi",0,"Preventive OK",0,0,0,432
2026-06-11,"M-05","Siang",0,"Preventive OK",0,0,0,404
2026-06-11,"M-06","Malam",0,"Preventive OK",0,0,0,382
2026-06-11,"M-06","Pagi",0,"Preventive OK",0,0,0,426
2026-06-11,"M-06","Siang",0,"Preventive OK",0,0,0,360
2026-06-12,"M-01","Malam",0,"Preventive OK",0,0,0,881
2026-06-12,"M-01","Pagi",0,"Preventive OK",0,0,0,748
2026-06-12,"M-01","Siang",0,"Preventive OK",0,0,0,875
2026-06-12,"M-02","Malam",0,"Preventive OK",0,0,0,760
2026-06-12,"M-02","Pagi",0,"Preventive OK",0,0,0,883
2026-06-12,"M-02","Siang",0,"Preventive OK",0,0,0,805
2026-06-12,"M-03","Malam",0,"Preventive OK",0,0,0,857
2026-06-12,"M-03","Pagi",0,"Preventive OK",0,0,0,935
2026-06-12,"M-03","Siang",0,"Preventive OK",0,0,0,809
2026-06-12,"M-04","Malam",0,"Preventive OK",0,0,0,851
2026-06-12,"M-04","Pagi",0,"Preventive OK",0,0,0,748
2026-06-12,"M-04","Siang",0,"Preventive OK",0,0,0,916
2026-06-12,"M-05","Malam",0,"Preventive OK",0,0,0,409
2026-06-12,"M-05","Pagi",0,"Preventive OK",0,0,0,431
2026-06-12,"M-05","Siang",0,"Preventive OK",0,0,0,368
2026-06-12,"M-06","Malam",0,"Preventive OK",0,0,0,392
2026-06-12,"M-06","Pagi",0,"Preventive OK",0,0,0,438
2026-06-12,"M-06","Siang",0,"Preventive OK",0,0,0,425
2026-06-13,"M-01","Malam",0,"Preventive OK",0,0,0,710
2026-06-13,"M-01","Pagi",0,"Preventive OK",0,0,0,855
2026-06-13,"M-01","Siang",0,"Preventive OK",0,0,0,922
2026-06-13,"M-02","Malam",0,"Preventive OK",0,0,0,860
2026-06-13,"M-02","Pagi",0,"Preventive OK",0,0,0,802
2026-06-13,"M-02","Siang",1,"Bearing Failure",16,0,16,784
2026-06-13,"M-03","Malam",0,"Preventive OK",0,0,0,820
2026-06-13,"M-03","Pagi",0,"Preventive OK",0,0,0,813
2026-06-13,"M-03","Siang",1,"Bearing Failure",25,0,25,761
2026-06-13,"M-04","Malam",0,"Preventive OK",0,0,0,762
2026-06-13,"M-04","Pagi",0,"Preventive OK",0,0,0,818
2026-06-13,"M-04","Siang",0,"Preventive OK",0,0,0,822
2026-06-13,"M-05","Malam",0,"Preventive OK",0,0,0,370
2026-06-13,"M-05","Pagi",0,"Preventive OK",0,0,0,415
2026-06-13,"M-05","Siang",0,"Preventive OK",0,0,0,393
2026-06-13,"M-06","Malam",0,"Preventive OK",0,0,0,353
2026-06-13,"M-06","Pagi",0,"Preventive OK",0,0,0,423
2026-06-13,"M-06","Siang",0,"Preventive OK",0,0,0,375
2026-06-15,"M-01","Malam",0,"Preventive OK",0,30,30,778
2026-06-15,"M-01","Pagi",0,"Preventive OK",0,30,30,874
2026-06-15,"M-01","Siang",0,"Preventive OK",0,30,30,893
2026-06-15,"M-02","Malam",1,"Bearing Failure",29,30,59,802
2026-06-15,"M-02","Pagi",0,"Preventive OK",0,30,30,777
2026-06-15,"M-02","Siang",0,"Preventive OK",0,30,30,854
2026-06-15,"M-03","Malam",0,"Preventive OK",0,30,30,754
2026-06-15,"M-03","Pagi",0,"Preventive OK",0,30,30,822
2026-06-15,"M-03","Siang",0,"Preventive OK",0,30,30,793
2026-06-15,"M-04","Malam",0,"Preventive OK",0,30,30,808
2026-06-15,"M-04","Pagi",0,"Preventive OK",0,30,30,804
2026-06-15,"M-04","Siang",0,"Preventive OK",0,30,30,852
2026-06-15,"M-05","Malam",0,"Preventive OK",0,30,30,413
2026-06-15,"M-05","Pagi",0,"Preventive OK",0,30,30,391
2026-06-15,"M-05","Siang",0,"Preventive OK",0,30,30,440
2026-06-15,"M-06","Malam",0,"Preventive OK",0,30,30,440
2026-06-15,"M-06","Pagi",0,"Preventive OK",0,30,30,385
2026-06-15,"M-06","Siang",0,"Preventive OK",0,30,30,400
2026-06-16,"M-01","Malam",0,"Preventive OK",0,0,0,851
2026-06-16,"M-01","Pagi",0,"Preventive OK",0,0,0,757
2026-06-16,"M-01","Siang",0,"Preventive OK",0,0,0,890
2026-06-16,"M-02","Malam",1,"Bearing Failure",74,0,74,771
2026-06-16,"M-02","Pagi",0,"Preventive OK",0,0,0,845
2026-06-16,"M-02","Siang",0,"Preventive OK",0,0,0,872
2026-06-16,"M-03","Malam",0,"Preventive OK",0,0,0,726
2026-06-16,"M-03","Pagi",0,"Preventive OK",0,0,0,726
2026-06-16,"M-03","Siang",0,"Preventive OK",0,0,0,891
2026-06-16,"M-04","Malam",1,"Kelistrikan",31,0,31,806
2026-06-16,"M-04","Pagi",0,"Preventive OK",0,0,0,890
2026-06-16,"M-04","Siang",0,"Preventive OK",0,0,0,858
2026-06-16,"M-05","Malam",1,"Setup & Adjust",34,0,34,355
2026-06-16,"M-05","Pagi",1,"Material Jam",21,0,21,411
2026-06-16,"M-05","Siang",0,"Preventive OK",0,0,0,420
2026-06-16,"M-06","Malam",0,"Preventive OK",0,0,0,386
2026-06-16,"M-06","Pagi",0,"Preventive OK",0,0,0,451
2026-06-16,"M-06","Siang",0,"Preventive OK",0,0,0,405
2026-06-17,"M-01","Malam",0,"Preventive OK",0,0,0,763
2026-06-17,"M-01","Pagi",1,"Bearing Failure",19,0,19,857
2026-06-17,"M-01","Siang",0,"Preventive OK",0,0,0,916
2026-06-17,"M-02","Malam",0,"Preventive OK",0,0,0,802
2026-06-17,"M-02","Pagi",1,"Bearing Failure",36,0,36,737
2026-06-17,"M-02","Siang",0,"Preventive OK",0,0,0,855
2026-06-17,"M-03","Malam",0,"Preventive OK",0,0,0,758
2026-06-17,"M-03","Pagi",0,"Preventive OK",0,0,0,834
2026-06-17,"M-03","Siang",0,"Preventive OK",0,0,0,750
2026-06-17,"M-04","Malam",0,"Preventive OK",0,0,0,876
2026-06-17,"M-04","Pagi",0,"Preventive OK",0,0,0,811
2026-06-17,"M-04","Siang",0,"Preventive OK",0,0,0,858
2026-06-17,"M-05","Malam",0,"Preventive OK",0,0,0,388
2026-06-17,"M-05","Pagi",0,"Preventive OK",0,0,0,380
2026-06-17,"M-05","Siang",1,"Bearing Failure",21,0,21,405
2026-06-17,"M-06","Malam",0,"Preventive OK",0,0,0,378
2026-06-17,"M-06","Pagi",0,"Preventive OK",0,0,0,452
2026-06-17,"M-06","Siang",0,"Preventive OK",0,0,0,469
2026-06-18,"M-01","Malam",0,"Preventive OK",0,0,0,914
2026-06-18,"M-01","Pagi",0,"Preventive OK",0,0,0,825
2026-06-18,"M-01","Siang",0,"Preventive OK",0,0,0,841
2026-06-18,"M-02","Malam",0,"Preventive OK",0,0,0,746
2026-06-18,"M-02","Pagi",0,"Preventive OK",0,0,0,919
2026-06-18,"M-02","Siang",0,"Preventive OK",0,0,0,862
2026-06-18,"M-03","Malam",0,"Preventive OK",0,0,0,786
2026-06-18,"M-03","Pagi",0,"Preventive OK",0,0,0,848
2026-06-18,"M-03","Siang",0,"Preventive OK",0,0,0,824
2026-06-18,"M-04","Malam",0,"Preventive OK",0,0,0,798
2026-06-18,"M-04","Pagi",0,"Preventive OK",0,0,0,840
2026-06-18,"M-04","Siang",0,"Preventive OK",0,0,0,825
2026-06-18,"M-05","Malam",0,"Preventive OK",0,0,0,404
2026-06-18,"M-05","Pagi",0,"Preventive OK",0,0,0,391
2026-06-18,"M-05","Siang",0,"Preventive OK",0,0,0,387
2026-06-18,"M-06","Malam",0,"Preventive OK",0,0,0,406
2026-06-18,"M-06","Pagi",0,"Preventive OK",0,0,0,521
2026-06-18,"M-06","Siang",0,"Preventive OK",0,0,0,388
2026-06-19,"M-01","Malam",0,"Preventive OK",0,0,0,833
2026-06-19,"M-01","Pagi",0,"Preventive OK",0,0,0,783
2026-06-19,"M-01","Siang",0,"Preventive OK",0,0,0,736
2026-06-19,"M-02","Malam",0,"Preventive OK",0,0,0,776
2026-06-19,"M-02","Pagi",0,"Preventive OK",0,0,0,894
2026-06-19,"M-02","Siang",0,"Preventive OK",0,0,0,726
2026-06-19,"M-03","Malam",0,"Preventive OK",0,0,0,806
2026-06-19,"M-03","Pagi",0,"Preventive OK",0,0,0,810
2026-06-19,"M-03","Siang",0,"Preventive OK",0,0,0,807
2026-06-19,"M-04","Malam",0,"Preventive OK",0,0,0,795
2026-06-19,"M-04","Pagi",0,"Preventive OK",0,0,0,805
2026-06-19,"M-04","Siang",0,"Preventive OK",0,0,0,772
2026-06-19,"M-05","Malam",0,"Preventive OK",0,0,0,408
2026-06-19,"M-05","Pagi",0,"Preventive OK",0,0,0,386
2026-06-19,"M-05","Siang",0,"Preventive OK",0,0,0,398
2026-06-19,"M-06","Malam",0,"Preventive OK",0,0,0,428
2026-06-19,"M-06","Pagi",0,"Preventive OK",0,0,0,349
2026-06-19,"M-06","Siang",0,"Preventive OK",0,0,0,411
2026-06-20,"M-01","Malam",0,"Preventive OK",0,0,0,753
2026-06-20,"M-01","Pagi",0,"Preventive OK",0,0,0,763
2026-06-20,"M-01","Siang",0,"Preventive OK",0,0,0,814
2026-06-20,"M-02","Malam",0,"Preventive OK",0,0,0,843
2026-06-20,"M-02","Pagi",0,"Preventive OK",0,0,0,822
2026-06-20,"M-02","Siang",0,"Preventive OK",0,0,0,725
2026-06-20,"M-03","Malam",0,"Preventive OK",0,0,0,799
2026-06-20,"M-03","Pagi",0,"Preventive OK",0,0,0,856
2026-06-20,"M-03","Siang",0,"Preventive OK",0,0,0,831
2026-06-20,"M-04","Malam",0,"Preventive OK",0,0,0,838
2026-06-20,"M-04","Pagi",0,"Preventive OK",0,0,0,797
2026-06-20,"M-04","Siang",0,"Preventive OK",0,0,0,891
2026-06-20,"M-05","Malam",0,"Preventive OK",0,0,0,430
2026-06-20,"M-05","Pagi",0,"Preventive OK",0,0,0,372
2026-06-20,"M-05","Siang",0,"Preventive OK",0,0,0,429
2026-06-20,"M-06","Malam",0,"Preventive OK",0,0,0,412
2026-06-20,"M-06","Pagi",0,"Preventive OK",0,0,0,356
2026-06-20,"M-06","Siang",0,"Preventive OK",0,0,0,398
2026-06-22,"M-01","Malam",0,"Preventive OK",0,30,30,762
2026-06-22,"M-01","Pagi",0,"Preventive OK",0,30,30,785
2026-06-22,"M-01","Siang",0,"Preventive OK",0,30,30,786
2026-06-22,"M-02","Malam",0,"Preventive OK",0,30,30,853
2026-06-22,"M-02","Pagi",0,"Preventive OK",0,30,30,793
2026-06-22,"M-02","Siang",0,"Preventive OK",0,30,30,955
2026-06-22,"M-03","Malam",0,"Preventive OK",0,30,30,866
2026-06-22,"M-03","Pagi",0,"Preventive OK",0,30,30,835
2026-06-22,"M-03","Siang",0,"Preventive OK",0,30,30,744
2026-06-22,"M-04","Malam",0,"Preventive OK",0,30,30,826
2026-06-22,"M-04","Pagi",1,"Tool Wear",45,30,75,781
2026-06-22,"M-04","Siang",0,"Preventive OK",0,30,30,890
2026-06-22,"M-05","Malam",0,"Preventive OK",0,30,30,403
2026-06-22,"M-05","Pagi",0,"Preventive OK",0,30,30,391
2026-06-22,"M-05","Siang",0,"Preventive OK",0,30,30,384
2026-06-22,"M-06","Malam",0,"Preventive OK",0,30,30,446
2026-06-22,"M-06","Pagi",0,"Preventive OK",0,30,30,380
2026-06-22,"M-06","Siang",0,"Preventive OK",0,30,30,410
2026-06-23,"M-01","Malam",0,"Preventive OK",0,0,0,832
2026-06-23,"M-01","Pagi",0,"Preventive OK",0,0,0,775
2026-06-23,"M-01","Siang",0,"Preventive OK",0,0,0,862
2026-06-23,"M-02","Malam",0,"Preventive OK",0,0,0,858
2026-06-23,"M-02","Pagi",0,"Preventive OK",0,0,0,721
2026-06-23,"M-02","Siang",1,"Bearing Failure",22,0,22,813
2026-06-23,"M-03","Malam",0,"Preventive OK",0,0,0,951
2026-06-23,"M-03","Pagi",0,"Preventive OK",0,0,0,847
2026-06-23,"M-03","Siang",0,"Preventive OK",0,0,0,770
2026-06-23,"M-04","Malam",0,"Preventive OK",0,0,0,778
2026-06-23,"M-04","Pagi",0,"Preventive OK",0,0,0,822
2026-06-23,"M-04","Siang",0,"Preventive OK",0,0,0,826
2026-06-23,"M-05","Malam",0,"Preventive OK",0,0,0,429
2026-06-23,"M-05","Pagi",0,"Preventive OK",0,0,0,411
2026-06-23,"M-05","Siang",0,"Preventive OK",0,0,0,416
2026-06-23,"M-06","Malam",0,"Preventive OK",0,0,0,459
2026-06-23,"M-06","Pagi",0,"Preventive OK",0,0,0,381
2026-06-23,"M-06","Siang",0,"Preventive OK",0,0,0,385
2026-06-24,"M-01","Malam",0,"Preventive OK",0,0,0,782
2026-06-24,"M-01","Pagi",0,"Preventive OK",0,0,0,834
2026-06-24,"M-01","Siang",0,"Preventive OK",0,0,0,942
2026-06-24,"M-02","Malam",0,"Preventive OK",0,0,0,694
2026-06-24,"M-02","Pagi",0,"Preventive OK",0,0,0,753
2026-06-24,"M-02","Siang",0,"Preventive OK",0,0,0,932
2026-06-24,"M-03","Malam",0,"Preventive OK",0,0,0,868
2026-06-24,"M-03","Pagi",0,"Preventive OK",0,0,0,920
2026-06-24,"M-03","Siang",0,"Preventive OK",0,0,0,927
2026-06-24,"M-04","Malam",0,"Preventive OK",0,0,0,806
2026-06-24,"M-04","Pagi",0,"Preventive OK",0,0,0,786
2026-06-24,"M-04","Siang",0,"Preventive OK",0,0,0,822
2026-06-24,"M-05","Malam",0,"Preventive OK",0,0,0,406
2026-06-24,"M-05","Pagi",0,"Preventive OK",0,0,0,448
2026-06-24,"M-05","Siang",0,"Preventive OK",0,0,0,408
2026-06-24,"M-06","Malam",0,"Preventive OK",0,0,0,379
2026-06-24,"M-06","Pagi",0,"Preventive OK",0,0,0,381
2026-06-24,"M-06","Siang",0,"Preventive OK",0,0,0,404
2026-06-25,"M-01","Malam",0,"Preventive OK",0,0,0,897
2026-06-25,"M-01","Pagi",0,"Preventive OK",0,0,0,773
2026-06-25,"M-01","Siang",0,"Preventive OK",0,0,0,836
2026-06-25,"M-02","Malam",1,"Tool Wear",27,0,27,788
2026-06-25,"M-02","Pagi",1,"Tool Wear",18,0,18,781
2026-06-25,"M-02","Siang",0,"Preventive OK",0,0,0,731
2026-06-25,"M-03","Malam",0,"Preventive OK",0,0,0,848
2026-06-25,"M-03","Pagi",0,"Preventive OK",0,0,0,862
2026-06-25,"M-03","Siang",1,"Setup & Adjust",19,0,19,768
2026-06-25,"M-04","Malam",0,"Preventive OK",0,0,0,793
2026-06-25,"M-04","Pagi",0,"Preventive OK",0,0,0,749
2026-06-25,"M-04","Siang",0,"Preventive OK",0,0,0,899
2026-06-25,"M-05","Malam",0,"Preventive OK",0,0,0,415
2026-06-25,"M-05","Pagi",0,"Preventive OK",0,0,0,394
2026-06-25,"M-05","Siang",0,"Preventive OK",0,0,0,416
2026-06-25,"M-06","Malam",0,"Preventive OK",0,0,0,448
2026-06-25,"M-06","Pagi",0,"Preventive OK",0,0,0,458
2026-06-25,"M-06","Siang",0,"Preventive OK",0,0,0,391
2026-06-26,"M-01","Malam",0,"Preventive OK",0,0,0,753
2026-06-26,"M-01","Pagi",0,"Preventive OK",0,0,0,775
2026-06-26,"M-01","Siang",0,"Preventive OK",0,0,0,853
2026-06-26,"M-02","Malam",0,"Preventive OK",0,0,0,1007
2026-06-26,"M-02","Pagi",1,"Tool Wear",23,0,23,808
2026-06-26,"M-02","Siang",0,"Preventive OK",0,0,0,765
2026-06-26,"M-03","Malam",0,"Preventive OK",0,0,0,754
2026-06-26,"M-03","Pagi",0,"Preventive OK",0,0,0,911
2026-06-26,"M-03","Siang",0,"Preventive OK",0,0,0,848
2026-06-26,"M-04","Malam",0,"Preventive OK",0,0,0,741
2026-06-26,"M-04","Pagi",0,"Preventive OK",0,0,0,880
2026-06-26,"M-04","Siang",1,"Bearing Failure",18,0,18,674
2026-06-26,"M-05","Malam",0,"Preventive OK",0,0,0,416
2026-06-26,"M-05","Pagi",0,"Preventive OK",0,0,0,420
2026-06-26,"M-05","Siang",0,"Preventive OK",0,0,0,427
2026-06-26,"M-06","Malam",0,"Preventive OK",0,0,0,361
2026-06-26,"M-06","Pagi",0,"Preventive OK",0,0,0,380
2026-06-26,"M-06","Siang",0,"Preventive OK",0,0,0,398
2026-06-27,"M-01","Malam",0,"Preventive OK",0,0,0,772
2026-06-27,"M-01","Pagi",0,"Preventive OK",0,0,0,780
2026-06-27,"M-01","Siang",0,"Preventive OK",0,0,0,843
2026-06-27,"M-02","Malam",0,"Preventive OK",0,0,0,779
2026-06-27,"M-02","Pagi",0,"Preventive OK",0,0,0,868
2026-06-27,"M-02","Siang",0,"Preventive OK",0,0,0,914
2026-06-27,"M-03","Malam",0,"Preventive OK",0,0,0,838
2026-06-27,"M-03","Pagi",0,"Preventive OK",0,0,0,778
2026-06-27,"M-03","Siang",0,"Preventive OK",0,0,0,782
2026-06-27,"M-04","Malam",0,"Preventive OK",0,0,0,861
2026-06-27,"M-04","Pagi",0,"Preventive OK",0,0,0,778
2026-06-27,"M-04","Siang",0,"Preventive OK",0,0,0,823
2026-06-27,"M-05","Malam",0,"Preventive OK",0,0,0,432
2026-06-27,"M-05","Pagi",0,"Preventive OK",0,0,0,371
2026-06-27,"M-05","Siang",0,"Preventive OK",0,0,0,380
2026-06-27,"M-06","Malam",0,"Preventive OK",0,0,0,420
2026-06-27,"M-06","Pagi",0,"Preventive OK",0,0,0,318
2026-06-27,"M-06","Siang",0,"Preventive OK",0,0,0,457
2026-06-29,"M-01","Malam",0,"Preventive OK",0,30,30,860
2026-06-29,"M-01","Pagi",0,"Preventive OK",0,30,30,817
2026-06-29,"M-01","Siang",0,"Preventive OK",0,30,30,817
2026-06-29,"M-02","Malam",0,"Preventive OK",0,30,30,854
2026-06-29,"M-02","Pagi",0,"Preventive OK",0,30,30,728
2026-06-29,"M-02","Siang",0,"Preventive OK",0,30,30,891
2026-06-29,"M-03","Malam",0,"Preventive OK",0,30,30,652
2026-06-29,"M-03","Pagi",0,"Preventive OK",0,30,30,890
2026-06-29,"M-03","Siang",0,"Preventive OK",0,30,30,889
2026-06-29,"M-04","Malam",0,"Preventive OK",0,30,30,810
2026-06-29,"M-04","Pagi",0,"Preventive OK",0,30,30,844
2026-06-29,"M-04","Siang",0,"Preventive OK",0,30,30,845
2026-06-29,"M-05","Malam",0,"Preventive OK",0,30,30,385
2026-06-29,"M-05","Pagi",0,"Preventive OK",0,30,30,471
2026-06-29,"M-05","Siang",0,"Preventive OK",0,30,30,370
2026-06-29,"M-06","Malam",0,"Preventive OK",0,30,30,421
2026-06-29,"M-06","Pagi",0,"Preventive OK",0,30,30,418
2026-06-29,"M-06","Siang",0,"Preventive OK",0,30,30,429
2026-06-30,"M-01","Malam",0,"Preventive OK",0,0,0,834
2026-06-30,"M-01","Pagi",0,"Preventive OK",0,0,0,812
2026-06-30,"M-01","Siang",0,"Preventive OK",0,0,0,802
2026-06-30,"M-02","Malam",0,"Preventive OK",0,0,0,815
2026-06-30,"M-02","Pagi",1,"Bearing Failure",18,0,18,773
2026-06-30,"M-02","Siang",0,"Preventive OK",0,0,0,797
2026-06-30,"M-03","Malam",0,"Preventive OK",0,0,0,853
2026-06-30,"M-03","Pagi",0,"Preventive OK",0,0,0,800
2026-06-30,"M-03","Siang",0,"Preventive OK",0,0,0,892
2026-06-30,"M-04","Malam",0,"Preventive OK",0,0,0,793
2026-06-30,"M-04","Pagi",0,"Preventive OK",0,0,0,789
2026-06-30,"M-04","Siang",0,"Preventive OK",0,0,0,800
2026-06-30,"M-05","Malam",0,"Preventive OK",0,0,0,370
2026-06-30,"M-05","Pagi",0,"Preventive OK",0,0,0,404
2026-06-30,"M-05","Siang",0,"Preventive OK",0,0,0,367
2026-06-30,"M-06","Malam",0,"Preventive OK",0,0,0,383
2026-06-30,"M-06","Pagi",0,"Preventive OK",0,0,0,390
2026-06-30,"M-06","Siang",0,"Preventive OK",0,0,0,423
