"Tanggal","SKU","Produk","Kategori","Rasa","Ukuran","UrutanUkuran","JenisPacking","IsiKemasan","HargaSatuan","IsiPerKarton","KapasitasMesin","Lokasi","BulanKe","NamaBulan","AngkaBulan","Jenis","Permintaan","Plan","Skenario","Faktor"
2023-01-01,"KK-ORI-BES-POU","Keripik Kentang","Makanan","Original","Besar",3,"Pouch","250 g",22000,12,2200,"Pabrik A",1,"Januari",0.760458029365592,"Riwayat",284,NA,"Normal",1
2023-01-01,"KK-ORI-BES-POU","Keripik Kentang","Makanan","Original","Besar",3,"Pouch","250 g",22000,12,2200,"Pabrik A",1,"Januari",0.760458029365592,"Riwayat",284,NA,"Optimis",1.1
2023-01-01,"KK-ORI-BES-POU","Keripik Kentang","Makanan","Original","Besar",3,"Pouch","250 g",22000,12,2200,"Pabrik A",1,"Januari",0.760458029365592,"Riwayat",284,NA,"Pesimis",0.9
2023-02-01,"KK-ORI-BES-POU","Keripik Kentang","Makanan","Original","Besar",3,"Pouch","250 g",22000,12,2200,"Pabrik A",2,"Februari",0.788253763043679,"Riwayat",201,NA,"Normal",1
2023-02-01,"KK-ORI-BES-POU","Keripik Kentang","Makanan","Original","Besar",3,"Pouch","250 g",22000,12,2200,"Pabrik A",2,"Februari",0.788253763043679,"Riwayat",201,NA,"Optimis",1.1
2023-02-01,"KK-ORI-BES-POU","Keripik Kentang","Makanan","Original","Besar",3,"Pouch","250 g",22000,12,2200,"Pabrik A",2,"Februari",0.788253763043679,"Riwayat",201,NA,"Pesimis",0.9
2023-03-01,"KK-ORI-BES-POU","Keripik Kentang","Makanan","Original","Besar",3,"Pouch","250 g",22000,12,2200,"Pabrik A",3,"Maret",0.901006556468741,"Riwayat",390,NA,"Normal",1
2023-03-01,"KK-ORI-BES-POU","Keripik Kentang","Makanan","Original","Besar",3,"Pouch","250 g",22000,12,2200,"Pabrik A",3,"Maret",0.901006556468741,"Riwayat",390,NA,"Optimis",1.1
2023-03-01,"KK-ORI-BES-POU","Keripik Kentang","Makanan","Original","Besar",3,"Pouch","250 g",22000,12,2200,"Pabrik A",3,"Maret",0.901006556468741,"Riwayat",390,NA,"Pesimis",0.9
2023-04-01,"KK-ORI-BES-POU","Keripik Kentang","Makanan","Original","Besar",3,"Pouch","250 g",22000,12,2200,"Pabrik A",4,"April",0.93194200757226,"Riwayat",284,NA,"Normal",1
2023-04-01,"KK-ORI-BES-POU","Keripik Kentang","Makanan","Original","Besar",3,"Pouch","250 g",22000,12,2200,"Pabrik A",4,"April",0.93194200757226,"Riwayat",284,NA,"Optimis",1.1
2023-04-01,"KK-ORI-BES-POU","Keripik Kentang","Makanan","Original","Besar",3,"Pouch","250 g",22000,12,2200,"Pabrik A",4,"April",0.93194200757226,"Riwayat",284,NA,"Pesimis",0.9
2023-05-01,"KK-ORI-BES-POU","Keripik Kentang","Makanan","Original","Besar",3,"Pouch","250 g",22000,12,2200,"Pabrik A",5,"Mei",1.00212392649367,"Riwayat",265,NA,"Normal",1
2023-05-01,"KK-ORI-BES-POU","Keripik Kentang","Makanan","Original","Besar",3,"Pouch","250 g",22000,12,2200,"Pabrik A",5,"Mei",1.00212392649367,"Riwayat",265,NA,"Optimis",1.1
2023-05-01,"KK-ORI-BES-POU","Keripik Kentang","Makanan","Original","Besar",3,"Pouch","250 g",22000,12,2200,"Pabrik A",5,"Mei",1.00212392649367,"Riwayat",265,NA,"Pesimis",0.9
2023-06-01,"KK-ORI-BES-POU","Keripik Kentang","Makanan","Original","Besar",3,"Pouch","250 g",22000,12,2200,"Pabrik A",6,"Juni",1.14507341398098,"Riwayat",326,NA,"Normal",1
2023-06-01,"KK-ORI-BES-POU","Keripik Kentang","Makanan","Original","Besar",3,"Pouch","250 g",22000,12,2200,"Pabrik A",6,"Juni",1.14507341398098,"Riwayat",326,NA,"Optimis",1.1
2023-06-01,"KK-ORI-BES-POU","Keripik Kentang","Makanan","Original","Besar",3,"Pouch","250 g",22000,12,2200,"Pabrik A",6,"Juni",1.14507341398098,"Riwayat",326,NA,"Pesimis",0.9
2023-07-01,"KK-ORI-BES-POU","Keripik Kentang","Makanan","Original","Besar",3,"Pouch","250 g",22000,12,2200,"Pabrik A",7,"Juli",1.04783451842275,"Riwayat",302,NA,"Normal",1
2023-07-01,"KK-ORI-BES-POU","Keripik Kentang","Makanan","Original","Besar",3,"Pouch","250 g",22000,12,2200,"Pabrik A",7,"Juli",1.04783451842275,"Riwayat",302,NA,"Optimis",1.1
2023-07-01,"KK-ORI-BES-POU","Keripik Kentang","Makanan","Original","Besar",3,"Pouch","250 g",22000,12,2200,"Pabrik A",7,"Juli",1.04783451842275,"Riwayat",302,NA,"Pesimis",0.9
2023-08-01,"KK-ORI-BES-POU","Keripik Kentang","Makanan","Original","Besar",3,"Pouch","250 g",22000,12,2200,"Pabrik A",8,"Agustus",0.986702373256995,"Riwayat",277,NA,"Normal",1
2023-08-01,"KK-ORI-BES-POU","Keripik Kentang","Makanan","Original","Besar",3,"Pouch","250 g",22000,12,2200,"Pabrik A",8,"Agustus",0.986702373256995,"Riwayat",277,NA,"Optimis",1.1
2023-08-01,"KK-ORI-BES-POU","Keripik Kentang","Makanan","Original","Besar",3,"Pouch","250 g",22000,12,2200,"Pabrik A",8,"Agustus",0.986702373256995,"Riwayat",277,NA,"Pesimis",0.9
2023-09-01,"KK-ORI-BES-POU","Keripik Kentang","Makanan","Original","Besar",3,"Pouch","250 g",22000,12,2200,"Pabrik A",9,"September",0.997876073506326,"Riwayat",309,NA,"Normal",1
2023-09-01,"KK-ORI-BES-POU","Keripik Kentang","Makanan","Original","Besar",3,"Pouch","250 g",22000,12,2200,"Pabrik A",9,"September",0.997876073506326,"Riwayat",309,NA,"Optimis",1.1
2023-09-01,"KK-ORI-BES-POU","Keripik Kentang","Makanan","Original","Besar",3,"Pouch","250 g",22000,12,2200,"Pabrik A",9,"September",0.997876073506326,"Riwayat",309,NA,"Pesimis",0.9
2023-10-01,"KK-ORI-BES-POU","Keripik Kentang","Makanan","Original","Besar",3,"Pouch","250 g",22000,12,2200,"Pabrik A",10,"Oktober",1.10573460153292,"Riwayat",297,NA,"Normal",1
2023-10-01,"KK-ORI-BES-POU","Keripik Kentang","Makanan","Original","Besar",3,"Pouch","250 g",22000,12,2200,"Pabrik A",10,"Oktober",1.10573460153292,"Riwayat",297,NA,"Optimis",1.1
2023-10-01,"KK-ORI-BES-POU","Keripik Kentang","Makanan","Original","Besar",3,"Pouch","250 g",22000,12,2200,"Pabrik A",10,"Oktober",1.10573460153292,"Riwayat",297,NA,"Pesimis",0.9
2023-11-01,"KK-ORI-BES-POU","Keripik Kentang","Makanan","Original","Besar",3,"Pouch","250 g",22000,12,2200,"Pabrik A",11,"November",1.29356357927787,"Riwayat",422,NA,"Normal",1
2023-11-01,"KK-ORI-BES-POU","Keripik Kentang","Makanan","Original","Besar",3,"Pouch","250 g",22000,12,2200,"Pabrik A",11,"November",1.29356357927787,"Riwayat",422,NA,"Optimis",1.1
2023-11-01,"KK-ORI-BES-POU","Keripik Kentang","Makanan","Original","Besar",3,"Pouch","250 g",22000,12,2200,"Pabrik A",11,"November",1.29356357927787,"Riwayat",422,NA,"Pesimis",0.9
2023-12-01,"KK-ORI-BES-POU","Keripik Kentang","Makanan","Original","Besar",3,"Pouch","250 g",22000,12,2200,"Pabrik A",12,"Desember",1.40991781327916,"Riwayat",352,NA,"Normal",1
2023-12-01,"KK-ORI-BES-POU","Keripik Kentang","Makanan","Original","Besar",3,"Pouch","250 g",22000,12,2200,"Pabrik A",12,"Desember",1.40991781327916,"Riwayat",352,NA,"Optimis",1.1
2023-12-01,"KK-ORI-BES-POU","Keripik Kentang","Makanan","Original","Besar",3,"Pouch","250 g",22000,12,2200,"Pabrik A",12,"Desember",1.40991781327916,"Riwayat",352,NA,"Pesimis",0.9
2024-01-01,"KK-ORI-BES-POU","Keripik Kentang","Makanan","Original","Besar",3,"Pouch","250 g",22000,12,2200,"Pabrik A",1,"Januari",0.760458029365592,"Riwayat",224,NA,"Normal",1
2024-01-01,"KK-ORI-BES-POU","Keripik Kentang","Makanan","Original","Besar",3,"Pouch","250 g",22000,12,2200,"Pabrik A",1,"Januari",0.760458029365592,"Riwayat",224,NA,"Optimis",1.1
2024-01-01,"KK-ORI-BES-POU","Keripik Kentang","Makanan","Original","Besar",3,"Pouch","250 g",22000,12,2200,"Pabrik A",1,"Januari",0.760458029365592,"Riwayat",224,NA,"Pesimis",0.9
2024-02-01,"KK-ORI-BES-POU","Keripik Kentang","Makanan","Original","Besar",3,"Pouch","250 g",22000,12,2200,"Pabrik A",2,"Februari",0.788253763043679,"Riwayat",122,NA,"Normal",1
2024-02-01,"KK-ORI-BES-POU","Keripik Kentang","Makanan","Original","Besar",3,"Pouch","250 g",22000,12,2200,"Pabrik A",2,"Februari",0.788253763043679,"Riwayat",122,NA,"Optimis",1.1
2024-02-01,"KK-ORI-BES-POU","Keripik Kentang","Makanan","Original","Besar",3,"Pouch","250 g",22000,12,2200,"Pabrik A",2,"Februari",0.788253763043679,"Riwayat",122,NA,"Pesimis",0.9
2024-03-01,"KK-ORI-BES-POU","Keripik Kentang","Makanan","Original","Besar",3,"Pouch","250 g",22000,12,2200,"Pabrik A",3,"Maret",0.901006556468741,"Riwayat",248,NA,"Normal",1
2024-03-01,"KK-ORI-BES-POU","Keripik Kentang","Makanan","Original","Besar",3,"Pouch","250 g",22000,12,2200,"Pabrik A",3,"Maret",0.901006556468741,"Riwayat",248,NA,"Optimis",1.1
2024-03-01,"KK-ORI-BES-POU","Keripik Kentang","Makanan","Original","Besar",3,"Pouch","250 g",22000,12,2200,"Pabrik A",3,"Maret",0.901006556468741,"Riwayat",248,NA,"Pesimis",0.9
2024-04-01,"KK-ORI-BES-POU","Keripik Kentang","Makanan","Original","Besar",3,"Pouch","250 g",22000,12,2200,"Pabrik A",4,"April",0.93194200757226,"Riwayat",285,NA,"Normal",1
2024-04-01,"KK-ORI-BES-POU","Keripik Kentang","Makanan","Original","Besar",3,"Pouch","250 g",22000,12,2200,"Pabrik A",4,"April",0.93194200757226,"Riwayat",285,NA,"Optimis",1.1
2024-04-01,"KK-ORI-BES-POU","Keripik Kentang","Makanan","Original","Besar",3,"Pouch","250 g",22000,12,2200,"Pabrik A",4,"April",0.93194200757226,"Riwayat",285,NA,"Pesimis",0.9
2024-05-01,"KK-ORI-BES-POU","Keripik Kentang","Makanan","Original","Besar",3,"Pouch","250 g",22000,12,2200,"Pabrik A",5,"Mei",1.00212392649367,"Riwayat",352,NA,"Normal",1
2024-05-01,"KK-ORI-BES-POU","Keripik Kentang","Makanan","Original","Besar",3,"Pouch","250 g",22000,12,2200,"Pabrik A",5,"Mei",1.00212392649367,"Riwayat",352,NA,"Optimis",1.1
2024-05-01,"KK-ORI-BES-POU","Keripik Kentang","Makanan","Original","Besar",3,"Pouch","250 g",22000,12,2200,"Pabrik A",5,"Mei",1.00212392649367,"Riwayat",352,NA,"Pesimis",0.9
2024-06-01,"KK-ORI-BES-POU","Keripik Kentang","Makanan","Original","Besar",3,"Pouch","250 g",22000,12,2200,"Pabrik A",6,"Juni",1.14507341398098,"Riwayat",317,NA,"Normal",1
2024-06-01,"KK-ORI-BES-POU","Keripik Kentang","Makanan","Original","Besar",3,"Pouch","250 g",22000,12,2200,"Pabrik A",6,"Juni",1.14507341398098,"Riwayat",317,NA,"Optimis",1.1
2024-06-01,"KK-ORI-BES-POU","Keripik Kentang","Makanan","Original","Besar",3,"Pouch","250 g",22000,12,2200,"Pabrik A",6,"Juni",1.14507341398098,"Riwayat",317,NA,"Pesimis",0.9
2024-07-01,"KK-ORI-BES-POU","Keripik Kentang","Makanan","Original","Besar",3,"Pouch","250 g",22000,12,2200,"Pabrik A",7,"Juli",1.04783451842275,"Riwayat",333,NA,"Normal",1
2024-07-01,"KK-ORI-BES-POU","Keripik Kentang","Makanan","Original","Besar",3,"Pouch","250 g",22000,12,2200,"Pabrik A",7,"Juli",1.04783451842275,"Riwayat",333,NA,"Optimis",1.1
2024-07-01,"KK-ORI-BES-POU","Keripik Kentang","Makanan","Original","Besar",3,"Pouch","250 g",22000,12,2200,"Pabrik A",7,"Juli",1.04783451842275,"Riwayat",333,NA,"Pesimis",0.9
2024-08-01,"KK-ORI-BES-POU","Keripik Kentang","Makanan","Original","Besar",3,"Pouch","250 g",22000,12,2200,"Pabrik A",8,"Agustus",0.986702373256995,"Riwayat",359,NA,"Normal",1
2024-08-01,"KK-ORI-BES-POU","Keripik Kentang","Makanan","Original","Besar",3,"Pouch","250 g",22000,12,2200,"Pabrik A",8,"Agustus",0.986702373256995,"Riwayat",359,NA,"Optimis",1.1
2024-08-01,"KK-ORI-BES-POU","Keripik Kentang","Makanan","Original","Besar",3,"Pouch","250 g",22000,12,2200,"Pabrik A",8,"Agustus",0.986702373256995,"Riwayat",359,NA,"Pesimis",0.9
2024-09-01,"KK-ORI-BES-POU","Keripik Kentang","Makanan","Original","Besar",3,"Pouch","250 g",22000,12,2200,"Pabrik A",9,"September",0.997876073506326,"Riwayat",320,NA,"Normal",1
2024-09-01,"KK-ORI-BES-POU","Keripik Kentang","Makanan","Original","Besar",3,"Pouch","250 g",22000,12,2200,"Pabrik A",9,"September",0.997876073506326,"Riwayat",320,NA,"Optimis",1.1
2024-09-01,"KK-ORI-BES-POU","Keripik Kentang","Makanan","Original","Besar",3,"Pouch","250 g",22000,12,2200,"Pabrik A",9,"September",0.997876073506326,"Riwayat",320,NA,"Pesimis",0.9
2024-10-01,"KK-ORI-BES-POU","Keripik Kentang","Makanan","Original","Besar",3,"Pouch","250 g",22000,12,2200,"Pabrik A",10,"Oktober",1.10573460153292,"Riwayat",312,NA,"Normal",1
2024-10-01,"KK-ORI-BES-POU","Keripik Kentang","Makanan","Original","Besar",3,"Pouch","250 g",22000,12,2200,"Pabrik A",10,"Oktober",1.10573460153292,"Riwayat",312,NA,"Optimis",1.1
2024-10-01,"KK-ORI-BES-POU","Keripik Kentang","Makanan","Original","Besar",3,"Pouch","250 g",22000,12,2200,"Pabrik A",10,"Oktober",1.10573460153292,"Riwayat",312,NA,"Pesimis",0.9
2024-11-01,"KK-ORI-BES-POU","Keripik Kentang","Makanan","Original","Besar",3,"Pouch","250 g",22000,12,2200,"Pabrik A",11,"November",1.29356357927787,"Riwayat",437,NA,"Normal",1
2024-11-01,"KK-ORI-BES-POU","Keripik Kentang","Makanan","Original","Besar",3,"Pouch","250 g",22000,12,2200,"Pabrik A",11,"November",1.29356357927787,"Riwayat",437,NA,"Optimis",1.1
2024-11-01,"KK-ORI-BES-POU","Keripik Kentang","Makanan","Original","Besar",3,"Pouch","250 g",22000,12,2200,"Pabrik A",11,"November",1.29356357927787,"Riwayat",437,NA,"Pesimis",0.9
2024-12-01,"KK-ORI-BES-POU","Keripik Kentang","Makanan","Original","Besar",3,"Pouch","250 g",22000,12,2200,"Pabrik A",12,"Desember",1.40991781327916,"Riwayat",426,NA,"Normal",1
2024-12-01,"KK-ORI-BES-POU","Keripik Kentang","Makanan","Original","Besar",3,"Pouch","250 g",22000,12,2200,"Pabrik A",12,"Desember",1.40991781327916,"Riwayat",426,NA,"Optimis",1.1
2024-12-01,"KK-ORI-BES-POU","Keripik Kentang","Makanan","Original","Besar",3,"Pouch","250 g",22000,12,2200,"Pabrik A",12,"Desember",1.40991781327916,"Riwayat",426,NA,"Pesimis",0.9
2025-01-01,"KK-ORI-BES-POU","Keripik Kentang","Makanan","Original","Besar",3,"Pouch","250 g",22000,12,2200,"Pabrik A",1,"Januari",0.760458029365592,"Riwayat",307,NA,"Normal",1
2025-01-01,"KK-ORI-BES-POU","Keripik Kentang","Makanan","Original","Besar",3,"Pouch","250 g",22000,12,2200,"Pabrik A",1,"Januari",0.760458029365592,"Riwayat",307,NA,"Optimis",1.1
2025-01-01,"KK-ORI-BES-POU","Keripik Kentang","Makanan","Original","Besar",3,"Pouch","250 g",22000,12,2200,"Pabrik A",1,"Januari",0.760458029365592,"Riwayat",307,NA,"Pesimis",0.9
2025-02-01,"KK-ORI-BES-POU","Keripik Kentang","Makanan","Original","Besar",3,"Pouch","250 g",22000,12,2200,"Pabrik A",2,"Februari",0.788253763043679,"Riwayat",296,NA,"Normal",1
2025-02-01,"KK-ORI-BES-POU","Keripik Kentang","Makanan","Original","Besar",3,"Pouch","250 g",22000,12,2200,"Pabrik A",2,"Februari",0.788253763043679,"Riwayat",296,NA,"Optimis",1.1
2025-02-01,"KK-ORI-BES-POU","Keripik Kentang","Makanan","Original","Besar",3,"Pouch","250 g",22000,12,2200,"Pabrik A",2,"Februari",0.788253763043679,"Riwayat",296,NA,"Pesimis",0.9
2025-03-01,"KK-ORI-BES-POU","Keripik Kentang","Makanan","Original","Besar",3,"Pouch","250 g",22000,12,2200,"Pabrik A",3,"Maret",0.901006556468741,"Riwayat",294,NA,"Normal",1
2025-03-01,"KK-ORI-BES-POU","Keripik Kentang","Makanan","Original","Besar",3,"Pouch","250 g",22000,12,2200,"Pabrik A",3,"Maret",0.901006556468741,"Riwayat",294,NA,"Optimis",1.1
2025-03-01,"KK-ORI-BES-POU","Keripik Kentang","Makanan","Original","Besar",3,"Pouch","250 g",22000,12,2200,"Pabrik A",3,"Maret",0.901006556468741,"Riwayat",294,NA,"Pesimis",0.9
2025-04-01,"KK-ORI-BES-POU","Keripik Kentang","Makanan","Original","Besar",3,"Pouch","250 g",22000,12,2200,"Pabrik A",4,"April",0.93194200757226,"Riwayat",356,NA,"Normal",1
2025-04-01,"KK-ORI-BES-POU","Keripik Kentang","Makanan","Original","Besar",3,"Pouch","250 g",22000,12,2200,"Pabrik A",4,"April",0.93194200757226,"Riwayat",356,NA,"Optimis",1.1
2025-04-01,"KK-ORI-BES-POU","Keripik Kentang","Makanan","Original","Besar",3,"Pouch","250 g",22000,12,2200,"Pabrik A",4,"April",0.93194200757226,"Riwayat",356,NA,"Pesimis",0.9
2025-05-01,"KK-ORI-BES-POU","Keripik Kentang","Makanan","Original","Besar",3,"Pouch","250 g",22000,12,2200,"Pabrik A",5,"Mei",1.00212392649367,"Riwayat",359,NA,"Normal",1
2025-05-01,"KK-ORI-BES-POU","Keripik Kentang","Makanan","Original","Besar",3,"Pouch","250 g",22000,12,2200,"Pabrik A",5,"Mei",1.00212392649367,"Riwayat",359,NA,"Optimis",1.1
2025-05-01,"KK-ORI-BES-POU","Keripik Kentang","Makanan","Original","Besar",3,"Pouch","250 g",22000,12,2200,"Pabrik A",5,"Mei",1.00212392649367,"Riwayat",359,NA,"Pesimis",0.9
2025-06-01,"KK-ORI-BES-POU","Keripik Kentang","Makanan","Original","Besar",3,"Pouch","250 g",22000,12,2200,"Pabrik A",6,"Juni",1.14507341398098,"Riwayat",407,NA,"Normal",1
2025-06-01,"KK-ORI-BES-POU","Keripik Kentang","Makanan","Original","Besar",3,"Pouch","250 g",22000,12,2200,"Pabrik A",6,"Juni",1.14507341398098,"Riwayat",407,NA,"Optimis",1.1
2025-06-01,"KK-ORI-BES-POU","Keripik Kentang","Makanan","Original","Besar",3,"Pouch","250 g",22000,12,2200,"Pabrik A",6,"Juni",1.14507341398098,"Riwayat",407,NA,"Pesimis",0.9
2025-07-01,"KK-ORI-BES-POU","Keripik Kentang","Makanan","Original","Besar",3,"Pouch","250 g",22000,12,2200,"Pabrik A",7,"Juli",1.04783451842275,"Riwayat",397,NA,"Normal",1
2025-07-01,"KK-ORI-BES-POU","Keripik Kentang","Makanan","Original","Besar",3,"Pouch","250 g",22000,12,2200,"Pabrik A",7,"Juli",1.04783451842275,"Riwayat",397,NA,"Optimis",1.1
2025-07-01,"KK-ORI-BES-POU","Keripik Kentang","Makanan","Original","Besar",3,"Pouch","250 g",22000,12,2200,"Pabrik A",7,"Juli",1.04783451842275,"Riwayat",397,NA,"Pesimis",0.9
2025-08-01,"KK-ORI-BES-POU","Keripik Kentang","Makanan","Original","Besar",3,"Pouch","250 g",22000,12,2200,"Pabrik A",8,"Agustus",0.986702373256995,"Riwayat",314,NA,"Normal",1
2025-08-01,"KK-ORI-BES-POU","Keripik Kentang","Makanan","Original","Besar",3,"Pouch","250 g",22000,12,2200,"Pabrik A",8,"Agustus",0.986702373256995,"Riwayat",314,NA,"Optimis",1.1
2025-08-01,"KK-ORI-BES-POU","Keripik Kentang","Makanan","Original","Besar",3,"Pouch","250 g",22000,12,2200,"Pabrik A",8,"Agustus",0.986702373256995,"Riwayat",314,NA,"Pesimis",0.9
2025-09-01,"KK-ORI-BES-POU","Keripik Kentang","Makanan","Original","Besar",3,"Pouch","250 g",22000,12,2200,"Pabrik A",9,"September",0.997876073506326,"Riwayat",358,NA,"Normal",1
2025-09-01,"KK-ORI-BES-POU","Keripik Kentang","Makanan","Original","Besar",3,"Pouch","250 g",22000,12,2200,"Pabrik A",9,"September",0.997876073506326,"Riwayat",358,NA,"Optimis",1.1
2025-09-01,"KK-ORI-BES-POU","Keripik Kentang","Makanan","Original","Besar",3,"Pouch","250 g",22000,12,2200,"Pabrik A",9,"September",0.997876073506326,"Riwayat",358,NA,"Pesimis",0.9
2025-10-01,"KK-ORI-BES-POU","Keripik Kentang","Makanan","Original","Besar",3,"Pouch","250 g",22000,12,2200,"Pabrik A",10,"Oktober",1.10573460153292,"Riwayat",494,NA,"Normal",1
2025-10-01,"KK-ORI-BES-POU","Keripik Kentang","Makanan","Original","Besar",3,"Pouch","250 g",22000,12,2200,"Pabrik A",10,"Oktober",1.10573460153292,"Riwayat",494,NA,"Optimis",1.1
2025-10-01,"KK-ORI-BES-POU","Keripik Kentang","Makanan","Original","Besar",3,"Pouch","250 g",22000,12,2200,"Pabrik A",10,"Oktober",1.10573460153292,"Riwayat",494,NA,"Pesimis",0.9
2025-11-01,"KK-ORI-BES-POU","Keripik Kentang","Makanan","Original","Besar",3,"Pouch","250 g",22000,12,2200,"Pabrik A",11,"November",1.29356357927787,"Riwayat",661,NA,"Normal",1
2025-11-01,"KK-ORI-BES-POU","Keripik Kentang","Makanan","Original","Besar",3,"Pouch","250 g",22000,12,2200,"Pabrik A",11,"November",1.29356357927787,"Riwayat",661,NA,"Optimis",1.1
2025-11-01,"KK-ORI-BES-POU","Keripik Kentang","Makanan","Original","Besar",3,"Pouch","250 g",22000,12,2200,"Pabrik A",11,"November",1.29356357927787,"Riwayat",661,NA,"Pesimis",0.9
2025-12-01,"KK-ORI-BES-POU","Keripik Kentang","Makanan","Original","Besar",3,"Pouch","250 g",22000,12,2200,"Pabrik A",12,"Desember",1.40991781327916,"Riwayat",541,NA,"Normal",1
2025-12-01,"KK-ORI-BES-POU","Keripik Kentang","Makanan","Original","Besar",3,"Pouch","250 g",22000,12,2200,"Pabrik A",12,"Desember",1.40991781327916,"Riwayat",541,NA,"Optimis",1.1
2025-12-01,"KK-ORI-BES-POU","Keripik Kentang","Makanan","Original","Besar",3,"Pouch","250 g",22000,12,2200,"Pabrik A",12,"Desember",1.40991781327916,"Riwayat",541,NA,"Pesimis",0.9
2026-01-01,"KK-ORI-BES-POU","Keripik Kentang","Makanan","Original","Besar",3,"Pouch","250 g",22000,12,2200,"Pabrik A",1,"Januari",0.760458029365592,"Plan",NA,411.407793886785,"Normal",1
2026-01-01,"KK-ORI-BES-POU","Keripik Kentang","Makanan","Original","Besar",3,"Pouch","250 g",22000,12,2200,"Pabrik A",1,"Januari",0.760458029365592,"Plan",NA,452.548573275464,"Optimis",1.1
2026-01-01,"KK-ORI-BES-POU","Keripik Kentang","Makanan","Original","Besar",3,"Pouch","250 g",22000,12,2200,"Pabrik A",1,"Januari",0.760458029365592,"Plan",NA,370.267014498107,"Pesimis",0.9
2026-02-01,"KK-ORI-BES-POU","Keripik Kentang","Makanan","Original","Besar",3,"Pouch","250 g",22000,12,2200,"Pabrik A",2,"Februari",0.788253763043679,"Plan",NA,426.44528580663,"Normal",1
2026-02-01,"KK-ORI-BES-POU","Keripik Kentang","Makanan","Original","Besar",3,"Pouch","250 g",22000,12,2200,"Pabrik A",2,"Februari",0.788253763043679,"Plan",NA,469.089814387293,"Optimis",1.1
2026-02-01,"KK-ORI-BES-POU","Keripik Kentang","Makanan","Original","Besar",3,"Pouch","250 g",22000,12,2200,"Pabrik A",2,"Februari",0.788253763043679,"Plan",NA,383.800757225967,"Pesimis",0.9
2026-03-01,"KK-ORI-BES-POU","Keripik Kentang","Makanan","Original","Besar",3,"Pouch","250 g",22000,12,2200,"Pabrik A",3,"Maret",0.901006556468741,"Plan",NA,487.444547049589,"Normal",1
2026-03-01,"KK-ORI-BES-POU","Keripik Kentang","Makanan","Original","Besar",3,"Pouch","250 g",22000,12,2200,"Pabrik A",3,"Maret",0.901006556468741,"Plan",NA,536.189001754548,"Optimis",1.1
2026-03-01,"KK-ORI-BES-POU","Keripik Kentang","Makanan","Original","Besar",3,"Pouch","250 g",22000,12,2200,"Pabrik A",3,"Maret",0.901006556468741,"Plan",NA,438.70009234463,"Pesimis",0.9
2026-04-01,"KK-ORI-BES-POU","Keripik Kentang","Makanan","Original","Besar",3,"Pouch","250 g",22000,12,2200,"Pabrik A",4,"April",0.93194200757226,"Plan",NA,504.180626096592,"Normal",1
2026-04-01,"KK-ORI-BES-POU","Keripik Kentang","Makanan","Original","Besar",3,"Pouch","250 g",22000,12,2200,"Pabrik A",4,"April",0.93194200757226,"Plan",NA,554.598688706252,"Optimis",1.1
2026-04-01,"KK-ORI-BES-POU","Keripik Kentang","Makanan","Original","Besar",3,"Pouch","250 g",22000,12,2200,"Pabrik A",4,"April",0.93194200757226,"Plan",NA,453.762563486933,"Pesimis",0.9
2026-05-01,"KK-ORI-BES-POU","Keripik Kentang","Makanan","Original","Besar",3,"Pouch","250 g",22000,12,2200,"Pabrik A",5,"Mei",1.00212392649367,"Plan",NA,542.149044233078,"Normal",1
2026-05-01,"KK-ORI-BES-POU","Keripik Kentang","Makanan","Original","Besar",3,"Pouch","250 g",22000,12,2200,"Pabrik A",5,"Mei",1.00212392649367,"Plan",NA,596.363948656386,"Optimis",1.1
2026-05-01,"KK-ORI-BES-POU","Keripik Kentang","Makanan","Original","Besar",3,"Pouch","250 g",22000,12,2200,"Pabrik A",5,"Mei",1.00212392649367,"Plan",NA,487.93413980977,"Pesimis",0.9
2026-06-01,"KK-ORI-BES-POU","Keripik Kentang","Makanan","Original","Besar",3,"Pouch","250 g",22000,12,2200,"Pabrik A",6,"Juni",1.14507341398098,"Plan",NA,619.484716963709,"Normal",1
2026-06-01,"KK-ORI-BES-POU","Keripik Kentang","Makanan","Original","Besar",3,"Pouch","250 g",22000,12,2200,"Pabrik A",6,"Juni",1.14507341398098,"Plan",NA,681.43318866008,"Optimis",1.1
2026-06-01,"KK-ORI-BES-POU","Keripik Kentang","Makanan","Original","Besar",3,"Pouch","250 g",22000,12,2200,"Pabrik A",6,"Juni",1.14507341398098,"Plan",NA,557.536245267338,"Pesimis",0.9
2023-01-01,"KK-ORI-BES-POU","Keripik Kentang","Makanan","Original","Besar",3,"Pouch","250 g",22000,12,2200,"Pabrik B",1,"Januari",0.760458029365592,"Riwayat",116,NA,"Normal",1
2023-01-01,"KK-ORI-BES-POU","Keripik Kentang","Makanan","Original","Besar",3,"Pouch","250 g",22000,12,2200,"Pabrik B",1,"Januari",0.760458029365592,"Riwayat",116,NA,"Optimis",1.1
2023-01-01,"KK-ORI-BES-POU","Keripik Kentang","Makanan","Original","Besar",3,"Pouch","250 g",22000,12,2200,"Pabrik B",1,"Januari",0.760458029365592,"Riwayat",116,NA,"Pesimis",0.9
2023-02-01,"KK-ORI-BES-POU","Keripik Kentang","Makanan","Original","Besar",3,"Pouch","250 g",22000,12,2200,"Pabrik B",2,"Februari",0.788253763043679,"Riwayat",135,NA,"Normal",1
2023-02-01,"KK-ORI-BES-POU","Keripik Kentang","Makanan","Original","Besar",3,"Pouch","250 g",22000,12,2200,"Pabrik B",2,"Februari",0.788253763043679,"Riwayat",135,NA,"Optimis",1.1
2023-02-01,"KK-ORI-BES-POU","Keripik Kentang","Makanan","Original","Besar",3,"Pouch","250 g",22000,12,2200,"Pabrik B",2,"Februari",0.788253763043679,"Riwayat",135,NA,"Pesimis",0.9
2023-03-01,"KK-ORI-BES-POU","Keripik Kentang","Makanan","Original","Besar",3,"Pouch","250 g",22000,12,2200,"Pabrik B",3,"Maret",0.901006556468741,"Riwayat",283,NA,"Normal",1
2023-03-01,"KK-ORI-BES-POU","Keripik Kentang","Makanan","Original","Besar",3,"Pouch","250 g",22000,12,2200,"Pabrik B",3,"Maret",0.901006556468741,"Riwayat",283,NA,"Optimis",1.1
2023-03-01,"KK-ORI-BES-POU","Keripik Kentang","Makanan","Original","Besar",3,"Pouch","250 g",22000,12,2200,"Pabrik B",3,"Maret",0.901006556468741,"Riwayat",283,NA,"Pesimis",0.9
2023-04-01,"KK-ORI-BES-POU","Keripik Kentang","Makanan","Original","Besar",3,"Pouch","250 g",22000,12,2200,"Pabrik B",4,"April",0.93194200757226,"Riwayat",171,NA,"Normal",1
2023-04-01,"KK-ORI-BES-POU","Keripik Kentang","Makanan","Original","Besar",3,"Pouch","250 g",22000,12,2200,"Pabrik B",4,"April",0.93194200757226,"Riwayat",171,NA,"Optimis",1.1
2023-04-01,"KK-ORI-BES-POU","Keripik Kentang","Makanan","Original","Besar",3,"Pouch","250 g",22000,12,2200,"Pabrik B",4,"April",0.93194200757226,"Riwayat",171,NA,"Pesimis",0.9
2023-05-01,"KK-ORI-BES-POU","Keripik Kentang","Makanan","Original","Besar",3,"Pouch","250 g",22000,12,2200,"Pabrik B",5,"Mei",1.00212392649367,"Riwayat",172,NA,"Normal",1
2023-05-01,"KK-ORI-BES-POU","Keripik Kentang","Makanan","Original","Besar",3,"Pouch","250 g",22000,12,2200,"Pabrik B",5,"Mei",1.00212392649367,"Riwayat",172,NA,"Optimis",1.1
2023-05-01,"KK-ORI-BES-POU","Keripik Kentang","Makanan","Original","Besar",3,"Pouch","250 g",22000,12,2200,"Pabrik B",5,"Mei",1.00212392649367,"Riwayat",172,NA,"Pesimis",0.9
2023-06-01,"KK-ORI-BES-POU","Keripik Kentang","Makanan","Original","Besar",3,"Pouch","250 g",22000,12,2200,"Pabrik B",6,"Juni",1.14507341398098,"Riwayat",200,NA,"Normal",1
2023-06-01,"KK-ORI-BES-POU","Keripik Kentang","Makanan","Original","Besar",3,"Pouch","250 g",22000,12,2200,"Pabrik B",6,"Juni",1.14507341398098,"Riwayat",200,NA,"Optimis",1.1
2023-06-01,"KK-ORI-BES-POU","Keripik Kentang","Makanan","Original","Besar",3,"Pouch","250 g",22000,12,2200,"Pabrik B",6,"Juni",1.14507341398098,"Riwayat",200,NA,"Pesimis",0.9
2023-07-01,"KK-ORI-BES-POU","Keripik Kentang","Makanan","Original","Besar",3,"Pouch","250 g",22000,12,2200,"Pabrik B",7,"Juli",1.04783451842275,"Riwayat",206,NA,"Normal",1
2023-07-01,"KK-ORI-BES-POU","Keripik Kentang","Makanan","Original","Besar",3,"Pouch","250 g",22000,12,2200,"Pabrik B",7,"Juli",1.04783451842275,"Riwayat",206,NA,"Optimis",1.1
2023-07-01,"KK-ORI-BES-POU","Keripik Kentang","Makanan","Original","Besar",3,"Pouch","250 g",22000,12,2200,"Pabrik B",7,"Juli",1.04783451842275,"Riwayat",206,NA,"Pesimis",0.9
2023-08-01,"KK-ORI-BES-POU","Keripik Kentang","Makanan","Original","Besar",3,"Pouch","250 g",22000,12,2200,"Pabrik B",8,"Agustus",0.986702373256995,"Riwayat",175,NA,"Normal",1
2023-08-01,"KK-ORI-BES-POU","Keripik Kentang","Makanan","Original","Besar",3,"Pouch","250 g",22000,12,2200,"Pabrik B",8,"Agustus",0.986702373256995,"Riwayat",175,NA,"Optimis",1.1
2023-08-01,"KK-ORI-BES-POU","Keripik Kentang","Makanan","Original","Besar",3,"Pouch","250 g",22000,12,2200,"Pabrik B",8,"Agustus",0.986702373256995,"Riwayat",175,NA,"Pesimis",0.9
2023-09-01,"KK-ORI-BES-POU","Keripik Kentang","Makanan","Original","Besar",3,"Pouch","250 g",22000,12,2200,"Pabrik B",9,"September",0.997876073506326,"Riwayat",201,NA,"Normal",1
2023-09-01,"KK-ORI-BES-POU","Keripik Kentang","Makanan","Original","Besar",3,"Pouch","250 g",22000,12,2200,"Pabrik B",9,"September",0.997876073506326,"Riwayat",201,NA,"Optimis",1.1
2023-09-01,"KK-ORI-BES-POU","Keripik Kentang","Makanan","Original","Besar",3,"Pouch","250 g",22000,12,2200,"Pabrik B",9,"September",0.997876073506326,"Riwayat",201,NA,"Pesimis",0.9
2023-10-01,"KK-ORI-BES-POU","Keripik Kentang","Makanan","Original","Besar",3,"Pouch","250 g",22000,12,2200,"Pabrik B",10,"Oktober",1.10573460153292,"Riwayat",227,NA,"Normal",1
2023-10-01,"KK-ORI-BES-POU","Keripik Kentang","Makanan","Original","Besar",3,"Pouch","250 g",22000,12,2200,"Pabrik B",10,"Oktober",1.10573460153292,"Riwayat",227,NA,"Optimis",1.1
2023-10-01,"KK-ORI-BES-POU","Keripik Kentang","Makanan","Original","Besar",3,"Pouch","250 g",22000,12,2200,"Pabrik B",10,"Oktober",1.10573460153292,"Riwayat",227,NA,"Pesimis",0.9
2023-11-01,"KK-ORI-BES-POU","Keripik Kentang","Makanan","Original","Besar",3,"Pouch","250 g",22000,12,2200,"Pabrik B",11,"November",1.29356357927787,"Riwayat",376,NA,"Normal",1
2023-11-01,"KK-ORI-BES-POU","Keripik Kentang","Makanan","Original","Besar",3,"Pouch","250 g",22000,12,2200,"Pabrik B",11,"November",1.29356357927787,"Riwayat",376,NA,"Optimis",1.1
2023-11-01,"KK-ORI-BES-POU","Keripik Kentang","Makanan","Original","Besar",3,"Pouch","250 g",22000,12,2200,"Pabrik B",11,"November",1.29356357927787,"Riwayat",376,NA,"Pesimis",0.9
2023-12-01,"KK-ORI-BES-POU","Keripik Kentang","Makanan","Original","Besar",3,"Pouch","250 g",22000,12,2200,"Pabrik B",12,"Desember",1.40991781327916,"Riwayat",264,NA,"Normal",1
2023-12-01,"KK-ORI-BES-POU","Keripik Kentang","Makanan","Original","Besar",3,"Pouch","250 g",22000,12,2200,"Pabrik B",12,"Desember",1.40991781327916,"Riwayat",264,NA,"Optimis",1.1
2023-12-01,"KK-ORI-BES-POU","Keripik Kentang","Makanan","Original","Besar",3,"Pouch","250 g",22000,12,2200,"Pabrik B",12,"Desember",1.40991781327916,"Riwayat",264,NA,"Pesimis",0.9
2024-01-01,"KK-ORI-BES-POU","Keripik Kentang","Makanan","Original","Besar",3,"Pouch","250 g",22000,12,2200,"Pabrik B",1,"Januari",0.760458029365592,"Riwayat",152,NA,"Normal",1
2024-01-01,"KK-ORI-BES-POU","Keripik Kentang","Makanan","Original","Besar",3,"Pouch","250 g",22000,12,2200,"Pabrik B",1,"Januari",0.760458029365592,"Riwayat",152,NA,"Optimis",1.1
2024-01-01,"KK-ORI-BES-POU","Keripik Kentang","Makanan","Original","Besar",3,"Pouch","250 g",22000,12,2200,"Pabrik B",1,"Januari",0.760458029365592,"Riwayat",152,NA,"Pesimis",0.9
2024-02-01,"KK-ORI-BES-POU","Keripik Kentang","Makanan","Original","Besar",3,"Pouch","250 g",22000,12,2200,"Pabrik B",2,"Februari",0.788253763043679,"Riwayat",156,NA,"Normal",1
2024-02-01,"KK-ORI-BES-POU","Keripik Kentang","Makanan","Original","Besar",3,"Pouch","250 g",22000,12,2200,"Pabrik B",2,"Februari",0.788253763043679,"Riwayat",156,NA,"Optimis",1.1
2024-02-01,"KK-ORI-BES-POU","Keripik Kentang","Makanan","Original","Besar",3,"Pouch","250 g",22000,12,2200,"Pabrik B",2,"Februari",0.788253763043679,"Riwayat",156,NA,"Pesimis",0.9
2024-03-01,"KK-ORI-BES-POU","Keripik Kentang","Makanan","Original","Besar",3,"Pouch","250 g",22000,12,2200,"Pabrik B",3,"Maret",0.901006556468741,"Riwayat",201,NA,"Normal",1
2024-03-01,"KK-ORI-BES-POU","Keripik Kentang","Makanan","Original","Besar",3,"Pouch","250 g",22000,12,2200,"Pabrik B",3,"Maret",0.901006556468741,"Riwayat",201,NA,"Optimis",1.1
2024-03-01,"KK-ORI-BES-POU","Keripik Kentang","Makanan","Original","Besar",3,"Pouch","250 g",22000,12,2200,"Pabrik B",3,"Maret",0.901006556468741,"Riwayat",201,NA,"Pesimis",0.9
2024-04-01,"KK-ORI-BES-POU","Keripik Kentang","Makanan","Original","Besar",3,"Pouch","250 g",22000,12,2200,"Pabrik B",4,"April",0.93194200757226,"Riwayat",185,NA,"Normal",1
2024-04-01,"KK-ORI-BES-POU","Keripik Kentang","Makanan","Original","Besar",3,"Pouch","250 g",22000,12,2200,"Pabrik B",4,"April",0.93194200757226,"Riwayat",185,NA,"Optimis",1.1
2024-04-01,"KK-ORI-BES-POU","Keripik Kentang","Makanan","Original","Besar",3,"Pouch","250 g",22000,12,2200,"Pabrik B",4,"April",0.93194200757226,"Riwayat",185,NA,"Pesimis",0.9
2024-05-01,"KK-ORI-BES-POU","Keripik Kentang","Makanan","Original","Besar",3,"Pouch","250 g",22000,12,2200,"Pabrik B",5,"Mei",1.00212392649367,"Riwayat",202,NA,"Normal",1
2024-05-01,"KK-ORI-BES-POU","Keripik Kentang","Makanan","Original","Besar",3,"Pouch","250 g",22000,12,2200,"Pabrik B",5,"Mei",1.00212392649367,"Riwayat",202,NA,"Optimis",1.1
2024-05-01,"KK-ORI-BES-POU","Keripik Kentang","Makanan","Original","Besar",3,"Pouch","250 g",22000,12,2200,"Pabrik B",5,"Mei",1.00212392649367,"Riwayat",202,NA,"Pesimis",0.9
2024-06-01,"KK-ORI-BES-POU","Keripik Kentang","Makanan","Original","Besar",3,"Pouch","250 g",22000,12,2200,"Pabrik B",6,"Juni",1.14507341398098,"Riwayat",231,NA,"Normal",1
2024-06-01,"KK-ORI-BES-POU","Keripik Kentang","Makanan","Original","Besar",3,"Pouch","250 g",22000,12,2200,"Pabrik B",6,"Juni",1.14507341398098,"Riwayat",231,NA,"Optimis",1.1
2024-06-01,"KK-ORI-BES-POU","Keripik Kentang","Makanan","Original","Besar",3,"Pouch","250 g",22000,12,2200,"Pabrik B",6,"Juni",1.14507341398098,"Riwayat",231,NA,"Pesimis",0.9
2024-07-01,"KK-ORI-BES-POU","Keripik Kentang","Makanan","Original","Besar",3,"Pouch","250 g",22000,12,2200,"Pabrik B",7,"Juli",1.04783451842275,"Riwayat",217,NA,"Normal",1
2024-07-01,"KK-ORI-BES-POU","Keripik Kentang","Makanan","Original","Besar",3,"Pouch","250 g",22000,12,2200,"Pabrik B",7,"Juli",1.04783451842275,"Riwayat",217,NA,"Optimis",1.1
2024-07-01,"KK-ORI-BES-POU","Keripik Kentang","Makanan","Original","Besar",3,"Pouch","250 g",22000,12,2200,"Pabrik B",7,"Juli",1.04783451842275,"Riwayat",217,NA,"Pesimis",0.9
2024-08-01,"KK-ORI-BES-POU","Keripik Kentang","Makanan","Original","Besar",3,"Pouch","250 g",22000,12,2200,"Pabrik B",8,"Agustus",0.986702373256995,"Riwayat",193,NA,"Normal",1
2024-08-01,"KK-ORI-BES-POU","Keripik Kentang","Makanan","Original","Besar",3,"Pouch","250 g",22000,12,2200,"Pabrik B",8,"Agustus",0.986702373256995,"Riwayat",193,NA,"Optimis",1.1
2024-08-01,"KK-ORI-BES-POU","Keripik Kentang","Makanan","Original","Besar",3,"Pouch","250 g",22000,12,2200,"Pabrik B",8,"Agustus",0.986702373256995,"Riwayat",193,NA,"Pesimis",0.9
2024-09-01,"KK-ORI-BES-POU","Keripik Kentang","Makanan","Original","Besar",3,"Pouch","250 g",22000,12,2200,"Pabrik B",9,"September",0.997876073506326,"Riwayat",219,NA,"Normal",1
2024-09-01,"KK-ORI-BES-POU","Keripik Kentang","Makanan","Original","Besar",3,"Pouch","250 g",22000,12,2200,"Pabrik B",9,"September",0.997876073506326,"Riwayat",219,NA,"Optimis",1.1
2024-09-01,"KK-ORI-BES-POU","Keripik Kentang","Makanan","Original","Besar",3,"Pouch","250 g",22000,12,2200,"Pabrik B",9,"September",0.997876073506326,"Riwayat",219,NA,"Pesimis",0.9
2024-10-01,"KK-ORI-BES-POU","Keripik Kentang","Makanan","Original","Besar",3,"Pouch","250 g",22000,12,2200,"Pabrik B",10,"Oktober",1.10573460153292,"Riwayat",232,NA,"Normal",1
2024-10-01,"KK-ORI-BES-POU","Keripik Kentang","Makanan","Original","Besar",3,"Pouch","250 g",22000,12,2200,"Pabrik B",10,"Oktober",1.10573460153292,"Riwayat",232,NA,"Optimis",1.1
2024-10-01,"KK-ORI-BES-POU","Keripik Kentang","Makanan","Original","Besar",3,"Pouch","250 g",22000,12,2200,"Pabrik B",10,"Oktober",1.10573460153292,"Riwayat",232,NA,"Pesimis",0.9
2024-11-01,"KK-ORI-BES-POU","Keripik Kentang","Makanan","Original","Besar",3,"Pouch","250 g",22000,12,2200,"Pabrik B",11,"November",1.29356357927787,"Riwayat",260,NA,"Normal",1
2024-11-01,"KK-ORI-BES-POU","Keripik Kentang","Makanan","Original","Besar",3,"Pouch","250 g",22000,12,2200,"Pabrik B",11,"November",1.29356357927787,"Riwayat",260,NA,"Optimis",1.1
2024-11-01,"KK-ORI-BES-POU","Keripik Kentang","Makanan","Original","Besar",3,"Pouch","250 g",22000,12,2200,"Pabrik B",11,"November",1.29356357927787,"Riwayat",260,NA,"Pesimis",0.9
2024-12-01,"KK-ORI-BES-POU","Keripik Kentang","Makanan","Original","Besar",3,"Pouch","250 g",22000,12,2200,"Pabrik B",12,"Desember",1.40991781327916,"Riwayat",325,NA,"Normal",1
2024-12-01,"KK-ORI-BES-POU","Keripik Kentang","Makanan","Original","Besar",3,"Pouch","250 g",22000,12,2200,"Pabrik B",12,"Desember",1.40991781327916,"Riwayat",325,NA,"Optimis",1.1
2024-12-01,"KK-ORI-BES-POU","Keripik Kentang","Makanan","Original","Besar",3,"Pouch","250 g",22000,12,2200,"Pabrik B",12,"Desember",1.40991781327916,"Riwayat",325,NA,"Pesimis",0.9
2025-01-01,"KK-ORI-BES-POU","Keripik Kentang","Makanan","Original","Besar",3,"Pouch","250 g",22000,12,2200,"Pabrik B",1,"Januari",0.760458029365592,"Riwayat",165,NA,"Normal",1
2025-01-01,"KK-ORI-BES-POU","Keripik Kentang","Makanan","Original","Besar",3,"Pouch","250 g",22000,12,2200,"Pabrik B",1,"Januari",0.760458029365592,"Riwayat",165,NA,"Optimis",1.1
2025-01-01,"KK-ORI-BES-POU","Keripik Kentang","Makanan","Original","Besar",3,"Pouch","250 g",22000,12,2200,"Pabrik B",1,"Januari",0.760458029365592,"Riwayat",165,NA,"Pesimis",0.9
2025-02-01,"KK-ORI-BES-POU","Keripik Kentang","Makanan","Original","Besar",3,"Pouch","250 g",22000,12,2200,"Pabrik B",2,"Februari",0.788253763043679,"Riwayat",178,NA,"Normal",1
2025-02-01,"KK-ORI-BES-POU","Keripik Kentang","Makanan","Original","Besar",3,"Pouch","250 g",22000,12,2200,"Pabrik B",2,"Februari",0.788253763043679,"Riwayat",178,NA,"Optimis",1.1
2025-02-01,"KK-ORI-BES-POU","Keripik Kentang","Makanan","Original","Besar",3,"Pouch","250 g",22000,12,2200,"Pabrik B",2,"Februari",0.788253763043679,"Riwayat",178,NA,"Pesimis",0.9
2025-03-01,"KK-ORI-BES-POU","Keripik Kentang","Makanan","Original","Besar",3,"Pouch","250 g",22000,12,2200,"Pabrik B",3,"Maret",0.901006556468741,"Riwayat",237,NA,"Normal",1
2025-03-01,"KK-ORI-BES-POU","Keripik Kentang","Makanan","Original","Besar",3,"Pouch","250 g",22000,12,2200,"Pabrik B",3,"Maret",0.901006556468741,"Riwayat",237,NA,"Optimis",1.1
2025-03-01,"KK-ORI-BES-POU","Keripik Kentang","Makanan","Original","Besar",3,"Pouch","250 g",22000,12,2200,"Pabrik B",3,"Maret",0.901006556468741,"Riwayat",237,NA,"Pesimis",0.9
2025-04-01,"KK-ORI-BES-POU","Keripik Kentang","Makanan","Original","Besar",3,"Pouch","250 g",22000,12,2200,"Pabrik B",4,"April",0.93194200757226,"Riwayat",235,NA,"Normal",1
2025-04-01,"KK-ORI-BES-POU","Keripik Kentang","Makanan","Original","Besar",3,"Pouch","250 g",22000,12,2200,"Pabrik B",4,"April",0.93194200757226,"Riwayat",235,NA,"Optimis",1.1
2025-04-01,"KK-ORI-BES-POU","Keripik Kentang","Makanan","Original","Besar",3,"Pouch","250 g",22000,12,2200,"Pabrik B",4,"April",0.93194200757226,"Riwayat",235,NA,"Pesimis",0.9
2025-05-01,"KK-ORI-BES-POU","Keripik Kentang","Makanan","Original","Besar",3,"Pouch","250 g",22000,12,2200,"Pabrik B",5,"Mei",1.00212392649367,"Riwayat",249,NA,"Normal",1
2025-05-01,"KK-ORI-BES-POU","Keripik Kentang","Makanan","Original","Besar",3,"Pouch","250 g",22000,12,2200,"Pabrik B",5,"Mei",1.00212392649367,"Riwayat",249,NA,"Optimis",1.1
2025-05-01,"KK-ORI-BES-POU","Keripik Kentang","Makanan","Original","Besar",3,"Pouch","250 g",22000,12,2200,"Pabrik B",5,"Mei",1.00212392649367,"Riwayat",249,NA,"Pesimis",0.9
2025-06-01,"KK-ORI-BES-POU","Keripik Kentang","Makanan","Original","Besar",3,"Pouch","250 g",22000,12,2200,"Pabrik B",6,"Juni",1.14507341398098,"Riwayat",271,NA,"Normal",1
2025-06-01,"KK-ORI-BES-POU","Keripik Kentang","Makanan","Original","Besar",3,"Pouch","250 g",22000,12,2200,"Pabrik B",6,"Juni",1.14507341398098,"Riwayat",271,NA,"Optimis",1.1
2025-06-01,"KK-ORI-BES-POU","Keripik Kentang","Makanan","Original","Besar",3,"Pouch","250 g",22000,12,2200,"Pabrik B",6,"Juni",1.14507341398098,"Riwayat",271,NA,"Pesimis",0.9
2025-07-01,"KK-ORI-BES-POU","Keripik Kentang","Makanan","Original","Besar",3,"Pouch","250 g",22000,12,2200,"Pabrik B",7,"Juli",1.04783451842275,"Riwayat",261,NA,"Normal",1
2025-07-01,"KK-ORI-BES-POU","Keripik Kentang","Makanan","Original","Besar",3,"Pouch","250 g",22000,12,2200,"Pabrik B",7,"Juli",1.04783451842275,"Riwayat",261,NA,"Optimis",1.1
2025-07-01,"KK-ORI-BES-POU","Keripik Kentang","Makanan","Original","Besar",3,"Pouch","250 g",22000,12,2200,"Pabrik B",7,"Juli",1.04783451842275,"Riwayat",261,NA,"Pesimis",0.9
2025-08-01,"KK-ORI-BES-POU","Keripik Kentang","Makanan","Original","Besar",3,"Pouch","250 g",22000,12,2200,"Pabrik B",8,"Agustus",0.986702373256995,"Riwayat",267,NA,"Normal",1
2025-08-01,"KK-ORI-BES-POU","Keripik Kentang","Makanan","Original","Besar",3,"Pouch","250 g",22000,12,2200,"Pabrik B",8,"Agustus",0.986702373256995,"Riwayat",267,NA,"Optimis",1.1
2025-08-01,"KK-ORI-BES-POU","Keripik Kentang","Makanan","Original","Besar",3,"Pouch","250 g",22000,12,2200,"Pabrik B",8,"Agustus",0.986702373256995,"Riwayat",267,NA,"Pesimis",0.9
2025-09-01,"KK-ORI-BES-POU","Keripik Kentang","Makanan","Original","Besar",3,"Pouch","250 g",22000,12,2200,"Pabrik B",9,"September",0.997876073506326,"Riwayat",254,NA,"Normal",1
2025-09-01,"KK-ORI-BES-POU","Keripik Kentang","Makanan","Original","Besar",3,"Pouch","250 g",22000,12,2200,"Pabrik B",9,"September",0.997876073506326,"Riwayat",254,NA,"Optimis",1.1
2025-09-01,"KK-ORI-BES-POU","Keripik Kentang","Makanan","Original","Besar",3,"Pouch","250 g",22000,12,2200,"Pabrik B",9,"September",0.997876073506326,"Riwayat",254,NA,"Pesimis",0.9
2025-10-01,"KK-ORI-BES-POU","Keripik Kentang","Makanan","Original","Besar",3,"Pouch","250 g",22000,12,2200,"Pabrik B",10,"Oktober",1.10573460153292,"Riwayat",279,NA,"Normal",1
2025-10-01,"KK-ORI-BES-POU","Keripik Kentang","Makanan","Original","Besar",3,"Pouch","250 g",22000,12,2200,"Pabrik B",10,"Oktober",1.10573460153292,"Riwayat",279,NA,"Optimis",1.1
2025-10-01,"KK-ORI-BES-POU","Keripik Kentang","Makanan","Original","Besar",3,"Pouch","250 g",22000,12,2200,"Pabrik B",10,"Oktober",1.10573460153292,"Riwayat",279,NA,"Pesimis",0.9
2025-11-01,"KK-ORI-BES-POU","Keripik Kentang","Makanan","Original","Besar",3,"Pouch","250 g",22000,12,2200,"Pabrik B",11,"November",1.29356357927787,"Riwayat",316,NA,"Normal",1
2025-11-01,"KK-ORI-BES-POU","Keripik Kentang","Makanan","Original","Besar",3,"Pouch","250 g",22000,12,2200,"Pabrik B",11,"November",1.29356357927787,"Riwayat",316,NA,"Optimis",1.1
2025-11-01,"KK-ORI-BES-POU","Keripik Kentang","Makanan","Original","Besar",3,"Pouch","250 g",22000,12,2200,"Pabrik B",11,"November",1.29356357927787,"Riwayat",316,NA,"Pesimis",0.9
2025-12-01,"KK-ORI-BES-POU","Keripik Kentang","Makanan","Original","Besar",3,"Pouch","250 g",22000,12,2200,"Pabrik B",12,"Desember",1.40991781327916,"Riwayat",324,NA,"Normal",1
2025-12-01,"KK-ORI-BES-POU","Keripik Kentang","Makanan","Original","Besar",3,"Pouch","250 g",22000,12,2200,"Pabrik B",12,"Desember",1.40991781327916,"Riwayat",324,NA,"Optimis",1.1
2025-12-01,"KK-ORI-BES-POU","Keripik Kentang","Makanan","Original","Besar",3,"Pouch","250 g",22000,12,2200,"Pabrik B",12,"Desember",1.40991781327916,"Riwayat",324,NA,"Pesimis",0.9
2026-01-01,"KK-ORI-BES-POU","Keripik Kentang","Makanan","Original","Besar",3,"Pouch","250 g",22000,12,2200,"Pabrik B",1,"Januari",0.760458029365592,"Plan",NA,240.304737279527,"Normal",1
2026-01-01,"KK-ORI-BES-POU","Keripik Kentang","Makanan","Original","Besar",3,"Pouch","250 g",22000,12,2200,"Pabrik B",1,"Januari",0.760458029365592,"Plan",NA,264.33521100748,"Optimis",1.1
2026-01-01,"KK-ORI-BES-POU","Keripik Kentang","Makanan","Original","Besar",3,"Pouch","250 g",22000,12,2200,"Pabrik B",1,"Januari",0.760458029365592,"Plan",NA,216.274263551574,"Pesimis",0.9
2026-02-01,"KK-ORI-BES-POU","Keripik Kentang","Makanan","Original","Besar",3,"Pouch","250 g",22000,12,2200,"Pabrik B",2,"Februari",0.788253763043679,"Plan",NA,249.088189121803,"Normal",1
2026-02-01,"KK-ORI-BES-POU","Keripik Kentang","Makanan","Original","Besar",3,"Pouch","250 g",22000,12,2200,"Pabrik B",2,"Februari",0.788253763043679,"Plan",NA,273.997008033983,"Optimis",1.1
2026-02-01,"KK-ORI-BES-POU","Keripik Kentang","Makanan","Original","Besar",3,"Pouch","250 g",22000,12,2200,"Pabrik B",2,"Februari",0.788253763043679,"Plan",NA,224.179370209622,"Pesimis",0.9
2026-03-01,"KK-ORI-BES-POU","Keripik Kentang","Makanan","Original","Besar",3,"Pouch","250 g",22000,12,2200,"Pabrik B",3,"Maret",0.901006556468741,"Plan",NA,284.718071844122,"Normal",1
2026-03-01,"KK-ORI-BES-POU","Keripik Kentang","Makanan","Original","Besar",3,"Pouch","250 g",22000,12,2200,"Pabrik B",3,"Maret",0.901006556468741,"Plan",NA,313.189879028535,"Optimis",1.1
2026-03-01,"KK-ORI-BES-POU","Keripik Kentang","Makanan","Original","Besar",3,"Pouch","250 g",22000,12,2200,"Pabrik B",3,"Maret",0.901006556468741,"Plan",NA,256.24626465971,"Pesimis",0.9
2026-04-01,"KK-ORI-BES-POU","Keripik Kentang","Makanan","Original","Besar",3,"Pouch","250 g",22000,12,2200,"Pabrik B",4,"April",0.93194200757226,"Plan",NA,294.493674392834,"Normal",1
2026-04-01,"KK-ORI-BES-POU","Keripik Kentang","Makanan","Original","Besar",3,"Pouch","250 g",22000,12,2200,"Pabrik B",4,"April",0.93194200757226,"Plan",NA,323.943041832118,"Optimis",1.1
2026-04-01,"KK-ORI-BES-POU","Keripik Kentang","Makanan","Original","Besar",3,"Pouch","250 g",22000,12,2200,"Pabrik B",4,"April",0.93194200757226,"Plan",NA,265.044306953551,"Pesimis",0.9
2026-05-01,"KK-ORI-BES-POU","Keripik Kentang","Makanan","Original","Besar",3,"Pouch","250 g",22000,12,2200,"Pabrik B",5,"Mei",1.00212392649367,"Plan",NA,316.671160772001,"Normal",1
2026-05-01,"KK-ORI-BES-POU","Keripik Kentang","Makanan","Original","Besar",3,"Pouch","250 g",22000,12,2200,"Pabrik B",5,"Mei",1.00212392649367,"Plan",NA,348.338276849201,"Optimis",1.1
2026-05-01,"KK-ORI-BES-POU","Keripik Kentang","Makanan","Original","Besar",3,"Pouch","250 g",22000,12,2200,"Pabrik B",5,"Mei",1.00212392649367,"Plan",NA,285.004044694801,"Pesimis",0.9
2026-06-01,"KK-ORI-BES-POU","Keripik Kentang","Makanan","Original","Besar",3,"Pouch","250 g",22000,12,2200,"Pabrik B",6,"Juni",1.14507341398098,"Plan",NA,361.843198817989,"Normal",1
2026-06-01,"KK-ORI-BES-POU","Keripik Kentang","Makanan","Original","Besar",3,"Pouch","250 g",22000,12,2200,"Pabrik B",6,"Juni",1.14507341398098,"Plan",NA,398.027518699788,"Optimis",1.1
2026-06-01,"KK-ORI-BES-POU","Keripik Kentang","Makanan","Original","Besar",3,"Pouch","250 g",22000,12,2200,"Pabrik B",6,"Juni",1.14507341398098,"Plan",NA,325.65887893619,"Pesimis",0.9
2023-01-01,"KK-ORI-KEC-SAC","Keripik Kentang","Makanan","Original","Kecil",1,"Sachet","60 g",6500,40,2200,"Pabrik A",1,"Januari",0.760458029365592,"Riwayat",289,NA,"Normal",1
2023-01-01,"KK-ORI-KEC-SAC","Keripik Kentang","Makanan","Original","Kecil",1,"Sachet","60 g",6500,40,2200,"Pabrik A",1,"Januari",0.760458029365592,"Riwayat",289,NA,"Optimis",1.1
2023-01-01,"KK-ORI-KEC-SAC","Keripik Kentang","Makanan","Original","Kecil",1,"Sachet","60 g",6500,40,2200,"Pabrik A",1,"Januari",0.760458029365592,"Riwayat",289,NA,"Pesimis",0.9
2023-02-01,"KK-ORI-KEC-SAC","Keripik Kentang","Makanan","Original","Kecil",1,"Sachet","60 g",6500,40,2200,"Pabrik A",2,"Februari",0.788253763043679,"Riwayat",289,NA,"Normal",1
2023-02-01,"KK-ORI-KEC-SAC","Keripik Kentang","Makanan","Original","Kecil",1,"Sachet","60 g",6500,40,2200,"Pabrik A",2,"Februari",0.788253763043679,"Riwayat",289,NA,"Optimis",1.1
2023-02-01,"KK-ORI-KEC-SAC","Keripik Kentang","Makanan","Original","Kecil",1,"Sachet","60 g",6500,40,2200,"Pabrik A",2,"Februari",0.788253763043679,"Riwayat",289,NA,"Pesimis",0.9
2023-03-01,"KK-ORI-KEC-SAC","Keripik Kentang","Makanan","Original","Kecil",1,"Sachet","60 g",6500,40,2200,"Pabrik A",3,"Maret",0.901006556468741,"Riwayat",306,NA,"Normal",1
2023-03-01,"KK-ORI-KEC-SAC","Keripik Kentang","Makanan","Original","Kecil",1,"Sachet","60 g",6500,40,2200,"Pabrik A",3,"Maret",0.901006556468741,"Riwayat",306,NA,"Optimis",1.1
2023-03-01,"KK-ORI-KEC-SAC","Keripik Kentang","Makanan","Original","Kecil",1,"Sachet","60 g",6500,40,2200,"Pabrik A",3,"Maret",0.901006556468741,"Riwayat",306,NA,"Pesimis",0.9
2023-04-01,"KK-ORI-KEC-SAC","Keripik Kentang","Makanan","Original","Kecil",1,"Sachet","60 g",6500,40,2200,"Pabrik A",4,"April",0.93194200757226,"Riwayat",328,NA,"Normal",1
2023-04-01,"KK-ORI-KEC-SAC","Keripik Kentang","Makanan","Original","Kecil",1,"Sachet","60 g",6500,40,2200,"Pabrik A",4,"April",0.93194200757226,"Riwayat",328,NA,"Optimis",1.1
2023-04-01,"KK-ORI-KEC-SAC","Keripik Kentang","Makanan","Original","Kecil",1,"Sachet","60 g",6500,40,2200,"Pabrik A",4,"April",0.93194200757226,"Riwayat",328,NA,"Pesimis",0.9
2023-05-01,"KK-ORI-KEC-SAC","Keripik Kentang","Makanan","Original","Kecil",1,"Sachet","60 g",6500,40,2200,"Pabrik A",5,"Mei",1.00212392649367,"Riwayat",345,NA,"Normal",1
2023-05-01,"KK-ORI-KEC-SAC","Keripik Kentang","Makanan","Original","Kecil",1,"Sachet","60 g",6500,40,2200,"Pabrik A",5,"Mei",1.00212392649367,"Riwayat",345,NA,"Optimis",1.1
2023-05-01,"KK-ORI-KEC-SAC","Keripik Kentang","Makanan","Original","Kecil",1,"Sachet","60 g",6500,40,2200,"Pabrik A",5,"Mei",1.00212392649367,"Riwayat",345,NA,"Pesimis",0.9
2023-06-01,"KK-ORI-KEC-SAC","Keripik Kentang","Makanan","Original","Kecil",1,"Sachet","60 g",6500,40,2200,"Pabrik A",6,"Juni",1.14507341398098,"Riwayat",382,NA,"Normal",1
2023-06-01,"KK-ORI-KEC-SAC","Keripik Kentang","Makanan","Original","Kecil",1,"Sachet","60 g",6500,40,2200,"Pabrik A",6,"Juni",1.14507341398098,"Riwayat",382,NA,"Optimis",1.1
2023-06-01,"KK-ORI-KEC-SAC","Keripik Kentang","Makanan","Original","Kecil",1,"Sachet","60 g",6500,40,2200,"Pabrik A",6,"Juni",1.14507341398098,"Riwayat",382,NA,"Pesimis",0.9
2023-07-01,"KK-ORI-KEC-SAC","Keripik Kentang","Makanan","Original","Kecil",1,"Sachet","60 g",6500,40,2200,"Pabrik A",7,"Juli",1.04783451842275,"Riwayat",333,NA,"Normal",1
2023-07-01,"KK-ORI-KEC-SAC","Keripik Kentang","Makanan","Original","Kecil",1,"Sachet","60 g",6500,40,2200,"Pabrik A",7,"Juli",1.04783451842275,"Riwayat",333,NA,"Optimis",1.1
2023-07-01,"KK-ORI-KEC-SAC","Keripik Kentang","Makanan","Original","Kecil",1,"Sachet","60 g",6500,40,2200,"Pabrik A",7,"Juli",1.04783451842275,"Riwayat",333,NA,"Pesimis",0.9
2023-08-01,"KK-ORI-KEC-SAC","Keripik Kentang","Makanan","Original","Kecil",1,"Sachet","60 g",6500,40,2200,"Pabrik A",8,"Agustus",0.986702373256995,"Riwayat",349,NA,"Normal",1
2023-08-01,"KK-ORI-KEC-SAC","Keripik Kentang","Makanan","Original","Kecil",1,"Sachet","60 g",6500,40,2200,"Pabrik A",8,"Agustus",0.986702373256995,"Riwayat",349,NA,"Optimis",1.1
2023-08-01,"KK-ORI-KEC-SAC","Keripik Kentang","Makanan","Original","Kecil",1,"Sachet","60 g",6500,40,2200,"Pabrik A",8,"Agustus",0.986702373256995,"Riwayat",349,NA,"Pesimis",0.9
2023-09-01,"KK-ORI-KEC-SAC","Keripik Kentang","Makanan","Original","Kecil",1,"Sachet","60 g",6500,40,2200,"Pabrik A",9,"September",0.997876073506326,"Riwayat",339,NA,"Normal",1
2023-09-01,"KK-ORI-KEC-SAC","Keripik Kentang","Makanan","Original","Kecil",1,"Sachet","60 g",6500,40,2200,"Pabrik A",9,"September",0.997876073506326,"Riwayat",339,NA,"Optimis",1.1
2023-09-01,"KK-ORI-KEC-SAC","Keripik Kentang","Makanan","Original","Kecil",1,"Sachet","60 g",6500,40,2200,"Pabrik A",9,"September",0.997876073506326,"Riwayat",339,NA,"Pesimis",0.9
2023-10-01,"KK-ORI-KEC-SAC","Keripik Kentang","Makanan","Original","Kecil",1,"Sachet","60 g",6500,40,2200,"Pabrik A",10,"Oktober",1.10573460153292,"Riwayat",359,NA,"Normal",1
2023-10-01,"KK-ORI-KEC-SAC","Keripik Kentang","Makanan","Original","Kecil",1,"Sachet","60 g",6500,40,2200,"Pabrik A",10,"Oktober",1.10573460153292,"Riwayat",359,NA,"Optimis",1.1
2023-10-01,"KK-ORI-KEC-SAC","Keripik Kentang","Makanan","Original","Kecil",1,"Sachet","60 g",6500,40,2200,"Pabrik A",10,"Oktober",1.10573460153292,"Riwayat",359,NA,"Pesimis",0.9
2023-11-01,"KK-ORI-KEC-SAC","Keripik Kentang","Makanan","Original","Kecil",1,"Sachet","60 g",6500,40,2200,"Pabrik A",11,"November",1.29356357927787,"Riwayat",408,NA,"Normal",1
2023-11-01,"KK-ORI-KEC-SAC","Keripik Kentang","Makanan","Original","Kecil",1,"Sachet","60 g",6500,40,2200,"Pabrik A",11,"November",1.29356357927787,"Riwayat",408,NA,"Optimis",1.1
2023-11-01,"KK-ORI-KEC-SAC","Keripik Kentang","Makanan","Original","Kecil",1,"Sachet","60 g",6500,40,2200,"Pabrik A",11,"November",1.29356357927787,"Riwayat",408,NA,"Pesimis",0.9
2023-12-01,"KK-ORI-KEC-SAC","Keripik Kentang","Makanan","Original","Kecil",1,"Sachet","60 g",6500,40,2200,"Pabrik A",12,"Desember",1.40991781327916,"Riwayat",817,NA,"Normal",1
2023-12-01,"KK-ORI-KEC-SAC","Keripik Kentang","Makanan","Original","Kecil",1,"Sachet","60 g",6500,40,2200,"Pabrik A",12,"Desember",1.40991781327916,"Riwayat",817,NA,"Optimis",1.1
2023-12-01,"KK-ORI-KEC-SAC","Keripik Kentang","Makanan","Original","Kecil",1,"Sachet","60 g",6500,40,2200,"Pabrik A",12,"Desember",1.40991781327916,"Riwayat",817,NA,"Pesimis",0.9
2024-01-01,"KK-ORI-KEC-SAC","Keripik Kentang","Makanan","Original","Kecil",1,"Sachet","60 g",6500,40,2200,"Pabrik A",1,"Januari",0.760458029365592,"Riwayat",239,NA,"Normal",1
2024-01-01,"KK-ORI-KEC-SAC","Keripik Kentang","Makanan","Original","Kecil",1,"Sachet","60 g",6500,40,2200,"Pabrik A",1,"Januari",0.760458029365592,"Riwayat",239,NA,"Optimis",1.1
2024-01-01,"KK-ORI-KEC-SAC","Keripik Kentang","Makanan","Original","Kecil",1,"Sachet","60 g",6500,40,2200,"Pabrik A",1,"Januari",0.760458029365592,"Riwayat",239,NA,"Pesimis",0.9
2024-02-01,"KK-ORI-KEC-SAC","Keripik Kentang","Makanan","Original","Kecil",1,"Sachet","60 g",6500,40,2200,"Pabrik A",2,"Februari",0.788253763043679,"Riwayat",290,NA,"Normal",1
2024-02-01,"KK-ORI-KEC-SAC","Keripik Kentang","Makanan","Original","Kecil",1,"Sachet","60 g",6500,40,2200,"Pabrik A",2,"Februari",0.788253763043679,"Riwayat",290,NA,"Optimis",1.1
2024-02-01,"KK-ORI-KEC-SAC","Keripik Kentang","Makanan","Original","Kecil",1,"Sachet","60 g",6500,40,2200,"Pabrik A",2,"Februari",0.788253763043679,"Riwayat",290,NA,"Pesimis",0.9
2024-03-01,"KK-ORI-KEC-SAC","Keripik Kentang","Makanan","Original","Kecil",1,"Sachet","60 g",6500,40,2200,"Pabrik A",3,"Maret",0.901006556468741,"Riwayat",290,NA,"Normal",1
2024-03-01,"KK-ORI-KEC-SAC","Keripik Kentang","Makanan","Original","Kecil",1,"Sachet","60 g",6500,40,2200,"Pabrik A",3,"Maret",0.901006556468741,"Riwayat",290,NA,"Optimis",1.1
2024-03-01,"KK-ORI-KEC-SAC","Keripik Kentang","Makanan","Original","Kecil",1,"Sachet","60 g",6500,40,2200,"Pabrik A",3,"Maret",0.901006556468741,"Riwayat",290,NA,"Pesimis",0.9
2024-04-01,"KK-ORI-KEC-SAC","Keripik Kentang","Makanan","Original","Kecil",1,"Sachet","60 g",6500,40,2200,"Pabrik A",4,"April",0.93194200757226,"Riwayat",337,NA,"Normal",1
2024-04-01,"KK-ORI-KEC-SAC","Keripik Kentang","Makanan","Original","Kecil",1,"Sachet","60 g",6500,40,2200,"Pabrik A",4,"April",0.93194200757226,"Riwayat",337,NA,"Optimis",1.1
2024-04-01,"KK-ORI-KEC-SAC","Keripik Kentang","Makanan","Original","Kecil",1,"Sachet","60 g",6500,40,2200,"Pabrik A",4,"April",0.93194200757226,"Riwayat",337,NA,"Pesimis",0.9
2024-05-01,"KK-ORI-KEC-SAC","Keripik Kentang","Makanan","Original","Kecil",1,"Sachet","60 g",6500,40,2200,"Pabrik A",5,"Mei",1.00212392649367,"Riwayat",357,NA,"Normal",1
2024-05-01,"KK-ORI-KEC-SAC","Keripik Kentang","Makanan","Original","Kecil",1,"Sachet","60 g",6500,40,2200,"Pabrik A",5,"Mei",1.00212392649367,"Riwayat",357,NA,"Optimis",1.1
2024-05-01,"KK-ORI-KEC-SAC","Keripik Kentang","Makanan","Original","Kecil",1,"Sachet","60 g",6500,40,2200,"Pabrik A",5,"Mei",1.00212392649367,"Riwayat",357,NA,"Pesimis",0.9
2024-06-01,"KK-ORI-KEC-SAC","Keripik Kentang","Makanan","Original","Kecil",1,"Sachet","60 g",6500,40,2200,"Pabrik A",6,"Juni",1.14507341398098,"Riwayat",565,NA,"Normal",1
2024-06-01,"KK-ORI-KEC-SAC","Keripik Kentang","Makanan","Original","Kecil",1,"Sachet","60 g",6500,40,2200,"Pabrik A",6,"Juni",1.14507341398098,"Riwayat",565,NA,"Optimis",1.1
2024-06-01,"KK-ORI-KEC-SAC","Keripik Kentang","Makanan","Original","Kecil",1,"Sachet","60 g",6500,40,2200,"Pabrik A",6,"Juni",1.14507341398098,"Riwayat",565,NA,"Pesimis",0.9
2024-07-01,"KK-ORI-KEC-SAC","Keripik Kentang","Makanan","Original","Kecil",1,"Sachet","60 g",6500,40,2200,"Pabrik A",7,"Juli",1.04783451842275,"Riwayat",332,NA,"Normal",1
2024-07-01,"KK-ORI-KEC-SAC","Keripik Kentang","Makanan","Original","Kecil",1,"Sachet","60 g",6500,40,2200,"Pabrik A",7,"Juli",1.04783451842275,"Riwayat",332,NA,"Optimis",1.1
2024-07-01,"KK-ORI-KEC-SAC","Keripik Kentang","Makanan","Original","Kecil",1,"Sachet","60 g",6500,40,2200,"Pabrik A",7,"Juli",1.04783451842275,"Riwayat",332,NA,"Pesimis",0.9
2024-08-01,"KK-ORI-KEC-SAC","Keripik Kentang","Makanan","Original","Kecil",1,"Sachet","60 g",6500,40,2200,"Pabrik A",8,"Agustus",0.986702373256995,"Riwayat",339,NA,"Normal",1
2024-08-01,"KK-ORI-KEC-SAC","Keripik Kentang","Makanan","Original","Kecil",1,"Sachet","60 g",6500,40,2200,"Pabrik A",8,"Agustus",0.986702373256995,"Riwayat",339,NA,"Optimis",1.1
2024-08-01,"KK-ORI-KEC-SAC","Keripik Kentang","Makanan","Original","Kecil",1,"Sachet","60 g",6500,40,2200,"Pabrik A",8,"Agustus",0.986702373256995,"Riwayat",339,NA,"Pesimis",0.9
2024-09-01,"KK-ORI-KEC-SAC","Keripik Kentang","Makanan","Original","Kecil",1,"Sachet","60 g",6500,40,2200,"Pabrik A",9,"September",0.997876073506326,"Riwayat",329,NA,"Normal",1
2024-09-01,"KK-ORI-KEC-SAC","Keripik Kentang","Makanan","Original","Kecil",1,"Sachet","60 g",6500,40,2200,"Pabrik A",9,"September",0.997876073506326,"Riwayat",329,NA,"Optimis",1.1
2024-09-01,"KK-ORI-KEC-SAC","Keripik Kentang","Makanan","Original","Kecil",1,"Sachet","60 g",6500,40,2200,"Pabrik A",9,"September",0.997876073506326,"Riwayat",329,NA,"Pesimis",0.9
2024-10-01,"KK-ORI-KEC-SAC","Keripik Kentang","Makanan","Original","Kecil",1,"Sachet","60 g",6500,40,2200,"Pabrik A",10,"Oktober",1.10573460153292,"Riwayat",344,NA,"Normal",1
2024-10-01,"KK-ORI-KEC-SAC","Keripik Kentang","Makanan","Original","Kecil",1,"Sachet","60 g",6500,40,2200,"Pabrik A",10,"Oktober",1.10573460153292,"Riwayat",344,NA,"Optimis",1.1
2024-10-01,"KK-ORI-KEC-SAC","Keripik Kentang","Makanan","Original","Kecil",1,"Sachet","60 g",6500,40,2200,"Pabrik A",10,"Oktober",1.10573460153292,"Riwayat",344,NA,"Pesimis",0.9
2024-11-01,"KK-ORI-KEC-SAC","Keripik Kentang","Makanan","Original","Kecil",1,"Sachet","60 g",6500,40,2200,"Pabrik A",11,"November",1.29356357927787,"Riwayat",372,NA,"Normal",1
2024-11-01,"KK-ORI-KEC-SAC","Keripik Kentang","Makanan","Original","Kecil",1,"Sachet","60 g",6500,40,2200,"Pabrik A",11,"November",1.29356357927787,"Riwayat",372,NA,"Optimis",1.1
2024-11-01,"KK-ORI-KEC-SAC","Keripik Kentang","Makanan","Original","Kecil",1,"Sachet","60 g",6500,40,2200,"Pabrik A",11,"November",1.29356357927787,"Riwayat",372,NA,"Pesimis",0.9
2024-12-01,"KK-ORI-KEC-SAC","Keripik Kentang","Makanan","Original","Kecil",1,"Sachet","60 g",6500,40,2200,"Pabrik A",12,"Desember",1.40991781327916,"Riwayat",412,NA,"Normal",1
2024-12-01,"KK-ORI-KEC-SAC","Keripik Kentang","Makanan","Original","Kecil",1,"Sachet","60 g",6500,40,2200,"Pabrik A",12,"Desember",1.40991781327916,"Riwayat",412,NA,"Optimis",1.1
2024-12-01,"KK-ORI-KEC-SAC","Keripik Kentang","Makanan","Original","Kecil",1,"Sachet","60 g",6500,40,2200,"Pabrik A",12,"Desember",1.40991781327916,"Riwayat",412,NA,"Pesimis",0.9
2025-01-01,"KK-ORI-KEC-SAC","Keripik Kentang","Makanan","Original","Kecil",1,"Sachet","60 g",6500,40,2200,"Pabrik A",1,"Januari",0.760458029365592,"Riwayat",295,NA,"Normal",1
2025-01-01,"KK-ORI-KEC-SAC","Keripik Kentang","Makanan","Original","Kecil",1,"Sachet","60 g",6500,40,2200,"Pabrik A",1,"Januari",0.760458029365592,"Riwayat",295,NA,"Optimis",1.1
2025-01-01,"KK-ORI-KEC-SAC","Keripik Kentang","Makanan","Original","Kecil",1,"Sachet","60 g",6500,40,2200,"Pabrik A",1,"Januari",0.760458029365592,"Riwayat",295,NA,"Pesimis",0.9
2025-02-01,"KK-ORI-KEC-SAC","Keripik Kentang","Makanan","Original","Kecil",1,"Sachet","60 g",6500,40,2200,"Pabrik A",2,"Februari",0.788253763043679,"Riwayat",243,NA,"Normal",1
2025-02-01,"KK-ORI-KEC-SAC","Keripik Kentang","Makanan","Original","Kecil",1,"Sachet","60 g",6500,40,2200,"Pabrik A",2,"Februari",0.788253763043679,"Riwayat",243,NA,"Optimis",1.1
2025-02-01,"KK-ORI-KEC-SAC","Keripik Kentang","Makanan","Original","Kecil",1,"Sachet","60 g",6500,40,2200,"Pabrik A",2,"Februari",0.788253763043679,"Riwayat",243,NA,"Pesimis",0.9
2025-03-01,"KK-ORI-KEC-SAC","Keripik Kentang","Makanan","Original","Kecil",1,"Sachet","60 g",6500,40,2200,"Pabrik A",3,"Maret",0.901006556468741,"Riwayat",273,NA,"Normal",1
2025-03-01,"KK-ORI-KEC-SAC","Keripik Kentang","Makanan","Original","Kecil",1,"Sachet","60 g",6500,40,2200,"Pabrik A",3,"Maret",0.901006556468741,"Riwayat",273,NA,"Optimis",1.1
2025-03-01,"KK-ORI-KEC-SAC","Keripik Kentang","Makanan","Original","Kecil",1,"Sachet","60 g",6500,40,2200,"Pabrik A",3,"Maret",0.901006556468741,"Riwayat",273,NA,"Pesimis",0.9
2025-04-01,"KK-ORI-KEC-SAC","Keripik Kentang","Makanan","Original","Kecil",1,"Sachet","60 g",6500,40,2200,"Pabrik A",4,"April",0.93194200757226,"Riwayat",317,NA,"Normal",1
2025-04-01,"KK-ORI-KEC-SAC","Keripik Kentang","Makanan","Original","Kecil",1,"Sachet","60 g",6500,40,2200,"Pabrik A",4,"April",0.93194200757226,"Riwayat",317,NA,"Optimis",1.1
2025-04-01,"KK-ORI-KEC-SAC","Keripik Kentang","Makanan","Original","Kecil",1,"Sachet","60 g",6500,40,2200,"Pabrik A",4,"April",0.93194200757226,"Riwayat",317,NA,"Pesimis",0.9
2025-05-01,"KK-ORI-KEC-SAC","Keripik Kentang","Makanan","Original","Kecil",1,"Sachet","60 g",6500,40,2200,"Pabrik A",5,"Mei",1.00212392649367,"Riwayat",199,NA,"Normal",1
2025-05-01,"KK-ORI-KEC-SAC","Keripik Kentang","Makanan","Original","Kecil",1,"Sachet","60 g",6500,40,2200,"Pabrik A",5,"Mei",1.00212392649367,"Riwayat",199,NA,"Optimis",1.1
2025-05-01,"KK-ORI-KEC-SAC","Keripik Kentang","Makanan","Original","Kecil",1,"Sachet","60 g",6500,40,2200,"Pabrik A",5,"Mei",1.00212392649367,"Riwayat",199,NA,"Pesimis",0.9
2025-06-01,"KK-ORI-KEC-SAC","Keripik Kentang","Makanan","Original","Kecil",1,"Sachet","60 g",6500,40,2200,"Pabrik A",6,"Juni",1.14507341398098,"Riwayat",329,NA,"Normal",1
2025-06-01,"KK-ORI-KEC-SAC","Keripik Kentang","Makanan","Original","Kecil",1,"Sachet","60 g",6500,40,2200,"Pabrik A",6,"Juni",1.14507341398098,"Riwayat",329,NA,"Optimis",1.1
2025-06-01,"KK-ORI-KEC-SAC","Keripik Kentang","Makanan","Original","Kecil",1,"Sachet","60 g",6500,40,2200,"Pabrik A",6,"Juni",1.14507341398098,"Riwayat",329,NA,"Pesimis",0.9
2025-07-01,"KK-ORI-KEC-SAC","Keripik Kentang","Makanan","Original","Kecil",1,"Sachet","60 g",6500,40,2200,"Pabrik A",7,"Juli",1.04783451842275,"Riwayat",327,NA,"Normal",1
2025-07-01,"KK-ORI-KEC-SAC","Keripik Kentang","Makanan","Original","Kecil",1,"Sachet","60 g",6500,40,2200,"Pabrik A",7,"Juli",1.04783451842275,"Riwayat",327,NA,"Optimis",1.1
2025-07-01,"KK-ORI-KEC-SAC","Keripik Kentang","Makanan","Original","Kecil",1,"Sachet","60 g",6500,40,2200,"Pabrik A",7,"Juli",1.04783451842275,"Riwayat",327,NA,"Pesimis",0.9
2025-08-01,"KK-ORI-KEC-SAC","Keripik Kentang","Makanan","Original","Kecil",1,"Sachet","60 g",6500,40,2200,"Pabrik A",8,"Agustus",0.986702373256995,"Riwayat",297,NA,"Normal",1
2025-08-01,"KK-ORI-KEC-SAC","Keripik Kentang","Makanan","Original","Kecil",1,"Sachet","60 g",6500,40,2200,"Pabrik A",8,"Agustus",0.986702373256995,"Riwayat",297,NA,"Optimis",1.1
2025-08-01,"KK-ORI-KEC-SAC","Keripik Kentang","Makanan","Original","Kecil",1,"Sachet","60 g",6500,40,2200,"Pabrik A",8,"Agustus",0.986702373256995,"Riwayat",297,NA,"Pesimis",0.9
2025-09-01,"KK-ORI-KEC-SAC","Keripik Kentang","Makanan","Original","Kecil",1,"Sachet","60 g",6500,40,2200,"Pabrik A",9,"September",0.997876073506326,"Riwayat",310,NA,"Normal",1
2025-09-01,"KK-ORI-KEC-SAC","Keripik Kentang","Makanan","Original","Kecil",1,"Sachet","60 g",6500,40,2200,"Pabrik A",9,"September",0.997876073506326,"Riwayat",310,NA,"Optimis",1.1
2025-09-01,"KK-ORI-KEC-SAC","Keripik Kentang","Makanan","Original","Kecil",1,"Sachet","60 g",6500,40,2200,"Pabrik A",9,"September",0.997876073506326,"Riwayat",310,NA,"Pesimis",0.9
2025-10-01,"KK-ORI-KEC-SAC","Keripik Kentang","Makanan","Original","Kecil",1,"Sachet","60 g",6500,40,2200,"Pabrik A",10,"Oktober",1.10573460153292,"Riwayat",361,NA,"Normal",1
2025-10-01,"KK-ORI-KEC-SAC","Keripik Kentang","Makanan","Original","Kecil",1,"Sachet","60 g",6500,40,2200,"Pabrik A",10,"Oktober",1.10573460153292,"Riwayat",361,NA,"Optimis",1.1
2025-10-01,"KK-ORI-KEC-SAC","Keripik Kentang","Makanan","Original","Kecil",1,"Sachet","60 g",6500,40,2200,"Pabrik A",10,"Oktober",1.10573460153292,"Riwayat",361,NA,"Pesimis",0.9
2025-11-01,"KK-ORI-KEC-SAC","Keripik Kentang","Makanan","Original","Kecil",1,"Sachet","60 g",6500,40,2200,"Pabrik A",11,"November",1.29356357927787,"Riwayat",374,NA,"Normal",1
2025-11-01,"KK-ORI-KEC-SAC","Keripik Kentang","Makanan","Original","Kecil",1,"Sachet","60 g",6500,40,2200,"Pabrik A",11,"November",1.29356357927787,"Riwayat",374,NA,"Optimis",1.1
2025-11-01,"KK-ORI-KEC-SAC","Keripik Kentang","Makanan","Original","Kecil",1,"Sachet","60 g",6500,40,2200,"Pabrik A",11,"November",1.29356357927787,"Riwayat",374,NA,"Pesimis",0.9
2025-12-01,"KK-ORI-KEC-SAC","Keripik Kentang","Makanan","Original","Kecil",1,"Sachet","60 g",6500,40,2200,"Pabrik A",12,"Desember",1.40991781327916,"Riwayat",392,NA,"Normal",1
2025-12-01,"KK-ORI-KEC-SAC","Keripik Kentang","Makanan","Original","Kecil",1,"Sachet","60 g",6500,40,2200,"Pabrik A",12,"Desember",1.40991781327916,"Riwayat",392,NA,"Optimis",1.1
2025-12-01,"KK-ORI-KEC-SAC","Keripik Kentang","Makanan","Original","Kecil",1,"Sachet","60 g",6500,40,2200,"Pabrik A",12,"Desember",1.40991781327916,"Riwayat",392,NA,"Pesimis",0.9
2026-01-01,"KK-ORI-KEC-SAC","Keripik Kentang","Makanan","Original","Kecil",1,"Sachet","60 g",6500,40,2200,"Pabrik A",1,"Januari",0.760458029365592,"Plan",NA,284.411302982732,"Normal",1
2026-01-01,"KK-ORI-KEC-SAC","Keripik Kentang","Makanan","Original","Kecil",1,"Sachet","60 g",6500,40,2200,"Pabrik A",1,"Januari",0.760458029365592,"Plan",NA,312.852433281005,"Optimis",1.1
2026-01-01,"KK-ORI-KEC-SAC","Keripik Kentang","Makanan","Original","Kecil",1,"Sachet","60 g",6500,40,2200,"Pabrik A",1,"Januari",0.760458029365592,"Plan",NA,255.970172684458,"Pesimis",0.9
2026-02-01,"KK-ORI-KEC-SAC","Keripik Kentang","Makanan","Original","Kecil",1,"Sachet","60 g",6500,40,2200,"Pabrik A",2,"Februari",0.788253763043679,"Plan",NA,294.806907378336,"Normal",1
2026-02-01,"KK-ORI-KEC-SAC","Keripik Kentang","Makanan","Original","Kecil",1,"Sachet","60 g",6500,40,2200,"Pabrik A",2,"Februari",0.788253763043679,"Plan",NA,324.28759811617,"Optimis",1.1
2026-02-01,"KK-ORI-KEC-SAC","Keripik Kentang","Makanan","Original","Kecil",1,"Sachet","60 g",6500,40,2200,"Pabrik A",2,"Februari",0.788253763043679,"Plan",NA,265.326216640502,"Pesimis",0.9
2026-03-01,"KK-ORI-KEC-SAC","Keripik Kentang","Makanan","Original","Kecil",1,"Sachet","60 g",6500,40,2200,"Pabrik A",3,"Maret",0.901006556468741,"Plan",NA,336.976452119309,"Normal",1
2026-03-01,"KK-ORI-KEC-SAC","Keripik Kentang","Makanan","Original","Kecil",1,"Sachet","60 g",6500,40,2200,"Pabrik A",3,"Maret",0.901006556468741,"Plan",NA,370.67409733124,"Optimis",1.1
2026-03-01,"KK-ORI-KEC-SAC","Keripik Kentang","Makanan","Original","Kecil",1,"Sachet","60 g",6500,40,2200,"Pabrik A",3,"Maret",0.901006556468741,"Plan",NA,303.278806907378,"Pesimis",0.9
2026-04-01,"KK-ORI-KEC-SAC","Keripik Kentang","Makanan","Original","Kecil",1,"Sachet","60 g",6500,40,2200,"Pabrik A",4,"April",0.93194200757226,"Plan",NA,348.546310832025,"Normal",1
2026-04-01,"KK-ORI-KEC-SAC","Keripik Kentang","Makanan","Original","Kecil",1,"Sachet","60 g",6500,40,2200,"Pabrik A",4,"April",0.93194200757226,"Plan",NA,383.400941915228,"Optimis",1.1
2026-04-01,"KK-ORI-KEC-SAC","Keripik Kentang","Makanan","Original","Kecil",1,"Sachet","60 g",6500,40,2200,"Pabrik A",4,"April",0.93194200757226,"Plan",NA,313.691679748823,"Pesimis",0.9
2026-05-01,"KK-ORI-KEC-SAC","Keripik Kentang","Makanan","Original","Kecil",1,"Sachet","60 g",6500,40,2200,"Pabrik A",5,"Mei",1.00212392649367,"Plan",NA,374.794348508634,"Normal",1
2026-05-01,"KK-ORI-KEC-SAC","Keripik Kentang","Makanan","Original","Kecil",1,"Sachet","60 g",6500,40,2200,"Pabrik A",5,"Mei",1.00212392649367,"Plan",NA,412.273783359498,"Optimis",1.1
2026-05-01,"KK-ORI-KEC-SAC","Keripik Kentang","Makanan","Original","Kecil",1,"Sachet","60 g",6500,40,2200,"Pabrik A",5,"Mei",1.00212392649367,"Plan",NA,337.314913657771,"Pesimis",0.9
2026-06-01,"KK-ORI-KEC-SAC","Keripik Kentang","Makanan","Original","Kecil",1,"Sachet","60 g",6500,40,2200,"Pabrik A",6,"Juni",1.14507341398098,"Plan",NA,428.257456828885,"Normal",1
2026-06-01,"KK-ORI-KEC-SAC","Keripik Kentang","Makanan","Original","Kecil",1,"Sachet","60 g",6500,40,2200,"Pabrik A",6,"Juni",1.14507341398098,"Plan",NA,471.083202511774,"Optimis",1.1
2026-06-01,"KK-ORI-KEC-SAC","Keripik Kentang","Makanan","Original","Kecil",1,"Sachet","60 g",6500,40,2200,"Pabrik A",6,"Juni",1.14507341398098,"Plan",NA,385.431711145997,"Pesimis",0.9
2023-01-01,"KK-ORI-KEC-SAC","Keripik Kentang","Makanan","Original","Kecil",1,"Sachet","60 g",6500,40,2200,"Pabrik B",1,"Januari",0.760458029365592,"Riwayat",77,NA,"Normal",1
2023-01-01,"KK-ORI-KEC-SAC","Keripik Kentang","Makanan","Original","Kecil",1,"Sachet","60 g",6500,40,2200,"Pabrik B",1,"Januari",0.760458029365592,"Riwayat",77,NA,"Optimis",1.1
2023-01-01,"KK-ORI-KEC-SAC","Keripik Kentang","Makanan","Original","Kecil",1,"Sachet","60 g",6500,40,2200,"Pabrik B",1,"Januari",0.760458029365592,"Riwayat",77,NA,"Pesimis",0.9
2023-02-01,"KK-ORI-KEC-SAC","Keripik Kentang","Makanan","Original","Kecil",1,"Sachet","60 g",6500,40,2200,"Pabrik B",2,"Februari",0.788253763043679,"Riwayat",199,NA,"Normal",1
2023-02-01,"KK-ORI-KEC-SAC","Keripik Kentang","Makanan","Original","Kecil",1,"Sachet","60 g",6500,40,2200,"Pabrik B",2,"Februari",0.788253763043679,"Riwayat",199,NA,"Optimis",1.1
2023-02-01,"KK-ORI-KEC-SAC","Keripik Kentang","Makanan","Original","Kecil",1,"Sachet","60 g",6500,40,2200,"Pabrik B",2,"Februari",0.788253763043679,"Riwayat",199,NA,"Pesimis",0.9
2023-03-01,"KK-ORI-KEC-SAC","Keripik Kentang","Makanan","Original","Kecil",1,"Sachet","60 g",6500,40,2200,"Pabrik B",3,"Maret",0.901006556468741,"Riwayat",219,NA,"Normal",1
2023-03-01,"KK-ORI-KEC-SAC","Keripik Kentang","Makanan","Original","Kecil",1,"Sachet","60 g",6500,40,2200,"Pabrik B",3,"Maret",0.901006556468741,"Riwayat",219,NA,"Optimis",1.1
2023-03-01,"KK-ORI-KEC-SAC","Keripik Kentang","Makanan","Original","Kecil",1,"Sachet","60 g",6500,40,2200,"Pabrik B",3,"Maret",0.901006556468741,"Riwayat",219,NA,"Pesimis",0.9
2023-04-01,"KK-ORI-KEC-SAC","Keripik Kentang","Makanan","Original","Kecil",1,"Sachet","60 g",6500,40,2200,"Pabrik B",4,"April",0.93194200757226,"Riwayat",196,NA,"Normal",1
2023-04-01,"KK-ORI-KEC-SAC","Keripik Kentang","Makanan","Original","Kecil",1,"Sachet","60 g",6500,40,2200,"Pabrik B",4,"April",0.93194200757226,"Riwayat",196,NA,"Optimis",1.1
2023-04-01,"KK-ORI-KEC-SAC","Keripik Kentang","Makanan","Original","Kecil",1,"Sachet","60 g",6500,40,2200,"Pabrik B",4,"April",0.93194200757226,"Riwayat",196,NA,"Pesimis",0.9
2023-05-01,"KK-ORI-KEC-SAC","Keripik Kentang","Makanan","Original","Kecil",1,"Sachet","60 g",6500,40,2200,"Pabrik B",5,"Mei",1.00212392649367,"Riwayat",199,NA,"Normal",1
2023-05-01,"KK-ORI-KEC-SAC","Keripik Kentang","Makanan","Original","Kecil",1,"Sachet","60 g",6500,40,2200,"Pabrik B",5,"Mei",1.00212392649367,"Riwayat",199,NA,"Optimis",1.1
2023-05-01,"KK-ORI-KEC-SAC","Keripik Kentang","Makanan","Original","Kecil",1,"Sachet","60 g",6500,40,2200,"Pabrik B",5,"Mei",1.00212392649367,"Riwayat",199,NA,"Pesimis",0.9
2023-06-01,"KK-ORI-KEC-SAC","Keripik Kentang","Makanan","Original","Kecil",1,"Sachet","60 g",6500,40,2200,"Pabrik B",6,"Juni",1.14507341398098,"Riwayat",274,NA,"Normal",1
2023-06-01,"KK-ORI-KEC-SAC","Keripik Kentang","Makanan","Original","Kecil",1,"Sachet","60 g",6500,40,2200,"Pabrik B",6,"Juni",1.14507341398098,"Riwayat",274,NA,"Optimis",1.1
2023-06-01,"KK-ORI-KEC-SAC","Keripik Kentang","Makanan","Original","Kecil",1,"Sachet","60 g",6500,40,2200,"Pabrik B",6,"Juni",1.14507341398098,"Riwayat",274,NA,"Pesimis",0.9
2023-07-01,"KK-ORI-KEC-SAC","Keripik Kentang","Makanan","Original","Kecil",1,"Sachet","60 g",6500,40,2200,"Pabrik B",7,"Juli",1.04783451842275,"Riwayat",224,NA,"Normal",1
2023-07-01,"KK-ORI-KEC-SAC","Keripik Kentang","Makanan","Original","Kecil",1,"Sachet","60 g",6500,40,2200,"Pabrik B",7,"Juli",1.04783451842275,"Riwayat",224,NA,"Optimis",1.1
2023-07-01,"KK-ORI-KEC-SAC","Keripik Kentang","Makanan","Original","Kecil",1,"Sachet","60 g",6500,40,2200,"Pabrik B",7,"Juli",1.04783451842275,"Riwayat",224,NA,"Pesimis",0.9
2023-08-01,"KK-ORI-KEC-SAC","Keripik Kentang","Makanan","Original","Kecil",1,"Sachet","60 g",6500,40,2200,"Pabrik B",8,"Agustus",0.986702373256995,"Riwayat",234,NA,"Normal",1
2023-08-01,"KK-ORI-KEC-SAC","Keripik Kentang","Makanan","Original","Kecil",1,"Sachet","60 g",6500,40,2200,"Pabrik B",8,"Agustus",0.986702373256995,"Riwayat",234,NA,"Optimis",1.1
2023-08-01,"KK-ORI-KEC-SAC","Keripik Kentang","Makanan","Original","Kecil",1,"Sachet","60 g",6500,40,2200,"Pabrik B",8,"Agustus",0.986702373256995,"Riwayat",234,NA,"Pesimis",0.9
2023-09-01,"KK-ORI-KEC-SAC","Keripik Kentang","Makanan","Original","Kecil",1,"Sachet","60 g",6500,40,2200,"Pabrik B",9,"September",0.997876073506326,"Riwayat",247,NA,"Normal",1
2023-09-01,"KK-ORI-KEC-SAC","Keripik Kentang","Makanan","Original","Kecil",1,"Sachet","60 g",6500,40,2200,"Pabrik B",9,"September",0.997876073506326,"Riwayat",247,NA,"Optimis",1.1
2023-09-01,"KK-ORI-KEC-SAC","Keripik Kentang","Makanan","Original","Kecil",1,"Sachet","60 g",6500,40,2200,"Pabrik B",9,"September",0.997876073506326,"Riwayat",247,NA,"Pesimis",0.9
2023-10-01,"KK-ORI-KEC-SAC","Keripik Kentang","Makanan","Original","Kecil",1,"Sachet","60 g",6500,40,2200,"Pabrik B",10,"Oktober",1.10573460153292,"Riwayat",252,NA,"Normal",1
2023-10-01,"KK-ORI-KEC-SAC","Keripik Kentang","Makanan","Original","Kecil",1,"Sachet","60 g",6500,40,2200,"Pabrik B",10,"Oktober",1.10573460153292,"Riwayat",252,NA,"Optimis",1.1
2023-10-01,"KK-ORI-KEC-SAC","Keripik Kentang","Makanan","Original","Kecil",1,"Sachet","60 g",6500,40,2200,"Pabrik B",10,"Oktober",1.10573460153292,"Riwayat",252,NA,"Pesimis",0.9
2023-11-01,"KK-ORI-KEC-SAC","Keripik Kentang","Makanan","Original","Kecil",1,"Sachet","60 g",6500,40,2200,"Pabrik B",11,"November",1.29356357927787,"Riwayat",274,NA,"Normal",1
2023-11-01,"KK-ORI-KEC-SAC","Keripik Kentang","Makanan","Original","Kecil",1,"Sachet","60 g",6500,40,2200,"Pabrik B",11,"November",1.29356357927787,"Riwayat",274,NA,"Optimis",1.1
2023-11-01,"KK-ORI-KEC-SAC","Keripik Kentang","Makanan","Original","Kecil",1,"Sachet","60 g",6500,40,2200,"Pabrik B",11,"November",1.29356357927787,"Riwayat",274,NA,"Pesimis",0.9
2023-12-01,"KK-ORI-KEC-SAC","Keripik Kentang","Makanan","Original","Kecil",1,"Sachet","60 g",6500,40,2200,"Pabrik B",12,"Desember",1.40991781327916,"Riwayat",300,NA,"Normal",1
2023-12-01,"KK-ORI-KEC-SAC","Keripik Kentang","Makanan","Original","Kecil",1,"Sachet","60 g",6500,40,2200,"Pabrik B",12,"Desember",1.40991781327916,"Riwayat",300,NA,"Optimis",1.1
2023-12-01,"KK-ORI-KEC-SAC","Keripik Kentang","Makanan","Original","Kecil",1,"Sachet","60 g",6500,40,2200,"Pabrik B",12,"Desember",1.40991781327916,"Riwayat",300,NA,"Pesimis",0.9
2024-01-01,"KK-ORI-KEC-SAC","Keripik Kentang","Makanan","Original","Kecil",1,"Sachet","60 g",6500,40,2200,"Pabrik B",1,"Januari",0.760458029365592,"Riwayat",162,NA,"Normal",1
2024-01-01,"KK-ORI-KEC-SAC","Keripik Kentang","Makanan","Original","Kecil",1,"Sachet","60 g",6500,40,2200,"Pabrik B",1,"Januari",0.760458029365592,"Riwayat",162,NA,"Optimis",1.1
2024-01-01,"KK-ORI-KEC-SAC","Keripik Kentang","Makanan","Original","Kecil",1,"Sachet","60 g",6500,40,2200,"Pabrik B",1,"Januari",0.760458029365592,"Riwayat",162,NA,"Pesimis",0.9
2024-02-01,"KK-ORI-KEC-SAC","Keripik Kentang","Makanan","Original","Kecil",1,"Sachet","60 g",6500,40,2200,"Pabrik B",2,"Februari",0.788253763043679,"Riwayat",181,NA,"Normal",1
2024-02-01,"KK-ORI-KEC-SAC","Keripik Kentang","Makanan","Original","Kecil",1,"Sachet","60 g",6500,40,2200,"Pabrik B",2,"Februari",0.788253763043679,"Riwayat",181,NA,"Optimis",1.1
2024-02-01,"KK-ORI-KEC-SAC","Keripik Kentang","Makanan","Original","Kecil",1,"Sachet","60 g",6500,40,2200,"Pabrik B",2,"Februari",0.788253763043679,"Riwayat",181,NA,"Pesimis",0.9
2024-03-01,"KK-ORI-KEC-SAC","Keripik Kentang","Makanan","Original","Kecil",1,"Sachet","60 g",6500,40,2200,"Pabrik B",3,"Maret",0.901006556468741,"Riwayat",205,NA,"Normal",1
2024-03-01,"KK-ORI-KEC-SAC","Keripik Kentang","Makanan","Original","Kecil",1,"Sachet","60 g",6500,40,2200,"Pabrik B",3,"Maret",0.901006556468741,"Riwayat",205,NA,"Optimis",1.1
2024-03-01,"KK-ORI-KEC-SAC","Keripik Kentang","Makanan","Original","Kecil",1,"Sachet","60 g",6500,40,2200,"Pabrik B",3,"Maret",0.901006556468741,"Riwayat",205,NA,"Pesimis",0.9
2024-04-01,"KK-ORI-KEC-SAC","Keripik Kentang","Makanan","Original","Kecil",1,"Sachet","60 g",6500,40,2200,"Pabrik B",4,"April",0.93194200757226,"Riwayat",235,NA,"Normal",1
2024-04-01,"KK-ORI-KEC-SAC","Keripik Kentang","Makanan","Original","Kecil",1,"Sachet","60 g",6500,40,2200,"Pabrik B",4,"April",0.93194200757226,"Riwayat",235,NA,"Optimis",1.1
2024-04-01,"KK-ORI-KEC-SAC","Keripik Kentang","Makanan","Original","Kecil",1,"Sachet","60 g",6500,40,2200,"Pabrik B",4,"April",0.93194200757226,"Riwayat",235,NA,"Pesimis",0.9
2024-05-01,"KK-ORI-KEC-SAC","Keripik Kentang","Makanan","Original","Kecil",1,"Sachet","60 g",6500,40,2200,"Pabrik B",5,"Mei",1.00212392649367,"Riwayat",244,NA,"Normal",1
2024-05-01,"KK-ORI-KEC-SAC","Keripik Kentang","Makanan","Original","Kecil",1,"Sachet","60 g",6500,40,2200,"Pabrik B",5,"Mei",1.00212392649367,"Riwayat",244,NA,"Optimis",1.1
2024-05-01,"KK-ORI-KEC-SAC","Keripik Kentang","Makanan","Original","Kecil",1,"Sachet","60 g",6500,40,2200,"Pabrik B",5,"Mei",1.00212392649367,"Riwayat",244,NA,"Pesimis",0.9
2024-06-01,"KK-ORI-KEC-SAC","Keripik Kentang","Makanan","Original","Kecil",1,"Sachet","60 g",6500,40,2200,"Pabrik B",6,"Juni",1.14507341398098,"Riwayat",241,NA,"Normal",1
2024-06-01,"KK-ORI-KEC-SAC","Keripik Kentang","Makanan","Original","Kecil",1,"Sachet","60 g",6500,40,2200,"Pabrik B",6,"Juni",1.14507341398098,"Riwayat",241,NA,"Optimis",1.1
2024-06-01,"KK-ORI-KEC-SAC","Keripik Kentang","Makanan","Original","Kecil",1,"Sachet","60 g",6500,40,2200,"Pabrik B",6,"Juni",1.14507341398098,"Riwayat",241,NA,"Pesimis",0.9
2024-07-01,"KK-ORI-KEC-SAC","Keripik Kentang","Makanan","Original","Kecil",1,"Sachet","60 g",6500,40,2200,"Pabrik B",7,"Juli",1.04783451842275,"Riwayat",219,NA,"Normal",1
2024-07-01,"KK-ORI-KEC-SAC","Keripik Kentang","Makanan","Original","Kecil",1,"Sachet","60 g",6500,40,2200,"Pabrik B",7,"Juli",1.04783451842275,"Riwayat",219,NA,"Optimis",1.1
2024-07-01,"KK-ORI-KEC-SAC","Keripik Kentang","Makanan","Original","Kecil",1,"Sachet","60 g",6500,40,2200,"Pabrik B",7,"Juli",1.04783451842275,"Riwayat",219,NA,"Pesimis",0.9
2024-08-01,"KK-ORI-KEC-SAC","Keripik Kentang","Makanan","Original","Kecil",1,"Sachet","60 g",6500,40,2200,"Pabrik B",8,"Agustus",0.986702373256995,"Riwayat",199,NA,"Normal",1
2024-08-01,"KK-ORI-KEC-SAC","Keripik Kentang","Makanan","Original","Kecil",1,"Sachet","60 g",6500,40,2200,"Pabrik B",8,"Agustus",0.986702373256995,"Riwayat",199,NA,"Optimis",1.1
2024-08-01,"KK-ORI-KEC-SAC","Keripik Kentang","Makanan","Original","Kecil",1,"Sachet","60 g",6500,40,2200,"Pabrik B",8,"Agustus",0.986702373256995,"Riwayat",199,NA,"Pesimis",0.9
2024-09-01,"KK-ORI-KEC-SAC","Keripik Kentang","Makanan","Original","Kecil",1,"Sachet","60 g",6500,40,2200,"Pabrik B",9,"September",0.997876073506326,"Riwayat",207,NA,"Normal",1
2024-09-01,"KK-ORI-KEC-SAC","Keripik Kentang","Makanan","Original","Kecil",1,"Sachet","60 g",6500,40,2200,"Pabrik B",9,"September",0.997876073506326,"Riwayat",207,NA,"Optimis",1.1
2024-09-01,"KK-ORI-KEC-SAC","Keripik Kentang","Makanan","Original","Kecil",1,"Sachet","60 g",6500,40,2200,"Pabrik B",9,"September",0.997876073506326,"Riwayat",207,NA,"Pesimis",0.9
2024-10-01,"KK-ORI-KEC-SAC","Keripik Kentang","Makanan","Original","Kecil",1,"Sachet","60 g",6500,40,2200,"Pabrik B",10,"Oktober",1.10573460153292,"Riwayat",232,NA,"Normal",1
2024-10-01,"KK-ORI-KEC-SAC","Keripik Kentang","Makanan","Original","Kecil",1,"Sachet","60 g",6500,40,2200,"Pabrik B",10,"Oktober",1.10573460153292,"Riwayat",232,NA,"Optimis",1.1
2024-10-01,"KK-ORI-KEC-SAC","Keripik Kentang","Makanan","Original","Kecil",1,"Sachet","60 g",6500,40,2200,"Pabrik B",10,"Oktober",1.10573460153292,"Riwayat",232,NA,"Pesimis",0.9
2024-11-01,"KK-ORI-KEC-SAC","Keripik Kentang","Makanan","Original","Kecil",1,"Sachet","60 g",6500,40,2200,"Pabrik B",11,"November",1.29356357927787,"Riwayat",260,NA,"Normal",1
2024-11-01,"KK-ORI-KEC-SAC","Keripik Kentang","Makanan","Original","Kecil",1,"Sachet","60 g",6500,40,2200,"Pabrik B",11,"November",1.29356357927787,"Riwayat",260,NA,"Optimis",1.1
2024-11-01,"KK-ORI-KEC-SAC","Keripik Kentang","Makanan","Original","Kecil",1,"Sachet","60 g",6500,40,2200,"Pabrik B",11,"November",1.29356357927787,"Riwayat",260,NA,"Pesimis",0.9
2024-12-01,"KK-ORI-KEC-SAC","Keripik Kentang","Makanan","Original","Kecil",1,"Sachet","60 g",6500,40,2200,"Pabrik B",12,"Desember",1.40991781327916,"Riwayat",290,NA,"Normal",1
2024-12-01,"KK-ORI-KEC-SAC","Keripik Kentang","Makanan","Original","Kecil",1,"Sachet","60 g",6500,40,2200,"Pabrik B",12,"Desember",1.40991781327916,"Riwayat",290,NA,"Optimis",1.1
2024-12-01,"KK-ORI-KEC-SAC","Keripik Kentang","Makanan","Original","Kecil",1,"Sachet","60 g",6500,40,2200,"Pabrik B",12,"Desember",1.40991781327916,"Riwayat",290,NA,"Pesimis",0.9
2025-01-01,"KK-ORI-KEC-SAC","Keripik Kentang","Makanan","Original","Kecil",1,"Sachet","60 g",6500,40,2200,"Pabrik B",1,"Januari",0.760458029365592,"Riwayat",164,NA,"Normal",1
2025-01-01,"KK-ORI-KEC-SAC","Keripik Kentang","Makanan","Original","Kecil",1,"Sachet","60 g",6500,40,2200,"Pabrik B",1,"Januari",0.760458029365592,"Riwayat",164,NA,"Optimis",1.1
2025-01-01,"KK-ORI-KEC-SAC","Keripik Kentang","Makanan","Original","Kecil",1,"Sachet","60 g",6500,40,2200,"Pabrik B",1,"Januari",0.760458029365592,"Riwayat",164,NA,"Pesimis",0.9
2025-02-01,"KK-ORI-KEC-SAC","Keripik Kentang","Makanan","Original","Kecil",1,"Sachet","60 g",6500,40,2200,"Pabrik B",2,"Februari",0.788253763043679,"Riwayat",164,NA,"Normal",1
2025-02-01,"KK-ORI-KEC-SAC","Keripik Kentang","Makanan","Original","Kecil",1,"Sachet","60 g",6500,40,2200,"Pabrik B",2,"Februari",0.788253763043679,"Riwayat",164,NA,"Optimis",1.1
2025-02-01,"KK-ORI-KEC-SAC","Keripik Kentang","Makanan","Original","Kecil",1,"Sachet","60 g",6500,40,2200,"Pabrik B",2,"Februari",0.788253763043679,"Riwayat",164,NA,"Pesimis",0.9
2025-03-01,"KK-ORI-KEC-SAC","Keripik Kentang","Makanan","Original","Kecil",1,"Sachet","60 g",6500,40,2200,"Pabrik B",3,"Maret",0.901006556468741,"Riwayat",168,NA,"Normal",1
2025-03-01,"KK-ORI-KEC-SAC","Keripik Kentang","Makanan","Original","Kecil",1,"Sachet","60 g",6500,40,2200,"Pabrik B",3,"Maret",0.901006556468741,"Riwayat",168,NA,"Optimis",1.1
2025-03-01,"KK-ORI-KEC-SAC","Keripik Kentang","Makanan","Original","Kecil",1,"Sachet","60 g",6500,40,2200,"Pabrik B",3,"Maret",0.901006556468741,"Riwayat",168,NA,"Pesimis",0.9
2025-04-01,"KK-ORI-KEC-SAC","Keripik Kentang","Makanan","Original","Kecil",1,"Sachet","60 g",6500,40,2200,"Pabrik B",4,"April",0.93194200757226,"Riwayat",205,NA,"Normal",1
2025-04-01,"KK-ORI-KEC-SAC","Keripik Kentang","Makanan","Original","Kecil",1,"Sachet","60 g",6500,40,2200,"Pabrik B",4,"April",0.93194200757226,"Riwayat",205,NA,"Optimis",1.1
2025-04-01,"KK-ORI-KEC-SAC","Keripik Kentang","Makanan","Original","Kecil",1,"Sachet","60 g",6500,40,2200,"Pabrik B",4,"April",0.93194200757226,"Riwayat",205,NA,"Pesimis",0.9
2025-05-01,"KK-ORI-KEC-SAC","Keripik Kentang","Makanan","Original","Kecil",1,"Sachet","60 g",6500,40,2200,"Pabrik B",5,"Mei",1.00212392649367,"Riwayat",179,NA,"Normal",1
2025-05-01,"KK-ORI-KEC-SAC","Keripik Kentang","Makanan","Original","Kecil",1,"Sachet","60 g",6500,40,2200,"Pabrik B",5,"Mei",1.00212392649367,"Riwayat",179,NA,"Optimis",1.1
2025-05-01,"KK-ORI-KEC-SAC","Keripik Kentang","Makanan","Original","Kecil",1,"Sachet","60 g",6500,40,2200,"Pabrik B",5,"Mei",1.00212392649367,"Riwayat",179,NA,"Pesimis",0.9
2025-06-01,"KK-ORI-KEC-SAC","Keripik Kentang","Makanan","Original","Kecil",1,"Sachet","60 g",6500,40,2200,"Pabrik B",6,"Juni",1.14507341398098,"Riwayat",228,NA,"Normal",1
2025-06-01,"KK-ORI-KEC-SAC","Keripik Kentang","Makanan","Original","Kecil",1,"Sachet","60 g",6500,40,2200,"Pabrik B",6,"Juni",1.14507341398098,"Riwayat",228,NA,"Optimis",1.1
2025-06-01,"KK-ORI-KEC-SAC","Keripik Kentang","Makanan","Original","Kecil",1,"Sachet","60 g",6500,40,2200,"Pabrik B",6,"Juni",1.14507341398098,"Riwayat",228,NA,"Pesimis",0.9
2025-07-01,"KK-ORI-KEC-SAC","Keripik Kentang","Makanan","Original","Kecil",1,"Sachet","60 g",6500,40,2200,"Pabrik B",7,"Juli",1.04783451842275,"Riwayat",234,NA,"Normal",1
2025-07-01,"KK-ORI-KEC-SAC","Keripik Kentang","Makanan","Original","Kecil",1,"Sachet","60 g",6500,40,2200,"Pabrik B",7,"Juli",1.04783451842275,"Riwayat",234,NA,"Optimis",1.1
2025-07-01,"KK-ORI-KEC-SAC","Keripik Kentang","Makanan","Original","Kecil",1,"Sachet","60 g",6500,40,2200,"Pabrik B",7,"Juli",1.04783451842275,"Riwayat",234,NA,"Pesimis",0.9
2025-08-01,"KK-ORI-KEC-SAC","Keripik Kentang","Makanan","Original","Kecil",1,"Sachet","60 g",6500,40,2200,"Pabrik B",8,"Agustus",0.986702373256995,"Riwayat",214,NA,"Normal",1
2025-08-01,"KK-ORI-KEC-SAC","Keripik Kentang","Makanan","Original","Kecil",1,"Sachet","60 g",6500,40,2200,"Pabrik B",8,"Agustus",0.986702373256995,"Riwayat",214,NA,"Optimis",1.1
2025-08-01,"KK-ORI-KEC-SAC","Keripik Kentang","Makanan","Original","Kecil",1,"Sachet","60 g",6500,40,2200,"Pabrik B",8,"Agustus",0.986702373256995,"Riwayat",214,NA,"Pesimis",0.9
2025-09-01,"KK-ORI-KEC-SAC","Keripik Kentang","Makanan","Original","Kecil",1,"Sachet","60 g",6500,40,2200,"Pabrik B",9,"September",0.997876073506326,"Riwayat",196,NA,"Normal",1
2025-09-01,"KK-ORI-KEC-SAC","Keripik Kentang","Makanan","Original","Kecil",1,"Sachet","60 g",6500,40,2200,"Pabrik B",9,"September",0.997876073506326,"Riwayat",196,NA,"Optimis",1.1
2025-09-01,"KK-ORI-KEC-SAC","Keripik Kentang","Makanan","Original","Kecil",1,"Sachet","60 g",6500,40,2200,"Pabrik B",9,"September",0.997876073506326,"Riwayat",196,NA,"Pesimis",0.9
2025-10-01,"KK-ORI-KEC-SAC","Keripik Kentang","Makanan","Original","Kecil",1,"Sachet","60 g",6500,40,2200,"Pabrik B",10,"Oktober",1.10573460153292,"Riwayat",253,NA,"Normal",1
2025-10-01,"KK-ORI-KEC-SAC","Keripik Kentang","Makanan","Original","Kecil",1,"Sachet","60 g",6500,40,2200,"Pabrik B",10,"Oktober",1.10573460153292,"Riwayat",253,NA,"Optimis",1.1
2025-10-01,"KK-ORI-KEC-SAC","Keripik Kentang","Makanan","Original","Kecil",1,"Sachet","60 g",6500,40,2200,"Pabrik B",10,"Oktober",1.10573460153292,"Riwayat",253,NA,"Pesimis",0.9
2025-11-01,"KK-ORI-KEC-SAC","Keripik Kentang","Makanan","Original","Kecil",1,"Sachet","60 g",6500,40,2200,"Pabrik B",11,"November",1.29356357927787,"Riwayat",268,NA,"Normal",1
2025-11-01,"KK-ORI-KEC-SAC","Keripik Kentang","Makanan","Original","Kecil",1,"Sachet","60 g",6500,40,2200,"Pabrik B",11,"November",1.29356357927787,"Riwayat",268,NA,"Optimis",1.1
2025-11-01,"KK-ORI-KEC-SAC","Keripik Kentang","Makanan","Original","Kecil",1,"Sachet","60 g",6500,40,2200,"Pabrik B",11,"November",1.29356357927787,"Riwayat",268,NA,"Pesimis",0.9
2025-12-01,"KK-ORI-KEC-SAC","Keripik Kentang","Makanan","Original","Kecil",1,"Sachet","60 g",6500,40,2200,"Pabrik B",12,"Desember",1.40991781327916,"Riwayat",241,NA,"Normal",1
2025-12-01,"KK-ORI-KEC-SAC","Keripik Kentang","Makanan","Original","Kecil",1,"Sachet","60 g",6500,40,2200,"Pabrik B",12,"Desember",1.40991781327916,"Riwayat",241,NA,"Optimis",1.1
2025-12-01,"KK-ORI-KEC-SAC","Keripik Kentang","Makanan","Original","Kecil",1,"Sachet","60 g",6500,40,2200,"Pabrik B",12,"Desember",1.40991781327916,"Riwayat",241,NA,"Pesimis",0.9
2026-01-01,"KK-ORI-KEC-SAC","Keripik Kentang","Makanan","Original","Kecil",1,"Sachet","60 g",6500,40,2200,"Pabrik B",1,"Januari",0.760458029365592,"Plan",NA,192.395881429495,"Normal",1
2026-01-01,"KK-ORI-KEC-SAC","Keripik Kentang","Makanan","Original","Kecil",1,"Sachet","60 g",6500,40,2200,"Pabrik B",1,"Januari",0.760458029365592,"Plan",NA,211.635469572444,"Optimis",1.1
2026-01-01,"KK-ORI-KEC-SAC","Keripik Kentang","Makanan","Original","Kecil",1,"Sachet","60 g",6500,40,2200,"Pabrik B",1,"Januari",0.760458029365592,"Plan",NA,173.156293286545,"Pesimis",0.9
2026-02-01,"KK-ORI-KEC-SAC","Keripik Kentang","Makanan","Original","Kecil",1,"Sachet","60 g",6500,40,2200,"Pabrik B",2,"Februari",0.788253763043679,"Plan",NA,199.428202050051,"Normal",1
2026-02-01,"KK-ORI-KEC-SAC","Keripik Kentang","Makanan","Original","Kecil",1,"Sachet","60 g",6500,40,2200,"Pabrik B",2,"Februari",0.788253763043679,"Plan",NA,219.371022255056,"Optimis",1.1
2026-02-01,"KK-ORI-KEC-SAC","Keripik Kentang","Makanan","Original","Kecil",1,"Sachet","60 g",6500,40,2200,"Pabrik B",2,"Februari",0.788253763043679,"Plan",NA,179.485381845046,"Pesimis",0.9
2026-03-01,"KK-ORI-KEC-SAC","Keripik Kentang","Makanan","Original","Kecil",1,"Sachet","60 g",6500,40,2200,"Pabrik B",3,"Maret",0.901006556468741,"Plan",NA,227.954658786592,"Normal",1
2026-03-01,"KK-ORI-KEC-SAC","Keripik Kentang","Makanan","Original","Kecil",1,"Sachet","60 g",6500,40,2200,"Pabrik B",3,"Maret",0.901006556468741,"Plan",NA,250.750124665251,"Optimis",1.1
2026-03-01,"KK-ORI-KEC-SAC","Keripik Kentang","Makanan","Original","Kecil",1,"Sachet","60 g",6500,40,2200,"Pabrik B",3,"Maret",0.901006556468741,"Plan",NA,205.159192907932,"Pesimis",0.9
2026-04-01,"KK-ORI-KEC-SAC","Keripik Kentang","Makanan","Original","Kecil",1,"Sachet","60 g",6500,40,2200,"Pabrik B",4,"April",0.93194200757226,"Plan",NA,235.781327915782,"Normal",1
2026-04-01,"KK-ORI-KEC-SAC","Keripik Kentang","Makanan","Original","Kecil",1,"Sachet","60 g",6500,40,2200,"Pabrik B",4,"April",0.93194200757226,"Plan",NA,259.35946070736,"Optimis",1.1
2026-04-01,"KK-ORI-KEC-SAC","Keripik Kentang","Makanan","Original","Kecil",1,"Sachet","60 g",6500,40,2200,"Pabrik B",4,"April",0.93194200757226,"Plan",NA,212.203195124204,"Pesimis",0.9
2026-05-01,"KK-ORI-KEC-SAC","Keripik Kentang","Makanan","Original","Kecil",1,"Sachet","60 g",6500,40,2200,"Pabrik B",5,"Mei",1.00212392649367,"Plan",NA,253.5373534029,"Normal",1
2026-05-01,"KK-ORI-KEC-SAC","Keripik Kentang","Makanan","Original","Kecil",1,"Sachet","60 g",6500,40,2200,"Pabrik B",5,"Mei",1.00212392649367,"Plan",NA,278.89108874319,"Optimis",1.1
2026-05-01,"KK-ORI-KEC-SAC","Keripik Kentang","Makanan","Original","Kecil",1,"Sachet","60 g",6500,40,2200,"Pabrik B",5,"Mei",1.00212392649367,"Plan",NA,228.18361806261,"Pesimis",0.9
2026-06-01,"KK-ORI-KEC-SAC","Keripik Kentang","Makanan","Original","Kecil",1,"Sachet","60 g",6500,40,2200,"Pabrik B",6,"Juni",1.14507341398098,"Plan",NA,289.703573737187,"Normal",1
2026-06-01,"KK-ORI-KEC-SAC","Keripik Kentang","Makanan","Original","Kecil",1,"Sachet","60 g",6500,40,2200,"Pabrik B",6,"Juni",1.14507341398098,"Plan",NA,318.673931110906,"Optimis",1.1
2026-06-01,"KK-ORI-KEC-SAC","Keripik Kentang","Makanan","Original","Kecil",1,"Sachet","60 g",6500,40,2200,"Pabrik B",6,"Juni",1.14507341398098,"Plan",NA,260.733216363469,"Pesimis",0.9
2023-01-01,"KK-ORI-SED-POU","Keripik Kentang","Makanan","Original","Sedang",2,"Pouch","120 g",15000,24,2200,"Pabrik A",1,"Januari",0.760458029365592,"Riwayat",158,NA,"Normal",1
2023-01-01,"KK-ORI-SED-POU","Keripik Kentang","Makanan","Original","Sedang",2,"Pouch","120 g",15000,24,2200,"Pabrik A",1,"Januari",0.760458029365592,"Riwayat",158,NA,"Optimis",1.1
2023-01-01,"KK-ORI-SED-POU","Keripik Kentang","Makanan","Original","Sedang",2,"Pouch","120 g",15000,24,2200,"Pabrik A",1,"Januari",0.760458029365592,"Riwayat",158,NA,"Pesimis",0.9
2023-02-01,"KK-ORI-SED-POU","Keripik Kentang","Makanan","Original","Sedang",2,"Pouch","120 g",15000,24,2200,"Pabrik A",2,"Februari",0.788253763043679,"Riwayat",159,NA,"Normal",1
2023-02-01,"KK-ORI-SED-POU","Keripik Kentang","Makanan","Original","Sedang",2,"Pouch","120 g",15000,24,2200,"Pabrik A",2,"Februari",0.788253763043679,"Riwayat",159,NA,"Optimis",1.1
2023-02-01,"KK-ORI-SED-POU","Keripik Kentang","Makanan","Original","Sedang",2,"Pouch","120 g",15000,24,2200,"Pabrik A",2,"Februari",0.788253763043679,"Riwayat",159,NA,"Pesimis",0.9
2023-03-01,"KK-ORI-SED-POU","Keripik Kentang","Makanan","Original","Sedang",2,"Pouch","120 g",15000,24,2200,"Pabrik A",3,"Maret",0.901006556468741,"Riwayat",170,NA,"Normal",1
2023-03-01,"KK-ORI-SED-POU","Keripik Kentang","Makanan","Original","Sedang",2,"Pouch","120 g",15000,24,2200,"Pabrik A",3,"Maret",0.901006556468741,"Riwayat",170,NA,"Optimis",1.1
2023-03-01,"KK-ORI-SED-POU","Keripik Kentang","Makanan","Original","Sedang",2,"Pouch","120 g",15000,24,2200,"Pabrik A",3,"Maret",0.901006556468741,"Riwayat",170,NA,"Pesimis",0.9
2023-04-01,"KK-ORI-SED-POU","Keripik Kentang","Makanan","Original","Sedang",2,"Pouch","120 g",15000,24,2200,"Pabrik A",4,"April",0.93194200757226,"Riwayat",177,NA,"Normal",1
2023-04-01,"KK-ORI-SED-POU","Keripik Kentang","Makanan","Original","Sedang",2,"Pouch","120 g",15000,24,2200,"Pabrik A",4,"April",0.93194200757226,"Riwayat",177,NA,"Optimis",1.1
2023-04-01,"KK-ORI-SED-POU","Keripik Kentang","Makanan","Original","Sedang",2,"Pouch","120 g",15000,24,2200,"Pabrik A",4,"April",0.93194200757226,"Riwayat",177,NA,"Pesimis",0.9
2023-05-01,"KK-ORI-SED-POU","Keripik Kentang","Makanan","Original","Sedang",2,"Pouch","120 g",15000,24,2200,"Pabrik A",5,"Mei",1.00212392649367,"Riwayat",176,NA,"Normal",1
2023-05-01,"KK-ORI-SED-POU","Keripik Kentang","Makanan","Original","Sedang",2,"Pouch","120 g",15000,24,2200,"Pabrik A",5,"Mei",1.00212392649367,"Riwayat",176,NA,"Optimis",1.1
2023-05-01,"KK-ORI-SED-POU","Keripik Kentang","Makanan","Original","Sedang",2,"Pouch","120 g",15000,24,2200,"Pabrik A",5,"Mei",1.00212392649367,"Riwayat",176,NA,"Pesimis",0.9
2023-06-01,"KK-ORI-SED-POU","Keripik Kentang","Makanan","Original","Sedang",2,"Pouch","120 g",15000,24,2200,"Pabrik A",6,"Juni",1.14507341398098,"Riwayat",225,NA,"Normal",1
2023-06-01,"KK-ORI-SED-POU","Keripik Kentang","Makanan","Original","Sedang",2,"Pouch","120 g",15000,24,2200,"Pabrik A",6,"Juni",1.14507341398098,"Riwayat",225,NA,"Optimis",1.1
2023-06-01,"KK-ORI-SED-POU","Keripik Kentang","Makanan","Original","Sedang",2,"Pouch","120 g",15000,24,2200,"Pabrik A",6,"Juni",1.14507341398098,"Riwayat",225,NA,"Pesimis",0.9
2023-07-01,"KK-ORI-SED-POU","Keripik Kentang","Makanan","Original","Sedang",2,"Pouch","120 g",15000,24,2200,"Pabrik A",7,"Juli",1.04783451842275,"Riwayat",210,NA,"Normal",1
2023-07-01,"KK-ORI-SED-POU","Keripik Kentang","Makanan","Original","Sedang",2,"Pouch","120 g",15000,24,2200,"Pabrik A",7,"Juli",1.04783451842275,"Riwayat",210,NA,"Optimis",1.1
2023-07-01,"KK-ORI-SED-POU","Keripik Kentang","Makanan","Original","Sedang",2,"Pouch","120 g",15000,24,2200,"Pabrik A",7,"Juli",1.04783451842275,"Riwayat",210,NA,"Pesimis",0.9
2023-08-01,"KK-ORI-SED-POU","Keripik Kentang","Makanan","Original","Sedang",2,"Pouch","120 g",15000,24,2200,"Pabrik A",8,"Agustus",0.986702373256995,"Riwayat",194,NA,"Normal",1
2023-08-01,"KK-ORI-SED-POU","Keripik Kentang","Makanan","Original","Sedang",2,"Pouch","120 g",15000,24,2200,"Pabrik A",8,"Agustus",0.986702373256995,"Riwayat",194,NA,"Optimis",1.1
2023-08-01,"KK-ORI-SED-POU","Keripik Kentang","Makanan","Original","Sedang",2,"Pouch","120 g",15000,24,2200,"Pabrik A",8,"Agustus",0.986702373256995,"Riwayat",194,NA,"Pesimis",0.9
2023-09-01,"KK-ORI-SED-POU","Keripik Kentang","Makanan","Original","Sedang",2,"Pouch","120 g",15000,24,2200,"Pabrik A",9,"September",0.997876073506326,"Riwayat",199,NA,"Normal",1
2023-09-01,"KK-ORI-SED-POU","Keripik Kentang","Makanan","Original","Sedang",2,"Pouch","120 g",15000,24,2200,"Pabrik A",9,"September",0.997876073506326,"Riwayat",199,NA,"Optimis",1.1
2023-09-01,"KK-ORI-SED-POU","Keripik Kentang","Makanan","Original","Sedang",2,"Pouch","120 g",15000,24,2200,"Pabrik A",9,"September",0.997876073506326,"Riwayat",199,NA,"Pesimis",0.9
2023-10-01,"KK-ORI-SED-POU","Keripik Kentang","Makanan","Original","Sedang",2,"Pouch","120 g",15000,24,2200,"Pabrik A",10,"Oktober",1.10573460153292,"Riwayat",227,NA,"Normal",1
2023-10-01,"KK-ORI-SED-POU","Keripik Kentang","Makanan","Original","Sedang",2,"Pouch","120 g",15000,24,2200,"Pabrik A",10,"Oktober",1.10573460153292,"Riwayat",227,NA,"Optimis",1.1
2023-10-01,"KK-ORI-SED-POU","Keripik Kentang","Makanan","Original","Sedang",2,"Pouch","120 g",15000,24,2200,"Pabrik A",10,"Oktober",1.10573460153292,"Riwayat",227,NA,"Pesimis",0.9
2023-11-01,"KK-ORI-SED-POU","Keripik Kentang","Makanan","Original","Sedang",2,"Pouch","120 g",15000,24,2200,"Pabrik A",11,"November",1.29356357927787,"Riwayat",256,NA,"Normal",1
2023-11-01,"KK-ORI-SED-POU","Keripik Kentang","Makanan","Original","Sedang",2,"Pouch","120 g",15000,24,2200,"Pabrik A",11,"November",1.29356357927787,"Riwayat",256,NA,"Optimis",1.1
2023-11-01,"KK-ORI-SED-POU","Keripik Kentang","Makanan","Original","Sedang",2,"Pouch","120 g",15000,24,2200,"Pabrik A",11,"November",1.29356357927787,"Riwayat",256,NA,"Pesimis",0.9
2023-12-01,"KK-ORI-SED-POU","Keripik Kentang","Makanan","Original","Sedang",2,"Pouch","120 g",15000,24,2200,"Pabrik A",12,"Desember",1.40991781327916,"Riwayat",435,NA,"Normal",1
2023-12-01,"KK-ORI-SED-POU","Keripik Kentang","Makanan","Original","Sedang",2,"Pouch","120 g",15000,24,2200,"Pabrik A",12,"Desember",1.40991781327916,"Riwayat",435,NA,"Optimis",1.1
2023-12-01,"KK-ORI-SED-POU","Keripik Kentang","Makanan","Original","Sedang",2,"Pouch","120 g",15000,24,2200,"Pabrik A",12,"Desember",1.40991781327916,"Riwayat",435,NA,"Pesimis",0.9
2024-01-01,"KK-ORI-SED-POU","Keripik Kentang","Makanan","Original","Sedang",2,"Pouch","120 g",15000,24,2200,"Pabrik A",1,"Januari",0.760458029365592,"Riwayat",155,NA,"Normal",1
2024-01-01,"KK-ORI-SED-POU","Keripik Kentang","Makanan","Original","Sedang",2,"Pouch","120 g",15000,24,2200,"Pabrik A",1,"Januari",0.760458029365592,"Riwayat",155,NA,"Optimis",1.1
2024-01-01,"KK-ORI-SED-POU","Keripik Kentang","Makanan","Original","Sedang",2,"Pouch","120 g",15000,24,2200,"Pabrik A",1,"Januari",0.760458029365592,"Riwayat",155,NA,"Pesimis",0.9
2024-02-01,"KK-ORI-SED-POU","Keripik Kentang","Makanan","Original","Sedang",2,"Pouch","120 g",15000,24,2200,"Pabrik A",2,"Februari",0.788253763043679,"Riwayat",154,NA,"Normal",1
2024-02-01,"KK-ORI-SED-POU","Keripik Kentang","Makanan","Original","Sedang",2,"Pouch","120 g",15000,24,2200,"Pabrik A",2,"Februari",0.788253763043679,"Riwayat",154,NA,"Optimis",1.1
2024-02-01,"KK-ORI-SED-POU","Keripik Kentang","Makanan","Original","Sedang",2,"Pouch","120 g",15000,24,2200,"Pabrik A",2,"Februari",0.788253763043679,"Riwayat",154,NA,"Pesimis",0.9
2024-03-01,"KK-ORI-SED-POU","Keripik Kentang","Makanan","Original","Sedang",2,"Pouch","120 g",15000,24,2200,"Pabrik A",3,"Maret",0.901006556468741,"Riwayat",183,NA,"Normal",1
2024-03-01,"KK-ORI-SED-POU","Keripik Kentang","Makanan","Original","Sedang",2,"Pouch","120 g",15000,24,2200,"Pabrik A",3,"Maret",0.901006556468741,"Riwayat",183,NA,"Optimis",1.1
2024-03-01,"KK-ORI-SED-POU","Keripik Kentang","Makanan","Original","Sedang",2,"Pouch","120 g",15000,24,2200,"Pabrik A",3,"Maret",0.901006556468741,"Riwayat",183,NA,"Pesimis",0.9
2024-04-01,"KK-ORI-SED-POU","Keripik Kentang","Makanan","Original","Sedang",2,"Pouch","120 g",15000,24,2200,"Pabrik A",4,"April",0.93194200757226,"Riwayat",212,NA,"Normal",1
2024-04-01,"KK-ORI-SED-POU","Keripik Kentang","Makanan","Original","Sedang",2,"Pouch","120 g",15000,24,2200,"Pabrik A",4,"April",0.93194200757226,"Riwayat",212,NA,"Optimis",1.1
2024-04-01,"KK-ORI-SED-POU","Keripik Kentang","Makanan","Original","Sedang",2,"Pouch","120 g",15000,24,2200,"Pabrik A",4,"April",0.93194200757226,"Riwayat",212,NA,"Pesimis",0.9
2024-05-01,"KK-ORI-SED-POU","Keripik Kentang","Makanan","Original","Sedang",2,"Pouch","120 g",15000,24,2200,"Pabrik A",5,"Mei",1.00212392649367,"Riwayat",204,NA,"Normal",1
2024-05-01,"KK-ORI-SED-POU","Keripik Kentang","Makanan","Original","Sedang",2,"Pouch","120 g",15000,24,2200,"Pabrik A",5,"Mei",1.00212392649367,"Riwayat",204,NA,"Optimis",1.1
2024-05-01,"KK-ORI-SED-POU","Keripik Kentang","Makanan","Original","Sedang",2,"Pouch","120 g",15000,24,2200,"Pabrik A",5,"Mei",1.00212392649367,"Riwayat",204,NA,"Pesimis",0.9
2024-06-01,"KK-ORI-SED-POU","Keripik Kentang","Makanan","Original","Sedang",2,"Pouch","120 g",15000,24,2200,"Pabrik A",6,"Juni",1.14507341398098,"Riwayat",149,NA,"Normal",1
2024-06-01,"KK-ORI-SED-POU","Keripik Kentang","Makanan","Original","Sedang",2,"Pouch","120 g",15000,24,2200,"Pabrik A",6,"Juni",1.14507341398098,"Riwayat",149,NA,"Optimis",1.1
2024-06-01,"KK-ORI-SED-POU","Keripik Kentang","Makanan","Original","Sedang",2,"Pouch","120 g",15000,24,2200,"Pabrik A",6,"Juni",1.14507341398098,"Riwayat",149,NA,"Pesimis",0.9
2024-07-01,"KK-ORI-SED-POU","Keripik Kentang","Makanan","Original","Sedang",2,"Pouch","120 g",15000,24,2200,"Pabrik A",7,"Juli",1.04783451842275,"Riwayat",225,NA,"Normal",1
2024-07-01,"KK-ORI-SED-POU","Keripik Kentang","Makanan","Original","Sedang",2,"Pouch","120 g",15000,24,2200,"Pabrik A",7,"Juli",1.04783451842275,"Riwayat",225,NA,"Optimis",1.1
2024-07-01,"KK-ORI-SED-POU","Keripik Kentang","Makanan","Original","Sedang",2,"Pouch","120 g",15000,24,2200,"Pabrik A",7,"Juli",1.04783451842275,"Riwayat",225,NA,"Pesimis",0.9
2024-08-01,"KK-ORI-SED-POU","Keripik Kentang","Makanan","Original","Sedang",2,"Pouch","120 g",15000,24,2200,"Pabrik A",8,"Agustus",0.986702373256995,"Riwayat",191,NA,"Normal",1
2024-08-01,"KK-ORI-SED-POU","Keripik Kentang","Makanan","Original","Sedang",2,"Pouch","120 g",15000,24,2200,"Pabrik A",8,"Agustus",0.986702373256995,"Riwayat",191,NA,"Optimis",1.1
2024-08-01,"KK-ORI-SED-POU","Keripik Kentang","Makanan","Original","Sedang",2,"Pouch","120 g",15000,24,2200,"Pabrik A",8,"Agustus",0.986702373256995,"Riwayat",191,NA,"Pesimis",0.9
2024-09-01,"KK-ORI-SED-POU","Keripik Kentang","Makanan","Original","Sedang",2,"Pouch","120 g",15000,24,2200,"Pabrik A",9,"September",0.997876073506326,"Riwayat",242,NA,"Normal",1
2024-09-01,"KK-ORI-SED-POU","Keripik Kentang","Makanan","Original","Sedang",2,"Pouch","120 g",15000,24,2200,"Pabrik A",9,"September",0.997876073506326,"Riwayat",242,NA,"Optimis",1.1
2024-09-01,"KK-ORI-SED-POU","Keripik Kentang","Makanan","Original","Sedang",2,"Pouch","120 g",15000,24,2200,"Pabrik A",9,"September",0.997876073506326,"Riwayat",242,NA,"Pesimis",0.9
2024-10-01,"KK-ORI-SED-POU","Keripik Kentang","Makanan","Original","Sedang",2,"Pouch","120 g",15000,24,2200,"Pabrik A",10,"Oktober",1.10573460153292,"Riwayat",231,NA,"Normal",1
2024-10-01,"KK-ORI-SED-POU","Keripik Kentang","Makanan","Original","Sedang",2,"Pouch","120 g",15000,24,2200,"Pabrik A",10,"Oktober",1.10573460153292,"Riwayat",231,NA,"Optimis",1.1
2024-10-01,"KK-ORI-SED-POU","Keripik Kentang","Makanan","Original","Sedang",2,"Pouch","120 g",15000,24,2200,"Pabrik A",10,"Oktober",1.10573460153292,"Riwayat",231,NA,"Pesimis",0.9
2024-11-01,"KK-ORI-SED-POU","Keripik Kentang","Makanan","Original","Sedang",2,"Pouch","120 g",15000,24,2200,"Pabrik A",11,"November",1.29356357927787,"Riwayat",265,NA,"Normal",1
2024-11-01,"KK-ORI-SED-POU","Keripik Kentang","Makanan","Original","Sedang",2,"Pouch","120 g",15000,24,2200,"Pabrik A",11,"November",1.29356357927787,"Riwayat",265,NA,"Optimis",1.1
2024-11-01,"KK-ORI-SED-POU","Keripik Kentang","Makanan","Original","Sedang",2,"Pouch","120 g",15000,24,2200,"Pabrik A",11,"November",1.29356357927787,"Riwayat",265,NA,"Pesimis",0.9
2024-12-01,"KK-ORI-SED-POU","Keripik Kentang","Makanan","Original","Sedang",2,"Pouch","120 g",15000,24,2200,"Pabrik A",12,"Desember",1.40991781327916,"Riwayat",276,NA,"Normal",1
2024-12-01,"KK-ORI-SED-POU","Keripik Kentang","Makanan","Original","Sedang",2,"Pouch","120 g",15000,24,2200,"Pabrik A",12,"Desember",1.40991781327916,"Riwayat",276,NA,"Optimis",1.1
2024-12-01,"KK-ORI-SED-POU","Keripik Kentang","Makanan","Original","Sedang",2,"Pouch","120 g",15000,24,2200,"Pabrik A",12,"Desember",1.40991781327916,"Riwayat",276,NA,"Pesimis",0.9
2025-01-01,"KK-ORI-SED-POU","Keripik Kentang","Makanan","Original","Sedang",2,"Pouch","120 g",15000,24,2200,"Pabrik A",1,"Januari",0.760458029365592,"Riwayat",175,NA,"Normal",1
2025-01-01,"KK-ORI-SED-POU","Keripik Kentang","Makanan","Original","Sedang",2,"Pouch","120 g",15000,24,2200,"Pabrik A",1,"Januari",0.760458029365592,"Riwayat",175,NA,"Optimis",1.1
2025-01-01,"KK-ORI-SED-POU","Keripik Kentang","Makanan","Original","Sedang",2,"Pouch","120 g",15000,24,2200,"Pabrik A",1,"Januari",0.760458029365592,"Riwayat",175,NA,"Pesimis",0.9
2025-02-01,"KK-ORI-SED-POU","Keripik Kentang","Makanan","Original","Sedang",2,"Pouch","120 g",15000,24,2200,"Pabrik A",2,"Februari",0.788253763043679,"Riwayat",83,NA,"Normal",1
2025-02-01,"KK-ORI-SED-POU","Keripik Kentang","Makanan","Original","Sedang",2,"Pouch","120 g",15000,24,2200,"Pabrik A",2,"Februari",0.788253763043679,"Riwayat",83,NA,"Optimis",1.1
2025-02-01,"KK-ORI-SED-POU","Keripik Kentang","Makanan","Original","Sedang",2,"Pouch","120 g",15000,24,2200,"Pabrik A",2,"Februari",0.788253763043679,"Riwayat",83,NA,"Pesimis",0.9
2025-03-01,"KK-ORI-SED-POU","Keripik Kentang","Makanan","Original","Sedang",2,"Pouch","120 g",15000,24,2200,"Pabrik A",3,"Maret",0.901006556468741,"Riwayat",215,NA,"Normal",1
2025-03-01,"KK-ORI-SED-POU","Keripik Kentang","Makanan","Original","Sedang",2,"Pouch","120 g",15000,24,2200,"Pabrik A",3,"Maret",0.901006556468741,"Riwayat",215,NA,"Optimis",1.1
2025-03-01,"KK-ORI-SED-POU","Keripik Kentang","Makanan","Original","Sedang",2,"Pouch","120 g",15000,24,2200,"Pabrik A",3,"Maret",0.901006556468741,"Riwayat",215,NA,"Pesimis",0.9
2025-04-01,"KK-ORI-SED-POU","Keripik Kentang","Makanan","Original","Sedang",2,"Pouch","120 g",15000,24,2200,"Pabrik A",4,"April",0.93194200757226,"Riwayat",206,NA,"Normal",1
2025-04-01,"KK-ORI-SED-POU","Keripik Kentang","Makanan","Original","Sedang",2,"Pouch","120 g",15000,24,2200,"Pabrik A",4,"April",0.93194200757226,"Riwayat",206,NA,"Optimis",1.1
2025-04-01,"KK-ORI-SED-POU","Keripik Kentang","Makanan","Original","Sedang",2,"Pouch","120 g",15000,24,2200,"Pabrik A",4,"April",0.93194200757226,"Riwayat",206,NA,"Pesimis",0.9
2025-05-01,"KK-ORI-SED-POU","Keripik Kentang","Makanan","Original","Sedang",2,"Pouch","120 g",15000,24,2200,"Pabrik A",5,"Mei",1.00212392649367,"Riwayat",213,NA,"Normal",1
2025-05-01,"KK-ORI-SED-POU","Keripik Kentang","Makanan","Original","Sedang",2,"Pouch","120 g",15000,24,2200,"Pabrik A",5,"Mei",1.00212392649367,"Riwayat",213,NA,"Optimis",1.1
2025-05-01,"KK-ORI-SED-POU","Keripik Kentang","Makanan","Original","Sedang",2,"Pouch","120 g",15000,24,2200,"Pabrik A",5,"Mei",1.00212392649367,"Riwayat",213,NA,"Pesimis",0.9
2025-06-01,"KK-ORI-SED-POU","Keripik Kentang","Makanan","Original","Sedang",2,"Pouch","120 g",15000,24,2200,"Pabrik A",6,"Juni",1.14507341398098,"Riwayat",258,NA,"Normal",1
2025-06-01,"KK-ORI-SED-POU","Keripik Kentang","Makanan","Original","Sedang",2,"Pouch","120 g",15000,24,2200,"Pabrik A",6,"Juni",1.14507341398098,"Riwayat",258,NA,"Optimis",1.1
2025-06-01,"KK-ORI-SED-POU","Keripik Kentang","Makanan","Original","Sedang",2,"Pouch","120 g",15000,24,2200,"Pabrik A",6,"Juni",1.14507341398098,"Riwayat",258,NA,"Pesimis",0.9
2025-07-01,"KK-ORI-SED-POU","Keripik Kentang","Makanan","Original","Sedang",2,"Pouch","120 g",15000,24,2200,"Pabrik A",7,"Juli",1.04783451842275,"Riwayat",229,NA,"Normal",1
2025-07-01,"KK-ORI-SED-POU","Keripik Kentang","Makanan","Original","Sedang",2,"Pouch","120 g",15000,24,2200,"Pabrik A",7,"Juli",1.04783451842275,"Riwayat",229,NA,"Optimis",1.1
2025-07-01,"KK-ORI-SED-POU","Keripik Kentang","Makanan","Original","Sedang",2,"Pouch","120 g",15000,24,2200,"Pabrik A",7,"Juli",1.04783451842275,"Riwayat",229,NA,"Pesimis",0.9
2025-08-01,"KK-ORI-SED-POU","Keripik Kentang","Makanan","Original","Sedang",2,"Pouch","120 g",15000,24,2200,"Pabrik A",8,"Agustus",0.986702373256995,"Riwayat",221,NA,"Normal",1
2025-08-01,"KK-ORI-SED-POU","Keripik Kentang","Makanan","Original","Sedang",2,"Pouch","120 g",15000,24,2200,"Pabrik A",8,"Agustus",0.986702373256995,"Riwayat",221,NA,"Optimis",1.1
2025-08-01,"KK-ORI-SED-POU","Keripik Kentang","Makanan","Original","Sedang",2,"Pouch","120 g",15000,24,2200,"Pabrik A",8,"Agustus",0.986702373256995,"Riwayat",221,NA,"Pesimis",0.9
2025-09-01,"KK-ORI-SED-POU","Keripik Kentang","Makanan","Original","Sedang",2,"Pouch","120 g",15000,24,2200,"Pabrik A",9,"September",0.997876073506326,"Riwayat",265,NA,"Normal",1
2025-09-01,"KK-ORI-SED-POU","Keripik Kentang","Makanan","Original","Sedang",2,"Pouch","120 g",15000,24,2200,"Pabrik A",9,"September",0.997876073506326,"Riwayat",265,NA,"Optimis",1.1
2025-09-01,"KK-ORI-SED-POU","Keripik Kentang","Makanan","Original","Sedang",2,"Pouch","120 g",15000,24,2200,"Pabrik A",9,"September",0.997876073506326,"Riwayat",265,NA,"Pesimis",0.9
2025-10-01,"KK-ORI-SED-POU","Keripik Kentang","Makanan","Original","Sedang",2,"Pouch","120 g",15000,24,2200,"Pabrik A",10,"Oktober",1.10573460153292,"Riwayat",418,NA,"Normal",1
2025-10-01,"KK-ORI-SED-POU","Keripik Kentang","Makanan","Original","Sedang",2,"Pouch","120 g",15000,24,2200,"Pabrik A",10,"Oktober",1.10573460153292,"Riwayat",418,NA,"Optimis",1.1
2025-10-01,"KK-ORI-SED-POU","Keripik Kentang","Makanan","Original","Sedang",2,"Pouch","120 g",15000,24,2200,"Pabrik A",10,"Oktober",1.10573460153292,"Riwayat",418,NA,"Pesimis",0.9
2025-11-01,"KK-ORI-SED-POU","Keripik Kentang","Makanan","Original","Sedang",2,"Pouch","120 g",15000,24,2200,"Pabrik A",11,"November",1.29356357927787,"Riwayat",282,NA,"Normal",1
2025-11-01,"KK-ORI-SED-POU","Keripik Kentang","Makanan","Original","Sedang",2,"Pouch","120 g",15000,24,2200,"Pabrik A",11,"November",1.29356357927787,"Riwayat",282,NA,"Optimis",1.1
2025-11-01,"KK-ORI-SED-POU","Keripik Kentang","Makanan","Original","Sedang",2,"Pouch","120 g",15000,24,2200,"Pabrik A",11,"November",1.29356357927787,"Riwayat",282,NA,"Pesimis",0.9
2025-12-01,"KK-ORI-SED-POU","Keripik Kentang","Makanan","Original","Sedang",2,"Pouch","120 g",15000,24,2200,"Pabrik A",12,"Desember",1.40991781327916,"Riwayat",330,NA,"Normal",1
2025-12-01,"KK-ORI-SED-POU","Keripik Kentang","Makanan","Original","Sedang",2,"Pouch","120 g",15000,24,2200,"Pabrik A",12,"Desember",1.40991781327916,"Riwayat",330,NA,"Optimis",1.1
2025-12-01,"KK-ORI-SED-POU","Keripik Kentang","Makanan","Original","Sedang",2,"Pouch","120 g",15000,24,2200,"Pabrik A",12,"Desember",1.40991781327916,"Riwayat",330,NA,"Pesimis",0.9
2026-01-01,"KK-ORI-SED-POU","Keripik Kentang","Makanan","Original","Sedang",2,"Pouch","120 g",15000,24,2200,"Pabrik A",1,"Januari",0.760458029365592,"Plan",NA,250.951149690645,"Normal",1
2026-01-01,"KK-ORI-SED-POU","Keripik Kentang","Makanan","Original","Sedang",2,"Pouch","120 g",15000,24,2200,"Pabrik A",1,"Januari",0.760458029365592,"Plan",NA,276.04626465971,"Optimis",1.1
2026-01-01,"KK-ORI-SED-POU","Keripik Kentang","Makanan","Original","Sedang",2,"Pouch","120 g",15000,24,2200,"Pabrik A",1,"Januari",0.760458029365592,"Plan",NA,225.856034721581,"Pesimis",0.9
2026-02-01,"KK-ORI-SED-POU","Keripik Kentang","Makanan","Original","Sedang",2,"Pouch","120 g",15000,24,2200,"Pabrik A",2,"Februari",0.788253763043679,"Plan",NA,260.123741804414,"Normal",1
2026-02-01,"KK-ORI-SED-POU","Keripik Kentang","Makanan","Original","Sedang",2,"Pouch","120 g",15000,24,2200,"Pabrik A",2,"Februari",0.788253763043679,"Plan",NA,286.136115984856,"Optimis",1.1
2026-02-01,"KK-ORI-SED-POU","Keripik Kentang","Makanan","Original","Sedang",2,"Pouch","120 g",15000,24,2200,"Pabrik A",2,"Februari",0.788253763043679,"Plan",NA,234.111367623973,"Pesimis",0.9
2026-03-01,"KK-ORI-SED-POU","Keripik Kentang","Makanan","Original","Sedang",2,"Pouch","120 g",15000,24,2200,"Pabrik A",3,"Maret",0.901006556468741,"Plan",NA,297.332163634685,"Normal",1
2026-03-01,"KK-ORI-SED-POU","Keripik Kentang","Makanan","Original","Sedang",2,"Pouch","120 g",15000,24,2200,"Pabrik A",3,"Maret",0.901006556468741,"Plan",NA,327.065379998153,"Optimis",1.1
2026-03-01,"KK-ORI-SED-POU","Keripik Kentang","Makanan","Original","Sedang",2,"Pouch","120 g",15000,24,2200,"Pabrik A",3,"Maret",0.901006556468741,"Plan",NA,267.598947271216,"Pesimis",0.9
2026-04-01,"KK-ORI-SED-POU","Keripik Kentang","Makanan","Original","Sedang",2,"Pouch","120 g",15000,24,2200,"Pabrik A",4,"April",0.93194200757226,"Plan",NA,307.540862498846,"Normal",1
2026-04-01,"KK-ORI-SED-POU","Keripik Kentang","Makanan","Original","Sedang",2,"Pouch","120 g",15000,24,2200,"Pabrik A",4,"April",0.93194200757226,"Plan",NA,338.29494874873,"Optimis",1.1
2026-04-01,"KK-ORI-SED-POU","Keripik Kentang","Makanan","Original","Sedang",2,"Pouch","120 g",15000,24,2200,"Pabrik A",4,"April",0.93194200757226,"Plan",NA,276.786776248961,"Pesimis",0.9
2026-05-01,"KK-ORI-SED-POU","Keripik Kentang","Makanan","Original","Sedang",2,"Pouch","120 g",15000,24,2200,"Pabrik A",5,"Mei",1.00212392649367,"Plan",NA,330.700895742913,"Normal",1
2026-05-01,"KK-ORI-SED-POU","Keripik Kentang","Makanan","Original","Sedang",2,"Pouch","120 g",15000,24,2200,"Pabrik A",5,"Mei",1.00212392649367,"Plan",NA,363.770985317204,"Optimis",1.1
2026-05-01,"KK-ORI-SED-POU","Keripik Kentang","Makanan","Original","Sedang",2,"Pouch","120 g",15000,24,2200,"Pabrik A",5,"Mei",1.00212392649367,"Plan",NA,297.630806168621,"Pesimis",0.9
2026-06-01,"KK-ORI-SED-POU","Keripik Kentang","Makanan","Original","Sedang",2,"Pouch","120 g",15000,24,2200,"Pabrik A",6,"Juni",1.14507341398098,"Plan",NA,377.874226613722,"Normal",1
2026-06-01,"KK-ORI-SED-POU","Keripik Kentang","Makanan","Original","Sedang",2,"Pouch","120 g",15000,24,2200,"Pabrik A",6,"Juni",1.14507341398098,"Plan",NA,415.661649275095,"Optimis",1.1
2026-06-01,"KK-ORI-SED-POU","Keripik Kentang","Makanan","Original","Sedang",2,"Pouch","120 g",15000,24,2200,"Pabrik A",6,"Juni",1.14507341398098,"Plan",NA,340.08680395235,"Pesimis",0.9
2023-01-01,"KK-ORI-SED-POU","Keripik Kentang","Makanan","Original","Sedang",2,"Pouch","120 g",15000,24,2200,"Pabrik B",1,"Januari",0.760458029365592,"Riwayat",57,NA,"Normal",1
2023-01-01,"KK-ORI-SED-POU","Keripik Kentang","Makanan","Original","Sedang",2,"Pouch","120 g",15000,24,2200,"Pabrik B",1,"Januari",0.760458029365592,"Riwayat",57,NA,"Optimis",1.1
2023-01-01,"KK-ORI-SED-POU","Keripik Kentang","Makanan","Original","Sedang",2,"Pouch","120 g",15000,24,2200,"Pabrik B",1,"Januari",0.760458029365592,"Riwayat",57,NA,"Pesimis",0.9
2023-02-01,"KK-ORI-SED-POU","Keripik Kentang","Makanan","Original","Sedang",2,"Pouch","120 g",15000,24,2200,"Pabrik B",2,"Februari",0.788253763043679,"Riwayat",104,NA,"Normal",1
2023-02-01,"KK-ORI-SED-POU","Keripik Kentang","Makanan","Original","Sedang",2,"Pouch","120 g",15000,24,2200,"Pabrik B",2,"Februari",0.788253763043679,"Riwayat",104,NA,"Optimis",1.1
2023-02-01,"KK-ORI-SED-POU","Keripik Kentang","Makanan","Original","Sedang",2,"Pouch","120 g",15000,24,2200,"Pabrik B",2,"Februari",0.788253763043679,"Riwayat",104,NA,"Pesimis",0.9
2023-03-01,"KK-ORI-SED-POU","Keripik Kentang","Makanan","Original","Sedang",2,"Pouch","120 g",15000,24,2200,"Pabrik B",3,"Maret",0.901006556468741,"Riwayat",97,NA,"Normal",1
2023-03-01,"KK-ORI-SED-POU","Keripik Kentang","Makanan","Original","Sedang",2,"Pouch","120 g",15000,24,2200,"Pabrik B",3,"Maret",0.901006556468741,"Riwayat",97,NA,"Optimis",1.1
2023-03-01,"KK-ORI-SED-POU","Keripik Kentang","Makanan","Original","Sedang",2,"Pouch","120 g",15000,24,2200,"Pabrik B",3,"Maret",0.901006556468741,"Riwayat",97,NA,"Pesimis",0.9
2023-04-01,"KK-ORI-SED-POU","Keripik Kentang","Makanan","Original","Sedang",2,"Pouch","120 g",15000,24,2200,"Pabrik B",4,"April",0.93194200757226,"Riwayat",118,NA,"Normal",1
2023-04-01,"KK-ORI-SED-POU","Keripik Kentang","Makanan","Original","Sedang",2,"Pouch","120 g",15000,24,2200,"Pabrik B",4,"April",0.93194200757226,"Riwayat",118,NA,"Optimis",1.1
2023-04-01,"KK-ORI-SED-POU","Keripik Kentang","Makanan","Original","Sedang",2,"Pouch","120 g",15000,24,2200,"Pabrik B",4,"April",0.93194200757226,"Riwayat",118,NA,"Pesimis",0.9
2023-05-01,"KK-ORI-SED-POU","Keripik Kentang","Makanan","Original","Sedang",2,"Pouch","120 g",15000,24,2200,"Pabrik B",5,"Mei",1.00212392649367,"Riwayat",132,NA,"Normal",1
2023-05-01,"KK-ORI-SED-POU","Keripik Kentang","Makanan","Original","Sedang",2,"Pouch","120 g",15000,24,2200,"Pabrik B",5,"Mei",1.00212392649367,"Riwayat",132,NA,"Optimis",1.1
2023-05-01,"KK-ORI-SED-POU","Keripik Kentang","Makanan","Original","Sedang",2,"Pouch","120 g",15000,24,2200,"Pabrik B",5,"Mei",1.00212392649367,"Riwayat",132,NA,"Pesimis",0.9
2023-06-01,"KK-ORI-SED-POU","Keripik Kentang","Makanan","Original","Sedang",2,"Pouch","120 g",15000,24,2200,"Pabrik B",6,"Juni",1.14507341398098,"Riwayat",155,NA,"Normal",1
2023-06-01,"KK-ORI-SED-POU","Keripik Kentang","Makanan","Original","Sedang",2,"Pouch","120 g",15000,24,2200,"Pabrik B",6,"Juni",1.14507341398098,"Riwayat",155,NA,"Optimis",1.1
2023-06-01,"KK-ORI-SED-POU","Keripik Kentang","Makanan","Original","Sedang",2,"Pouch","120 g",15000,24,2200,"Pabrik B",6,"Juni",1.14507341398098,"Riwayat",155,NA,"Pesimis",0.9
2023-07-01,"KK-ORI-SED-POU","Keripik Kentang","Makanan","Original","Sedang",2,"Pouch","120 g",15000,24,2200,"Pabrik B",7,"Juli",1.04783451842275,"Riwayat",142,NA,"Normal",1
2023-07-01,"KK-ORI-SED-POU","Keripik Kentang","Makanan","Original","Sedang",2,"Pouch","120 g",15000,24,2200,"Pabrik B",7,"Juli",1.04783451842275,"Riwayat",142,NA,"Optimis",1.1
2023-07-01,"KK-ORI-SED-POU","Keripik Kentang","Makanan","Original","Sedang",2,"Pouch","120 g",15000,24,2200,"Pabrik B",7,"Juli",1.04783451842275,"Riwayat",142,NA,"Pesimis",0.9
2023-08-01,"KK-ORI-SED-POU","Keripik Kentang","Makanan","Original","Sedang",2,"Pouch","120 g",15000,24,2200,"Pabrik B",8,"Agustus",0.986702373256995,"Riwayat",129,NA,"Normal",1
2023-08-01,"KK-ORI-SED-POU","Keripik Kentang","Makanan","Original","Sedang",2,"Pouch","120 g",15000,24,2200,"Pabrik B",8,"Agustus",0.986702373256995,"Riwayat",129,NA,"Optimis",1.1
2023-08-01,"KK-ORI-SED-POU","Keripik Kentang","Makanan","Original","Sedang",2,"Pouch","120 g",15000,24,2200,"Pabrik B",8,"Agustus",0.986702373256995,"Riwayat",129,NA,"Pesimis",0.9
2023-09-01,"KK-ORI-SED-POU","Keripik Kentang","Makanan","Original","Sedang",2,"Pouch","120 g",15000,24,2200,"Pabrik B",9,"September",0.997876073506326,"Riwayat",105,NA,"Normal",1
2023-09-01,"KK-ORI-SED-POU","Keripik Kentang","Makanan","Original","Sedang",2,"Pouch","120 g",15000,24,2200,"Pabrik B",9,"September",0.997876073506326,"Riwayat",105,NA,"Optimis",1.1
2023-09-01,"KK-ORI-SED-POU","Keripik Kentang","Makanan","Original","Sedang",2,"Pouch","120 g",15000,24,2200,"Pabrik B",9,"September",0.997876073506326,"Riwayat",105,NA,"Pesimis",0.9
2023-10-01,"KK-ORI-SED-POU","Keripik Kentang","Makanan","Original","Sedang",2,"Pouch","120 g",15000,24,2200,"Pabrik B",10,"Oktober",1.10573460153292,"Riwayat",139,NA,"Normal",1
2023-10-01,"KK-ORI-SED-POU","Keripik Kentang","Makanan","Original","Sedang",2,"Pouch","120 g",15000,24,2200,"Pabrik B",10,"Oktober",1.10573460153292,"Riwayat",139,NA,"Optimis",1.1
2023-10-01,"KK-ORI-SED-POU","Keripik Kentang","Makanan","Original","Sedang",2,"Pouch","120 g",15000,24,2200,"Pabrik B",10,"Oktober",1.10573460153292,"Riwayat",139,NA,"Pesimis",0.9
2023-11-01,"KK-ORI-SED-POU","Keripik Kentang","Makanan","Original","Sedang",2,"Pouch","120 g",15000,24,2200,"Pabrik B",11,"November",1.29356357927787,"Riwayat",161,NA,"Normal",1
2023-11-01,"KK-ORI-SED-POU","Keripik Kentang","Makanan","Original","Sedang",2,"Pouch","120 g",15000,24,2200,"Pabrik B",11,"November",1.29356357927787,"Riwayat",161,NA,"Optimis",1.1
2023-11-01,"KK-ORI-SED-POU","Keripik Kentang","Makanan","Original","Sedang",2,"Pouch","120 g",15000,24,2200,"Pabrik B",11,"November",1.29356357927787,"Riwayat",161,NA,"Pesimis",0.9
2023-12-01,"KK-ORI-SED-POU","Keripik Kentang","Makanan","Original","Sedang",2,"Pouch","120 g",15000,24,2200,"Pabrik B",12,"Desember",1.40991781327916,"Riwayat",194,NA,"Normal",1
2023-12-01,"KK-ORI-SED-POU","Keripik Kentang","Makanan","Original","Sedang",2,"Pouch","120 g",15000,24,2200,"Pabrik B",12,"Desember",1.40991781327916,"Riwayat",194,NA,"Optimis",1.1
2023-12-01,"KK-ORI-SED-POU","Keripik Kentang","Makanan","Original","Sedang",2,"Pouch","120 g",15000,24,2200,"Pabrik B",12,"Desember",1.40991781327916,"Riwayat",194,NA,"Pesimis",0.9
2024-01-01,"KK-ORI-SED-POU","Keripik Kentang","Makanan","Original","Sedang",2,"Pouch","120 g",15000,24,2200,"Pabrik B",1,"Januari",0.760458029365592,"Riwayat",105,NA,"Normal",1
2024-01-01,"KK-ORI-SED-POU","Keripik Kentang","Makanan","Original","Sedang",2,"Pouch","120 g",15000,24,2200,"Pabrik B",1,"Januari",0.760458029365592,"Riwayat",105,NA,"Optimis",1.1
2024-01-01,"KK-ORI-SED-POU","Keripik Kentang","Makanan","Original","Sedang",2,"Pouch","120 g",15000,24,2200,"Pabrik B",1,"Januari",0.760458029365592,"Riwayat",105,NA,"Pesimis",0.9
2024-02-01,"KK-ORI-SED-POU","Keripik Kentang","Makanan","Original","Sedang",2,"Pouch","120 g",15000,24,2200,"Pabrik B",2,"Februari",0.788253763043679,"Riwayat",103,NA,"Normal",1
2024-02-01,"KK-ORI-SED-POU","Keripik Kentang","Makanan","Original","Sedang",2,"Pouch","120 g",15000,24,2200,"Pabrik B",2,"Februari",0.788253763043679,"Riwayat",103,NA,"Optimis",1.1
2024-02-01,"KK-ORI-SED-POU","Keripik Kentang","Makanan","Original","Sedang",2,"Pouch","120 g",15000,24,2200,"Pabrik B",2,"Februari",0.788253763043679,"Riwayat",103,NA,"Pesimis",0.9
2024-03-01,"KK-ORI-SED-POU","Keripik Kentang","Makanan","Original","Sedang",2,"Pouch","120 g",15000,24,2200,"Pabrik B",3,"Maret",0.901006556468741,"Riwayat",115,NA,"Normal",1
2024-03-01,"KK-ORI-SED-POU","Keripik Kentang","Makanan","Original","Sedang",2,"Pouch","120 g",15000,24,2200,"Pabrik B",3,"Maret",0.901006556468741,"Riwayat",115,NA,"Optimis",1.1
2024-03-01,"KK-ORI-SED-POU","Keripik Kentang","Makanan","Original","Sedang",2,"Pouch","120 g",15000,24,2200,"Pabrik B",3,"Maret",0.901006556468741,"Riwayat",115,NA,"Pesimis",0.9
2024-04-01,"KK-ORI-SED-POU","Keripik Kentang","Makanan","Original","Sedang",2,"Pouch","120 g",15000,24,2200,"Pabrik B",4,"April",0.93194200757226,"Riwayat",151,NA,"Normal",1
2024-04-01,"KK-ORI-SED-POU","Keripik Kentang","Makanan","Original","Sedang",2,"Pouch","120 g",15000,24,2200,"Pabrik B",4,"April",0.93194200757226,"Riwayat",151,NA,"Optimis",1.1
2024-04-01,"KK-ORI-SED-POU","Keripik Kentang","Makanan","Original","Sedang",2,"Pouch","120 g",15000,24,2200,"Pabrik B",4,"April",0.93194200757226,"Riwayat",151,NA,"Pesimis",0.9
2024-05-01,"KK-ORI-SED-POU","Keripik Kentang","Makanan","Original","Sedang",2,"Pouch","120 g",15000,24,2200,"Pabrik B",5,"Mei",1.00212392649367,"Riwayat",140,NA,"Normal",1
2024-05-01,"KK-ORI-SED-POU","Keripik Kentang","Makanan","Original","Sedang",2,"Pouch","120 g",15000,24,2200,"Pabrik B",5,"Mei",1.00212392649367,"Riwayat",140,NA,"Optimis",1.1
2024-05-01,"KK-ORI-SED-POU","Keripik Kentang","Makanan","Original","Sedang",2,"Pouch","120 g",15000,24,2200,"Pabrik B",5,"Mei",1.00212392649367,"Riwayat",140,NA,"Pesimis",0.9
2024-06-01,"KK-ORI-SED-POU","Keripik Kentang","Makanan","Original","Sedang",2,"Pouch","120 g",15000,24,2200,"Pabrik B",6,"Juni",1.14507341398098,"Riwayat",152,NA,"Normal",1
2024-06-01,"KK-ORI-SED-POU","Keripik Kentang","Makanan","Original","Sedang",2,"Pouch","120 g",15000,24,2200,"Pabrik B",6,"Juni",1.14507341398098,"Riwayat",152,NA,"Optimis",1.1
2024-06-01,"KK-ORI-SED-POU","Keripik Kentang","Makanan","Original","Sedang",2,"Pouch","120 g",15000,24,2200,"Pabrik B",6,"Juni",1.14507341398098,"Riwayat",152,NA,"Pesimis",0.9
2024-07-01,"KK-ORI-SED-POU","Keripik Kentang","Makanan","Original","Sedang",2,"Pouch","120 g",15000,24,2200,"Pabrik B",7,"Juli",1.04783451842275,"Riwayat",147,NA,"Normal",1
2024-07-01,"KK-ORI-SED-POU","Keripik Kentang","Makanan","Original","Sedang",2,"Pouch","120 g",15000,24,2200,"Pabrik B",7,"Juli",1.04783451842275,"Riwayat",147,NA,"Optimis",1.1
2024-07-01,"KK-ORI-SED-POU","Keripik Kentang","Makanan","Original","Sedang",2,"Pouch","120 g",15000,24,2200,"Pabrik B",7,"Juli",1.04783451842275,"Riwayat",147,NA,"Pesimis",0.9
2024-08-01,"KK-ORI-SED-POU","Keripik Kentang","Makanan","Original","Sedang",2,"Pouch","120 g",15000,24,2200,"Pabrik B",8,"Agustus",0.986702373256995,"Riwayat",153,NA,"Normal",1
2024-08-01,"KK-ORI-SED-POU","Keripik Kentang","Makanan","Original","Sedang",2,"Pouch","120 g",15000,24,2200,"Pabrik B",8,"Agustus",0.986702373256995,"Riwayat",153,NA,"Optimis",1.1
2024-08-01,"KK-ORI-SED-POU","Keripik Kentang","Makanan","Original","Sedang",2,"Pouch","120 g",15000,24,2200,"Pabrik B",8,"Agustus",0.986702373256995,"Riwayat",153,NA,"Pesimis",0.9
2024-09-01,"KK-ORI-SED-POU","Keripik Kentang","Makanan","Original","Sedang",2,"Pouch","120 g",15000,24,2200,"Pabrik B",9,"September",0.997876073506326,"Riwayat",152,NA,"Normal",1
2024-09-01,"KK-ORI-SED-POU","Keripik Kentang","Makanan","Original","Sedang",2,"Pouch","120 g",15000,24,2200,"Pabrik B",9,"September",0.997876073506326,"Riwayat",152,NA,"Optimis",1.1
2024-09-01,"KK-ORI-SED-POU","Keripik Kentang","Makanan","Original","Sedang",2,"Pouch","120 g",15000,24,2200,"Pabrik B",9,"September",0.997876073506326,"Riwayat",152,NA,"Pesimis",0.9
2024-10-01,"KK-ORI-SED-POU","Keripik Kentang","Makanan","Original","Sedang",2,"Pouch","120 g",15000,24,2200,"Pabrik B",10,"Oktober",1.10573460153292,"Riwayat",159,NA,"Normal",1
2024-10-01,"KK-ORI-SED-POU","Keripik Kentang","Makanan","Original","Sedang",2,"Pouch","120 g",15000,24,2200,"Pabrik B",10,"Oktober",1.10573460153292,"Riwayat",159,NA,"Optimis",1.1
2024-10-01,"KK-ORI-SED-POU","Keripik Kentang","Makanan","Original","Sedang",2,"Pouch","120 g",15000,24,2200,"Pabrik B",10,"Oktober",1.10573460153292,"Riwayat",159,NA,"Pesimis",0.9
2024-11-01,"KK-ORI-SED-POU","Keripik Kentang","Makanan","Original","Sedang",2,"Pouch","120 g",15000,24,2200,"Pabrik B",11,"November",1.29356357927787,"Riwayat",180,NA,"Normal",1
2024-11-01,"KK-ORI-SED-POU","Keripik Kentang","Makanan","Original","Sedang",2,"Pouch","120 g",15000,24,2200,"Pabrik B",11,"November",1.29356357927787,"Riwayat",180,NA,"Optimis",1.1
2024-11-01,"KK-ORI-SED-POU","Keripik Kentang","Makanan","Original","Sedang",2,"Pouch","120 g",15000,24,2200,"Pabrik B",11,"November",1.29356357927787,"Riwayat",180,NA,"Pesimis",0.9
2024-12-01,"KK-ORI-SED-POU","Keripik Kentang","Makanan","Original","Sedang",2,"Pouch","120 g",15000,24,2200,"Pabrik B",12,"Desember",1.40991781327916,"Riwayat",227,NA,"Normal",1
2024-12-01,"KK-ORI-SED-POU","Keripik Kentang","Makanan","Original","Sedang",2,"Pouch","120 g",15000,24,2200,"Pabrik B",12,"Desember",1.40991781327916,"Riwayat",227,NA,"Optimis",1.1
2024-12-01,"KK-ORI-SED-POU","Keripik Kentang","Makanan","Original","Sedang",2,"Pouch","120 g",15000,24,2200,"Pabrik B",12,"Desember",1.40991781327916,"Riwayat",227,NA,"Pesimis",0.9
2025-01-01,"KK-ORI-SED-POU","Keripik Kentang","Makanan","Original","Sedang",2,"Pouch","120 g",15000,24,2200,"Pabrik B",1,"Januari",0.760458029365592,"Riwayat",119,NA,"Normal",1
2025-01-01,"KK-ORI-SED-POU","Keripik Kentang","Makanan","Original","Sedang",2,"Pouch","120 g",15000,24,2200,"Pabrik B",1,"Januari",0.760458029365592,"Riwayat",119,NA,"Optimis",1.1
2025-01-01,"KK-ORI-SED-POU","Keripik Kentang","Makanan","Original","Sedang",2,"Pouch","120 g",15000,24,2200,"Pabrik B",1,"Januari",0.760458029365592,"Riwayat",119,NA,"Pesimis",0.9
2025-02-01,"KK-ORI-SED-POU","Keripik Kentang","Makanan","Original","Sedang",2,"Pouch","120 g",15000,24,2200,"Pabrik B",2,"Februari",0.788253763043679,"Riwayat",127,NA,"Normal",1
2025-02-01,"KK-ORI-SED-POU","Keripik Kentang","Makanan","Original","Sedang",2,"Pouch","120 g",15000,24,2200,"Pabrik B",2,"Februari",0.788253763043679,"Riwayat",127,NA,"Optimis",1.1
2025-02-01,"KK-ORI-SED-POU","Keripik Kentang","Makanan","Original","Sedang",2,"Pouch","120 g",15000,24,2200,"Pabrik B",2,"Februari",0.788253763043679,"Riwayat",127,NA,"Pesimis",0.9
2025-03-01,"KK-ORI-SED-POU","Keripik Kentang","Makanan","Original","Sedang",2,"Pouch","120 g",15000,24,2200,"Pabrik B",3,"Maret",0.901006556468741,"Riwayat",143,NA,"Normal",1
2025-03-01,"KK-ORI-SED-POU","Keripik Kentang","Makanan","Original","Sedang",2,"Pouch","120 g",15000,24,2200,"Pabrik B",3,"Maret",0.901006556468741,"Riwayat",143,NA,"Optimis",1.1
2025-03-01,"KK-ORI-SED-POU","Keripik Kentang","Makanan","Original","Sedang",2,"Pouch","120 g",15000,24,2200,"Pabrik B",3,"Maret",0.901006556468741,"Riwayat",143,NA,"Pesimis",0.9
2025-04-01,"KK-ORI-SED-POU","Keripik Kentang","Makanan","Original","Sedang",2,"Pouch","120 g",15000,24,2200,"Pabrik B",4,"April",0.93194200757226,"Riwayat",136,NA,"Normal",1
2025-04-01,"KK-ORI-SED-POU","Keripik Kentang","Makanan","Original","Sedang",2,"Pouch","120 g",15000,24,2200,"Pabrik B",4,"April",0.93194200757226,"Riwayat",136,NA,"Optimis",1.1
2025-04-01,"KK-ORI-SED-POU","Keripik Kentang","Makanan","Original","Sedang",2,"Pouch","120 g",15000,24,2200,"Pabrik B",4,"April",0.93194200757226,"Riwayat",136,NA,"Pesimis",0.9
2025-05-01,"KK-ORI-SED-POU","Keripik Kentang","Makanan","Original","Sedang",2,"Pouch","120 g",15000,24,2200,"Pabrik B",5,"Mei",1.00212392649367,"Riwayat",149,NA,"Normal",1
2025-05-01,"KK-ORI-SED-POU","Keripik Kentang","Makanan","Original","Sedang",2,"Pouch","120 g",15000,24,2200,"Pabrik B",5,"Mei",1.00212392649367,"Riwayat",149,NA,"Optimis",1.1
2025-05-01,"KK-ORI-SED-POU","Keripik Kentang","Makanan","Original","Sedang",2,"Pouch","120 g",15000,24,2200,"Pabrik B",5,"Mei",1.00212392649367,"Riwayat",149,NA,"Pesimis",0.9
2025-06-01,"KK-ORI-SED-POU","Keripik Kentang","Makanan","Original","Sedang",2,"Pouch","120 g",15000,24,2200,"Pabrik B",6,"Juni",1.14507341398098,"Riwayat",172,NA,"Normal",1
2025-06-01,"KK-ORI-SED-POU","Keripik Kentang","Makanan","Original","Sedang",2,"Pouch","120 g",15000,24,2200,"Pabrik B",6,"Juni",1.14507341398098,"Riwayat",172,NA,"Optimis",1.1
2025-06-01,"KK-ORI-SED-POU","Keripik Kentang","Makanan","Original","Sedang",2,"Pouch","120 g",15000,24,2200,"Pabrik B",6,"Juni",1.14507341398098,"Riwayat",172,NA,"Pesimis",0.9
2025-07-01,"KK-ORI-SED-POU","Keripik Kentang","Makanan","Original","Sedang",2,"Pouch","120 g",15000,24,2200,"Pabrik B",7,"Juli",1.04783451842275,"Riwayat",162,NA,"Normal",1
2025-07-01,"KK-ORI-SED-POU","Keripik Kentang","Makanan","Original","Sedang",2,"Pouch","120 g",15000,24,2200,"Pabrik B",7,"Juli",1.04783451842275,"Riwayat",162,NA,"Optimis",1.1
2025-07-01,"KK-ORI-SED-POU","Keripik Kentang","Makanan","Original","Sedang",2,"Pouch","120 g",15000,24,2200,"Pabrik B",7,"Juli",1.04783451842275,"Riwayat",162,NA,"Pesimis",0.9
2025-08-01,"KK-ORI-SED-POU","Keripik Kentang","Makanan","Original","Sedang",2,"Pouch","120 g",15000,24,2200,"Pabrik B",8,"Agustus",0.986702373256995,"Riwayat",160,NA,"Normal",1
2025-08-01,"KK-ORI-SED-POU","Keripik Kentang","Makanan","Original","Sedang",2,"Pouch","120 g",15000,24,2200,"Pabrik B",8,"Agustus",0.986702373256995,"Riwayat",160,NA,"Optimis",1.1
2025-08-01,"KK-ORI-SED-POU","Keripik Kentang","Makanan","Original","Sedang",2,"Pouch","120 g",15000,24,2200,"Pabrik B",8,"Agustus",0.986702373256995,"Riwayat",160,NA,"Pesimis",0.9
2025-09-01,"KK-ORI-SED-POU","Keripik Kentang","Makanan","Original","Sedang",2,"Pouch","120 g",15000,24,2200,"Pabrik B",9,"September",0.997876073506326,"Riwayat",180,NA,"Normal",1
2025-09-01,"KK-ORI-SED-POU","Keripik Kentang","Makanan","Original","Sedang",2,"Pouch","120 g",15000,24,2200,"Pabrik B",9,"September",0.997876073506326,"Riwayat",180,NA,"Optimis",1.1
2025-09-01,"KK-ORI-SED-POU","Keripik Kentang","Makanan","Original","Sedang",2,"Pouch","120 g",15000,24,2200,"Pabrik B",9,"September",0.997876073506326,"Riwayat",180,NA,"Pesimis",0.9
2025-10-01,"KK-ORI-SED-POU","Keripik Kentang","Makanan","Original","Sedang",2,"Pouch","120 g",15000,24,2200,"Pabrik B",10,"Oktober",1.10573460153292,"Riwayat",157,NA,"Normal",1
2025-10-01,"KK-ORI-SED-POU","Keripik Kentang","Makanan","Original","Sedang",2,"Pouch","120 g",15000,24,2200,"Pabrik B",10,"Oktober",1.10573460153292,"Riwayat",157,NA,"Optimis",1.1
2025-10-01,"KK-ORI-SED-POU","Keripik Kentang","Makanan","Original","Sedang",2,"Pouch","120 g",15000,24,2200,"Pabrik B",10,"Oktober",1.10573460153292,"Riwayat",157,NA,"Pesimis",0.9
2025-11-01,"KK-ORI-SED-POU","Keripik Kentang","Makanan","Original","Sedang",2,"Pouch","120 g",15000,24,2200,"Pabrik B",11,"November",1.29356357927787,"Riwayat",175,NA,"Normal",1
2025-11-01,"KK-ORI-SED-POU","Keripik Kentang","Makanan","Original","Sedang",2,"Pouch","120 g",15000,24,2200,"Pabrik B",11,"November",1.29356357927787,"Riwayat",175,NA,"Optimis",1.1
2025-11-01,"KK-ORI-SED-POU","Keripik Kentang","Makanan","Original","Sedang",2,"Pouch","120 g",15000,24,2200,"Pabrik B",11,"November",1.29356357927787,"Riwayat",175,NA,"Pesimis",0.9
2025-12-01,"KK-ORI-SED-POU","Keripik Kentang","Makanan","Original","Sedang",2,"Pouch","120 g",15000,24,2200,"Pabrik B",12,"Desember",1.40991781327916,"Riwayat",220,NA,"Normal",1
2025-12-01,"KK-ORI-SED-POU","Keripik Kentang","Makanan","Original","Sedang",2,"Pouch","120 g",15000,24,2200,"Pabrik B",12,"Desember",1.40991781327916,"Riwayat",220,NA,"Optimis",1.1
2025-12-01,"KK-ORI-SED-POU","Keripik Kentang","Makanan","Original","Sedang",2,"Pouch","120 g",15000,24,2200,"Pabrik B",12,"Desember",1.40991781327916,"Riwayat",220,NA,"Pesimis",0.9
2026-01-01,"KK-ORI-SED-POU","Keripik Kentang","Makanan","Original","Sedang",2,"Pouch","120 g",15000,24,2200,"Pabrik B",1,"Januari",0.760458029365592,"Plan",NA,133.080155138979,"Normal",1
2026-01-01,"KK-ORI-SED-POU","Keripik Kentang","Makanan","Original","Sedang",2,"Pouch","120 g",15000,24,2200,"Pabrik B",1,"Januari",0.760458029365592,"Plan",NA,146.388170652877,"Optimis",1.1
2026-01-01,"KK-ORI-SED-POU","Keripik Kentang","Makanan","Original","Sedang",2,"Pouch","120 g",15000,24,2200,"Pabrik B",1,"Januari",0.760458029365592,"Plan",NA,119.772139625081,"Pesimis",0.9
2026-02-01,"KK-ORI-SED-POU","Keripik Kentang","Makanan","Original","Sedang",2,"Pouch","120 g",15000,24,2200,"Pabrik B",2,"Februari",0.788253763043679,"Plan",NA,137.944408532644,"Normal",1
2026-02-01,"KK-ORI-SED-POU","Keripik Kentang","Makanan","Original","Sedang",2,"Pouch","120 g",15000,24,2200,"Pabrik B",2,"Februari",0.788253763043679,"Plan",NA,151.738849385908,"Optimis",1.1
2026-02-01,"KK-ORI-SED-POU","Keripik Kentang","Makanan","Original","Sedang",2,"Pouch","120 g",15000,24,2200,"Pabrik B",2,"Februari",0.788253763043679,"Plan",NA,124.149967679379,"Pesimis",0.9
2026-03-01,"KK-ORI-SED-POU","Keripik Kentang","Makanan","Original","Sedang",2,"Pouch","120 g",15000,24,2200,"Pabrik B",3,"Maret",0.901006556468741,"Plan",NA,157.67614738203,"Normal",1
2026-03-01,"KK-ORI-SED-POU","Keripik Kentang","Makanan","Original","Sedang",2,"Pouch","120 g",15000,24,2200,"Pabrik B",3,"Maret",0.901006556468741,"Plan",NA,173.443762120233,"Optimis",1.1
2026-03-01,"KK-ORI-SED-POU","Keripik Kentang","Makanan","Original","Sedang",2,"Pouch","120 g",15000,24,2200,"Pabrik B",3,"Maret",0.901006556468741,"Plan",NA,141.908532643827,"Pesimis",0.9
2026-04-01,"KK-ORI-SED-POU","Keripik Kentang","Makanan","Original","Sedang",2,"Pouch","120 g",15000,24,2200,"Pabrik B",4,"April",0.93194200757226,"Plan",NA,163.089851325145,"Normal",1
2026-04-01,"KK-ORI-SED-POU","Keripik Kentang","Makanan","Original","Sedang",2,"Pouch","120 g",15000,24,2200,"Pabrik B",4,"April",0.93194200757226,"Plan",NA,179.39883645766,"Optimis",1.1
2026-04-01,"KK-ORI-SED-POU","Keripik Kentang","Makanan","Original","Sedang",2,"Pouch","120 g",15000,24,2200,"Pabrik B",4,"April",0.93194200757226,"Plan",NA,146.780866192631,"Pesimis",0.9
2026-05-01,"KK-ORI-SED-POU","Keripik Kentang","Makanan","Original","Sedang",2,"Pouch","120 g",15000,24,2200,"Pabrik B",5,"Mei",1.00212392649367,"Plan",NA,175.371687136393,"Normal",1
2026-05-01,"KK-ORI-SED-POU","Keripik Kentang","Makanan","Original","Sedang",2,"Pouch","120 g",15000,24,2200,"Pabrik B",5,"Mei",1.00212392649367,"Plan",NA,192.908855850032,"Optimis",1.1
2026-05-01,"KK-ORI-SED-POU","Keripik Kentang","Makanan","Original","Sedang",2,"Pouch","120 g",15000,24,2200,"Pabrik B",5,"Mei",1.00212392649367,"Plan",NA,157.834518422754,"Pesimis",0.9
2026-06-01,"KK-ORI-SED-POU","Keripik Kentang","Makanan","Original","Sedang",2,"Pouch","120 g",15000,24,2200,"Pabrik B",6,"Juni",1.14507341398098,"Plan",NA,200.387847446671,"Normal",1
2026-06-01,"KK-ORI-SED-POU","Keripik Kentang","Makanan","Original","Sedang",2,"Pouch","120 g",15000,24,2200,"Pabrik B",6,"Juni",1.14507341398098,"Plan",NA,220.426632191338,"Optimis",1.1
2026-06-01,"KK-ORI-SED-POU","Keripik Kentang","Makanan","Original","Sedang",2,"Pouch","120 g",15000,24,2200,"Pabrik B",6,"Juni",1.14507341398098,"Plan",NA,180.349062702004,"Pesimis",0.9
2023-01-01,"KK-ORI-SED-SAC","Keripik Kentang","Makanan","Original","Sedang",2,"Sachet","120 g",11000,24,2200,"Pabrik A",1,"Januari",0.760458029365592,"Riwayat",214,NA,"Normal",1
2023-01-01,"KK-ORI-SED-SAC","Keripik Kentang","Makanan","Original","Sedang",2,"Sachet","120 g",11000,24,2200,"Pabrik A",1,"Januari",0.760458029365592,"Riwayat",214,NA,"Optimis",1.1
2023-01-01,"KK-ORI-SED-SAC","Keripik Kentang","Makanan","Original","Sedang",2,"Sachet","120 g",11000,24,2200,"Pabrik A",1,"Januari",0.760458029365592,"Riwayat",214,NA,"Pesimis",0.9
2023-02-01,"KK-ORI-SED-SAC","Keripik Kentang","Makanan","Original","Sedang",2,"Sachet","120 g",11000,24,2200,"Pabrik A",2,"Februari",0.788253763043679,"Riwayat",263,NA,"Normal",1
2023-02-01,"KK-ORI-SED-SAC","Keripik Kentang","Makanan","Original","Sedang",2,"Sachet","120 g",11000,24,2200,"Pabrik A",2,"Februari",0.788253763043679,"Riwayat",263,NA,"Optimis",1.1
2023-02-01,"KK-ORI-SED-SAC","Keripik Kentang","Makanan","Original","Sedang",2,"Sachet","120 g",11000,24,2200,"Pabrik A",2,"Februari",0.788253763043679,"Riwayat",263,NA,"Pesimis",0.9
2023-03-01,"KK-ORI-SED-SAC","Keripik Kentang","Makanan","Original","Sedang",2,"Sachet","120 g",11000,24,2200,"Pabrik A",3,"Maret",0.901006556468741,"Riwayat",259,NA,"Normal",1
2023-03-01,"KK-ORI-SED-SAC","Keripik Kentang","Makanan","Original","Sedang",2,"Sachet","120 g",11000,24,2200,"Pabrik A",3,"Maret",0.901006556468741,"Riwayat",259,NA,"Optimis",1.1
2023-03-01,"KK-ORI-SED-SAC","Keripik Kentang","Makanan","Original","Sedang",2,"Sachet","120 g",11000,24,2200,"Pabrik A",3,"Maret",0.901006556468741,"Riwayat",259,NA,"Pesimis",0.9
2023-04-01,"KK-ORI-SED-SAC","Keripik Kentang","Makanan","Original","Sedang",2,"Sachet","120 g",11000,24,2200,"Pabrik A",4,"April",0.93194200757226,"Riwayat",293,NA,"Normal",1
2023-04-01,"KK-ORI-SED-SAC","Keripik Kentang","Makanan","Original","Sedang",2,"Sachet","120 g",11000,24,2200,"Pabrik A",4,"April",0.93194200757226,"Riwayat",293,NA,"Optimis",1.1
2023-04-01,"KK-ORI-SED-SAC","Keripik Kentang","Makanan","Original","Sedang",2,"Sachet","120 g",11000,24,2200,"Pabrik A",4,"April",0.93194200757226,"Riwayat",293,NA,"Pesimis",0.9
2023-05-01,"KK-ORI-SED-SAC","Keripik Kentang","Makanan","Original","Sedang",2,"Sachet","120 g",11000,24,2200,"Pabrik A",5,"Mei",1.00212392649367,"Riwayat",336,NA,"Normal",1
2023-05-01,"KK-ORI-SED-SAC","Keripik Kentang","Makanan","Original","Sedang",2,"Sachet","120 g",11000,24,2200,"Pabrik A",5,"Mei",1.00212392649367,"Riwayat",336,NA,"Optimis",1.1
2023-05-01,"KK-ORI-SED-SAC","Keripik Kentang","Makanan","Original","Sedang",2,"Sachet","120 g",11000,24,2200,"Pabrik A",5,"Mei",1.00212392649367,"Riwayat",336,NA,"Pesimis",0.9
2023-06-01,"KK-ORI-SED-SAC","Keripik Kentang","Makanan","Original","Sedang",2,"Sachet","120 g",11000,24,2200,"Pabrik A",6,"Juni",1.14507341398098,"Riwayat",354,NA,"Normal",1
2023-06-01,"KK-ORI-SED-SAC","Keripik Kentang","Makanan","Original","Sedang",2,"Sachet","120 g",11000,24,2200,"Pabrik A",6,"Juni",1.14507341398098,"Riwayat",354,NA,"Optimis",1.1
2023-06-01,"KK-ORI-SED-SAC","Keripik Kentang","Makanan","Original","Sedang",2,"Sachet","120 g",11000,24,2200,"Pabrik A",6,"Juni",1.14507341398098,"Riwayat",354,NA,"Pesimis",0.9
2023-07-01,"KK-ORI-SED-SAC","Keripik Kentang","Makanan","Original","Sedang",2,"Sachet","120 g",11000,24,2200,"Pabrik A",7,"Juli",1.04783451842275,"Riwayat",353,NA,"Normal",1
2023-07-01,"KK-ORI-SED-SAC","Keripik Kentang","Makanan","Original","Sedang",2,"Sachet","120 g",11000,24,2200,"Pabrik A",7,"Juli",1.04783451842275,"Riwayat",353,NA,"Optimis",1.1
2023-07-01,"KK-ORI-SED-SAC","Keripik Kentang","Makanan","Original","Sedang",2,"Sachet","120 g",11000,24,2200,"Pabrik A",7,"Juli",1.04783451842275,"Riwayat",353,NA,"Pesimis",0.9
2023-08-01,"KK-ORI-SED-SAC","Keripik Kentang","Makanan","Original","Sedang",2,"Sachet","120 g",11000,24,2200,"Pabrik A",8,"Agustus",0.986702373256995,"Riwayat",321,NA,"Normal",1
2023-08-01,"KK-ORI-SED-SAC","Keripik Kentang","Makanan","Original","Sedang",2,"Sachet","120 g",11000,24,2200,"Pabrik A",8,"Agustus",0.986702373256995,"Riwayat",321,NA,"Optimis",1.1
2023-08-01,"KK-ORI-SED-SAC","Keripik Kentang","Makanan","Original","Sedang",2,"Sachet","120 g",11000,24,2200,"Pabrik A",8,"Agustus",0.986702373256995,"Riwayat",321,NA,"Pesimis",0.9
2023-09-01,"KK-ORI-SED-SAC","Keripik Kentang","Makanan","Original","Sedang",2,"Sachet","120 g",11000,24,2200,"Pabrik A",9,"September",0.997876073506326,"Riwayat",336,NA,"Normal",1
2023-09-01,"KK-ORI-SED-SAC","Keripik Kentang","Makanan","Original","Sedang",2,"Sachet","120 g",11000,24,2200,"Pabrik A",9,"September",0.997876073506326,"Riwayat",336,NA,"Optimis",1.1
2023-09-01,"KK-ORI-SED-SAC","Keripik Kentang","Makanan","Original","Sedang",2,"Sachet","120 g",11000,24,2200,"Pabrik A",9,"September",0.997876073506326,"Riwayat",336,NA,"Pesimis",0.9
2023-10-01,"KK-ORI-SED-SAC","Keripik Kentang","Makanan","Original","Sedang",2,"Sachet","120 g",11000,24,2200,"Pabrik A",10,"Oktober",1.10573460153292,"Riwayat",309,NA,"Normal",1
2023-10-01,"KK-ORI-SED-SAC","Keripik Kentang","Makanan","Original","Sedang",2,"Sachet","120 g",11000,24,2200,"Pabrik A",10,"Oktober",1.10573460153292,"Riwayat",309,NA,"Optimis",1.1
2023-10-01,"KK-ORI-SED-SAC","Keripik Kentang","Makanan","Original","Sedang",2,"Sachet","120 g",11000,24,2200,"Pabrik A",10,"Oktober",1.10573460153292,"Riwayat",309,NA,"Pesimis",0.9
2023-11-01,"KK-ORI-SED-SAC","Keripik Kentang","Makanan","Original","Sedang",2,"Sachet","120 g",11000,24,2200,"Pabrik A",11,"November",1.29356357927787,"Riwayat",390,NA,"Normal",1
2023-11-01,"KK-ORI-SED-SAC","Keripik Kentang","Makanan","Original","Sedang",2,"Sachet","120 g",11000,24,2200,"Pabrik A",11,"November",1.29356357927787,"Riwayat",390,NA,"Optimis",1.1
2023-11-01,"KK-ORI-SED-SAC","Keripik Kentang","Makanan","Original","Sedang",2,"Sachet","120 g",11000,24,2200,"Pabrik A",11,"November",1.29356357927787,"Riwayat",390,NA,"Pesimis",0.9
2023-12-01,"KK-ORI-SED-SAC","Keripik Kentang","Makanan","Original","Sedang",2,"Sachet","120 g",11000,24,2200,"Pabrik A",12,"Desember",1.40991781327916,"Riwayat",457,NA,"Normal",1
2023-12-01,"KK-ORI-SED-SAC","Keripik Kentang","Makanan","Original","Sedang",2,"Sachet","120 g",11000,24,2200,"Pabrik A",12,"Desember",1.40991781327916,"Riwayat",457,NA,"Optimis",1.1
2023-12-01,"KK-ORI-SED-SAC","Keripik Kentang","Makanan","Original","Sedang",2,"Sachet","120 g",11000,24,2200,"Pabrik A",12,"Desember",1.40991781327916,"Riwayat",457,NA,"Pesimis",0.9
2024-01-01,"KK-ORI-SED-SAC","Keripik Kentang","Makanan","Original","Sedang",2,"Sachet","120 g",11000,24,2200,"Pabrik A",1,"Januari",0.760458029365592,"Riwayat",244,NA,"Normal",1
2024-01-01,"KK-ORI-SED-SAC","Keripik Kentang","Makanan","Original","Sedang",2,"Sachet","120 g",11000,24,2200,"Pabrik A",1,"Januari",0.760458029365592,"Riwayat",244,NA,"Optimis",1.1
2024-01-01,"KK-ORI-SED-SAC","Keripik Kentang","Makanan","Original","Sedang",2,"Sachet","120 g",11000,24,2200,"Pabrik A",1,"Januari",0.760458029365592,"Riwayat",244,NA,"Pesimis",0.9
2024-02-01,"KK-ORI-SED-SAC","Keripik Kentang","Makanan","Original","Sedang",2,"Sachet","120 g",11000,24,2200,"Pabrik A",2,"Februari",0.788253763043679,"Riwayat",269,NA,"Normal",1
2024-02-01,"KK-ORI-SED-SAC","Keripik Kentang","Makanan","Original","Sedang",2,"Sachet","120 g",11000,24,2200,"Pabrik A",2,"Februari",0.788253763043679,"Riwayat",269,NA,"Optimis",1.1
2024-02-01,"KK-ORI-SED-SAC","Keripik Kentang","Makanan","Original","Sedang",2,"Sachet","120 g",11000,24,2200,"Pabrik A",2,"Februari",0.788253763043679,"Riwayat",269,NA,"Pesimis",0.9
2024-03-01,"KK-ORI-SED-SAC","Keripik Kentang","Makanan","Original","Sedang",2,"Sachet","120 g",11000,24,2200,"Pabrik A",3,"Maret",0.901006556468741,"Riwayat",327,NA,"Normal",1
2024-03-01,"KK-ORI-SED-SAC","Keripik Kentang","Makanan","Original","Sedang",2,"Sachet","120 g",11000,24,2200,"Pabrik A",3,"Maret",0.901006556468741,"Riwayat",327,NA,"Optimis",1.1
2024-03-01,"KK-ORI-SED-SAC","Keripik Kentang","Makanan","Original","Sedang",2,"Sachet","120 g",11000,24,2200,"Pabrik A",3,"Maret",0.901006556468741,"Riwayat",327,NA,"Pesimis",0.9
2024-04-01,"KK-ORI-SED-SAC","Keripik Kentang","Makanan","Original","Sedang",2,"Sachet","120 g",11000,24,2200,"Pabrik A",4,"April",0.93194200757226,"Riwayat",347,NA,"Normal",1
2024-04-01,"KK-ORI-SED-SAC","Keripik Kentang","Makanan","Original","Sedang",2,"Sachet","120 g",11000,24,2200,"Pabrik A",4,"April",0.93194200757226,"Riwayat",347,NA,"Optimis",1.1
2024-04-01,"KK-ORI-SED-SAC","Keripik Kentang","Makanan","Original","Sedang",2,"Sachet","120 g",11000,24,2200,"Pabrik A",4,"April",0.93194200757226,"Riwayat",347,NA,"Pesimis",0.9
2024-05-01,"KK-ORI-SED-SAC","Keripik Kentang","Makanan","Original","Sedang",2,"Sachet","120 g",11000,24,2200,"Pabrik A",5,"Mei",1.00212392649367,"Riwayat",331,NA,"Normal",1
2024-05-01,"KK-ORI-SED-SAC","Keripik Kentang","Makanan","Original","Sedang",2,"Sachet","120 g",11000,24,2200,"Pabrik A",5,"Mei",1.00212392649367,"Riwayat",331,NA,"Optimis",1.1
2024-05-01,"KK-ORI-SED-SAC","Keripik Kentang","Makanan","Original","Sedang",2,"Sachet","120 g",11000,24,2200,"Pabrik A",5,"Mei",1.00212392649367,"Riwayat",331,NA,"Pesimis",0.9
2024-06-01,"KK-ORI-SED-SAC","Keripik Kentang","Makanan","Original","Sedang",2,"Sachet","120 g",11000,24,2200,"Pabrik A",6,"Juni",1.14507341398098,"Riwayat",335,NA,"Normal",1
2024-06-01,"KK-ORI-SED-SAC","Keripik Kentang","Makanan","Original","Sedang",2,"Sachet","120 g",11000,24,2200,"Pabrik A",6,"Juni",1.14507341398098,"Riwayat",335,NA,"Optimis",1.1
2024-06-01,"KK-ORI-SED-SAC","Keripik Kentang","Makanan","Original","Sedang",2,"Sachet","120 g",11000,24,2200,"Pabrik A",6,"Juni",1.14507341398098,"Riwayat",335,NA,"Pesimis",0.9
2024-07-01,"KK-ORI-SED-SAC","Keripik Kentang","Makanan","Original","Sedang",2,"Sachet","120 g",11000,24,2200,"Pabrik A",7,"Juli",1.04783451842275,"Riwayat",317,NA,"Normal",1
2024-07-01,"KK-ORI-SED-SAC","Keripik Kentang","Makanan","Original","Sedang",2,"Sachet","120 g",11000,24,2200,"Pabrik A",7,"Juli",1.04783451842275,"Riwayat",317,NA,"Optimis",1.1
2024-07-01,"KK-ORI-SED-SAC","Keripik Kentang","Makanan","Original","Sedang",2,"Sachet","120 g",11000,24,2200,"Pabrik A",7,"Juli",1.04783451842275,"Riwayat",317,NA,"Pesimis",0.9
2024-08-01,"KK-ORI-SED-SAC","Keripik Kentang","Makanan","Original","Sedang",2,"Sachet","120 g",11000,24,2200,"Pabrik A",8,"Agustus",0.986702373256995,"Riwayat",297,NA,"Normal",1
2024-08-01,"KK-ORI-SED-SAC","Keripik Kentang","Makanan","Original","Sedang",2,"Sachet","120 g",11000,24,2200,"Pabrik A",8,"Agustus",0.986702373256995,"Riwayat",297,NA,"Optimis",1.1
2024-08-01,"KK-ORI-SED-SAC","Keripik Kentang","Makanan","Original","Sedang",2,"Sachet","120 g",11000,24,2200,"Pabrik A",8,"Agustus",0.986702373256995,"Riwayat",297,NA,"Pesimis",0.9
2024-09-01,"KK-ORI-SED-SAC","Keripik Kentang","Makanan","Original","Sedang",2,"Sachet","120 g",11000,24,2200,"Pabrik A",9,"September",0.997876073506326,"Riwayat",339,NA,"Normal",1
2024-09-01,"KK-ORI-SED-SAC","Keripik Kentang","Makanan","Original","Sedang",2,"Sachet","120 g",11000,24,2200,"Pabrik A",9,"September",0.997876073506326,"Riwayat",339,NA,"Optimis",1.1
2024-09-01,"KK-ORI-SED-SAC","Keripik Kentang","Makanan","Original","Sedang",2,"Sachet","120 g",11000,24,2200,"Pabrik A",9,"September",0.997876073506326,"Riwayat",339,NA,"Pesimis",0.9
2024-10-01,"KK-ORI-SED-SAC","Keripik Kentang","Makanan","Original","Sedang",2,"Sachet","120 g",11000,24,2200,"Pabrik A",10,"Oktober",1.10573460153292,"Riwayat",305,NA,"Normal",1
2024-10-01,"KK-ORI-SED-SAC","Keripik Kentang","Makanan","Original","Sedang",2,"Sachet","120 g",11000,24,2200,"Pabrik A",10,"Oktober",1.10573460153292,"Riwayat",305,NA,"Optimis",1.1
2024-10-01,"KK-ORI-SED-SAC","Keripik Kentang","Makanan","Original","Sedang",2,"Sachet","120 g",11000,24,2200,"Pabrik A",10,"Oktober",1.10573460153292,"Riwayat",305,NA,"Pesimis",0.9
2024-11-01,"KK-ORI-SED-SAC","Keripik Kentang","Makanan","Original","Sedang",2,"Sachet","120 g",11000,24,2200,"Pabrik A",11,"November",1.29356357927787,"Riwayat",372,NA,"Normal",1
2024-11-01,"KK-ORI-SED-SAC","Keripik Kentang","Makanan","Original","Sedang",2,"Sachet","120 g",11000,24,2200,"Pabrik A",11,"November",1.29356357927787,"Riwayat",372,NA,"Optimis",1.1
2024-11-01,"KK-ORI-SED-SAC","Keripik Kentang","Makanan","Original","Sedang",2,"Sachet","120 g",11000,24,2200,"Pabrik A",11,"November",1.29356357927787,"Riwayat",372,NA,"Pesimis",0.9
2024-12-01,"KK-ORI-SED-SAC","Keripik Kentang","Makanan","Original","Sedang",2,"Sachet","120 g",11000,24,2200,"Pabrik A",12,"Desember",1.40991781327916,"Riwayat",412,NA,"Normal",1
2024-12-01,"KK-ORI-SED-SAC","Keripik Kentang","Makanan","Original","Sedang",2,"Sachet","120 g",11000,24,2200,"Pabrik A",12,"Desember",1.40991781327916,"Riwayat",412,NA,"Optimis",1.1
2024-12-01,"KK-ORI-SED-SAC","Keripik Kentang","Makanan","Original","Sedang",2,"Sachet","120 g",11000,24,2200,"Pabrik A",12,"Desember",1.40991781327916,"Riwayat",412,NA,"Pesimis",0.9
2025-01-01,"KK-ORI-SED-SAC","Keripik Kentang","Makanan","Original","Sedang",2,"Sachet","120 g",11000,24,2200,"Pabrik A",1,"Januari",0.760458029365592,"Riwayat",296,NA,"Normal",1
2025-01-01,"KK-ORI-SED-SAC","Keripik Kentang","Makanan","Original","Sedang",2,"Sachet","120 g",11000,24,2200,"Pabrik A",1,"Januari",0.760458029365592,"Riwayat",296,NA,"Optimis",1.1
2025-01-01,"KK-ORI-SED-SAC","Keripik Kentang","Makanan","Original","Sedang",2,"Sachet","120 g",11000,24,2200,"Pabrik A",1,"Januari",0.760458029365592,"Riwayat",296,NA,"Pesimis",0.9
2025-02-01,"KK-ORI-SED-SAC","Keripik Kentang","Makanan","Original","Sedang",2,"Sachet","120 g",11000,24,2200,"Pabrik A",2,"Februari",0.788253763043679,"Riwayat",265,NA,"Normal",1
2025-02-01,"KK-ORI-SED-SAC","Keripik Kentang","Makanan","Original","Sedang",2,"Sachet","120 g",11000,24,2200,"Pabrik A",2,"Februari",0.788253763043679,"Riwayat",265,NA,"Optimis",1.1
2025-02-01,"KK-ORI-SED-SAC","Keripik Kentang","Makanan","Original","Sedang",2,"Sachet","120 g",11000,24,2200,"Pabrik A",2,"Februari",0.788253763043679,"Riwayat",265,NA,"Pesimis",0.9
2025-03-01,"KK-ORI-SED-SAC","Keripik Kentang","Makanan","Original","Sedang",2,"Sachet","120 g",11000,24,2200,"Pabrik A",3,"Maret",0.901006556468741,"Riwayat",295,NA,"Normal",1
2025-03-01,"KK-ORI-SED-SAC","Keripik Kentang","Makanan","Original","Sedang",2,"Sachet","120 g",11000,24,2200,"Pabrik A",3,"Maret",0.901006556468741,"Riwayat",295,NA,"Optimis",1.1
2025-03-01,"KK-ORI-SED-SAC","Keripik Kentang","Makanan","Original","Sedang",2,"Sachet","120 g",11000,24,2200,"Pabrik A",3,"Maret",0.901006556468741,"Riwayat",295,NA,"Pesimis",0.9
2025-04-01,"KK-ORI-SED-SAC","Keripik Kentang","Makanan","Original","Sedang",2,"Sachet","120 g",11000,24,2200,"Pabrik A",4,"April",0.93194200757226,"Riwayat",316,NA,"Normal",1
2025-04-01,"KK-ORI-SED-SAC","Keripik Kentang","Makanan","Original","Sedang",2,"Sachet","120 g",11000,24,2200,"Pabrik A",4,"April",0.93194200757226,"Riwayat",316,NA,"Optimis",1.1
2025-04-01,"KK-ORI-SED-SAC","Keripik Kentang","Makanan","Original","Sedang",2,"Sachet","120 g",11000,24,2200,"Pabrik A",4,"April",0.93194200757226,"Riwayat",316,NA,"Pesimis",0.9
2025-05-01,"KK-ORI-SED-SAC","Keripik Kentang","Makanan","Original","Sedang",2,"Sachet","120 g",11000,24,2200,"Pabrik A",5,"Mei",1.00212392649367,"Riwayat",333,NA,"Normal",1
2025-05-01,"KK-ORI-SED-SAC","Keripik Kentang","Makanan","Original","Sedang",2,"Sachet","120 g",11000,24,2200,"Pabrik A",5,"Mei",1.00212392649367,"Riwayat",333,NA,"Optimis",1.1
2025-05-01,"KK-ORI-SED-SAC","Keripik Kentang","Makanan","Original","Sedang",2,"Sachet","120 g",11000,24,2200,"Pabrik A",5,"Mei",1.00212392649367,"Riwayat",333,NA,"Pesimis",0.9
2025-06-01,"KK-ORI-SED-SAC","Keripik Kentang","Makanan","Original","Sedang",2,"Sachet","120 g",11000,24,2200,"Pabrik A",6,"Juni",1.14507341398098,"Riwayat",418,NA,"Normal",1
2025-06-01,"KK-ORI-SED-SAC","Keripik Kentang","Makanan","Original","Sedang",2,"Sachet","120 g",11000,24,2200,"Pabrik A",6,"Juni",1.14507341398098,"Riwayat",418,NA,"Optimis",1.1
2025-06-01,"KK-ORI-SED-SAC","Keripik Kentang","Makanan","Original","Sedang",2,"Sachet","120 g",11000,24,2200,"Pabrik A",6,"Juni",1.14507341398098,"Riwayat",418,NA,"Pesimis",0.9
2025-07-01,"KK-ORI-SED-SAC","Keripik Kentang","Makanan","Original","Sedang",2,"Sachet","120 g",11000,24,2200,"Pabrik A",7,"Juli",1.04783451842275,"Riwayat",366,NA,"Normal",1
2025-07-01,"KK-ORI-SED-SAC","Keripik Kentang","Makanan","Original","Sedang",2,"Sachet","120 g",11000,24,2200,"Pabrik A",7,"Juli",1.04783451842275,"Riwayat",366,NA,"Optimis",1.1
2025-07-01,"KK-ORI-SED-SAC","Keripik Kentang","Makanan","Original","Sedang",2,"Sachet","120 g",11000,24,2200,"Pabrik A",7,"Juli",1.04783451842275,"Riwayat",366,NA,"Pesimis",0.9
2025-08-01,"KK-ORI-SED-SAC","Keripik Kentang","Makanan","Original","Sedang",2,"Sachet","120 g",11000,24,2200,"Pabrik A",8,"Agustus",0.986702373256995,"Riwayat",390,NA,"Normal",1
2025-08-01,"KK-ORI-SED-SAC","Keripik Kentang","Makanan","Original","Sedang",2,"Sachet","120 g",11000,24,2200,"Pabrik A",8,"Agustus",0.986702373256995,"Riwayat",390,NA,"Optimis",1.1
2025-08-01,"KK-ORI-SED-SAC","Keripik Kentang","Makanan","Original","Sedang",2,"Sachet","120 g",11000,24,2200,"Pabrik A",8,"Agustus",0.986702373256995,"Riwayat",390,NA,"Pesimis",0.9
2025-09-01,"KK-ORI-SED-SAC","Keripik Kentang","Makanan","Original","Sedang",2,"Sachet","120 g",11000,24,2200,"Pabrik A",9,"September",0.997876073506326,"Riwayat",283,NA,"Normal",1
2025-09-01,"KK-ORI-SED-SAC","Keripik Kentang","Makanan","Original","Sedang",2,"Sachet","120 g",11000,24,2200,"Pabrik A",9,"September",0.997876073506326,"Riwayat",283,NA,"Optimis",1.1
2025-09-01,"KK-ORI-SED-SAC","Keripik Kentang","Makanan","Original","Sedang",2,"Sachet","120 g",11000,24,2200,"Pabrik A",9,"September",0.997876073506326,"Riwayat",283,NA,"Pesimis",0.9
2025-10-01,"KK-ORI-SED-SAC","Keripik Kentang","Makanan","Original","Sedang",2,"Sachet","120 g",11000,24,2200,"Pabrik A",10,"Oktober",1.10573460153292,"Riwayat",368,NA,"Normal",1
2025-10-01,"KK-ORI-SED-SAC","Keripik Kentang","Makanan","Original","Sedang",2,"Sachet","120 g",11000,24,2200,"Pabrik A",10,"Oktober",1.10573460153292,"Riwayat",368,NA,"Optimis",1.1
2025-10-01,"KK-ORI-SED-SAC","Keripik Kentang","Makanan","Original","Sedang",2,"Sachet","120 g",11000,24,2200,"Pabrik A",10,"Oktober",1.10573460153292,"Riwayat",368,NA,"Pesimis",0.9
2025-11-01,"KK-ORI-SED-SAC","Keripik Kentang","Makanan","Original","Sedang",2,"Sachet","120 g",11000,24,2200,"Pabrik A",11,"November",1.29356357927787,"Riwayat",611,NA,"Normal",1
2025-11-01,"KK-ORI-SED-SAC","Keripik Kentang","Makanan","Original","Sedang",2,"Sachet","120 g",11000,24,2200,"Pabrik A",11,"November",1.29356357927787,"Riwayat",611,NA,"Optimis",1.1
2025-11-01,"KK-ORI-SED-SAC","Keripik Kentang","Makanan","Original","Sedang",2,"Sachet","120 g",11000,24,2200,"Pabrik A",11,"November",1.29356357927787,"Riwayat",611,NA,"Pesimis",0.9
2025-12-01,"KK-ORI-SED-SAC","Keripik Kentang","Makanan","Original","Sedang",2,"Sachet","120 g",11000,24,2200,"Pabrik A",12,"Desember",1.40991781327916,"Riwayat",490,NA,"Normal",1
2025-12-01,"KK-ORI-SED-SAC","Keripik Kentang","Makanan","Original","Sedang",2,"Sachet","120 g",11000,24,2200,"Pabrik A",12,"Desember",1.40991781327916,"Riwayat",490,NA,"Optimis",1.1
2025-12-01,"KK-ORI-SED-SAC","Keripik Kentang","Makanan","Original","Sedang",2,"Sachet","120 g",11000,24,2200,"Pabrik A",12,"Desember",1.40991781327916,"Riwayat",490,NA,"Pesimis",0.9
2026-01-01,"KK-ORI-SED-SAC","Keripik Kentang","Makanan","Original","Sedang",2,"Sachet","120 g",11000,24,2200,"Pabrik A",1,"Januari",0.760458029365592,"Plan",NA,372.62443438914,"Normal",1
2026-01-01,"KK-ORI-SED-SAC","Keripik Kentang","Makanan","Original","Sedang",2,"Sachet","120 g",11000,24,2200,"Pabrik A",1,"Januari",0.760458029365592,"Plan",NA,409.886877828054,"Optimis",1.1
2026-01-01,"KK-ORI-SED-SAC","Keripik Kentang","Makanan","Original","Sedang",2,"Sachet","120 g",11000,24,2200,"Pabrik A",1,"Januari",0.760458029365592,"Plan",NA,335.361990950226,"Pesimis",0.9
2026-02-01,"KK-ORI-SED-SAC","Keripik Kentang","Makanan","Original","Sedang",2,"Sachet","120 g",11000,24,2200,"Pabrik A",2,"Februari",0.788253763043679,"Plan",NA,386.244343891403,"Normal",1
2026-02-01,"KK-ORI-SED-SAC","Keripik Kentang","Makanan","Original","Sedang",2,"Sachet","120 g",11000,24,2200,"Pabrik A",2,"Februari",0.788253763043679,"Plan",NA,424.868778280543,"Optimis",1.1
2026-02-01,"KK-ORI-SED-SAC","Keripik Kentang","Makanan","Original","Sedang",2,"Sachet","120 g",11000,24,2200,"Pabrik A",2,"Februari",0.788253763043679,"Plan",NA,347.619909502262,"Pesimis",0.9
2026-03-01,"KK-ORI-SED-SAC","Keripik Kentang","Makanan","Original","Sedang",2,"Sachet","120 g",11000,24,2200,"Pabrik A",3,"Maret",0.901006556468741,"Plan",NA,441.493212669683,"Normal",1
2026-03-01,"KK-ORI-SED-SAC","Keripik Kentang","Makanan","Original","Sedang",2,"Sachet","120 g",11000,24,2200,"Pabrik A",3,"Maret",0.901006556468741,"Plan",NA,485.642533936652,"Optimis",1.1
2026-03-01,"KK-ORI-SED-SAC","Keripik Kentang","Makanan","Original","Sedang",2,"Sachet","120 g",11000,24,2200,"Pabrik A",3,"Maret",0.901006556468741,"Plan",NA,397.343891402715,"Pesimis",0.9
2026-04-01,"KK-ORI-SED-SAC","Keripik Kentang","Makanan","Original","Sedang",2,"Sachet","120 g",11000,24,2200,"Pabrik A",4,"April",0.93194200757226,"Plan",NA,456.651583710407,"Normal",1
2026-04-01,"KK-ORI-SED-SAC","Keripik Kentang","Makanan","Original","Sedang",2,"Sachet","120 g",11000,24,2200,"Pabrik A",4,"April",0.93194200757226,"Plan",NA,502.316742081448,"Optimis",1.1
2026-04-01,"KK-ORI-SED-SAC","Keripik Kentang","Makanan","Original","Sedang",2,"Sachet","120 g",11000,24,2200,"Pabrik A",4,"April",0.93194200757226,"Plan",NA,410.986425339367,"Pesimis",0.9
2026-05-01,"KK-ORI-SED-SAC","Keripik Kentang","Makanan","Original","Sedang",2,"Sachet","120 g",11000,24,2200,"Pabrik A",5,"Mei",1.00212392649367,"Plan",NA,491.0407239819,"Normal",1
2026-05-01,"KK-ORI-SED-SAC","Keripik Kentang","Makanan","Original","Sedang",2,"Sachet","120 g",11000,24,2200,"Pabrik A",5,"Mei",1.00212392649367,"Plan",NA,540.14479638009,"Optimis",1.1
2026-05-01,"KK-ORI-SED-SAC","Keripik Kentang","Makanan","Original","Sedang",2,"Sachet","120 g",11000,24,2200,"Pabrik A",5,"Mei",1.00212392649367,"Plan",NA,441.93665158371,"Pesimis",0.9
2026-06-01,"KK-ORI-SED-SAC","Keripik Kentang","Makanan","Original","Sedang",2,"Sachet","120 g",11000,24,2200,"Pabrik A",6,"Juni",1.14507341398098,"Plan",NA,561.085972850679,"Normal",1
2026-06-01,"KK-ORI-SED-SAC","Keripik Kentang","Makanan","Original","Sedang",2,"Sachet","120 g",11000,24,2200,"Pabrik A",6,"Juni",1.14507341398098,"Plan",NA,617.194570135747,"Optimis",1.1
2026-06-01,"KK-ORI-SED-SAC","Keripik Kentang","Makanan","Original","Sedang",2,"Sachet","120 g",11000,24,2200,"Pabrik A",6,"Juni",1.14507341398098,"Plan",NA,504.977375565611,"Pesimis",0.9
2023-01-01,"KK-ORI-SED-SAC","Keripik Kentang","Makanan","Original","Sedang",2,"Sachet","120 g",11000,24,2200,"Pabrik B",1,"Januari",0.760458029365592,"Riwayat",127,NA,"Normal",1
2023-01-01,"KK-ORI-SED-SAC","Keripik Kentang","Makanan","Original","Sedang",2,"Sachet","120 g",11000,24,2200,"Pabrik B",1,"Januari",0.760458029365592,"Riwayat",127,NA,"Optimis",1.1
2023-01-01,"KK-ORI-SED-SAC","Keripik Kentang","Makanan","Original","Sedang",2,"Sachet","120 g",11000,24,2200,"Pabrik B",1,"Januari",0.760458029365592,"Riwayat",127,NA,"Pesimis",0.9
2023-02-01,"KK-ORI-SED-SAC","Keripik Kentang","Makanan","Original","Sedang",2,"Sachet","120 g",11000,24,2200,"Pabrik B",2,"Februari",0.788253763043679,"Riwayat",156,NA,"Normal",1
2023-02-01,"KK-ORI-SED-SAC","Keripik Kentang","Makanan","Original","Sedang",2,"Sachet","120 g",11000,24,2200,"Pabrik B",2,"Februari",0.788253763043679,"Riwayat",156,NA,"Optimis",1.1
2023-02-01,"KK-ORI-SED-SAC","Keripik Kentang","Makanan","Original","Sedang",2,"Sachet","120 g",11000,24,2200,"Pabrik B",2,"Februari",0.788253763043679,"Riwayat",156,NA,"Pesimis",0.9
2023-03-01,"KK-ORI-SED-SAC","Keripik Kentang","Makanan","Original","Sedang",2,"Sachet","120 g",11000,24,2200,"Pabrik B",3,"Maret",0.901006556468741,"Riwayat",187,NA,"Normal",1
2023-03-01,"KK-ORI-SED-SAC","Keripik Kentang","Makanan","Original","Sedang",2,"Sachet","120 g",11000,24,2200,"Pabrik B",3,"Maret",0.901006556468741,"Riwayat",187,NA,"Optimis",1.1
2023-03-01,"KK-ORI-SED-SAC","Keripik Kentang","Makanan","Original","Sedang",2,"Sachet","120 g",11000,24,2200,"Pabrik B",3,"Maret",0.901006556468741,"Riwayat",187,NA,"Pesimis",0.9
2023-04-01,"KK-ORI-SED-SAC","Keripik Kentang","Makanan","Original","Sedang",2,"Sachet","120 g",11000,24,2200,"Pabrik B",4,"April",0.93194200757226,"Riwayat",197,NA,"Normal",1
2023-04-01,"KK-ORI-SED-SAC","Keripik Kentang","Makanan","Original","Sedang",2,"Sachet","120 g",11000,24,2200,"Pabrik B",4,"April",0.93194200757226,"Riwayat",197,NA,"Optimis",1.1
2023-04-01,"KK-ORI-SED-SAC","Keripik Kentang","Makanan","Original","Sedang",2,"Sachet","120 g",11000,24,2200,"Pabrik B",4,"April",0.93194200757226,"Riwayat",197,NA,"Pesimis",0.9
2023-05-01,"KK-ORI-SED-SAC","Keripik Kentang","Makanan","Original","Sedang",2,"Sachet","120 g",11000,24,2200,"Pabrik B",5,"Mei",1.00212392649367,"Riwayat",241,NA,"Normal",1
2023-05-01,"KK-ORI-SED-SAC","Keripik Kentang","Makanan","Original","Sedang",2,"Sachet","120 g",11000,24,2200,"Pabrik B",5,"Mei",1.00212392649367,"Riwayat",241,NA,"Optimis",1.1
2023-05-01,"KK-ORI-SED-SAC","Keripik Kentang","Makanan","Original","Sedang",2,"Sachet","120 g",11000,24,2200,"Pabrik B",5,"Mei",1.00212392649367,"Riwayat",241,NA,"Pesimis",0.9
2023-06-01,"KK-ORI-SED-SAC","Keripik Kentang","Makanan","Original","Sedang",2,"Sachet","120 g",11000,24,2200,"Pabrik B",6,"Juni",1.14507341398098,"Riwayat",238,NA,"Normal",1
2023-06-01,"KK-ORI-SED-SAC","Keripik Kentang","Makanan","Original","Sedang",2,"Sachet","120 g",11000,24,2200,"Pabrik B",6,"Juni",1.14507341398098,"Riwayat",238,NA,"Optimis",1.1
2023-06-01,"KK-ORI-SED-SAC","Keripik Kentang","Makanan","Original","Sedang",2,"Sachet","120 g",11000,24,2200,"Pabrik B",6,"Juni",1.14507341398098,"Riwayat",238,NA,"Pesimis",0.9
2023-07-01,"KK-ORI-SED-SAC","Keripik Kentang","Makanan","Original","Sedang",2,"Sachet","120 g",11000,24,2200,"Pabrik B",7,"Juli",1.04783451842275,"Riwayat",243,NA,"Normal",1
2023-07-01,"KK-ORI-SED-SAC","Keripik Kentang","Makanan","Original","Sedang",2,"Sachet","120 g",11000,24,2200,"Pabrik B",7,"Juli",1.04783451842275,"Riwayat",243,NA,"Optimis",1.1
2023-07-01,"KK-ORI-SED-SAC","Keripik Kentang","Makanan","Original","Sedang",2,"Sachet","120 g",11000,24,2200,"Pabrik B",7,"Juli",1.04783451842275,"Riwayat",243,NA,"Pesimis",0.9
2023-08-01,"KK-ORI-SED-SAC","Keripik Kentang","Makanan","Original","Sedang",2,"Sachet","120 g",11000,24,2200,"Pabrik B",8,"Agustus",0.986702373256995,"Riwayat",180,NA,"Normal",1
2023-08-01,"KK-ORI-SED-SAC","Keripik Kentang","Makanan","Original","Sedang",2,"Sachet","120 g",11000,24,2200,"Pabrik B",8,"Agustus",0.986702373256995,"Riwayat",180,NA,"Optimis",1.1
2023-08-01,"KK-ORI-SED-SAC","Keripik Kentang","Makanan","Original","Sedang",2,"Sachet","120 g",11000,24,2200,"Pabrik B",8,"Agustus",0.986702373256995,"Riwayat",180,NA,"Pesimis",0.9
2023-09-01,"KK-ORI-SED-SAC","Keripik Kentang","Makanan","Original","Sedang",2,"Sachet","120 g",11000,24,2200,"Pabrik B",9,"September",0.997876073506326,"Riwayat",195,NA,"Normal",1
2023-09-01,"KK-ORI-SED-SAC","Keripik Kentang","Makanan","Original","Sedang",2,"Sachet","120 g",11000,24,2200,"Pabrik B",9,"September",0.997876073506326,"Riwayat",195,NA,"Optimis",1.1
2023-09-01,"KK-ORI-SED-SAC","Keripik Kentang","Makanan","Original","Sedang",2,"Sachet","120 g",11000,24,2200,"Pabrik B",9,"September",0.997876073506326,"Riwayat",195,NA,"Pesimis",0.9
2023-10-01,"KK-ORI-SED-SAC","Keripik Kentang","Makanan","Original","Sedang",2,"Sachet","120 g",11000,24,2200,"Pabrik B",10,"Oktober",1.10573460153292,"Riwayat",212,NA,"Normal",1
2023-10-01,"KK-ORI-SED-SAC","Keripik Kentang","Makanan","Original","Sedang",2,"Sachet","120 g",11000,24,2200,"Pabrik B",10,"Oktober",1.10573460153292,"Riwayat",212,NA,"Optimis",1.1
2023-10-01,"KK-ORI-SED-SAC","Keripik Kentang","Makanan","Original","Sedang",2,"Sachet","120 g",11000,24,2200,"Pabrik B",10,"Oktober",1.10573460153292,"Riwayat",212,NA,"Pesimis",0.9
2023-11-01,"KK-ORI-SED-SAC","Keripik Kentang","Makanan","Original","Sedang",2,"Sachet","120 g",11000,24,2200,"Pabrik B",11,"November",1.29356357927787,"Riwayat",123,NA,"Normal",1
2023-11-01,"KK-ORI-SED-SAC","Keripik Kentang","Makanan","Original","Sedang",2,"Sachet","120 g",11000,24,2200,"Pabrik B",11,"November",1.29356357927787,"Riwayat",123,NA,"Optimis",1.1
2023-11-01,"KK-ORI-SED-SAC","Keripik Kentang","Makanan","Original","Sedang",2,"Sachet","120 g",11000,24,2200,"Pabrik B",11,"November",1.29356357927787,"Riwayat",123,NA,"Pesimis",0.9
2023-12-01,"KK-ORI-SED-SAC","Keripik Kentang","Makanan","Original","Sedang",2,"Sachet","120 g",11000,24,2200,"Pabrik B",12,"Desember",1.40991781327916,"Riwayat",289,NA,"Normal",1
2023-12-01,"KK-ORI-SED-SAC","Keripik Kentang","Makanan","Original","Sedang",2,"Sachet","120 g",11000,24,2200,"Pabrik B",12,"Desember",1.40991781327916,"Riwayat",289,NA,"Optimis",1.1
2023-12-01,"KK-ORI-SED-SAC","Keripik Kentang","Makanan","Original","Sedang",2,"Sachet","120 g",11000,24,2200,"Pabrik B",12,"Desember",1.40991781327916,"Riwayat",289,NA,"Pesimis",0.9
2024-01-01,"KK-ORI-SED-SAC","Keripik Kentang","Makanan","Original","Sedang",2,"Sachet","120 g",11000,24,2200,"Pabrik B",1,"Januari",0.760458029365592,"Riwayat",150,NA,"Normal",1
2024-01-01,"KK-ORI-SED-SAC","Keripik Kentang","Makanan","Original","Sedang",2,"Sachet","120 g",11000,24,2200,"Pabrik B",1,"Januari",0.760458029365592,"Riwayat",150,NA,"Optimis",1.1
2024-01-01,"KK-ORI-SED-SAC","Keripik Kentang","Makanan","Original","Sedang",2,"Sachet","120 g",11000,24,2200,"Pabrik B",1,"Januari",0.760458029365592,"Riwayat",150,NA,"Pesimis",0.9
2024-02-01,"KK-ORI-SED-SAC","Keripik Kentang","Makanan","Original","Sedang",2,"Sachet","120 g",11000,24,2200,"Pabrik B",2,"Februari",0.788253763043679,"Riwayat",191,NA,"Normal",1
2024-02-01,"KK-ORI-SED-SAC","Keripik Kentang","Makanan","Original","Sedang",2,"Sachet","120 g",11000,24,2200,"Pabrik B",2,"Februari",0.788253763043679,"Riwayat",191,NA,"Optimis",1.1
2024-02-01,"KK-ORI-SED-SAC","Keripik Kentang","Makanan","Original","Sedang",2,"Sachet","120 g",11000,24,2200,"Pabrik B",2,"Februari",0.788253763043679,"Riwayat",191,NA,"Pesimis",0.9
2024-03-01,"KK-ORI-SED-SAC","Keripik Kentang","Makanan","Original","Sedang",2,"Sachet","120 g",11000,24,2200,"Pabrik B",3,"Maret",0.901006556468741,"Riwayat",192,NA,"Normal",1
2024-03-01,"KK-ORI-SED-SAC","Keripik Kentang","Makanan","Original","Sedang",2,"Sachet","120 g",11000,24,2200,"Pabrik B",3,"Maret",0.901006556468741,"Riwayat",192,NA,"Optimis",1.1
2024-03-01,"KK-ORI-SED-SAC","Keripik Kentang","Makanan","Original","Sedang",2,"Sachet","120 g",11000,24,2200,"Pabrik B",3,"Maret",0.901006556468741,"Riwayat",192,NA,"Pesimis",0.9
2024-04-01,"KK-ORI-SED-SAC","Keripik Kentang","Makanan","Original","Sedang",2,"Sachet","120 g",11000,24,2200,"Pabrik B",4,"April",0.93194200757226,"Riwayat",137,NA,"Normal",1
2024-04-01,"KK-ORI-SED-SAC","Keripik Kentang","Makanan","Original","Sedang",2,"Sachet","120 g",11000,24,2200,"Pabrik B",4,"April",0.93194200757226,"Riwayat",137,NA,"Optimis",1.1
2024-04-01,"KK-ORI-SED-SAC","Keripik Kentang","Makanan","Original","Sedang",2,"Sachet","120 g",11000,24,2200,"Pabrik B",4,"April",0.93194200757226,"Riwayat",137,NA,"Pesimis",0.9
2024-05-01,"KK-ORI-SED-SAC","Keripik Kentang","Makanan","Original","Sedang",2,"Sachet","120 g",11000,24,2200,"Pabrik B",5,"Mei",1.00212392649367,"Riwayat",229,NA,"Normal",1
2024-05-01,"KK-ORI-SED-SAC","Keripik Kentang","Makanan","Original","Sedang",2,"Sachet","120 g",11000,24,2200,"Pabrik B",5,"Mei",1.00212392649367,"Riwayat",229,NA,"Optimis",1.1
2024-05-01,"KK-ORI-SED-SAC","Keripik Kentang","Makanan","Original","Sedang",2,"Sachet","120 g",11000,24,2200,"Pabrik B",5,"Mei",1.00212392649367,"Riwayat",229,NA,"Pesimis",0.9
2024-06-01,"KK-ORI-SED-SAC","Keripik Kentang","Makanan","Original","Sedang",2,"Sachet","120 g",11000,24,2200,"Pabrik B",6,"Juni",1.14507341398098,"Riwayat",255,NA,"Normal",1
2024-06-01,"KK-ORI-SED-SAC","Keripik Kentang","Makanan","Original","Sedang",2,"Sachet","120 g",11000,24,2200,"Pabrik B",6,"Juni",1.14507341398098,"Riwayat",255,NA,"Optimis",1.1
2024-06-01,"KK-ORI-SED-SAC","Keripik Kentang","Makanan","Original","Sedang",2,"Sachet","120 g",11000,24,2200,"Pabrik B",6,"Juni",1.14507341398098,"Riwayat",255,NA,"Pesimis",0.9
2024-07-01,"KK-ORI-SED-SAC","Keripik Kentang","Makanan","Original","Sedang",2,"Sachet","120 g",11000,24,2200,"Pabrik B",7,"Juli",1.04783451842275,"Riwayat",211,NA,"Normal",1
2024-07-01,"KK-ORI-SED-SAC","Keripik Kentang","Makanan","Original","Sedang",2,"Sachet","120 g",11000,24,2200,"Pabrik B",7,"Juli",1.04783451842275,"Riwayat",211,NA,"Optimis",1.1
2024-07-01,"KK-ORI-SED-SAC","Keripik Kentang","Makanan","Original","Sedang",2,"Sachet","120 g",11000,24,2200,"Pabrik B",7,"Juli",1.04783451842275,"Riwayat",211,NA,"Pesimis",0.9
2024-08-01,"KK-ORI-SED-SAC","Keripik Kentang","Makanan","Original","Sedang",2,"Sachet","120 g",11000,24,2200,"Pabrik B",8,"Agustus",0.986702373256995,"Riwayat",193,NA,"Normal",1
2024-08-01,"KK-ORI-SED-SAC","Keripik Kentang","Makanan","Original","Sedang",2,"Sachet","120 g",11000,24,2200,"Pabrik B",8,"Agustus",0.986702373256995,"Riwayat",193,NA,"Optimis",1.1
2024-08-01,"KK-ORI-SED-SAC","Keripik Kentang","Makanan","Original","Sedang",2,"Sachet","120 g",11000,24,2200,"Pabrik B",8,"Agustus",0.986702373256995,"Riwayat",193,NA,"Pesimis",0.9
2024-09-01,"KK-ORI-SED-SAC","Keripik Kentang","Makanan","Original","Sedang",2,"Sachet","120 g",11000,24,2200,"Pabrik B",9,"September",0.997876073506326,"Riwayat",205,NA,"Normal",1
2024-09-01,"KK-ORI-SED-SAC","Keripik Kentang","Makanan","Original","Sedang",2,"Sachet","120 g",11000,24,2200,"Pabrik B",9,"September",0.997876073506326,"Riwayat",205,NA,"Optimis",1.1
2024-09-01,"KK-ORI-SED-SAC","Keripik Kentang","Makanan","Original","Sedang",2,"Sachet","120 g",11000,24,2200,"Pabrik B",9,"September",0.997876073506326,"Riwayat",205,NA,"Pesimis",0.9
2024-10-01,"KK-ORI-SED-SAC","Keripik Kentang","Makanan","Original","Sedang",2,"Sachet","120 g",11000,24,2200,"Pabrik B",10,"Oktober",1.10573460153292,"Riwayat",242,NA,"Normal",1
2024-10-01,"KK-ORI-SED-SAC","Keripik Kentang","Makanan","Original","Sedang",2,"Sachet","120 g",11000,24,2200,"Pabrik B",10,"Oktober",1.10573460153292,"Riwayat",242,NA,"Optimis",1.1
2024-10-01,"KK-ORI-SED-SAC","Keripik Kentang","Makanan","Original","Sedang",2,"Sachet","120 g",11000,24,2200,"Pabrik B",10,"Oktober",1.10573460153292,"Riwayat",242,NA,"Pesimis",0.9
2024-11-01,"KK-ORI-SED-SAC","Keripik Kentang","Makanan","Original","Sedang",2,"Sachet","120 g",11000,24,2200,"Pabrik B",11,"November",1.29356357927787,"Riwayat",283,NA,"Normal",1
2024-11-01,"KK-ORI-SED-SAC","Keripik Kentang","Makanan","Original","Sedang",2,"Sachet","120 g",11000,24,2200,"Pabrik B",11,"November",1.29356357927787,"Riwayat",283,NA,"Optimis",1.1
2024-11-01,"KK-ORI-SED-SAC","Keripik Kentang","Makanan","Original","Sedang",2,"Sachet","120 g",11000,24,2200,"Pabrik B",11,"November",1.29356357927787,"Riwayat",283,NA,"Pesimis",0.9
2024-12-01,"KK-ORI-SED-SAC","Keripik Kentang","Makanan","Original","Sedang",2,"Sachet","120 g",11000,24,2200,"Pabrik B",12,"Desember",1.40991781327916,"Riwayat",241,NA,"Normal",1
2024-12-01,"KK-ORI-SED-SAC","Keripik Kentang","Makanan","Original","Sedang",2,"Sachet","120 g",11000,24,2200,"Pabrik B",12,"Desember",1.40991781327916,"Riwayat",241,NA,"Optimis",1.1
2024-12-01,"KK-ORI-SED-SAC","Keripik Kentang","Makanan","Original","Sedang",2,"Sachet","120 g",11000,24,2200,"Pabrik B",12,"Desember",1.40991781327916,"Riwayat",241,NA,"Pesimis",0.9
2025-01-01,"KK-ORI-SED-SAC","Keripik Kentang","Makanan","Original","Sedang",2,"Sachet","120 g",11000,24,2200,"Pabrik B",1,"Januari",0.760458029365592,"Riwayat",177,NA,"Normal",1
2025-01-01,"KK-ORI-SED-SAC","Keripik Kentang","Makanan","Original","Sedang",2,"Sachet","120 g",11000,24,2200,"Pabrik B",1,"Januari",0.760458029365592,"Riwayat",177,NA,"Optimis",1.1
2025-01-01,"KK-ORI-SED-SAC","Keripik Kentang","Makanan","Original","Sedang",2,"Sachet","120 g",11000,24,2200,"Pabrik B",1,"Januari",0.760458029365592,"Riwayat",177,NA,"Pesimis",0.9
2025-02-01,"KK-ORI-SED-SAC","Keripik Kentang","Makanan","Original","Sedang",2,"Sachet","120 g",11000,24,2200,"Pabrik B",2,"Februari",0.788253763043679,"Riwayat",195,NA,"Normal",1
2025-02-01,"KK-ORI-SED-SAC","Keripik Kentang","Makanan","Original","Sedang",2,"Sachet","120 g",11000,24,2200,"Pabrik B",2,"Februari",0.788253763043679,"Riwayat",195,NA,"Optimis",1.1
2025-02-01,"KK-ORI-SED-SAC","Keripik Kentang","Makanan","Original","Sedang",2,"Sachet","120 g",11000,24,2200,"Pabrik B",2,"Februari",0.788253763043679,"Riwayat",195,NA,"Pesimis",0.9
2025-03-01,"KK-ORI-SED-SAC","Keripik Kentang","Makanan","Original","Sedang",2,"Sachet","120 g",11000,24,2200,"Pabrik B",3,"Maret",0.901006556468741,"Riwayat",192,NA,"Normal",1
2025-03-01,"KK-ORI-SED-SAC","Keripik Kentang","Makanan","Original","Sedang",2,"Sachet","120 g",11000,24,2200,"Pabrik B",3,"Maret",0.901006556468741,"Riwayat",192,NA,"Optimis",1.1
2025-03-01,"KK-ORI-SED-SAC","Keripik Kentang","Makanan","Original","Sedang",2,"Sachet","120 g",11000,24,2200,"Pabrik B",3,"Maret",0.901006556468741,"Riwayat",192,NA,"Pesimis",0.9
2025-04-01,"KK-ORI-SED-SAC","Keripik Kentang","Makanan","Original","Sedang",2,"Sachet","120 g",11000,24,2200,"Pabrik B",4,"April",0.93194200757226,"Riwayat",225,NA,"Normal",1
2025-04-01,"KK-ORI-SED-SAC","Keripik Kentang","Makanan","Original","Sedang",2,"Sachet","120 g",11000,24,2200,"Pabrik B",4,"April",0.93194200757226,"Riwayat",225,NA,"Optimis",1.1
2025-04-01,"KK-ORI-SED-SAC","Keripik Kentang","Makanan","Original","Sedang",2,"Sachet","120 g",11000,24,2200,"Pabrik B",4,"April",0.93194200757226,"Riwayat",225,NA,"Pesimis",0.9
2025-05-01,"KK-ORI-SED-SAC","Keripik Kentang","Makanan","Original","Sedang",2,"Sachet","120 g",11000,24,2200,"Pabrik B",5,"Mei",1.00212392649367,"Riwayat",251,NA,"Normal",1
2025-05-01,"KK-ORI-SED-SAC","Keripik Kentang","Makanan","Original","Sedang",2,"Sachet","120 g",11000,24,2200,"Pabrik B",5,"Mei",1.00212392649367,"Riwayat",251,NA,"Optimis",1.1
2025-05-01,"KK-ORI-SED-SAC","Keripik Kentang","Makanan","Original","Sedang",2,"Sachet","120 g",11000,24,2200,"Pabrik B",5,"Mei",1.00212392649367,"Riwayat",251,NA,"Pesimis",0.9
2025-06-01,"KK-ORI-SED-SAC","Keripik Kentang","Makanan","Original","Sedang",2,"Sachet","120 g",11000,24,2200,"Pabrik B",6,"Juni",1.14507341398098,"Riwayat",257,NA,"Normal",1
2025-06-01,"KK-ORI-SED-SAC","Keripik Kentang","Makanan","Original","Sedang",2,"Sachet","120 g",11000,24,2200,"Pabrik B",6,"Juni",1.14507341398098,"Riwayat",257,NA,"Optimis",1.1
2025-06-01,"KK-ORI-SED-SAC","Keripik Kentang","Makanan","Original","Sedang",2,"Sachet","120 g",11000,24,2200,"Pabrik B",6,"Juni",1.14507341398098,"Riwayat",257,NA,"Pesimis",0.9
2025-07-01,"KK-ORI-SED-SAC","Keripik Kentang","Makanan","Original","Sedang",2,"Sachet","120 g",11000,24,2200,"Pabrik B",7,"Juli",1.04783451842275,"Riwayat",236,NA,"Normal",1
2025-07-01,"KK-ORI-SED-SAC","Keripik Kentang","Makanan","Original","Sedang",2,"Sachet","120 g",11000,24,2200,"Pabrik B",7,"Juli",1.04783451842275,"Riwayat",236,NA,"Optimis",1.1
2025-07-01,"KK-ORI-SED-SAC","Keripik Kentang","Makanan","Original","Sedang",2,"Sachet","120 g",11000,24,2200,"Pabrik B",7,"Juli",1.04783451842275,"Riwayat",236,NA,"Pesimis",0.9
2025-08-01,"KK-ORI-SED-SAC","Keripik Kentang","Makanan","Original","Sedang",2,"Sachet","120 g",11000,24,2200,"Pabrik B",8,"Agustus",0.986702373256995,"Riwayat",197,NA,"Normal",1
2025-08-01,"KK-ORI-SED-SAC","Keripik Kentang","Makanan","Original","Sedang",2,"Sachet","120 g",11000,24,2200,"Pabrik B",8,"Agustus",0.986702373256995,"Riwayat",197,NA,"Optimis",1.1
2025-08-01,"KK-ORI-SED-SAC","Keripik Kentang","Makanan","Original","Sedang",2,"Sachet","120 g",11000,24,2200,"Pabrik B",8,"Agustus",0.986702373256995,"Riwayat",197,NA,"Pesimis",0.9
2025-09-01,"KK-ORI-SED-SAC","Keripik Kentang","Makanan","Original","Sedang",2,"Sachet","120 g",11000,24,2200,"Pabrik B",9,"September",0.997876073506326,"Riwayat",208,NA,"Normal",1
2025-09-01,"KK-ORI-SED-SAC","Keripik Kentang","Makanan","Original","Sedang",2,"Sachet","120 g",11000,24,2200,"Pabrik B",9,"September",0.997876073506326,"Riwayat",208,NA,"Optimis",1.1
2025-09-01,"KK-ORI-SED-SAC","Keripik Kentang","Makanan","Original","Sedang",2,"Sachet","120 g",11000,24,2200,"Pabrik B",9,"September",0.997876073506326,"Riwayat",208,NA,"Pesimis",0.9
2025-10-01,"KK-ORI-SED-SAC","Keripik Kentang","Makanan","Original","Sedang",2,"Sachet","120 g",11000,24,2200,"Pabrik B",10,"Oktober",1.10573460153292,"Riwayat",215,NA,"Normal",1
2025-10-01,"KK-ORI-SED-SAC","Keripik Kentang","Makanan","Original","Sedang",2,"Sachet","120 g",11000,24,2200,"Pabrik B",10,"Oktober",1.10573460153292,"Riwayat",215,NA,"Optimis",1.1
2025-10-01,"KK-ORI-SED-SAC","Keripik Kentang","Makanan","Original","Sedang",2,"Sachet","120 g",11000,24,2200,"Pabrik B",10,"Oktober",1.10573460153292,"Riwayat",215,NA,"Pesimis",0.9
2025-11-01,"KK-ORI-SED-SAC","Keripik Kentang","Makanan","Original","Sedang",2,"Sachet","120 g",11000,24,2200,"Pabrik B",11,"November",1.29356357927787,"Riwayat",353,NA,"Normal",1
2025-11-01,"KK-ORI-SED-SAC","Keripik Kentang","Makanan","Original","Sedang",2,"Sachet","120 g",11000,24,2200,"Pabrik B",11,"November",1.29356357927787,"Riwayat",353,NA,"Optimis",1.1
2025-11-01,"KK-ORI-SED-SAC","Keripik Kentang","Makanan","Original","Sedang",2,"Sachet","120 g",11000,24,2200,"Pabrik B",11,"November",1.29356357927787,"Riwayat",353,NA,"Pesimis",0.9
2025-12-01,"KK-ORI-SED-SAC","Keripik Kentang","Makanan","Original","Sedang",2,"Sachet","120 g",11000,24,2200,"Pabrik B",12,"Desember",1.40991781327916,"Riwayat",290,NA,"Normal",1
2025-12-01,"KK-ORI-SED-SAC","Keripik Kentang","Makanan","Original","Sedang",2,"Sachet","120 g",11000,24,2200,"Pabrik B",12,"Desember",1.40991781327916,"Riwayat",290,NA,"Optimis",1.1
2025-12-01,"KK-ORI-SED-SAC","Keripik Kentang","Makanan","Original","Sedang",2,"Sachet","120 g",11000,24,2200,"Pabrik B",12,"Desember",1.40991781327916,"Riwayat",290,NA,"Pesimis",0.9
2026-01-01,"KK-ORI-SED-SAC","Keripik Kentang","Makanan","Original","Sedang",2,"Sachet","120 g",11000,24,2200,"Pabrik B",1,"Januari",0.760458029365592,"Plan",NA,220.532828516022,"Normal",1
2026-01-01,"KK-ORI-SED-SAC","Keripik Kentang","Makanan","Original","Sedang",2,"Sachet","120 g",11000,24,2200,"Pabrik B",1,"Januari",0.760458029365592,"Plan",NA,242.586111367624,"Optimis",1.1
2026-01-01,"KK-ORI-SED-SAC","Keripik Kentang","Makanan","Original","Sedang",2,"Sachet","120 g",11000,24,2200,"Pabrik B",1,"Januari",0.760458029365592,"Plan",NA,198.47954566442,"Pesimis",0.9
2026-02-01,"KK-ORI-SED-SAC","Keripik Kentang","Makanan","Original","Sedang",2,"Sachet","120 g",11000,24,2200,"Pabrik B",2,"Februari",0.788253763043679,"Plan",NA,228.593591282667,"Normal",1
2026-02-01,"KK-ORI-SED-SAC","Keripik Kentang","Makanan","Original","Sedang",2,"Sachet","120 g",11000,24,2200,"Pabrik B",2,"Februari",0.788253763043679,"Plan",NA,251.452950410934,"Optimis",1.1
2026-02-01,"KK-ORI-SED-SAC","Keripik Kentang","Makanan","Original","Sedang",2,"Sachet","120 g",11000,24,2200,"Pabrik B",2,"Februari",0.788253763043679,"Plan",NA,205.7342321544,"Pesimis",0.9
2026-03-01,"KK-ORI-SED-SAC","Keripik Kentang","Makanan","Original","Sedang",2,"Sachet","120 g",11000,24,2200,"Pabrik B",3,"Maret",0.901006556468741,"Plan",NA,261.291901375935,"Normal",1
2026-03-01,"KK-ORI-SED-SAC","Keripik Kentang","Makanan","Original","Sedang",2,"Sachet","120 g",11000,24,2200,"Pabrik B",3,"Maret",0.901006556468741,"Plan",NA,287.421091513529,"Optimis",1.1
2026-03-01,"KK-ORI-SED-SAC","Keripik Kentang","Makanan","Original","Sedang",2,"Sachet","120 g",11000,24,2200,"Pabrik B",3,"Maret",0.901006556468741,"Plan",NA,235.162711238342,"Pesimis",0.9
2026-04-01,"KK-ORI-SED-SAC","Keripik Kentang","Makanan","Original","Sedang",2,"Sachet","120 g",11000,24,2200,"Pabrik B",4,"April",0.93194200757226,"Plan",NA,270.263182195955,"Normal",1
2026-04-01,"KK-ORI-SED-SAC","Keripik Kentang","Makanan","Original","Sedang",2,"Sachet","120 g",11000,24,2200,"Pabrik B",4,"April",0.93194200757226,"Plan",NA,297.289500415551,"Optimis",1.1
2026-04-01,"KK-ORI-SED-SAC","Keripik Kentang","Makanan","Original","Sedang",2,"Sachet","120 g",11000,24,2200,"Pabrik B",4,"April",0.93194200757226,"Plan",NA,243.23686397636,"Pesimis",0.9
2026-05-01,"KK-ORI-SED-SAC","Keripik Kentang","Makanan","Original","Sedang",2,"Sachet","120 g",11000,24,2200,"Pabrik B",5,"Mei",1.00212392649367,"Plan",NA,290.615938683166,"Normal",1
2026-05-01,"KK-ORI-SED-SAC","Keripik Kentang","Makanan","Original","Sedang",2,"Sachet","120 g",11000,24,2200,"Pabrik B",5,"Mei",1.00212392649367,"Plan",NA,319.677532551482,"Optimis",1.1
2026-05-01,"KK-ORI-SED-SAC","Keripik Kentang","Makanan","Original","Sedang",2,"Sachet","120 g",11000,24,2200,"Pabrik B",5,"Mei",1.00212392649367,"Plan",NA,261.554344814849,"Pesimis",0.9
2026-06-01,"KK-ORI-SED-SAC","Keripik Kentang","Makanan","Original","Sedang",2,"Sachet","120 g",11000,24,2200,"Pabrik B",6,"Juni",1.14507341398098,"Plan",NA,332.071290054483,"Normal",1
2026-06-01,"KK-ORI-SED-SAC","Keripik Kentang","Makanan","Original","Sedang",2,"Sachet","120 g",11000,24,2200,"Pabrik B",6,"Juni",1.14507341398098,"Plan",NA,365.278419059932,"Optimis",1.1
2026-06-01,"KK-ORI-SED-SAC","Keripik Kentang","Makanan","Original","Sedang",2,"Sachet","120 g",11000,24,2200,"Pabrik B",6,"Juni",1.14507341398098,"Plan",NA,298.864161049035,"Pesimis",0.9
2023-01-01,"KK-PAP-BES-POU","Keripik Kentang","Makanan","Paprika","Besar",3,"Pouch","250 g",22000,12,2200,"Pabrik A",1,"Januari",0.760458029365592,"Riwayat",151,NA,"Normal",1
2023-01-01,"KK-PAP-BES-POU","Keripik Kentang","Makanan","Paprika","Besar",3,"Pouch","250 g",22000,12,2200,"Pabrik A",1,"Januari",0.760458029365592,"Riwayat",151,NA,"Optimis",1.1
2023-01-01,"KK-PAP-BES-POU","Keripik Kentang","Makanan","Paprika","Besar",3,"Pouch","250 g",22000,12,2200,"Pabrik A",1,"Januari",0.760458029365592,"Riwayat",151,NA,"Pesimis",0.9
2023-02-01,"KK-PAP-BES-POU","Keripik Kentang","Makanan","Paprika","Besar",3,"Pouch","250 g",22000,12,2200,"Pabrik A",2,"Februari",0.788253763043679,"Riwayat",192,NA,"Normal",1
2023-02-01,"KK-PAP-BES-POU","Keripik Kentang","Makanan","Paprika","Besar",3,"Pouch","250 g",22000,12,2200,"Pabrik A",2,"Februari",0.788253763043679,"Riwayat",192,NA,"Optimis",1.1
2023-02-01,"KK-PAP-BES-POU","Keripik Kentang","Makanan","Paprika","Besar",3,"Pouch","250 g",22000,12,2200,"Pabrik A",2,"Februari",0.788253763043679,"Riwayat",192,NA,"Pesimis",0.9
2023-03-01,"KK-PAP-BES-POU","Keripik Kentang","Makanan","Paprika","Besar",3,"Pouch","250 g",22000,12,2200,"Pabrik A",3,"Maret",0.901006556468741,"Riwayat",183,NA,"Normal",1
2023-03-01,"KK-PAP-BES-POU","Keripik Kentang","Makanan","Paprika","Besar",3,"Pouch","250 g",22000,12,2200,"Pabrik A",3,"Maret",0.901006556468741,"Riwayat",183,NA,"Optimis",1.1
2023-03-01,"KK-PAP-BES-POU","Keripik Kentang","Makanan","Paprika","Besar",3,"Pouch","250 g",22000,12,2200,"Pabrik A",3,"Maret",0.901006556468741,"Riwayat",183,NA,"Pesimis",0.9
2023-04-01,"KK-PAP-BES-POU","Keripik Kentang","Makanan","Paprika","Besar",3,"Pouch","250 g",22000,12,2200,"Pabrik A",4,"April",0.93194200757226,"Riwayat",232,NA,"Normal",1
2023-04-01,"KK-PAP-BES-POU","Keripik Kentang","Makanan","Paprika","Besar",3,"Pouch","250 g",22000,12,2200,"Pabrik A",4,"April",0.93194200757226,"Riwayat",232,NA,"Optimis",1.1
2023-04-01,"KK-PAP-BES-POU","Keripik Kentang","Makanan","Paprika","Besar",3,"Pouch","250 g",22000,12,2200,"Pabrik A",4,"April",0.93194200757226,"Riwayat",232,NA,"Pesimis",0.9
2023-05-01,"KK-PAP-BES-POU","Keripik Kentang","Makanan","Paprika","Besar",3,"Pouch","250 g",22000,12,2200,"Pabrik A",5,"Mei",1.00212392649367,"Riwayat",246,NA,"Normal",1
2023-05-01,"KK-PAP-BES-POU","Keripik Kentang","Makanan","Paprika","Besar",3,"Pouch","250 g",22000,12,2200,"Pabrik A",5,"Mei",1.00212392649367,"Riwayat",246,NA,"Optimis",1.1
2023-05-01,"KK-PAP-BES-POU","Keripik Kentang","Makanan","Paprika","Besar",3,"Pouch","250 g",22000,12,2200,"Pabrik A",5,"Mei",1.00212392649367,"Riwayat",246,NA,"Pesimis",0.9
2023-06-01,"KK-PAP-BES-POU","Keripik Kentang","Makanan","Paprika","Besar",3,"Pouch","250 g",22000,12,2200,"Pabrik A",6,"Juni",1.14507341398098,"Riwayat",243,NA,"Normal",1
2023-06-01,"KK-PAP-BES-POU","Keripik Kentang","Makanan","Paprika","Besar",3,"Pouch","250 g",22000,12,2200,"Pabrik A",6,"Juni",1.14507341398098,"Riwayat",243,NA,"Optimis",1.1
2023-06-01,"KK-PAP-BES-POU","Keripik Kentang","Makanan","Paprika","Besar",3,"Pouch","250 g",22000,12,2200,"Pabrik A",6,"Juni",1.14507341398098,"Riwayat",243,NA,"Pesimis",0.9
2023-07-01,"KK-PAP-BES-POU","Keripik Kentang","Makanan","Paprika","Besar",3,"Pouch","250 g",22000,12,2200,"Pabrik A",7,"Juli",1.04783451842275,"Riwayat",236,NA,"Normal",1
2023-07-01,"KK-PAP-BES-POU","Keripik Kentang","Makanan","Paprika","Besar",3,"Pouch","250 g",22000,12,2200,"Pabrik A",7,"Juli",1.04783451842275,"Riwayat",236,NA,"Optimis",1.1
2023-07-01,"KK-PAP-BES-POU","Keripik Kentang","Makanan","Paprika","Besar",3,"Pouch","250 g",22000,12,2200,"Pabrik A",7,"Juli",1.04783451842275,"Riwayat",236,NA,"Pesimis",0.9
2023-08-01,"KK-PAP-BES-POU","Keripik Kentang","Makanan","Paprika","Besar",3,"Pouch","250 g",22000,12,2200,"Pabrik A",8,"Agustus",0.986702373256995,"Riwayat",211,NA,"Normal",1
2023-08-01,"KK-PAP-BES-POU","Keripik Kentang","Makanan","Paprika","Besar",3,"Pouch","250 g",22000,12,2200,"Pabrik A",8,"Agustus",0.986702373256995,"Riwayat",211,NA,"Optimis",1.1
2023-08-01,"KK-PAP-BES-POU","Keripik Kentang","Makanan","Paprika","Besar",3,"Pouch","250 g",22000,12,2200,"Pabrik A",8,"Agustus",0.986702373256995,"Riwayat",211,NA,"Pesimis",0.9
2023-09-01,"KK-PAP-BES-POU","Keripik Kentang","Makanan","Paprika","Besar",3,"Pouch","250 g",22000,12,2200,"Pabrik A",9,"September",0.997876073506326,"Riwayat",208,NA,"Normal",1
2023-09-01,"KK-PAP-BES-POU","Keripik Kentang","Makanan","Paprika","Besar",3,"Pouch","250 g",22000,12,2200,"Pabrik A",9,"September",0.997876073506326,"Riwayat",208,NA,"Optimis",1.1
2023-09-01,"KK-PAP-BES-POU","Keripik Kentang","Makanan","Paprika","Besar",3,"Pouch","250 g",22000,12,2200,"Pabrik A",9,"September",0.997876073506326,"Riwayat",208,NA,"Pesimis",0.9
2023-10-01,"KK-PAP-BES-POU","Keripik Kentang","Makanan","Paprika","Besar",3,"Pouch","250 g",22000,12,2200,"Pabrik A",10,"Oktober",1.10573460153292,"Riwayat",277,NA,"Normal",1
2023-10-01,"KK-PAP-BES-POU","Keripik Kentang","Makanan","Paprika","Besar",3,"Pouch","250 g",22000,12,2200,"Pabrik A",10,"Oktober",1.10573460153292,"Riwayat",277,NA,"Optimis",1.1
2023-10-01,"KK-PAP-BES-POU","Keripik Kentang","Makanan","Paprika","Besar",3,"Pouch","250 g",22000,12,2200,"Pabrik A",10,"Oktober",1.10573460153292,"Riwayat",277,NA,"Pesimis",0.9
2023-11-01,"KK-PAP-BES-POU","Keripik Kentang","Makanan","Paprika","Besar",3,"Pouch","250 g",22000,12,2200,"Pabrik A",11,"November",1.29356357927787,"Riwayat",283,NA,"Normal",1
2023-11-01,"KK-PAP-BES-POU","Keripik Kentang","Makanan","Paprika","Besar",3,"Pouch","250 g",22000,12,2200,"Pabrik A",11,"November",1.29356357927787,"Riwayat",283,NA,"Optimis",1.1
2023-11-01,"KK-PAP-BES-POU","Keripik Kentang","Makanan","Paprika","Besar",3,"Pouch","250 g",22000,12,2200,"Pabrik A",11,"November",1.29356357927787,"Riwayat",283,NA,"Pesimis",0.9
2023-12-01,"KK-PAP-BES-POU","Keripik Kentang","Makanan","Paprika","Besar",3,"Pouch","250 g",22000,12,2200,"Pabrik A",12,"Desember",1.40991781327916,"Riwayat",278,NA,"Normal",1
2023-12-01,"KK-PAP-BES-POU","Keripik Kentang","Makanan","Paprika","Besar",3,"Pouch","250 g",22000,12,2200,"Pabrik A",12,"Desember",1.40991781327916,"Riwayat",278,NA,"Optimis",1.1
2023-12-01,"KK-PAP-BES-POU","Keripik Kentang","Makanan","Paprika","Besar",3,"Pouch","250 g",22000,12,2200,"Pabrik A",12,"Desember",1.40991781327916,"Riwayat",278,NA,"Pesimis",0.9
2024-01-01,"KK-PAP-BES-POU","Keripik Kentang","Makanan","Paprika","Besar",3,"Pouch","250 g",22000,12,2200,"Pabrik A",1,"Januari",0.760458029365592,"Riwayat",182,NA,"Normal",1
2024-01-01,"KK-PAP-BES-POU","Keripik Kentang","Makanan","Paprika","Besar",3,"Pouch","250 g",22000,12,2200,"Pabrik A",1,"Januari",0.760458029365592,"Riwayat",182,NA,"Optimis",1.1
2024-01-01,"KK-PAP-BES-POU","Keripik Kentang","Makanan","Paprika","Besar",3,"Pouch","250 g",22000,12,2200,"Pabrik A",1,"Januari",0.760458029365592,"Riwayat",182,NA,"Pesimis",0.9
2024-02-01,"KK-PAP-BES-POU","Keripik Kentang","Makanan","Paprika","Besar",3,"Pouch","250 g",22000,12,2200,"Pabrik A",2,"Februari",0.788253763043679,"Riwayat",197,NA,"Normal",1
2024-02-01,"KK-PAP-BES-POU","Keripik Kentang","Makanan","Paprika","Besar",3,"Pouch","250 g",22000,12,2200,"Pabrik A",2,"Februari",0.788253763043679,"Riwayat",197,NA,"Optimis",1.1
2024-02-01,"KK-PAP-BES-POU","Keripik Kentang","Makanan","Paprika","Besar",3,"Pouch","250 g",22000,12,2200,"Pabrik A",2,"Februari",0.788253763043679,"Riwayat",197,NA,"Pesimis",0.9
2024-03-01,"KK-PAP-BES-POU","Keripik Kentang","Makanan","Paprika","Besar",3,"Pouch","250 g",22000,12,2200,"Pabrik A",3,"Maret",0.901006556468741,"Riwayat",230,NA,"Normal",1
2024-03-01,"KK-PAP-BES-POU","Keripik Kentang","Makanan","Paprika","Besar",3,"Pouch","250 g",22000,12,2200,"Pabrik A",3,"Maret",0.901006556468741,"Riwayat",230,NA,"Optimis",1.1
2024-03-01,"KK-PAP-BES-POU","Keripik Kentang","Makanan","Paprika","Besar",3,"Pouch","250 g",22000,12,2200,"Pabrik A",3,"Maret",0.901006556468741,"Riwayat",230,NA,"Pesimis",0.9
2024-04-01,"KK-PAP-BES-POU","Keripik Kentang","Makanan","Paprika","Besar",3,"Pouch","250 g",22000,12,2200,"Pabrik A",4,"April",0.93194200757226,"Riwayat",231,NA,"Normal",1
2024-04-01,"KK-PAP-BES-POU","Keripik Kentang","Makanan","Paprika","Besar",3,"Pouch","250 g",22000,12,2200,"Pabrik A",4,"April",0.93194200757226,"Riwayat",231,NA,"Optimis",1.1
2024-04-01,"KK-PAP-BES-POU","Keripik Kentang","Makanan","Paprika","Besar",3,"Pouch","250 g",22000,12,2200,"Pabrik A",4,"April",0.93194200757226,"Riwayat",231,NA,"Pesimis",0.9
2024-05-01,"KK-PAP-BES-POU","Keripik Kentang","Makanan","Paprika","Besar",3,"Pouch","250 g",22000,12,2200,"Pabrik A",5,"Mei",1.00212392649367,"Riwayat",240,NA,"Normal",1
2024-05-01,"KK-PAP-BES-POU","Keripik Kentang","Makanan","Paprika","Besar",3,"Pouch","250 g",22000,12,2200,"Pabrik A",5,"Mei",1.00212392649367,"Riwayat",240,NA,"Optimis",1.1
2024-05-01,"KK-PAP-BES-POU","Keripik Kentang","Makanan","Paprika","Besar",3,"Pouch","250 g",22000,12,2200,"Pabrik A",5,"Mei",1.00212392649367,"Riwayat",240,NA,"Pesimis",0.9
2024-06-01,"KK-PAP-BES-POU","Keripik Kentang","Makanan","Paprika","Besar",3,"Pouch","250 g",22000,12,2200,"Pabrik A",6,"Juni",1.14507341398098,"Riwayat",250,NA,"Normal",1
2024-06-01,"KK-PAP-BES-POU","Keripik Kentang","Makanan","Paprika","Besar",3,"Pouch","250 g",22000,12,2200,"Pabrik A",6,"Juni",1.14507341398098,"Riwayat",250,NA,"Optimis",1.1
2024-06-01,"KK-PAP-BES-POU","Keripik Kentang","Makanan","Paprika","Besar",3,"Pouch","250 g",22000,12,2200,"Pabrik A",6,"Juni",1.14507341398098,"Riwayat",250,NA,"Pesimis",0.9
2024-07-01,"KK-PAP-BES-POU","Keripik Kentang","Makanan","Paprika","Besar",3,"Pouch","250 g",22000,12,2200,"Pabrik A",7,"Juli",1.04783451842275,"Riwayat",269,NA,"Normal",1
2024-07-01,"KK-PAP-BES-POU","Keripik Kentang","Makanan","Paprika","Besar",3,"Pouch","250 g",22000,12,2200,"Pabrik A",7,"Juli",1.04783451842275,"Riwayat",269,NA,"Optimis",1.1
2024-07-01,"KK-PAP-BES-POU","Keripik Kentang","Makanan","Paprika","Besar",3,"Pouch","250 g",22000,12,2200,"Pabrik A",7,"Juli",1.04783451842275,"Riwayat",269,NA,"Pesimis",0.9
2024-08-01,"KK-PAP-BES-POU","Keripik Kentang","Makanan","Paprika","Besar",3,"Pouch","250 g",22000,12,2200,"Pabrik A",8,"Agustus",0.986702373256995,"Riwayat",267,NA,"Normal",1
2024-08-01,"KK-PAP-BES-POU","Keripik Kentang","Makanan","Paprika","Besar",3,"Pouch","250 g",22000,12,2200,"Pabrik A",8,"Agustus",0.986702373256995,"Riwayat",267,NA,"Optimis",1.1
2024-08-01,"KK-PAP-BES-POU","Keripik Kentang","Makanan","Paprika","Besar",3,"Pouch","250 g",22000,12,2200,"Pabrik A",8,"Agustus",0.986702373256995,"Riwayat",267,NA,"Pesimis",0.9
2024-09-01,"KK-PAP-BES-POU","Keripik Kentang","Makanan","Paprika","Besar",3,"Pouch","250 g",22000,12,2200,"Pabrik A",9,"September",0.997876073506326,"Riwayat",287,NA,"Normal",1
2024-09-01,"KK-PAP-BES-POU","Keripik Kentang","Makanan","Paprika","Besar",3,"Pouch","250 g",22000,12,2200,"Pabrik A",9,"September",0.997876073506326,"Riwayat",287,NA,"Optimis",1.1
2024-09-01,"KK-PAP-BES-POU","Keripik Kentang","Makanan","Paprika","Besar",3,"Pouch","250 g",22000,12,2200,"Pabrik A",9,"September",0.997876073506326,"Riwayat",287,NA,"Pesimis",0.9
2024-10-01,"KK-PAP-BES-POU","Keripik Kentang","Makanan","Paprika","Besar",3,"Pouch","250 g",22000,12,2200,"Pabrik A",10,"Oktober",1.10573460153292,"Riwayat",316,NA,"Normal",1
2024-10-01,"KK-PAP-BES-POU","Keripik Kentang","Makanan","Paprika","Besar",3,"Pouch","250 g",22000,12,2200,"Pabrik A",10,"Oktober",1.10573460153292,"Riwayat",316,NA,"Optimis",1.1
2024-10-01,"KK-PAP-BES-POU","Keripik Kentang","Makanan","Paprika","Besar",3,"Pouch","250 g",22000,12,2200,"Pabrik A",10,"Oktober",1.10573460153292,"Riwayat",316,NA,"Pesimis",0.9
2024-11-01,"KK-PAP-BES-POU","Keripik Kentang","Makanan","Paprika","Besar",3,"Pouch","250 g",22000,12,2200,"Pabrik A",11,"November",1.29356357927787,"Riwayat",329,NA,"Normal",1
2024-11-01,"KK-PAP-BES-POU","Keripik Kentang","Makanan","Paprika","Besar",3,"Pouch","250 g",22000,12,2200,"Pabrik A",11,"November",1.29356357927787,"Riwayat",329,NA,"Optimis",1.1
2024-11-01,"KK-PAP-BES-POU","Keripik Kentang","Makanan","Paprika","Besar",3,"Pouch","250 g",22000,12,2200,"Pabrik A",11,"November",1.29356357927787,"Riwayat",329,NA,"Pesimis",0.9
2024-12-01,"KK-PAP-BES-POU","Keripik Kentang","Makanan","Paprika","Besar",3,"Pouch","250 g",22000,12,2200,"Pabrik A",12,"Desember",1.40991781327916,"Riwayat",381,NA,"Normal",1
2024-12-01,"KK-PAP-BES-POU","Keripik Kentang","Makanan","Paprika","Besar",3,"Pouch","250 g",22000,12,2200,"Pabrik A",12,"Desember",1.40991781327916,"Riwayat",381,NA,"Optimis",1.1
2024-12-01,"KK-PAP-BES-POU","Keripik Kentang","Makanan","Paprika","Besar",3,"Pouch","250 g",22000,12,2200,"Pabrik A",12,"Desember",1.40991781327916,"Riwayat",381,NA,"Pesimis",0.9
2025-01-01,"KK-PAP-BES-POU","Keripik Kentang","Makanan","Paprika","Besar",3,"Pouch","250 g",22000,12,2200,"Pabrik A",1,"Januari",0.760458029365592,"Riwayat",237,NA,"Normal",1
2025-01-01,"KK-PAP-BES-POU","Keripik Kentang","Makanan","Paprika","Besar",3,"Pouch","250 g",22000,12,2200,"Pabrik A",1,"Januari",0.760458029365592,"Riwayat",237,NA,"Optimis",1.1
2025-01-01,"KK-PAP-BES-POU","Keripik Kentang","Makanan","Paprika","Besar",3,"Pouch","250 g",22000,12,2200,"Pabrik A",1,"Januari",0.760458029365592,"Riwayat",237,NA,"Pesimis",0.9
2025-02-01,"KK-PAP-BES-POU","Keripik Kentang","Makanan","Paprika","Besar",3,"Pouch","250 g",22000,12,2200,"Pabrik A",2,"Februari",0.788253763043679,"Riwayat",268,NA,"Normal",1
2025-02-01,"KK-PAP-BES-POU","Keripik Kentang","Makanan","Paprika","Besar",3,"Pouch","250 g",22000,12,2200,"Pabrik A",2,"Februari",0.788253763043679,"Riwayat",268,NA,"Optimis",1.1
2025-02-01,"KK-PAP-BES-POU","Keripik Kentang","Makanan","Paprika","Besar",3,"Pouch","250 g",22000,12,2200,"Pabrik A",2,"Februari",0.788253763043679,"Riwayat",268,NA,"Pesimis",0.9
2025-03-01,"KK-PAP-BES-POU","Keripik Kentang","Makanan","Paprika","Besar",3,"Pouch","250 g",22000,12,2200,"Pabrik A",3,"Maret",0.901006556468741,"Riwayat",282,NA,"Normal",1
2025-03-01,"KK-PAP-BES-POU","Keripik Kentang","Makanan","Paprika","Besar",3,"Pouch","250 g",22000,12,2200,"Pabrik A",3,"Maret",0.901006556468741,"Riwayat",282,NA,"Optimis",1.1
2025-03-01,"KK-PAP-BES-POU","Keripik Kentang","Makanan","Paprika","Besar",3,"Pouch","250 g",22000,12,2200,"Pabrik A",3,"Maret",0.901006556468741,"Riwayat",282,NA,"Pesimis",0.9
2025-04-01,"KK-PAP-BES-POU","Keripik Kentang","Makanan","Paprika","Besar",3,"Pouch","250 g",22000,12,2200,"Pabrik A",4,"April",0.93194200757226,"Riwayat",272,NA,"Normal",1
2025-04-01,"KK-PAP-BES-POU","Keripik Kentang","Makanan","Paprika","Besar",3,"Pouch","250 g",22000,12,2200,"Pabrik A",4,"April",0.93194200757226,"Riwayat",272,NA,"Optimis",1.1
2025-04-01,"KK-PAP-BES-POU","Keripik Kentang","Makanan","Paprika","Besar",3,"Pouch","250 g",22000,12,2200,"Pabrik A",4,"April",0.93194200757226,"Riwayat",272,NA,"Pesimis",0.9
2025-05-01,"KK-PAP-BES-POU","Keripik Kentang","Makanan","Paprika","Besar",3,"Pouch","250 g",22000,12,2200,"Pabrik A",5,"Mei",1.00212392649367,"Riwayat",317,NA,"Normal",1
2025-05-01,"KK-PAP-BES-POU","Keripik Kentang","Makanan","Paprika","Besar",3,"Pouch","250 g",22000,12,2200,"Pabrik A",5,"Mei",1.00212392649367,"Riwayat",317,NA,"Optimis",1.1
2025-05-01,"KK-PAP-BES-POU","Keripik Kentang","Makanan","Paprika","Besar",3,"Pouch","250 g",22000,12,2200,"Pabrik A",5,"Mei",1.00212392649367,"Riwayat",317,NA,"Pesimis",0.9
2025-06-01,"KK-PAP-BES-POU","Keripik Kentang","Makanan","Paprika","Besar",3,"Pouch","250 g",22000,12,2200,"Pabrik A",6,"Juni",1.14507341398098,"Riwayat",382,NA,"Normal",1
2025-06-01,"KK-PAP-BES-POU","Keripik Kentang","Makanan","Paprika","Besar",3,"Pouch","250 g",22000,12,2200,"Pabrik A",6,"Juni",1.14507341398098,"Riwayat",382,NA,"Optimis",1.1
2025-06-01,"KK-PAP-BES-POU","Keripik Kentang","Makanan","Paprika","Besar",3,"Pouch","250 g",22000,12,2200,"Pabrik A",6,"Juni",1.14507341398098,"Riwayat",382,NA,"Pesimis",0.9
2025-07-01,"KK-PAP-BES-POU","Keripik Kentang","Makanan","Paprika","Besar",3,"Pouch","250 g",22000,12,2200,"Pabrik A",7,"Juli",1.04783451842275,"Riwayat",363,NA,"Normal",1
2025-07-01,"KK-PAP-BES-POU","Keripik Kentang","Makanan","Paprika","Besar",3,"Pouch","250 g",22000,12,2200,"Pabrik A",7,"Juli",1.04783451842275,"Riwayat",363,NA,"Optimis",1.1
2025-07-01,"KK-PAP-BES-POU","Keripik Kentang","Makanan","Paprika","Besar",3,"Pouch","250 g",22000,12,2200,"Pabrik A",7,"Juli",1.04783451842275,"Riwayat",363,NA,"Pesimis",0.9
2025-08-01,"KK-PAP-BES-POU","Keripik Kentang","Makanan","Paprika","Besar",3,"Pouch","250 g",22000,12,2200,"Pabrik A",8,"Agustus",0.986702373256995,"Riwayat",316,NA,"Normal",1
2025-08-01,"KK-PAP-BES-POU","Keripik Kentang","Makanan","Paprika","Besar",3,"Pouch","250 g",22000,12,2200,"Pabrik A",8,"Agustus",0.986702373256995,"Riwayat",316,NA,"Optimis",1.1
2025-08-01,"KK-PAP-BES-POU","Keripik Kentang","Makanan","Paprika","Besar",3,"Pouch","250 g",22000,12,2200,"Pabrik A",8,"Agustus",0.986702373256995,"Riwayat",316,NA,"Pesimis",0.9
2025-09-01,"KK-PAP-BES-POU","Keripik Kentang","Makanan","Paprika","Besar",3,"Pouch","250 g",22000,12,2200,"Pabrik A",9,"September",0.997876073506326,"Riwayat",304,NA,"Normal",1
2025-09-01,"KK-PAP-BES-POU","Keripik Kentang","Makanan","Paprika","Besar",3,"Pouch","250 g",22000,12,2200,"Pabrik A",9,"September",0.997876073506326,"Riwayat",304,NA,"Optimis",1.1
2025-09-01,"KK-PAP-BES-POU","Keripik Kentang","Makanan","Paprika","Besar",3,"Pouch","250 g",22000,12,2200,"Pabrik A",9,"September",0.997876073506326,"Riwayat",304,NA,"Pesimis",0.9
2025-10-01,"KK-PAP-BES-POU","Keripik Kentang","Makanan","Paprika","Besar",3,"Pouch","250 g",22000,12,2200,"Pabrik A",10,"Oktober",1.10573460153292,"Riwayat",353,NA,"Normal",1
2025-10-01,"KK-PAP-BES-POU","Keripik Kentang","Makanan","Paprika","Besar",3,"Pouch","250 g",22000,12,2200,"Pabrik A",10,"Oktober",1.10573460153292,"Riwayat",353,NA,"Optimis",1.1
2025-10-01,"KK-PAP-BES-POU","Keripik Kentang","Makanan","Paprika","Besar",3,"Pouch","250 g",22000,12,2200,"Pabrik A",10,"Oktober",1.10573460153292,"Riwayat",353,NA,"Pesimis",0.9
2025-11-01,"KK-PAP-BES-POU","Keripik Kentang","Makanan","Paprika","Besar",3,"Pouch","250 g",22000,12,2200,"Pabrik A",11,"November",1.29356357927787,"Riwayat",429,NA,"Normal",1
2025-11-01,"KK-PAP-BES-POU","Keripik Kentang","Makanan","Paprika","Besar",3,"Pouch","250 g",22000,12,2200,"Pabrik A",11,"November",1.29356357927787,"Riwayat",429,NA,"Optimis",1.1
2025-11-01,"KK-PAP-BES-POU","Keripik Kentang","Makanan","Paprika","Besar",3,"Pouch","250 g",22000,12,2200,"Pabrik A",11,"November",1.29356357927787,"Riwayat",429,NA,"Pesimis",0.9
2025-12-01,"KK-PAP-BES-POU","Keripik Kentang","Makanan","Paprika","Besar",3,"Pouch","250 g",22000,12,2200,"Pabrik A",12,"Desember",1.40991781327916,"Riwayat",449,NA,"Normal",1
2025-12-01,"KK-PAP-BES-POU","Keripik Kentang","Makanan","Paprika","Besar",3,"Pouch","250 g",22000,12,2200,"Pabrik A",12,"Desember",1.40991781327916,"Riwayat",449,NA,"Optimis",1.1
2025-12-01,"KK-PAP-BES-POU","Keripik Kentang","Makanan","Paprika","Besar",3,"Pouch","250 g",22000,12,2200,"Pabrik A",12,"Desember",1.40991781327916,"Riwayat",449,NA,"Pesimis",0.9
2026-01-01,"KK-PAP-BES-POU","Keripik Kentang","Makanan","Paprika","Besar",3,"Pouch","250 g",22000,12,2200,"Pabrik A",1,"Januari",0.760458029365592,"Plan",NA,326.236494597839,"Normal",1
2026-01-01,"KK-PAP-BES-POU","Keripik Kentang","Makanan","Paprika","Besar",3,"Pouch","250 g",22000,12,2200,"Pabrik A",1,"Januari",0.760458029365592,"Plan",NA,358.860144057623,"Optimis",1.1
2026-01-01,"KK-PAP-BES-POU","Keripik Kentang","Makanan","Paprika","Besar",3,"Pouch","250 g",22000,12,2200,"Pabrik A",1,"Januari",0.760458029365592,"Plan",NA,293.612845138055,"Pesimis",0.9
2026-02-01,"KK-PAP-BES-POU","Keripik Kentang","Makanan","Paprika","Besar",3,"Pouch","250 g",22000,12,2200,"Pabrik A",2,"Februari",0.788253763043679,"Plan",NA,338.160864345738,"Normal",1
2026-02-01,"KK-PAP-BES-POU","Keripik Kentang","Makanan","Paprika","Besar",3,"Pouch","250 g",22000,12,2200,"Pabrik A",2,"Februari",0.788253763043679,"Plan",NA,371.976950780312,"Optimis",1.1
2026-02-01,"KK-PAP-BES-POU","Keripik Kentang","Makanan","Paprika","Besar",3,"Pouch","250 g",22000,12,2200,"Pabrik A",2,"Februari",0.788253763043679,"Plan",NA,304.344777911164,"Pesimis",0.9
2026-03-01,"KK-PAP-BES-POU","Keripik Kentang","Makanan","Paprika","Besar",3,"Pouch","250 g",22000,12,2200,"Pabrik A",3,"Maret",0.901006556468741,"Plan",NA,386.53181272509,"Normal",1
2026-03-01,"KK-PAP-BES-POU","Keripik Kentang","Makanan","Paprika","Besar",3,"Pouch","250 g",22000,12,2200,"Pabrik A",3,"Maret",0.901006556468741,"Plan",NA,425.184993997599,"Optimis",1.1
2026-03-01,"KK-PAP-BES-POU","Keripik Kentang","Makanan","Paprika","Besar",3,"Pouch","250 g",22000,12,2200,"Pabrik A",3,"Maret",0.901006556468741,"Plan",NA,347.878631452581,"Pesimis",0.9
2026-04-01,"KK-PAP-BES-POU","Keripik Kentang","Makanan","Paprika","Besar",3,"Pouch","250 g",22000,12,2200,"Pabrik A",4,"April",0.93194200757226,"Plan",NA,399.803121248499,"Normal",1
2026-04-01,"KK-PAP-BES-POU","Keripik Kentang","Makanan","Paprika","Besar",3,"Pouch","250 g",22000,12,2200,"Pabrik A",4,"April",0.93194200757226,"Plan",NA,439.783433373349,"Optimis",1.1
2026-04-01,"KK-PAP-BES-POU","Keripik Kentang","Makanan","Paprika","Besar",3,"Pouch","250 g",22000,12,2200,"Pabrik A",4,"April",0.93194200757226,"Plan",NA,359.822809123649,"Pesimis",0.9
2026-05-01,"KK-PAP-BES-POU","Keripik Kentang","Makanan","Paprika","Besar",3,"Pouch","250 g",22000,12,2200,"Pabrik A",5,"Mei",1.00212392649367,"Plan",NA,429.911164465786,"Normal",1
2026-05-01,"KK-PAP-BES-POU","Keripik Kentang","Makanan","Paprika","Besar",3,"Pouch","250 g",22000,12,2200,"Pabrik A",5,"Mei",1.00212392649367,"Plan",NA,472.902280912365,"Optimis",1.1
2026-05-01,"KK-PAP-BES-POU","Keripik Kentang","Makanan","Paprika","Besar",3,"Pouch","250 g",22000,12,2200,"Pabrik A",5,"Mei",1.00212392649367,"Plan",NA,386.920048019208,"Pesimis",0.9
2026-06-01,"KK-PAP-BES-POU","Keripik Kentang","Makanan","Paprika","Besar",3,"Pouch","250 g",22000,12,2200,"Pabrik A",6,"Juni",1.14507341398098,"Plan",NA,491.236494597839,"Normal",1
2026-06-01,"KK-PAP-BES-POU","Keripik Kentang","Makanan","Paprika","Besar",3,"Pouch","250 g",22000,12,2200,"Pabrik A",6,"Juni",1.14507341398098,"Plan",NA,540.360144057623,"Optimis",1.1
2026-06-01,"KK-PAP-BES-POU","Keripik Kentang","Makanan","Paprika","Besar",3,"Pouch","250 g",22000,12,2200,"Pabrik A",6,"Juni",1.14507341398098,"Plan",NA,442.112845138055,"Pesimis",0.9
2023-01-01,"KK-PAP-BES-POU","Keripik Kentang","Makanan","Paprika","Besar",3,"Pouch","250 g",22000,12,2200,"Pabrik B",1,"Januari",0.760458029365592,"Riwayat",106,NA,"Normal",1
2023-01-01,"KK-PAP-BES-POU","Keripik Kentang","Makanan","Paprika","Besar",3,"Pouch","250 g",22000,12,2200,"Pabrik B",1,"Januari",0.760458029365592,"Riwayat",106,NA,"Optimis",1.1
2023-01-01,"KK-PAP-BES-POU","Keripik Kentang","Makanan","Paprika","Besar",3,"Pouch","250 g",22000,12,2200,"Pabrik B",1,"Januari",0.760458029365592,"Riwayat",106,NA,"Pesimis",0.9
2023-02-01,"KK-PAP-BES-POU","Keripik Kentang","Makanan","Paprika","Besar",3,"Pouch","250 g",22000,12,2200,"Pabrik B",2,"Februari",0.788253763043679,"Riwayat",122,NA,"Normal",1
2023-02-01,"KK-PAP-BES-POU","Keripik Kentang","Makanan","Paprika","Besar",3,"Pouch","250 g",22000,12,2200,"Pabrik B",2,"Februari",0.788253763043679,"Riwayat",122,NA,"Optimis",1.1
2023-02-01,"KK-PAP-BES-POU","Keripik Kentang","Makanan","Paprika","Besar",3,"Pouch","250 g",22000,12,2200,"Pabrik B",2,"Februari",0.788253763043679,"Riwayat",122,NA,"Pesimis",0.9
2023-03-01,"KK-PAP-BES-POU","Keripik Kentang","Makanan","Paprika","Besar",3,"Pouch","250 g",22000,12,2200,"Pabrik B",3,"Maret",0.901006556468741,"Riwayat",98,NA,"Normal",1
2023-03-01,"KK-PAP-BES-POU","Keripik Kentang","Makanan","Paprika","Besar",3,"Pouch","250 g",22000,12,2200,"Pabrik B",3,"Maret",0.901006556468741,"Riwayat",98,NA,"Optimis",1.1
2023-03-01,"KK-PAP-BES-POU","Keripik Kentang","Makanan","Paprika","Besar",3,"Pouch","250 g",22000,12,2200,"Pabrik B",3,"Maret",0.901006556468741,"Riwayat",98,NA,"Pesimis",0.9
2023-04-01,"KK-PAP-BES-POU","Keripik Kentang","Makanan","Paprika","Besar",3,"Pouch","250 g",22000,12,2200,"Pabrik B",4,"April",0.93194200757226,"Riwayat",135,NA,"Normal",1
2023-04-01,"KK-PAP-BES-POU","Keripik Kentang","Makanan","Paprika","Besar",3,"Pouch","250 g",22000,12,2200,"Pabrik B",4,"April",0.93194200757226,"Riwayat",135,NA,"Optimis",1.1
2023-04-01,"KK-PAP-BES-POU","Keripik Kentang","Makanan","Paprika","Besar",3,"Pouch","250 g",22000,12,2200,"Pabrik B",4,"April",0.93194200757226,"Riwayat",135,NA,"Pesimis",0.9
2023-05-01,"KK-PAP-BES-POU","Keripik Kentang","Makanan","Paprika","Besar",3,"Pouch","250 g",22000,12,2200,"Pabrik B",5,"Mei",1.00212392649367,"Riwayat",138,NA,"Normal",1
2023-05-01,"KK-PAP-BES-POU","Keripik Kentang","Makanan","Paprika","Besar",3,"Pouch","250 g",22000,12,2200,"Pabrik B",5,"Mei",1.00212392649367,"Riwayat",138,NA,"Optimis",1.1
2023-05-01,"KK-PAP-BES-POU","Keripik Kentang","Makanan","Paprika","Besar",3,"Pouch","250 g",22000,12,2200,"Pabrik B",5,"Mei",1.00212392649367,"Riwayat",138,NA,"Pesimis",0.9
2023-06-01,"KK-PAP-BES-POU","Keripik Kentang","Makanan","Paprika","Besar",3,"Pouch","250 g",22000,12,2200,"Pabrik B",6,"Juni",1.14507341398098,"Riwayat",170,NA,"Normal",1
2023-06-01,"KK-PAP-BES-POU","Keripik Kentang","Makanan","Paprika","Besar",3,"Pouch","250 g",22000,12,2200,"Pabrik B",6,"Juni",1.14507341398098,"Riwayat",170,NA,"Optimis",1.1
2023-06-01,"KK-PAP-BES-POU","Keripik Kentang","Makanan","Paprika","Besar",3,"Pouch","250 g",22000,12,2200,"Pabrik B",6,"Juni",1.14507341398098,"Riwayat",170,NA,"Pesimis",0.9
2023-07-01,"KK-PAP-BES-POU","Keripik Kentang","Makanan","Paprika","Besar",3,"Pouch","250 g",22000,12,2200,"Pabrik B",7,"Juli",1.04783451842275,"Riwayat",158,NA,"Normal",1
2023-07-01,"KK-PAP-BES-POU","Keripik Kentang","Makanan","Paprika","Besar",3,"Pouch","250 g",22000,12,2200,"Pabrik B",7,"Juli",1.04783451842275,"Riwayat",158,NA,"Optimis",1.1
2023-07-01,"KK-PAP-BES-POU","Keripik Kentang","Makanan","Paprika","Besar",3,"Pouch","250 g",22000,12,2200,"Pabrik B",7,"Juli",1.04783451842275,"Riwayat",158,NA,"Pesimis",0.9
2023-08-01,"KK-PAP-BES-POU","Keripik Kentang","Makanan","Paprika","Besar",3,"Pouch","250 g",22000,12,2200,"Pabrik B",8,"Agustus",0.986702373256995,"Riwayat",135,NA,"Normal",1
2023-08-01,"KK-PAP-BES-POU","Keripik Kentang","Makanan","Paprika","Besar",3,"Pouch","250 g",22000,12,2200,"Pabrik B",8,"Agustus",0.986702373256995,"Riwayat",135,NA,"Optimis",1.1
2023-08-01,"KK-PAP-BES-POU","Keripik Kentang","Makanan","Paprika","Besar",3,"Pouch","250 g",22000,12,2200,"Pabrik B",8,"Agustus",0.986702373256995,"Riwayat",135,NA,"Pesimis",0.9
2023-09-01,"KK-PAP-BES-POU","Keripik Kentang","Makanan","Paprika","Besar",3,"Pouch","250 g",22000,12,2200,"Pabrik B",9,"September",0.997876073506326,"Riwayat",150,NA,"Normal",1
2023-09-01,"KK-PAP-BES-POU","Keripik Kentang","Makanan","Paprika","Besar",3,"Pouch","250 g",22000,12,2200,"Pabrik B",9,"September",0.997876073506326,"Riwayat",150,NA,"Optimis",1.1
2023-09-01,"KK-PAP-BES-POU","Keripik Kentang","Makanan","Paprika","Besar",3,"Pouch","250 g",22000,12,2200,"Pabrik B",9,"September",0.997876073506326,"Riwayat",150,NA,"Pesimis",0.9
2023-10-01,"KK-PAP-BES-POU","Keripik Kentang","Makanan","Paprika","Besar",3,"Pouch","250 g",22000,12,2200,"Pabrik B",10,"Oktober",1.10573460153292,"Riwayat",162,NA,"Normal",1
2023-10-01,"KK-PAP-BES-POU","Keripik Kentang","Makanan","Paprika","Besar",3,"Pouch","250 g",22000,12,2200,"Pabrik B",10,"Oktober",1.10573460153292,"Riwayat",162,NA,"Optimis",1.1
2023-10-01,"KK-PAP-BES-POU","Keripik Kentang","Makanan","Paprika","Besar",3,"Pouch","250 g",22000,12,2200,"Pabrik B",10,"Oktober",1.10573460153292,"Riwayat",162,NA,"Pesimis",0.9
2023-11-01,"KK-PAP-BES-POU","Keripik Kentang","Makanan","Paprika","Besar",3,"Pouch","250 g",22000,12,2200,"Pabrik B",11,"November",1.29356357927787,"Riwayat",198,NA,"Normal",1
2023-11-01,"KK-PAP-BES-POU","Keripik Kentang","Makanan","Paprika","Besar",3,"Pouch","250 g",22000,12,2200,"Pabrik B",11,"November",1.29356357927787,"Riwayat",198,NA,"Optimis",1.1
2023-11-01,"KK-PAP-BES-POU","Keripik Kentang","Makanan","Paprika","Besar",3,"Pouch","250 g",22000,12,2200,"Pabrik B",11,"November",1.29356357927787,"Riwayat",198,NA,"Pesimis",0.9
2023-12-01,"KK-PAP-BES-POU","Keripik Kentang","Makanan","Paprika","Besar",3,"Pouch","250 g",22000,12,2200,"Pabrik B",12,"Desember",1.40991781327916,"Riwayat",192,NA,"Normal",1
2023-12-01,"KK-PAP-BES-POU","Keripik Kentang","Makanan","Paprika","Besar",3,"Pouch","250 g",22000,12,2200,"Pabrik B",12,"Desember",1.40991781327916,"Riwayat",192,NA,"Optimis",1.1
2023-12-01,"KK-PAP-BES-POU","Keripik Kentang","Makanan","Paprika","Besar",3,"Pouch","250 g",22000,12,2200,"Pabrik B",12,"Desember",1.40991781327916,"Riwayat",192,NA,"Pesimis",0.9
2024-01-01,"KK-PAP-BES-POU","Keripik Kentang","Makanan","Paprika","Besar",3,"Pouch","250 g",22000,12,2200,"Pabrik B",1,"Januari",0.760458029365592,"Riwayat",123,NA,"Normal",1
2024-01-01,"KK-PAP-BES-POU","Keripik Kentang","Makanan","Paprika","Besar",3,"Pouch","250 g",22000,12,2200,"Pabrik B",1,"Januari",0.760458029365592,"Riwayat",123,NA,"Optimis",1.1
2024-01-01,"KK-PAP-BES-POU","Keripik Kentang","Makanan","Paprika","Besar",3,"Pouch","250 g",22000,12,2200,"Pabrik B",1,"Januari",0.760458029365592,"Riwayat",123,NA,"Pesimis",0.9
2024-02-01,"KK-PAP-BES-POU","Keripik Kentang","Makanan","Paprika","Besar",3,"Pouch","250 g",22000,12,2200,"Pabrik B",2,"Februari",0.788253763043679,"Riwayat",135,NA,"Normal",1
2024-02-01,"KK-PAP-BES-POU","Keripik Kentang","Makanan","Paprika","Besar",3,"Pouch","250 g",22000,12,2200,"Pabrik B",2,"Februari",0.788253763043679,"Riwayat",135,NA,"Optimis",1.1
2024-02-01,"KK-PAP-BES-POU","Keripik Kentang","Makanan","Paprika","Besar",3,"Pouch","250 g",22000,12,2200,"Pabrik B",2,"Februari",0.788253763043679,"Riwayat",135,NA,"Pesimis",0.9
2024-03-01,"KK-PAP-BES-POU","Keripik Kentang","Makanan","Paprika","Besar",3,"Pouch","250 g",22000,12,2200,"Pabrik B",3,"Maret",0.901006556468741,"Riwayat",165,NA,"Normal",1
2024-03-01,"KK-PAP-BES-POU","Keripik Kentang","Makanan","Paprika","Besar",3,"Pouch","250 g",22000,12,2200,"Pabrik B",3,"Maret",0.901006556468741,"Riwayat",165,NA,"Optimis",1.1
2024-03-01,"KK-PAP-BES-POU","Keripik Kentang","Makanan","Paprika","Besar",3,"Pouch","250 g",22000,12,2200,"Pabrik B",3,"Maret",0.901006556468741,"Riwayat",165,NA,"Pesimis",0.9
2024-04-01,"KK-PAP-BES-POU","Keripik Kentang","Makanan","Paprika","Besar",3,"Pouch","250 g",22000,12,2200,"Pabrik B",4,"April",0.93194200757226,"Riwayat",184,NA,"Normal",1
2024-04-01,"KK-PAP-BES-POU","Keripik Kentang","Makanan","Paprika","Besar",3,"Pouch","250 g",22000,12,2200,"Pabrik B",4,"April",0.93194200757226,"Riwayat",184,NA,"Optimis",1.1
2024-04-01,"KK-PAP-BES-POU","Keripik Kentang","Makanan","Paprika","Besar",3,"Pouch","250 g",22000,12,2200,"Pabrik B",4,"April",0.93194200757226,"Riwayat",184,NA,"Pesimis",0.9
2024-05-01,"KK-PAP-BES-POU","Keripik Kentang","Makanan","Paprika","Besar",3,"Pouch","250 g",22000,12,2200,"Pabrik B",5,"Mei",1.00212392649367,"Riwayat",159,NA,"Normal",1
2024-05-01,"KK-PAP-BES-POU","Keripik Kentang","Makanan","Paprika","Besar",3,"Pouch","250 g",22000,12,2200,"Pabrik B",5,"Mei",1.00212392649367,"Riwayat",159,NA,"Optimis",1.1
2024-05-01,"KK-PAP-BES-POU","Keripik Kentang","Makanan","Paprika","Besar",3,"Pouch","250 g",22000,12,2200,"Pabrik B",5,"Mei",1.00212392649367,"Riwayat",159,NA,"Pesimis",0.9
2024-06-01,"KK-PAP-BES-POU","Keripik Kentang","Makanan","Paprika","Besar",3,"Pouch","250 g",22000,12,2200,"Pabrik B",6,"Juni",1.14507341398098,"Riwayat",181,NA,"Normal",1
2024-06-01,"KK-PAP-BES-POU","Keripik Kentang","Makanan","Paprika","Besar",3,"Pouch","250 g",22000,12,2200,"Pabrik B",6,"Juni",1.14507341398098,"Riwayat",181,NA,"Optimis",1.1
2024-06-01,"KK-PAP-BES-POU","Keripik Kentang","Makanan","Paprika","Besar",3,"Pouch","250 g",22000,12,2200,"Pabrik B",6,"Juni",1.14507341398098,"Riwayat",181,NA,"Pesimis",0.9
2024-07-01,"KK-PAP-BES-POU","Keripik Kentang","Makanan","Paprika","Besar",3,"Pouch","250 g",22000,12,2200,"Pabrik B",7,"Juli",1.04783451842275,"Riwayat",210,NA,"Normal",1
2024-07-01,"KK-PAP-BES-POU","Keripik Kentang","Makanan","Paprika","Besar",3,"Pouch","250 g",22000,12,2200,"Pabrik B",7,"Juli",1.04783451842275,"Riwayat",210,NA,"Optimis",1.1
2024-07-01,"KK-PAP-BES-POU","Keripik Kentang","Makanan","Paprika","Besar",3,"Pouch","250 g",22000,12,2200,"Pabrik B",7,"Juli",1.04783451842275,"Riwayat",210,NA,"Pesimis",0.9
2024-08-01,"KK-PAP-BES-POU","Keripik Kentang","Makanan","Paprika","Besar",3,"Pouch","250 g",22000,12,2200,"Pabrik B",8,"Agustus",0.986702373256995,"Riwayat",192,NA,"Normal",1
2024-08-01,"KK-PAP-BES-POU","Keripik Kentang","Makanan","Paprika","Besar",3,"Pouch","250 g",22000,12,2200,"Pabrik B",8,"Agustus",0.986702373256995,"Riwayat",192,NA,"Optimis",1.1
2024-08-01,"KK-PAP-BES-POU","Keripik Kentang","Makanan","Paprika","Besar",3,"Pouch","250 g",22000,12,2200,"Pabrik B",8,"Agustus",0.986702373256995,"Riwayat",192,NA,"Pesimis",0.9
2024-09-01,"KK-PAP-BES-POU","Keripik Kentang","Makanan","Paprika","Besar",3,"Pouch","250 g",22000,12,2200,"Pabrik B",9,"September",0.997876073506326,"Riwayat",153,NA,"Normal",1
2024-09-01,"KK-PAP-BES-POU","Keripik Kentang","Makanan","Paprika","Besar",3,"Pouch","250 g",22000,12,2200,"Pabrik B",9,"September",0.997876073506326,"Riwayat",153,NA,"Optimis",1.1
2024-09-01,"KK-PAP-BES-POU","Keripik Kentang","Makanan","Paprika","Besar",3,"Pouch","250 g",22000,12,2200,"Pabrik B",9,"September",0.997876073506326,"Riwayat",153,NA,"Pesimis",0.9
2024-10-01,"KK-PAP-BES-POU","Keripik Kentang","Makanan","Paprika","Besar",3,"Pouch","250 g",22000,12,2200,"Pabrik B",10,"Oktober",1.10573460153292,"Riwayat",172,NA,"Normal",1
2024-10-01,"KK-PAP-BES-POU","Keripik Kentang","Makanan","Paprika","Besar",3,"Pouch","250 g",22000,12,2200,"Pabrik B",10,"Oktober",1.10573460153292,"Riwayat",172,NA,"Optimis",1.1
2024-10-01,"KK-PAP-BES-POU","Keripik Kentang","Makanan","Paprika","Besar",3,"Pouch","250 g",22000,12,2200,"Pabrik B",10,"Oktober",1.10573460153292,"Riwayat",172,NA,"Pesimis",0.9
2024-11-01,"KK-PAP-BES-POU","Keripik Kentang","Makanan","Paprika","Besar",3,"Pouch","250 g",22000,12,2200,"Pabrik B",11,"November",1.29356357927787,"Riwayat",236,NA,"Normal",1
2024-11-01,"KK-PAP-BES-POU","Keripik Kentang","Makanan","Paprika","Besar",3,"Pouch","250 g",22000,12,2200,"Pabrik B",11,"November",1.29356357927787,"Riwayat",236,NA,"Optimis",1.1
2024-11-01,"KK-PAP-BES-POU","Keripik Kentang","Makanan","Paprika","Besar",3,"Pouch","250 g",22000,12,2200,"Pabrik B",11,"November",1.29356357927787,"Riwayat",236,NA,"Pesimis",0.9
2024-12-01,"KK-PAP-BES-POU","Keripik Kentang","Makanan","Paprika","Besar",3,"Pouch","250 g",22000,12,2200,"Pabrik B",12,"Desember",1.40991781327916,"Riwayat",361,NA,"Normal",1
2024-12-01,"KK-PAP-BES-POU","Keripik Kentang","Makanan","Paprika","Besar",3,"Pouch","250 g",22000,12,2200,"Pabrik B",12,"Desember",1.40991781327916,"Riwayat",361,NA,"Optimis",1.1
2024-12-01,"KK-PAP-BES-POU","Keripik Kentang","Makanan","Paprika","Besar",3,"Pouch","250 g",22000,12,2200,"Pabrik B",12,"Desember",1.40991781327916,"Riwayat",361,NA,"Pesimis",0.9
2025-01-01,"KK-PAP-BES-POU","Keripik Kentang","Makanan","Paprika","Besar",3,"Pouch","250 g",22000,12,2200,"Pabrik B",1,"Januari",0.760458029365592,"Riwayat",149,NA,"Normal",1
2025-01-01,"KK-PAP-BES-POU","Keripik Kentang","Makanan","Paprika","Besar",3,"Pouch","250 g",22000,12,2200,"Pabrik B",1,"Januari",0.760458029365592,"Riwayat",149,NA,"Optimis",1.1
2025-01-01,"KK-PAP-BES-POU","Keripik Kentang","Makanan","Paprika","Besar",3,"Pouch","250 g",22000,12,2200,"Pabrik B",1,"Januari",0.760458029365592,"Riwayat",149,NA,"Pesimis",0.9
2025-02-01,"KK-PAP-BES-POU","Keripik Kentang","Makanan","Paprika","Besar",3,"Pouch","250 g",22000,12,2200,"Pabrik B",2,"Februari",0.788253763043679,"Riwayat",229,NA,"Normal",1
2025-02-01,"KK-PAP-BES-POU","Keripik Kentang","Makanan","Paprika","Besar",3,"Pouch","250 g",22000,12,2200,"Pabrik B",2,"Februari",0.788253763043679,"Riwayat",229,NA,"Optimis",1.1
2025-02-01,"KK-PAP-BES-POU","Keripik Kentang","Makanan","Paprika","Besar",3,"Pouch","250 g",22000,12,2200,"Pabrik B",2,"Februari",0.788253763043679,"Riwayat",229,NA,"Pesimis",0.9
2025-03-01,"KK-PAP-BES-POU","Keripik Kentang","Makanan","Paprika","Besar",3,"Pouch","250 g",22000,12,2200,"Pabrik B",3,"Maret",0.901006556468741,"Riwayat",161,NA,"Normal",1
2025-03-01,"KK-PAP-BES-POU","Keripik Kentang","Makanan","Paprika","Besar",3,"Pouch","250 g",22000,12,2200,"Pabrik B",3,"Maret",0.901006556468741,"Riwayat",161,NA,"Optimis",1.1
2025-03-01,"KK-PAP-BES-POU","Keripik Kentang","Makanan","Paprika","Besar",3,"Pouch","250 g",22000,12,2200,"Pabrik B",3,"Maret",0.901006556468741,"Riwayat",161,NA,"Pesimis",0.9
2025-04-01,"KK-PAP-BES-POU","Keripik Kentang","Makanan","Paprika","Besar",3,"Pouch","250 g",22000,12,2200,"Pabrik B",4,"April",0.93194200757226,"Riwayat",186,NA,"Normal",1
2025-04-01,"KK-PAP-BES-POU","Keripik Kentang","Makanan","Paprika","Besar",3,"Pouch","250 g",22000,12,2200,"Pabrik B",4,"April",0.93194200757226,"Riwayat",186,NA,"Optimis",1.1
2025-04-01,"KK-PAP-BES-POU","Keripik Kentang","Makanan","Paprika","Besar",3,"Pouch","250 g",22000,12,2200,"Pabrik B",4,"April",0.93194200757226,"Riwayat",186,NA,"Pesimis",0.9
2025-05-01,"KK-PAP-BES-POU","Keripik Kentang","Makanan","Paprika","Besar",3,"Pouch","250 g",22000,12,2200,"Pabrik B",5,"Mei",1.00212392649367,"Riwayat",210,NA,"Normal",1
2025-05-01,"KK-PAP-BES-POU","Keripik Kentang","Makanan","Paprika","Besar",3,"Pouch","250 g",22000,12,2200,"Pabrik B",5,"Mei",1.00212392649367,"Riwayat",210,NA,"Optimis",1.1
2025-05-01,"KK-PAP-BES-POU","Keripik Kentang","Makanan","Paprika","Besar",3,"Pouch","250 g",22000,12,2200,"Pabrik B",5,"Mei",1.00212392649367,"Riwayat",210,NA,"Pesimis",0.9
2025-06-01,"KK-PAP-BES-POU","Keripik Kentang","Makanan","Paprika","Besar",3,"Pouch","250 g",22000,12,2200,"Pabrik B",6,"Juni",1.14507341398098,"Riwayat",221,NA,"Normal",1
2025-06-01,"KK-PAP-BES-POU","Keripik Kentang","Makanan","Paprika","Besar",3,"Pouch","250 g",22000,12,2200,"Pabrik B",6,"Juni",1.14507341398098,"Riwayat",221,NA,"Optimis",1.1
2025-06-01,"KK-PAP-BES-POU","Keripik Kentang","Makanan","Paprika","Besar",3,"Pouch","250 g",22000,12,2200,"Pabrik B",6,"Juni",1.14507341398098,"Riwayat",221,NA,"Pesimis",0.9
2025-07-01,"KK-PAP-BES-POU","Keripik Kentang","Makanan","Paprika","Besar",3,"Pouch","250 g",22000,12,2200,"Pabrik B",7,"Juli",1.04783451842275,"Riwayat",187,NA,"Normal",1
2025-07-01,"KK-PAP-BES-POU","Keripik Kentang","Makanan","Paprika","Besar",3,"Pouch","250 g",22000,12,2200,"Pabrik B",7,"Juli",1.04783451842275,"Riwayat",187,NA,"Optimis",1.1
2025-07-01,"KK-PAP-BES-POU","Keripik Kentang","Makanan","Paprika","Besar",3,"Pouch","250 g",22000,12,2200,"Pabrik B",7,"Juli",1.04783451842275,"Riwayat",187,NA,"Pesimis",0.9
2025-08-01,"KK-PAP-BES-POU","Keripik Kentang","Makanan","Paprika","Besar",3,"Pouch","250 g",22000,12,2200,"Pabrik B",8,"Agustus",0.986702373256995,"Riwayat",188,NA,"Normal",1
2025-08-01,"KK-PAP-BES-POU","Keripik Kentang","Makanan","Paprika","Besar",3,"Pouch","250 g",22000,12,2200,"Pabrik B",8,"Agustus",0.986702373256995,"Riwayat",188,NA,"Optimis",1.1
2025-08-01,"KK-PAP-BES-POU","Keripik Kentang","Makanan","Paprika","Besar",3,"Pouch","250 g",22000,12,2200,"Pabrik B",8,"Agustus",0.986702373256995,"Riwayat",188,NA,"Pesimis",0.9
2025-09-01,"KK-PAP-BES-POU","Keripik Kentang","Makanan","Paprika","Besar",3,"Pouch","250 g",22000,12,2200,"Pabrik B",9,"September",0.997876073506326,"Riwayat",205,NA,"Normal",1
2025-09-01,"KK-PAP-BES-POU","Keripik Kentang","Makanan","Paprika","Besar",3,"Pouch","250 g",22000,12,2200,"Pabrik B",9,"September",0.997876073506326,"Riwayat",205,NA,"Optimis",1.1
2025-09-01,"KK-PAP-BES-POU","Keripik Kentang","Makanan","Paprika","Besar",3,"Pouch","250 g",22000,12,2200,"Pabrik B",9,"September",0.997876073506326,"Riwayat",205,NA,"Pesimis",0.9
2025-10-01,"KK-PAP-BES-POU","Keripik Kentang","Makanan","Paprika","Besar",3,"Pouch","250 g",22000,12,2200,"Pabrik B",10,"Oktober",1.10573460153292,"Riwayat",231,NA,"Normal",1
2025-10-01,"KK-PAP-BES-POU","Keripik Kentang","Makanan","Paprika","Besar",3,"Pouch","250 g",22000,12,2200,"Pabrik B",10,"Oktober",1.10573460153292,"Riwayat",231,NA,"Optimis",1.1
2025-10-01,"KK-PAP-BES-POU","Keripik Kentang","Makanan","Paprika","Besar",3,"Pouch","250 g",22000,12,2200,"Pabrik B",10,"Oktober",1.10573460153292,"Riwayat",231,NA,"Pesimis",0.9
2025-11-01,"KK-PAP-BES-POU","Keripik Kentang","Makanan","Paprika","Besar",3,"Pouch","250 g",22000,12,2200,"Pabrik B",11,"November",1.29356357927787,"Riwayat",261,NA,"Normal",1
2025-11-01,"KK-PAP-BES-POU","Keripik Kentang","Makanan","Paprika","Besar",3,"Pouch","250 g",22000,12,2200,"Pabrik B",11,"November",1.29356357927787,"Riwayat",261,NA,"Optimis",1.1
2025-11-01,"KK-PAP-BES-POU","Keripik Kentang","Makanan","Paprika","Besar",3,"Pouch","250 g",22000,12,2200,"Pabrik B",11,"November",1.29356357927787,"Riwayat",261,NA,"Pesimis",0.9
2025-12-01,"KK-PAP-BES-POU","Keripik Kentang","Makanan","Paprika","Besar",3,"Pouch","250 g",22000,12,2200,"Pabrik B",12,"Desember",1.40991781327916,"Riwayat",261,NA,"Normal",1
2025-12-01,"KK-PAP-BES-POU","Keripik Kentang","Makanan","Paprika","Besar",3,"Pouch","250 g",22000,12,2200,"Pabrik B",12,"Desember",1.40991781327916,"Riwayat",261,NA,"Optimis",1.1
2025-12-01,"KK-PAP-BES-POU","Keripik Kentang","Makanan","Paprika","Besar",3,"Pouch","250 g",22000,12,2200,"Pabrik B",12,"Desember",1.40991781327916,"Riwayat",261,NA,"Pesimis",0.9
2026-01-01,"KK-PAP-BES-POU","Keripik Kentang","Makanan","Paprika","Besar",3,"Pouch","250 g",22000,12,2200,"Pabrik B",1,"Januari",0.760458029365592,"Plan",NA,198.47954566442,"Normal",1
2026-01-01,"KK-PAP-BES-POU","Keripik Kentang","Makanan","Paprika","Besar",3,"Pouch","250 g",22000,12,2200,"Pabrik B",1,"Januari",0.760458029365592,"Plan",NA,218.327500230862,"Optimis",1.1
2026-01-01,"KK-PAP-BES-POU","Keripik Kentang","Makanan","Paprika","Besar",3,"Pouch","250 g",22000,12,2200,"Pabrik B",1,"Januari",0.760458029365592,"Plan",NA,178.631591097978,"Pesimis",0.9
2026-02-01,"KK-PAP-BES-POU","Keripik Kentang","Makanan","Paprika","Besar",3,"Pouch","250 g",22000,12,2200,"Pabrik B",2,"Februari",0.788253763043679,"Plan",NA,205.7342321544,"Normal",1
2026-02-01,"KK-PAP-BES-POU","Keripik Kentang","Makanan","Paprika","Besar",3,"Pouch","250 g",22000,12,2200,"Pabrik B",2,"Februari",0.788253763043679,"Plan",NA,226.30765536984,"Optimis",1.1
2026-02-01,"KK-PAP-BES-POU","Keripik Kentang","Makanan","Paprika","Besar",3,"Pouch","250 g",22000,12,2200,"Pabrik B",2,"Februari",0.788253763043679,"Plan",NA,185.16080893896,"Pesimis",0.9
2026-03-01,"KK-PAP-BES-POU","Keripik Kentang","Makanan","Paprika","Besar",3,"Pouch","250 g",22000,12,2200,"Pabrik B",3,"Maret",0.901006556468741,"Plan",NA,235.162711238342,"Normal",1
2026-03-01,"KK-PAP-BES-POU","Keripik Kentang","Makanan","Paprika","Besar",3,"Pouch","250 g",22000,12,2200,"Pabrik B",3,"Maret",0.901006556468741,"Plan",NA,258.678982362176,"Optimis",1.1
2026-03-01,"KK-PAP-BES-POU","Keripik Kentang","Makanan","Paprika","Besar",3,"Pouch","250 g",22000,12,2200,"Pabrik B",3,"Maret",0.901006556468741,"Plan",NA,211.646440114507,"Pesimis",0.9
2026-04-01,"KK-PAP-BES-POU","Keripik Kentang","Makanan","Paprika","Besar",3,"Pouch","250 g",22000,12,2200,"Pabrik B",4,"April",0.93194200757226,"Plan",NA,243.23686397636,"Normal",1
2026-04-01,"KK-PAP-BES-POU","Keripik Kentang","Makanan","Paprika","Besar",3,"Pouch","250 g",22000,12,2200,"Pabrik B",4,"April",0.93194200757226,"Plan",NA,267.560550373996,"Optimis",1.1
2026-04-01,"KK-PAP-BES-POU","Keripik Kentang","Makanan","Paprika","Besar",3,"Pouch","250 g",22000,12,2200,"Pabrik B",4,"April",0.93194200757226,"Plan",NA,218.913177578724,"Pesimis",0.9
2026-05-01,"KK-PAP-BES-POU","Keripik Kentang","Makanan","Paprika","Besar",3,"Pouch","250 g",22000,12,2200,"Pabrik B",5,"Mei",1.00212392649367,"Plan",NA,261.554344814849,"Normal",1
2026-05-01,"KK-PAP-BES-POU","Keripik Kentang","Makanan","Paprika","Besar",3,"Pouch","250 g",22000,12,2200,"Pabrik B",5,"Mei",1.00212392649367,"Plan",NA,287.709779296334,"Optimis",1.1
2026-05-01,"KK-PAP-BES-POU","Keripik Kentang","Makanan","Paprika","Besar",3,"Pouch","250 g",22000,12,2200,"Pabrik B",5,"Mei",1.00212392649367,"Plan",NA,235.398910333364,"Pesimis",0.9
2026-06-01,"KK-PAP-BES-POU","Keripik Kentang","Makanan","Paprika","Besar",3,"Pouch","250 g",22000,12,2200,"Pabrik B",6,"Juni",1.14507341398098,"Plan",NA,298.864161049035,"Normal",1
2026-06-01,"KK-PAP-BES-POU","Keripik Kentang","Makanan","Paprika","Besar",3,"Pouch","250 g",22000,12,2200,"Pabrik B",6,"Juni",1.14507341398098,"Plan",NA,328.750577153939,"Optimis",1.1
2026-06-01,"KK-PAP-BES-POU","Keripik Kentang","Makanan","Paprika","Besar",3,"Pouch","250 g",22000,12,2200,"Pabrik B",6,"Juni",1.14507341398098,"Plan",NA,268.977744944132,"Pesimis",0.9
2023-01-01,"KK-PAP-KEC-SAC","Keripik Kentang","Makanan","Paprika","Kecil",1,"Sachet","60 g",6500,40,2200,"Pabrik A",1,"Januari",0.760458029365592,"Riwayat",222,NA,"Normal",1
2023-01-01,"KK-PAP-KEC-SAC","Keripik Kentang","Makanan","Paprika","Kecil",1,"Sachet","60 g",6500,40,2200,"Pabrik A",1,"Januari",0.760458029365592,"Riwayat",222,NA,"Optimis",1.1
2023-01-01,"KK-PAP-KEC-SAC","Keripik Kentang","Makanan","Paprika","Kecil",1,"Sachet","60 g",6500,40,2200,"Pabrik A",1,"Januari",0.760458029365592,"Riwayat",222,NA,"Pesimis",0.9
2023-02-01,"KK-PAP-KEC-SAC","Keripik Kentang","Makanan","Paprika","Kecil",1,"Sachet","60 g",6500,40,2200,"Pabrik A",2,"Februari",0.788253763043679,"Riwayat",238,NA,"Normal",1
2023-02-01,"KK-PAP-KEC-SAC","Keripik Kentang","Makanan","Paprika","Kecil",1,"Sachet","60 g",6500,40,2200,"Pabrik A",2,"Februari",0.788253763043679,"Riwayat",238,NA,"Optimis",1.1
2023-02-01,"KK-PAP-KEC-SAC","Keripik Kentang","Makanan","Paprika","Kecil",1,"Sachet","60 g",6500,40,2200,"Pabrik A",2,"Februari",0.788253763043679,"Riwayat",238,NA,"Pesimis",0.9
2023-03-01,"KK-PAP-KEC-SAC","Keripik Kentang","Makanan","Paprika","Kecil",1,"Sachet","60 g",6500,40,2200,"Pabrik A",3,"Maret",0.901006556468741,"Riwayat",248,NA,"Normal",1
2023-03-01,"KK-PAP-KEC-SAC","Keripik Kentang","Makanan","Paprika","Kecil",1,"Sachet","60 g",6500,40,2200,"Pabrik A",3,"Maret",0.901006556468741,"Riwayat",248,NA,"Optimis",1.1
2023-03-01,"KK-PAP-KEC-SAC","Keripik Kentang","Makanan","Paprika","Kecil",1,"Sachet","60 g",6500,40,2200,"Pabrik A",3,"Maret",0.901006556468741,"Riwayat",248,NA,"Pesimis",0.9
2023-04-01,"KK-PAP-KEC-SAC","Keripik Kentang","Makanan","Paprika","Kecil",1,"Sachet","60 g",6500,40,2200,"Pabrik A",4,"April",0.93194200757226,"Riwayat",273,NA,"Normal",1
2023-04-01,"KK-PAP-KEC-SAC","Keripik Kentang","Makanan","Paprika","Kecil",1,"Sachet","60 g",6500,40,2200,"Pabrik A",4,"April",0.93194200757226,"Riwayat",273,NA,"Optimis",1.1
2023-04-01,"KK-PAP-KEC-SAC","Keripik Kentang","Makanan","Paprika","Kecil",1,"Sachet","60 g",6500,40,2200,"Pabrik A",4,"April",0.93194200757226,"Riwayat",273,NA,"Pesimis",0.9
2023-05-01,"KK-PAP-KEC-SAC","Keripik Kentang","Makanan","Paprika","Kecil",1,"Sachet","60 g",6500,40,2200,"Pabrik A",5,"Mei",1.00212392649367,"Riwayat",319,NA,"Normal",1
2023-05-01,"KK-PAP-KEC-SAC","Keripik Kentang","Makanan","Paprika","Kecil",1,"Sachet","60 g",6500,40,2200,"Pabrik A",5,"Mei",1.00212392649367,"Riwayat",319,NA,"Optimis",1.1
2023-05-01,"KK-PAP-KEC-SAC","Keripik Kentang","Makanan","Paprika","Kecil",1,"Sachet","60 g",6500,40,2200,"Pabrik A",5,"Mei",1.00212392649367,"Riwayat",319,NA,"Pesimis",0.9
2023-06-01,"KK-PAP-KEC-SAC","Keripik Kentang","Makanan","Paprika","Kecil",1,"Sachet","60 g",6500,40,2200,"Pabrik A",6,"Juni",1.14507341398098,"Riwayat",292,NA,"Normal",1
2023-06-01,"KK-PAP-KEC-SAC","Keripik Kentang","Makanan","Paprika","Kecil",1,"Sachet","60 g",6500,40,2200,"Pabrik A",6,"Juni",1.14507341398098,"Riwayat",292,NA,"Optimis",1.1
2023-06-01,"KK-PAP-KEC-SAC","Keripik Kentang","Makanan","Paprika","Kecil",1,"Sachet","60 g",6500,40,2200,"Pabrik A",6,"Juni",1.14507341398098,"Riwayat",292,NA,"Pesimis",0.9
2023-07-01,"KK-PAP-KEC-SAC","Keripik Kentang","Makanan","Paprika","Kecil",1,"Sachet","60 g",6500,40,2200,"Pabrik A",7,"Juli",1.04783451842275,"Riwayat",270,NA,"Normal",1
2023-07-01,"KK-PAP-KEC-SAC","Keripik Kentang","Makanan","Paprika","Kecil",1,"Sachet","60 g",6500,40,2200,"Pabrik A",7,"Juli",1.04783451842275,"Riwayat",270,NA,"Optimis",1.1
2023-07-01,"KK-PAP-KEC-SAC","Keripik Kentang","Makanan","Paprika","Kecil",1,"Sachet","60 g",6500,40,2200,"Pabrik A",7,"Juli",1.04783451842275,"Riwayat",270,NA,"Pesimis",0.9
2023-08-01,"KK-PAP-KEC-SAC","Keripik Kentang","Makanan","Paprika","Kecil",1,"Sachet","60 g",6500,40,2200,"Pabrik A",8,"Agustus",0.986702373256995,"Riwayat",282,NA,"Normal",1
2023-08-01,"KK-PAP-KEC-SAC","Keripik Kentang","Makanan","Paprika","Kecil",1,"Sachet","60 g",6500,40,2200,"Pabrik A",8,"Agustus",0.986702373256995,"Riwayat",282,NA,"Optimis",1.1
2023-08-01,"KK-PAP-KEC-SAC","Keripik Kentang","Makanan","Paprika","Kecil",1,"Sachet","60 g",6500,40,2200,"Pabrik A",8,"Agustus",0.986702373256995,"Riwayat",282,NA,"Pesimis",0.9
2023-09-01,"KK-PAP-KEC-SAC","Keripik Kentang","Makanan","Paprika","Kecil",1,"Sachet","60 g",6500,40,2200,"Pabrik A",9,"September",0.997876073506326,"Riwayat",301,NA,"Normal",1
2023-09-01,"KK-PAP-KEC-SAC","Keripik Kentang","Makanan","Paprika","Kecil",1,"Sachet","60 g",6500,40,2200,"Pabrik A",9,"September",0.997876073506326,"Riwayat",301,NA,"Optimis",1.1
2023-09-01,"KK-PAP-KEC-SAC","Keripik Kentang","Makanan","Paprika","Kecil",1,"Sachet","60 g",6500,40,2200,"Pabrik A",9,"September",0.997876073506326,"Riwayat",301,NA,"Pesimis",0.9
2023-10-01,"KK-PAP-KEC-SAC","Keripik Kentang","Makanan","Paprika","Kecil",1,"Sachet","60 g",6500,40,2200,"Pabrik A",10,"Oktober",1.10573460153292,"Riwayat",343,NA,"Normal",1
2023-10-01,"KK-PAP-KEC-SAC","Keripik Kentang","Makanan","Paprika","Kecil",1,"Sachet","60 g",6500,40,2200,"Pabrik A",10,"Oktober",1.10573460153292,"Riwayat",343,NA,"Optimis",1.1
2023-10-01,"KK-PAP-KEC-SAC","Keripik Kentang","Makanan","Paprika","Kecil",1,"Sachet","60 g",6500,40,2200,"Pabrik A",10,"Oktober",1.10573460153292,"Riwayat",343,NA,"Pesimis",0.9
2023-11-01,"KK-PAP-KEC-SAC","Keripik Kentang","Makanan","Paprika","Kecil",1,"Sachet","60 g",6500,40,2200,"Pabrik A",11,"November",1.29356357927787,"Riwayat",364,NA,"Normal",1
2023-11-01,"KK-PAP-KEC-SAC","Keripik Kentang","Makanan","Paprika","Kecil",1,"Sachet","60 g",6500,40,2200,"Pabrik A",11,"November",1.29356357927787,"Riwayat",364,NA,"Optimis",1.1
2023-11-01,"KK-PAP-KEC-SAC","Keripik Kentang","Makanan","Paprika","Kecil",1,"Sachet","60 g",6500,40,2200,"Pabrik A",11,"November",1.29356357927787,"Riwayat",364,NA,"Pesimis",0.9
2023-12-01,"KK-PAP-KEC-SAC","Keripik Kentang","Makanan","Paprika","Kecil",1,"Sachet","60 g",6500,40,2200,"Pabrik A",12,"Desember",1.40991781327916,"Riwayat",305,NA,"Normal",1
2023-12-01,"KK-PAP-KEC-SAC","Keripik Kentang","Makanan","Paprika","Kecil",1,"Sachet","60 g",6500,40,2200,"Pabrik A",12,"Desember",1.40991781327916,"Riwayat",305,NA,"Optimis",1.1
2023-12-01,"KK-PAP-KEC-SAC","Keripik Kentang","Makanan","Paprika","Kecil",1,"Sachet","60 g",6500,40,2200,"Pabrik A",12,"Desember",1.40991781327916,"Riwayat",305,NA,"Pesimis",0.9
2024-01-01,"KK-PAP-KEC-SAC","Keripik Kentang","Makanan","Paprika","Kecil",1,"Sachet","60 g",6500,40,2200,"Pabrik A",1,"Januari",0.760458029365592,"Riwayat",232,NA,"Normal",1
2024-01-01,"KK-PAP-KEC-SAC","Keripik Kentang","Makanan","Paprika","Kecil",1,"Sachet","60 g",6500,40,2200,"Pabrik A",1,"Januari",0.760458029365592,"Riwayat",232,NA,"Optimis",1.1
2024-01-01,"KK-PAP-KEC-SAC","Keripik Kentang","Makanan","Paprika","Kecil",1,"Sachet","60 g",6500,40,2200,"Pabrik A",1,"Januari",0.760458029365592,"Riwayat",232,NA,"Pesimis",0.9
2024-02-01,"KK-PAP-KEC-SAC","Keripik Kentang","Makanan","Paprika","Kecil",1,"Sachet","60 g",6500,40,2200,"Pabrik A",2,"Februari",0.788253763043679,"Riwayat",239,NA,"Normal",1
2024-02-01,"KK-PAP-KEC-SAC","Keripik Kentang","Makanan","Paprika","Kecil",1,"Sachet","60 g",6500,40,2200,"Pabrik A",2,"Februari",0.788253763043679,"Riwayat",239,NA,"Optimis",1.1
2024-02-01,"KK-PAP-KEC-SAC","Keripik Kentang","Makanan","Paprika","Kecil",1,"Sachet","60 g",6500,40,2200,"Pabrik A",2,"Februari",0.788253763043679,"Riwayat",239,NA,"Pesimis",0.9
2024-03-01,"KK-PAP-KEC-SAC","Keripik Kentang","Makanan","Paprika","Kecil",1,"Sachet","60 g",6500,40,2200,"Pabrik A",3,"Maret",0.901006556468741,"Riwayat",262,NA,"Normal",1
2024-03-01,"KK-PAP-KEC-SAC","Keripik Kentang","Makanan","Paprika","Kecil",1,"Sachet","60 g",6500,40,2200,"Pabrik A",3,"Maret",0.901006556468741,"Riwayat",262,NA,"Optimis",1.1
2024-03-01,"KK-PAP-KEC-SAC","Keripik Kentang","Makanan","Paprika","Kecil",1,"Sachet","60 g",6500,40,2200,"Pabrik A",3,"Maret",0.901006556468741,"Riwayat",262,NA,"Pesimis",0.9
2024-04-01,"KK-PAP-KEC-SAC","Keripik Kentang","Makanan","Paprika","Kecil",1,"Sachet","60 g",6500,40,2200,"Pabrik A",4,"April",0.93194200757226,"Riwayat",234,NA,"Normal",1
2024-04-01,"KK-PAP-KEC-SAC","Keripik Kentang","Makanan","Paprika","Kecil",1,"Sachet","60 g",6500,40,2200,"Pabrik A",4,"April",0.93194200757226,"Riwayat",234,NA,"Optimis",1.1
2024-04-01,"KK-PAP-KEC-SAC","Keripik Kentang","Makanan","Paprika","Kecil",1,"Sachet","60 g",6500,40,2200,"Pabrik A",4,"April",0.93194200757226,"Riwayat",234,NA,"Pesimis",0.9
2024-05-01,"KK-PAP-KEC-SAC","Keripik Kentang","Makanan","Paprika","Kecil",1,"Sachet","60 g",6500,40,2200,"Pabrik A",5,"Mei",1.00212392649367,"Riwayat",273,NA,"Normal",1
2024-05-01,"KK-PAP-KEC-SAC","Keripik Kentang","Makanan","Paprika","Kecil",1,"Sachet","60 g",6500,40,2200,"Pabrik A",5,"Mei",1.00212392649367,"Riwayat",273,NA,"Optimis",1.1
2024-05-01,"KK-PAP-KEC-SAC","Keripik Kentang","Makanan","Paprika","Kecil",1,"Sachet","60 g",6500,40,2200,"Pabrik A",5,"Mei",1.00212392649367,"Riwayat",273,NA,"Pesimis",0.9
2024-06-01,"KK-PAP-KEC-SAC","Keripik Kentang","Makanan","Paprika","Kecil",1,"Sachet","60 g",6500,40,2200,"Pabrik A",6,"Juni",1.14507341398098,"Riwayat",307,NA,"Normal",1
2024-06-01,"KK-PAP-KEC-SAC","Keripik Kentang","Makanan","Paprika","Kecil",1,"Sachet","60 g",6500,40,2200,"Pabrik A",6,"Juni",1.14507341398098,"Riwayat",307,NA,"Optimis",1.1
2024-06-01,"KK-PAP-KEC-SAC","Keripik Kentang","Makanan","Paprika","Kecil",1,"Sachet","60 g",6500,40,2200,"Pabrik A",6,"Juni",1.14507341398098,"Riwayat",307,NA,"Pesimis",0.9
2024-07-01,"KK-PAP-KEC-SAC","Keripik Kentang","Makanan","Paprika","Kecil",1,"Sachet","60 g",6500,40,2200,"Pabrik A",7,"Juli",1.04783451842275,"Riwayat",293,NA,"Normal",1
2024-07-01,"KK-PAP-KEC-SAC","Keripik Kentang","Makanan","Paprika","Kecil",1,"Sachet","60 g",6500,40,2200,"Pabrik A",7,"Juli",1.04783451842275,"Riwayat",293,NA,"Optimis",1.1
2024-07-01,"KK-PAP-KEC-SAC","Keripik Kentang","Makanan","Paprika","Kecil",1,"Sachet","60 g",6500,40,2200,"Pabrik A",7,"Juli",1.04783451842275,"Riwayat",293,NA,"Pesimis",0.9
2024-08-01,"KK-PAP-KEC-SAC","Keripik Kentang","Makanan","Paprika","Kecil",1,"Sachet","60 g",6500,40,2200,"Pabrik A",8,"Agustus",0.986702373256995,"Riwayat",296,NA,"Normal",1
2024-08-01,"KK-PAP-KEC-SAC","Keripik Kentang","Makanan","Paprika","Kecil",1,"Sachet","60 g",6500,40,2200,"Pabrik A",8,"Agustus",0.986702373256995,"Riwayat",296,NA,"Optimis",1.1
2024-08-01,"KK-PAP-KEC-SAC","Keripik Kentang","Makanan","Paprika","Kecil",1,"Sachet","60 g",6500,40,2200,"Pabrik A",8,"Agustus",0.986702373256995,"Riwayat",296,NA,"Pesimis",0.9
2024-09-01,"KK-PAP-KEC-SAC","Keripik Kentang","Makanan","Paprika","Kecil",1,"Sachet","60 g",6500,40,2200,"Pabrik A",9,"September",0.997876073506326,"Riwayat",255,NA,"Normal",1
2024-09-01,"KK-PAP-KEC-SAC","Keripik Kentang","Makanan","Paprika","Kecil",1,"Sachet","60 g",6500,40,2200,"Pabrik A",9,"September",0.997876073506326,"Riwayat",255,NA,"Optimis",1.1
2024-09-01,"KK-PAP-KEC-SAC","Keripik Kentang","Makanan","Paprika","Kecil",1,"Sachet","60 g",6500,40,2200,"Pabrik A",9,"September",0.997876073506326,"Riwayat",255,NA,"Pesimis",0.9
2024-10-01,"KK-PAP-KEC-SAC","Keripik Kentang","Makanan","Paprika","Kecil",1,"Sachet","60 g",6500,40,2200,"Pabrik A",10,"Oktober",1.10573460153292,"Riwayat",286,NA,"Normal",1
2024-10-01,"KK-PAP-KEC-SAC","Keripik Kentang","Makanan","Paprika","Kecil",1,"Sachet","60 g",6500,40,2200,"Pabrik A",10,"Oktober",1.10573460153292,"Riwayat",286,NA,"Optimis",1.1
2024-10-01,"KK-PAP-KEC-SAC","Keripik Kentang","Makanan","Paprika","Kecil",1,"Sachet","60 g",6500,40,2200,"Pabrik A",10,"Oktober",1.10573460153292,"Riwayat",286,NA,"Pesimis",0.9
2024-11-01,"KK-PAP-KEC-SAC","Keripik Kentang","Makanan","Paprika","Kecil",1,"Sachet","60 g",6500,40,2200,"Pabrik A",11,"November",1.29356357927787,"Riwayat",330,NA,"Normal",1
2024-11-01,"KK-PAP-KEC-SAC","Keripik Kentang","Makanan","Paprika","Kecil",1,"Sachet","60 g",6500,40,2200,"Pabrik A",11,"November",1.29356357927787,"Riwayat",330,NA,"Optimis",1.1
2024-11-01,"KK-PAP-KEC-SAC","Keripik Kentang","Makanan","Paprika","Kecil",1,"Sachet","60 g",6500,40,2200,"Pabrik A",11,"November",1.29356357927787,"Riwayat",330,NA,"Pesimis",0.9
2024-12-01,"KK-PAP-KEC-SAC","Keripik Kentang","Makanan","Paprika","Kecil",1,"Sachet","60 g",6500,40,2200,"Pabrik A",12,"Desember",1.40991781327916,"Riwayat",396,NA,"Normal",1
2024-12-01,"KK-PAP-KEC-SAC","Keripik Kentang","Makanan","Paprika","Kecil",1,"Sachet","60 g",6500,40,2200,"Pabrik A",12,"Desember",1.40991781327916,"Riwayat",396,NA,"Optimis",1.1
2024-12-01,"KK-PAP-KEC-SAC","Keripik Kentang","Makanan","Paprika","Kecil",1,"Sachet","60 g",6500,40,2200,"Pabrik A",12,"Desember",1.40991781327916,"Riwayat",396,NA,"Pesimis",0.9
2025-01-01,"KK-PAP-KEC-SAC","Keripik Kentang","Makanan","Paprika","Kecil",1,"Sachet","60 g",6500,40,2200,"Pabrik A",1,"Januari",0.760458029365592,"Riwayat",191,NA,"Normal",1
2025-01-01,"KK-PAP-KEC-SAC","Keripik Kentang","Makanan","Paprika","Kecil",1,"Sachet","60 g",6500,40,2200,"Pabrik A",1,"Januari",0.760458029365592,"Riwayat",191,NA,"Optimis",1.1
2025-01-01,"KK-PAP-KEC-SAC","Keripik Kentang","Makanan","Paprika","Kecil",1,"Sachet","60 g",6500,40,2200,"Pabrik A",1,"Januari",0.760458029365592,"Riwayat",191,NA,"Pesimis",0.9
2025-02-01,"KK-PAP-KEC-SAC","Keripik Kentang","Makanan","Paprika","Kecil",1,"Sachet","60 g",6500,40,2200,"Pabrik A",2,"Februari",0.788253763043679,"Riwayat",218,NA,"Normal",1
2025-02-01,"KK-PAP-KEC-SAC","Keripik Kentang","Makanan","Paprika","Kecil",1,"Sachet","60 g",6500,40,2200,"Pabrik A",2,"Februari",0.788253763043679,"Riwayat",218,NA,"Optimis",1.1
2025-02-01,"KK-PAP-KEC-SAC","Keripik Kentang","Makanan","Paprika","Kecil",1,"Sachet","60 g",6500,40,2200,"Pabrik A",2,"Februari",0.788253763043679,"Riwayat",218,NA,"Pesimis",0.9
2025-03-01,"KK-PAP-KEC-SAC","Keripik Kentang","Makanan","Paprika","Kecil",1,"Sachet","60 g",6500,40,2200,"Pabrik A",3,"Maret",0.901006556468741,"Riwayat",243,NA,"Normal",1
2025-03-01,"KK-PAP-KEC-SAC","Keripik Kentang","Makanan","Paprika","Kecil",1,"Sachet","60 g",6500,40,2200,"Pabrik A",3,"Maret",0.901006556468741,"Riwayat",243,NA,"Optimis",1.1
2025-03-01,"KK-PAP-KEC-SAC","Keripik Kentang","Makanan","Paprika","Kecil",1,"Sachet","60 g",6500,40,2200,"Pabrik A",3,"Maret",0.901006556468741,"Riwayat",243,NA,"Pesimis",0.9
2025-04-01,"KK-PAP-KEC-SAC","Keripik Kentang","Makanan","Paprika","Kecil",1,"Sachet","60 g",6500,40,2200,"Pabrik A",4,"April",0.93194200757226,"Riwayat",203,NA,"Normal",1
2025-04-01,"KK-PAP-KEC-SAC","Keripik Kentang","Makanan","Paprika","Kecil",1,"Sachet","60 g",6500,40,2200,"Pabrik A",4,"April",0.93194200757226,"Riwayat",203,NA,"Optimis",1.1
2025-04-01,"KK-PAP-KEC-SAC","Keripik Kentang","Makanan","Paprika","Kecil",1,"Sachet","60 g",6500,40,2200,"Pabrik A",4,"April",0.93194200757226,"Riwayat",203,NA,"Pesimis",0.9
2025-05-01,"KK-PAP-KEC-SAC","Keripik Kentang","Makanan","Paprika","Kecil",1,"Sachet","60 g",6500,40,2200,"Pabrik A",5,"Mei",1.00212392649367,"Riwayat",272,NA,"Normal",1
2025-05-01,"KK-PAP-KEC-SAC","Keripik Kentang","Makanan","Paprika","Kecil",1,"Sachet","60 g",6500,40,2200,"Pabrik A",5,"Mei",1.00212392649367,"Riwayat",272,NA,"Optimis",1.1
2025-05-01,"KK-PAP-KEC-SAC","Keripik Kentang","Makanan","Paprika","Kecil",1,"Sachet","60 g",6500,40,2200,"Pabrik A",5,"Mei",1.00212392649367,"Riwayat",272,NA,"Pesimis",0.9
2025-06-01,"KK-PAP-KEC-SAC","Keripik Kentang","Makanan","Paprika","Kecil",1,"Sachet","60 g",6500,40,2200,"Pabrik A",6,"Juni",1.14507341398098,"Riwayat",292,NA,"Normal",1
2025-06-01,"KK-PAP-KEC-SAC","Keripik Kentang","Makanan","Paprika","Kecil",1,"Sachet","60 g",6500,40,2200,"Pabrik A",6,"Juni",1.14507341398098,"Riwayat",292,NA,"Optimis",1.1
2025-06-01,"KK-PAP-KEC-SAC","Keripik Kentang","Makanan","Paprika","Kecil",1,"Sachet","60 g",6500,40,2200,"Pabrik A",6,"Juni",1.14507341398098,"Riwayat",292,NA,"Pesimis",0.9
2025-07-01,"KK-PAP-KEC-SAC","Keripik Kentang","Makanan","Paprika","Kecil",1,"Sachet","60 g",6500,40,2200,"Pabrik A",7,"Juli",1.04783451842275,"Riwayat",300,NA,"Normal",1
2025-07-01,"KK-PAP-KEC-SAC","Keripik Kentang","Makanan","Paprika","Kecil",1,"Sachet","60 g",6500,40,2200,"Pabrik A",7,"Juli",1.04783451842275,"Riwayat",300,NA,"Optimis",1.1
2025-07-01,"KK-PAP-KEC-SAC","Keripik Kentang","Makanan","Paprika","Kecil",1,"Sachet","60 g",6500,40,2200,"Pabrik A",7,"Juli",1.04783451842275,"Riwayat",300,NA,"Pesimis",0.9
2025-08-01,"KK-PAP-KEC-SAC","Keripik Kentang","Makanan","Paprika","Kecil",1,"Sachet","60 g",6500,40,2200,"Pabrik A",8,"Agustus",0.986702373256995,"Riwayat",263,NA,"Normal",1
2025-08-01,"KK-PAP-KEC-SAC","Keripik Kentang","Makanan","Paprika","Kecil",1,"Sachet","60 g",6500,40,2200,"Pabrik A",8,"Agustus",0.986702373256995,"Riwayat",263,NA,"Optimis",1.1
2025-08-01,"KK-PAP-KEC-SAC","Keripik Kentang","Makanan","Paprika","Kecil",1,"Sachet","60 g",6500,40,2200,"Pabrik A",8,"Agustus",0.986702373256995,"Riwayat",263,NA,"Pesimis",0.9
2025-09-01,"KK-PAP-KEC-SAC","Keripik Kentang","Makanan","Paprika","Kecil",1,"Sachet","60 g",6500,40,2200,"Pabrik A",9,"September",0.997876073506326,"Riwayat",252,NA,"Normal",1
2025-09-01,"KK-PAP-KEC-SAC","Keripik Kentang","Makanan","Paprika","Kecil",1,"Sachet","60 g",6500,40,2200,"Pabrik A",9,"September",0.997876073506326,"Riwayat",252,NA,"Optimis",1.1
2025-09-01,"KK-PAP-KEC-SAC","Keripik Kentang","Makanan","Paprika","Kecil",1,"Sachet","60 g",6500,40,2200,"Pabrik A",9,"September",0.997876073506326,"Riwayat",252,NA,"Pesimis",0.9
2025-10-01,"KK-PAP-KEC-SAC","Keripik Kentang","Makanan","Paprika","Kecil",1,"Sachet","60 g",6500,40,2200,"Pabrik A",10,"Oktober",1.10573460153292,"Riwayat",270,NA,"Normal",1
2025-10-01,"KK-PAP-KEC-SAC","Keripik Kentang","Makanan","Paprika","Kecil",1,"Sachet","60 g",6500,40,2200,"Pabrik A",10,"Oktober",1.10573460153292,"Riwayat",270,NA,"Optimis",1.1
2025-10-01,"KK-PAP-KEC-SAC","Keripik Kentang","Makanan","Paprika","Kecil",1,"Sachet","60 g",6500,40,2200,"Pabrik A",10,"Oktober",1.10573460153292,"Riwayat",270,NA,"Pesimis",0.9
2025-11-01,"KK-PAP-KEC-SAC","Keripik Kentang","Makanan","Paprika","Kecil",1,"Sachet","60 g",6500,40,2200,"Pabrik A",11,"November",1.29356357927787,"Riwayat",317,NA,"Normal",1
2025-11-01,"KK-PAP-KEC-SAC","Keripik Kentang","Makanan","Paprika","Kecil",1,"Sachet","60 g",6500,40,2200,"Pabrik A",11,"November",1.29356357927787,"Riwayat",317,NA,"Optimis",1.1
2025-11-01,"KK-PAP-KEC-SAC","Keripik Kentang","Makanan","Paprika","Kecil",1,"Sachet","60 g",6500,40,2200,"Pabrik A",11,"November",1.29356357927787,"Riwayat",317,NA,"Pesimis",0.9
2025-12-01,"KK-PAP-KEC-SAC","Keripik Kentang","Makanan","Paprika","Kecil",1,"Sachet","60 g",6500,40,2200,"Pabrik A",12,"Desember",1.40991781327916,"Riwayat",345,NA,"Normal",1
2025-12-01,"KK-PAP-KEC-SAC","Keripik Kentang","Makanan","Paprika","Kecil",1,"Sachet","60 g",6500,40,2200,"Pabrik A",12,"Desember",1.40991781327916,"Riwayat",345,NA,"Optimis",1.1
2025-12-01,"KK-PAP-KEC-SAC","Keripik Kentang","Makanan","Paprika","Kecil",1,"Sachet","60 g",6500,40,2200,"Pabrik A",12,"Desember",1.40991781327916,"Riwayat",345,NA,"Pesimis",0.9
2026-01-01,"KK-PAP-KEC-SAC","Keripik Kentang","Makanan","Paprika","Kecil",1,"Sachet","60 g",6500,40,2200,"Pabrik A",1,"Januari",0.760458029365592,"Plan",NA,241.065195308893,"Normal",1
2026-01-01,"KK-PAP-KEC-SAC","Keripik Kentang","Makanan","Paprika","Kecil",1,"Sachet","60 g",6500,40,2200,"Pabrik A",1,"Januari",0.760458029365592,"Plan",NA,265.171714839782,"Optimis",1.1
2026-01-01,"KK-PAP-KEC-SAC","Keripik Kentang","Makanan","Paprika","Kecil",1,"Sachet","60 g",6500,40,2200,"Pabrik A",1,"Januari",0.760458029365592,"Plan",NA,216.958675778004,"Pesimis",0.9
2026-02-01,"KK-PAP-KEC-SAC","Keripik Kentang","Makanan","Paprika","Kecil",1,"Sachet","60 g",6500,40,2200,"Pabrik A",2,"Februari",0.788253763043679,"Plan",NA,249.876442884846,"Normal",1
2026-02-01,"KK-PAP-KEC-SAC","Keripik Kentang","Makanan","Paprika","Kecil",1,"Sachet","60 g",6500,40,2200,"Pabrik A",2,"Februari",0.788253763043679,"Plan",NA,274.864087173331,"Optimis",1.1
2026-02-01,"KK-PAP-KEC-SAC","Keripik Kentang","Makanan","Paprika","Kecil",1,"Sachet","60 g",6500,40,2200,"Pabrik A",2,"Februari",0.788253763043679,"Plan",NA,224.888798596362,"Pesimis",0.9
2026-03-01,"KK-PAP-KEC-SAC","Keripik Kentang","Makanan","Paprika","Kecil",1,"Sachet","60 g",6500,40,2200,"Pabrik A",3,"Maret",0.901006556468741,"Plan",NA,285.619078400591,"Normal",1
2026-03-01,"KK-PAP-KEC-SAC","Keripik Kentang","Makanan","Paprika","Kecil",1,"Sachet","60 g",6500,40,2200,"Pabrik A",3,"Maret",0.901006556468741,"Plan",NA,314.18098624065,"Optimis",1.1
2026-03-01,"KK-PAP-KEC-SAC","Keripik Kentang","Makanan","Paprika","Kecil",1,"Sachet","60 g",6500,40,2200,"Pabrik A",3,"Maret",0.901006556468741,"Plan",NA,257.057170560532,"Pesimis",0.9
2026-04-01,"KK-PAP-KEC-SAC","Keripik Kentang","Makanan","Paprika","Kecil",1,"Sachet","60 g",6500,40,2200,"Pabrik A",4,"April",0.93194200757226,"Plan",NA,295.425616400406,"Normal",1
2026-04-01,"KK-PAP-KEC-SAC","Keripik Kentang","Makanan","Paprika","Kecil",1,"Sachet","60 g",6500,40,2200,"Pabrik A",4,"April",0.93194200757226,"Plan",NA,324.968178040447,"Optimis",1.1
2026-04-01,"KK-PAP-KEC-SAC","Keripik Kentang","Makanan","Paprika","Kecil",1,"Sachet","60 g",6500,40,2200,"Pabrik A",4,"April",0.93194200757226,"Plan",NA,265.883054760366,"Pesimis",0.9
2026-05-01,"KK-PAP-KEC-SAC","Keripik Kentang","Makanan","Paprika","Kecil",1,"Sachet","60 g",6500,40,2200,"Pabrik A",5,"Mei",1.00212392649367,"Plan",NA,317.673284698495,"Normal",1
2026-05-01,"KK-PAP-KEC-SAC","Keripik Kentang","Makanan","Paprika","Kecil",1,"Sachet","60 g",6500,40,2200,"Pabrik A",5,"Mei",1.00212392649367,"Plan",NA,349.440613168344,"Optimis",1.1
2026-05-01,"KK-PAP-KEC-SAC","Keripik Kentang","Makanan","Paprika","Kecil",1,"Sachet","60 g",6500,40,2200,"Pabrik A",5,"Mei",1.00212392649367,"Plan",NA,285.905956228645,"Pesimis",0.9
2026-06-01,"KK-PAP-KEC-SAC","Keripik Kentang","Makanan","Paprika","Kecil",1,"Sachet","60 g",6500,40,2200,"Pabrik A",6,"Juni",1.14507341398098,"Plan",NA,362.98827223197,"Normal",1
2026-06-01,"KK-PAP-KEC-SAC","Keripik Kentang","Makanan","Paprika","Kecil",1,"Sachet","60 g",6500,40,2200,"Pabrik A",6,"Juni",1.14507341398098,"Plan",NA,399.287099455167,"Optimis",1.1
2026-06-01,"KK-PAP-KEC-SAC","Keripik Kentang","Makanan","Paprika","Kecil",1,"Sachet","60 g",6500,40,2200,"Pabrik A",6,"Juni",1.14507341398098,"Plan",NA,326.689445008773,"Pesimis",0.9
2023-01-01,"KK-PAP-KEC-SAC","Keripik Kentang","Makanan","Paprika","Kecil",1,"Sachet","60 g",6500,40,2200,"Pabrik B",1,"Januari",0.760458029365592,"Riwayat",151,NA,"Normal",1
2023-01-01,"KK-PAP-KEC-SAC","Keripik Kentang","Makanan","Paprika","Kecil",1,"Sachet","60 g",6500,40,2200,"Pabrik B",1,"Januari",0.760458029365592,"Riwayat",151,NA,"Optimis",1.1
2023-01-01,"KK-PAP-KEC-SAC","Keripik Kentang","Makanan","Paprika","Kecil",1,"Sachet","60 g",6500,40,2200,"Pabrik B",1,"Januari",0.760458029365592,"Riwayat",151,NA,"Pesimis",0.9
2023-02-01,"KK-PAP-KEC-SAC","Keripik Kentang","Makanan","Paprika","Kecil",1,"Sachet","60 g",6500,40,2200,"Pabrik B",2,"Februari",0.788253763043679,"Riwayat",167,NA,"Normal",1
2023-02-01,"KK-PAP-KEC-SAC","Keripik Kentang","Makanan","Paprika","Kecil",1,"Sachet","60 g",6500,40,2200,"Pabrik B",2,"Februari",0.788253763043679,"Riwayat",167,NA,"Optimis",1.1
2023-02-01,"KK-PAP-KEC-SAC","Keripik Kentang","Makanan","Paprika","Kecil",1,"Sachet","60 g",6500,40,2200,"Pabrik B",2,"Februari",0.788253763043679,"Riwayat",167,NA,"Pesimis",0.9
2023-03-01,"KK-PAP-KEC-SAC","Keripik Kentang","Makanan","Paprika","Kecil",1,"Sachet","60 g",6500,40,2200,"Pabrik B",3,"Maret",0.901006556468741,"Riwayat",163,NA,"Normal",1
2023-03-01,"KK-PAP-KEC-SAC","Keripik Kentang","Makanan","Paprika","Kecil",1,"Sachet","60 g",6500,40,2200,"Pabrik B",3,"Maret",0.901006556468741,"Riwayat",163,NA,"Optimis",1.1
2023-03-01,"KK-PAP-KEC-SAC","Keripik Kentang","Makanan","Paprika","Kecil",1,"Sachet","60 g",6500,40,2200,"Pabrik B",3,"Maret",0.901006556468741,"Riwayat",163,NA,"Pesimis",0.9
2023-04-01,"KK-PAP-KEC-SAC","Keripik Kentang","Makanan","Paprika","Kecil",1,"Sachet","60 g",6500,40,2200,"Pabrik B",4,"April",0.93194200757226,"Riwayat",163,NA,"Normal",1
2023-04-01,"KK-PAP-KEC-SAC","Keripik Kentang","Makanan","Paprika","Kecil",1,"Sachet","60 g",6500,40,2200,"Pabrik B",4,"April",0.93194200757226,"Riwayat",163,NA,"Optimis",1.1
2023-04-01,"KK-PAP-KEC-SAC","Keripik Kentang","Makanan","Paprika","Kecil",1,"Sachet","60 g",6500,40,2200,"Pabrik B",4,"April",0.93194200757226,"Riwayat",163,NA,"Pesimis",0.9
2023-05-01,"KK-PAP-KEC-SAC","Keripik Kentang","Makanan","Paprika","Kecil",1,"Sachet","60 g",6500,40,2200,"Pabrik B",5,"Mei",1.00212392649367,"Riwayat",215,NA,"Normal",1
2023-05-01,"KK-PAP-KEC-SAC","Keripik Kentang","Makanan","Paprika","Kecil",1,"Sachet","60 g",6500,40,2200,"Pabrik B",5,"Mei",1.00212392649367,"Riwayat",215,NA,"Optimis",1.1
2023-05-01,"KK-PAP-KEC-SAC","Keripik Kentang","Makanan","Paprika","Kecil",1,"Sachet","60 g",6500,40,2200,"Pabrik B",5,"Mei",1.00212392649367,"Riwayat",215,NA,"Pesimis",0.9
2023-06-01,"KK-PAP-KEC-SAC","Keripik Kentang","Makanan","Paprika","Kecil",1,"Sachet","60 g",6500,40,2200,"Pabrik B",6,"Juni",1.14507341398098,"Riwayat",212,NA,"Normal",1
2023-06-01,"KK-PAP-KEC-SAC","Keripik Kentang","Makanan","Paprika","Kecil",1,"Sachet","60 g",6500,40,2200,"Pabrik B",6,"Juni",1.14507341398098,"Riwayat",212,NA,"Optimis",1.1
2023-06-01,"KK-PAP-KEC-SAC","Keripik Kentang","Makanan","Paprika","Kecil",1,"Sachet","60 g",6500,40,2200,"Pabrik B",6,"Juni",1.14507341398098,"Riwayat",212,NA,"Pesimis",0.9
2023-07-01,"KK-PAP-KEC-SAC","Keripik Kentang","Makanan","Paprika","Kecil",1,"Sachet","60 g",6500,40,2200,"Pabrik B",7,"Juli",1.04783451842275,"Riwayat",218,NA,"Normal",1
2023-07-01,"KK-PAP-KEC-SAC","Keripik Kentang","Makanan","Paprika","Kecil",1,"Sachet","60 g",6500,40,2200,"Pabrik B",7,"Juli",1.04783451842275,"Riwayat",218,NA,"Optimis",1.1
2023-07-01,"KK-PAP-KEC-SAC","Keripik Kentang","Makanan","Paprika","Kecil",1,"Sachet","60 g",6500,40,2200,"Pabrik B",7,"Juli",1.04783451842275,"Riwayat",218,NA,"Pesimis",0.9
2023-08-01,"KK-PAP-KEC-SAC","Keripik Kentang","Makanan","Paprika","Kecil",1,"Sachet","60 g",6500,40,2200,"Pabrik B",8,"Agustus",0.986702373256995,"Riwayat",178,NA,"Normal",1
2023-08-01,"KK-PAP-KEC-SAC","Keripik Kentang","Makanan","Paprika","Kecil",1,"Sachet","60 g",6500,40,2200,"Pabrik B",8,"Agustus",0.986702373256995,"Riwayat",178,NA,"Optimis",1.1
2023-08-01,"KK-PAP-KEC-SAC","Keripik Kentang","Makanan","Paprika","Kecil",1,"Sachet","60 g",6500,40,2200,"Pabrik B",8,"Agustus",0.986702373256995,"Riwayat",178,NA,"Pesimis",0.9
2023-09-01,"KK-PAP-KEC-SAC","Keripik Kentang","Makanan","Paprika","Kecil",1,"Sachet","60 g",6500,40,2200,"Pabrik B",9,"September",0.997876073506326,"Riwayat",179,NA,"Normal",1
2023-09-01,"KK-PAP-KEC-SAC","Keripik Kentang","Makanan","Paprika","Kecil",1,"Sachet","60 g",6500,40,2200,"Pabrik B",9,"September",0.997876073506326,"Riwayat",179,NA,"Optimis",1.1
2023-09-01,"KK-PAP-KEC-SAC","Keripik Kentang","Makanan","Paprika","Kecil",1,"Sachet","60 g",6500,40,2200,"Pabrik B",9,"September",0.997876073506326,"Riwayat",179,NA,"Pesimis",0.9
2023-10-01,"KK-PAP-KEC-SAC","Keripik Kentang","Makanan","Paprika","Kecil",1,"Sachet","60 g",6500,40,2200,"Pabrik B",10,"Oktober",1.10573460153292,"Riwayat",206,NA,"Normal",1
2023-10-01,"KK-PAP-KEC-SAC","Keripik Kentang","Makanan","Paprika","Kecil",1,"Sachet","60 g",6500,40,2200,"Pabrik B",10,"Oktober",1.10573460153292,"Riwayat",206,NA,"Optimis",1.1
2023-10-01,"KK-PAP-KEC-SAC","Keripik Kentang","Makanan","Paprika","Kecil",1,"Sachet","60 g",6500,40,2200,"Pabrik B",10,"Oktober",1.10573460153292,"Riwayat",206,NA,"Pesimis",0.9
2023-11-01,"KK-PAP-KEC-SAC","Keripik Kentang","Makanan","Paprika","Kecil",1,"Sachet","60 g",6500,40,2200,"Pabrik B",11,"November",1.29356357927787,"Riwayat",228,NA,"Normal",1
2023-11-01,"KK-PAP-KEC-SAC","Keripik Kentang","Makanan","Paprika","Kecil",1,"Sachet","60 g",6500,40,2200,"Pabrik B",11,"November",1.29356357927787,"Riwayat",228,NA,"Optimis",1.1
2023-11-01,"KK-PAP-KEC-SAC","Keripik Kentang","Makanan","Paprika","Kecil",1,"Sachet","60 g",6500,40,2200,"Pabrik B",11,"November",1.29356357927787,"Riwayat",228,NA,"Pesimis",0.9
2023-12-01,"KK-PAP-KEC-SAC","Keripik Kentang","Makanan","Paprika","Kecil",1,"Sachet","60 g",6500,40,2200,"Pabrik B",12,"Desember",1.40991781327916,"Riwayat",264,NA,"Normal",1
2023-12-01,"KK-PAP-KEC-SAC","Keripik Kentang","Makanan","Paprika","Kecil",1,"Sachet","60 g",6500,40,2200,"Pabrik B",12,"Desember",1.40991781327916,"Riwayat",264,NA,"Optimis",1.1
2023-12-01,"KK-PAP-KEC-SAC","Keripik Kentang","Makanan","Paprika","Kecil",1,"Sachet","60 g",6500,40,2200,"Pabrik B",12,"Desember",1.40991781327916,"Riwayat",264,NA,"Pesimis",0.9
2024-01-01,"KK-PAP-KEC-SAC","Keripik Kentang","Makanan","Paprika","Kecil",1,"Sachet","60 g",6500,40,2200,"Pabrik B",1,"Januari",0.760458029365592,"Riwayat",144,NA,"Normal",1
2024-01-01,"KK-PAP-KEC-SAC","Keripik Kentang","Makanan","Paprika","Kecil",1,"Sachet","60 g",6500,40,2200,"Pabrik B",1,"Januari",0.760458029365592,"Riwayat",144,NA,"Optimis",1.1
2024-01-01,"KK-PAP-KEC-SAC","Keripik Kentang","Makanan","Paprika","Kecil",1,"Sachet","60 g",6500,40,2200,"Pabrik B",1,"Januari",0.760458029365592,"Riwayat",144,NA,"Pesimis",0.9
2024-02-01,"KK-PAP-KEC-SAC","Keripik Kentang","Makanan","Paprika","Kecil",1,"Sachet","60 g",6500,40,2200,"Pabrik B",2,"Februari",0.788253763043679,"Riwayat",145,NA,"Normal",1
2024-02-01,"KK-PAP-KEC-SAC","Keripik Kentang","Makanan","Paprika","Kecil",1,"Sachet","60 g",6500,40,2200,"Pabrik B",2,"Februari",0.788253763043679,"Riwayat",145,NA,"Optimis",1.1
2024-02-01,"KK-PAP-KEC-SAC","Keripik Kentang","Makanan","Paprika","Kecil",1,"Sachet","60 g",6500,40,2200,"Pabrik B",2,"Februari",0.788253763043679,"Riwayat",145,NA,"Pesimis",0.9
2024-03-01,"KK-PAP-KEC-SAC","Keripik Kentang","Makanan","Paprika","Kecil",1,"Sachet","60 g",6500,40,2200,"Pabrik B",3,"Maret",0.901006556468741,"Riwayat",166,NA,"Normal",1
2024-03-01,"KK-PAP-KEC-SAC","Keripik Kentang","Makanan","Paprika","Kecil",1,"Sachet","60 g",6500,40,2200,"Pabrik B",3,"Maret",0.901006556468741,"Riwayat",166,NA,"Optimis",1.1
2024-03-01,"KK-PAP-KEC-SAC","Keripik Kentang","Makanan","Paprika","Kecil",1,"Sachet","60 g",6500,40,2200,"Pabrik B",3,"Maret",0.901006556468741,"Riwayat",166,NA,"Pesimis",0.9
2024-04-01,"KK-PAP-KEC-SAC","Keripik Kentang","Makanan","Paprika","Kecil",1,"Sachet","60 g",6500,40,2200,"Pabrik B",4,"April",0.93194200757226,"Riwayat",188,NA,"Normal",1
2024-04-01,"KK-PAP-KEC-SAC","Keripik Kentang","Makanan","Paprika","Kecil",1,"Sachet","60 g",6500,40,2200,"Pabrik B",4,"April",0.93194200757226,"Riwayat",188,NA,"Optimis",1.1
2024-04-01,"KK-PAP-KEC-SAC","Keripik Kentang","Makanan","Paprika","Kecil",1,"Sachet","60 g",6500,40,2200,"Pabrik B",4,"April",0.93194200757226,"Riwayat",188,NA,"Pesimis",0.9
2024-05-01,"KK-PAP-KEC-SAC","Keripik Kentang","Makanan","Paprika","Kecil",1,"Sachet","60 g",6500,40,2200,"Pabrik B",5,"Mei",1.00212392649367,"Riwayat",173,NA,"Normal",1
2024-05-01,"KK-PAP-KEC-SAC","Keripik Kentang","Makanan","Paprika","Kecil",1,"Sachet","60 g",6500,40,2200,"Pabrik B",5,"Mei",1.00212392649367,"Riwayat",173,NA,"Optimis",1.1
2024-05-01,"KK-PAP-KEC-SAC","Keripik Kentang","Makanan","Paprika","Kecil",1,"Sachet","60 g",6500,40,2200,"Pabrik B",5,"Mei",1.00212392649367,"Riwayat",173,NA,"Pesimis",0.9
2024-06-01,"KK-PAP-KEC-SAC","Keripik Kentang","Makanan","Paprika","Kecil",1,"Sachet","60 g",6500,40,2200,"Pabrik B",6,"Juni",1.14507341398098,"Riwayat",76,NA,"Normal",1
2024-06-01,"KK-PAP-KEC-SAC","Keripik Kentang","Makanan","Paprika","Kecil",1,"Sachet","60 g",6500,40,2200,"Pabrik B",6,"Juni",1.14507341398098,"Riwayat",76,NA,"Optimis",1.1
2024-06-01,"KK-PAP-KEC-SAC","Keripik Kentang","Makanan","Paprika","Kecil",1,"Sachet","60 g",6500,40,2200,"Pabrik B",6,"Juni",1.14507341398098,"Riwayat",76,NA,"Pesimis",0.9
2024-07-01,"KK-PAP-KEC-SAC","Keripik Kentang","Makanan","Paprika","Kecil",1,"Sachet","60 g",6500,40,2200,"Pabrik B",7,"Juli",1.04783451842275,"Riwayat",165,NA,"Normal",1
2024-07-01,"KK-PAP-KEC-SAC","Keripik Kentang","Makanan","Paprika","Kecil",1,"Sachet","60 g",6500,40,2200,"Pabrik B",7,"Juli",1.04783451842275,"Riwayat",165,NA,"Optimis",1.1
2024-07-01,"KK-PAP-KEC-SAC","Keripik Kentang","Makanan","Paprika","Kecil",1,"Sachet","60 g",6500,40,2200,"Pabrik B",7,"Juli",1.04783451842275,"Riwayat",165,NA,"Pesimis",0.9
2024-08-01,"KK-PAP-KEC-SAC","Keripik Kentang","Makanan","Paprika","Kecil",1,"Sachet","60 g",6500,40,2200,"Pabrik B",8,"Agustus",0.986702373256995,"Riwayat",198,NA,"Normal",1
2024-08-01,"KK-PAP-KEC-SAC","Keripik Kentang","Makanan","Paprika","Kecil",1,"Sachet","60 g",6500,40,2200,"Pabrik B",8,"Agustus",0.986702373256995,"Riwayat",198,NA,"Optimis",1.1
2024-08-01,"KK-PAP-KEC-SAC","Keripik Kentang","Makanan","Paprika","Kecil",1,"Sachet","60 g",6500,40,2200,"Pabrik B",8,"Agustus",0.986702373256995,"Riwayat",198,NA,"Pesimis",0.9
2024-09-01,"KK-PAP-KEC-SAC","Keripik Kentang","Makanan","Paprika","Kecil",1,"Sachet","60 g",6500,40,2200,"Pabrik B",9,"September",0.997876073506326,"Riwayat",155,NA,"Normal",1
2024-09-01,"KK-PAP-KEC-SAC","Keripik Kentang","Makanan","Paprika","Kecil",1,"Sachet","60 g",6500,40,2200,"Pabrik B",9,"September",0.997876073506326,"Riwayat",155,NA,"Optimis",1.1
2024-09-01,"KK-PAP-KEC-SAC","Keripik Kentang","Makanan","Paprika","Kecil",1,"Sachet","60 g",6500,40,2200,"Pabrik B",9,"September",0.997876073506326,"Riwayat",155,NA,"Pesimis",0.9
2024-10-01,"KK-PAP-KEC-SAC","Keripik Kentang","Makanan","Paprika","Kecil",1,"Sachet","60 g",6500,40,2200,"Pabrik B",10,"Oktober",1.10573460153292,"Riwayat",184,NA,"Normal",1
2024-10-01,"KK-PAP-KEC-SAC","Keripik Kentang","Makanan","Paprika","Kecil",1,"Sachet","60 g",6500,40,2200,"Pabrik B",10,"Oktober",1.10573460153292,"Riwayat",184,NA,"Optimis",1.1
2024-10-01,"KK-PAP-KEC-SAC","Keripik Kentang","Makanan","Paprika","Kecil",1,"Sachet","60 g",6500,40,2200,"Pabrik B",10,"Oktober",1.10573460153292,"Riwayat",184,NA,"Pesimis",0.9
2024-11-01,"KK-PAP-KEC-SAC","Keripik Kentang","Makanan","Paprika","Kecil",1,"Sachet","60 g",6500,40,2200,"Pabrik B",11,"November",1.29356357927787,"Riwayat",197,NA,"Normal",1
2024-11-01,"KK-PAP-KEC-SAC","Keripik Kentang","Makanan","Paprika","Kecil",1,"Sachet","60 g",6500,40,2200,"Pabrik B",11,"November",1.29356357927787,"Riwayat",197,NA,"Optimis",1.1
2024-11-01,"KK-PAP-KEC-SAC","Keripik Kentang","Makanan","Paprika","Kecil",1,"Sachet","60 g",6500,40,2200,"Pabrik B",11,"November",1.29356357927787,"Riwayat",197,NA,"Pesimis",0.9
2024-12-01,"KK-PAP-KEC-SAC","Keripik Kentang","Makanan","Paprika","Kecil",1,"Sachet","60 g",6500,40,2200,"Pabrik B",12,"Desember",1.40991781327916,"Riwayat",240,NA,"Normal",1
2024-12-01,"KK-PAP-KEC-SAC","Keripik Kentang","Makanan","Paprika","Kecil",1,"Sachet","60 g",6500,40,2200,"Pabrik B",12,"Desember",1.40991781327916,"Riwayat",240,NA,"Optimis",1.1
2024-12-01,"KK-PAP-KEC-SAC","Keripik Kentang","Makanan","Paprika","Kecil",1,"Sachet","60 g",6500,40,2200,"Pabrik B",12,"Desember",1.40991781327916,"Riwayat",240,NA,"Pesimis",0.9
2025-01-01,"KK-PAP-KEC-SAC","Keripik Kentang","Makanan","Paprika","Kecil",1,"Sachet","60 g",6500,40,2200,"Pabrik B",1,"Januari",0.760458029365592,"Riwayat",140,NA,"Normal",1
2025-01-01,"KK-PAP-KEC-SAC","Keripik Kentang","Makanan","Paprika","Kecil",1,"Sachet","60 g",6500,40,2200,"Pabrik B",1,"Januari",0.760458029365592,"Riwayat",140,NA,"Optimis",1.1
2025-01-01,"KK-PAP-KEC-SAC","Keripik Kentang","Makanan","Paprika","Kecil",1,"Sachet","60 g",6500,40,2200,"Pabrik B",1,"Januari",0.760458029365592,"Riwayat",140,NA,"Pesimis",0.9
2025-02-01,"KK-PAP-KEC-SAC","Keripik Kentang","Makanan","Paprika","Kecil",1,"Sachet","60 g",6500,40,2200,"Pabrik B",2,"Februari",0.788253763043679,"Riwayat",126,NA,"Normal",1
2025-02-01,"KK-PAP-KEC-SAC","Keripik Kentang","Makanan","Paprika","Kecil",1,"Sachet","60 g",6500,40,2200,"Pabrik B",2,"Februari",0.788253763043679,"Riwayat",126,NA,"Optimis",1.1
2025-02-01,"KK-PAP-KEC-SAC","Keripik Kentang","Makanan","Paprika","Kecil",1,"Sachet","60 g",6500,40,2200,"Pabrik B",2,"Februari",0.788253763043679,"Riwayat",126,NA,"Pesimis",0.9
2025-03-01,"KK-PAP-KEC-SAC","Keripik Kentang","Makanan","Paprika","Kecil",1,"Sachet","60 g",6500,40,2200,"Pabrik B",3,"Maret",0.901006556468741,"Riwayat",166,NA,"Normal",1
2025-03-01,"KK-PAP-KEC-SAC","Keripik Kentang","Makanan","Paprika","Kecil",1,"Sachet","60 g",6500,40,2200,"Pabrik B",3,"Maret",0.901006556468741,"Riwayat",166,NA,"Optimis",1.1
2025-03-01,"KK-PAP-KEC-SAC","Keripik Kentang","Makanan","Paprika","Kecil",1,"Sachet","60 g",6500,40,2200,"Pabrik B",3,"Maret",0.901006556468741,"Riwayat",166,NA,"Pesimis",0.9
2025-04-01,"KK-PAP-KEC-SAC","Keripik Kentang","Makanan","Paprika","Kecil",1,"Sachet","60 g",6500,40,2200,"Pabrik B",4,"April",0.93194200757226,"Riwayat",171,NA,"Normal",1
2025-04-01,"KK-PAP-KEC-SAC","Keripik Kentang","Makanan","Paprika","Kecil",1,"Sachet","60 g",6500,40,2200,"Pabrik B",4,"April",0.93194200757226,"Riwayat",171,NA,"Optimis",1.1
2025-04-01,"KK-PAP-KEC-SAC","Keripik Kentang","Makanan","Paprika","Kecil",1,"Sachet","60 g",6500,40,2200,"Pabrik B",4,"April",0.93194200757226,"Riwayat",171,NA,"Pesimis",0.9
2025-05-01,"KK-PAP-KEC-SAC","Keripik Kentang","Makanan","Paprika","Kecil",1,"Sachet","60 g",6500,40,2200,"Pabrik B",5,"Mei",1.00212392649367,"Riwayat",180,NA,"Normal",1
2025-05-01,"KK-PAP-KEC-SAC","Keripik Kentang","Makanan","Paprika","Kecil",1,"Sachet","60 g",6500,40,2200,"Pabrik B",5,"Mei",1.00212392649367,"Riwayat",180,NA,"Optimis",1.1
2025-05-01,"KK-PAP-KEC-SAC","Keripik Kentang","Makanan","Paprika","Kecil",1,"Sachet","60 g",6500,40,2200,"Pabrik B",5,"Mei",1.00212392649367,"Riwayat",180,NA,"Pesimis",0.9
2025-06-01,"KK-PAP-KEC-SAC","Keripik Kentang","Makanan","Paprika","Kecil",1,"Sachet","60 g",6500,40,2200,"Pabrik B",6,"Juni",1.14507341398098,"Riwayat",180,NA,"Normal",1
2025-06-01,"KK-PAP-KEC-SAC","Keripik Kentang","Makanan","Paprika","Kecil",1,"Sachet","60 g",6500,40,2200,"Pabrik B",6,"Juni",1.14507341398098,"Riwayat",180,NA,"Optimis",1.1
2025-06-01,"KK-PAP-KEC-SAC","Keripik Kentang","Makanan","Paprika","Kecil",1,"Sachet","60 g",6500,40,2200,"Pabrik B",6,"Juni",1.14507341398098,"Riwayat",180,NA,"Pesimis",0.9
2025-07-01,"KK-PAP-KEC-SAC","Keripik Kentang","Makanan","Paprika","Kecil",1,"Sachet","60 g",6500,40,2200,"Pabrik B",7,"Juli",1.04783451842275,"Riwayat",179,NA,"Normal",1
2025-07-01,"KK-PAP-KEC-SAC","Keripik Kentang","Makanan","Paprika","Kecil",1,"Sachet","60 g",6500,40,2200,"Pabrik B",7,"Juli",1.04783451842275,"Riwayat",179,NA,"Optimis",1.1
2025-07-01,"KK-PAP-KEC-SAC","Keripik Kentang","Makanan","Paprika","Kecil",1,"Sachet","60 g",6500,40,2200,"Pabrik B",7,"Juli",1.04783451842275,"Riwayat",179,NA,"Pesimis",0.9
2025-08-01,"KK-PAP-KEC-SAC","Keripik Kentang","Makanan","Paprika","Kecil",1,"Sachet","60 g",6500,40,2200,"Pabrik B",8,"Agustus",0.986702373256995,"Riwayat",181,NA,"Normal",1
2025-08-01,"KK-PAP-KEC-SAC","Keripik Kentang","Makanan","Paprika","Kecil",1,"Sachet","60 g",6500,40,2200,"Pabrik B",8,"Agustus",0.986702373256995,"Riwayat",181,NA,"Optimis",1.1
2025-08-01,"KK-PAP-KEC-SAC","Keripik Kentang","Makanan","Paprika","Kecil",1,"Sachet","60 g",6500,40,2200,"Pabrik B",8,"Agustus",0.986702373256995,"Riwayat",181,NA,"Pesimis",0.9
2025-09-01,"KK-PAP-KEC-SAC","Keripik Kentang","Makanan","Paprika","Kecil",1,"Sachet","60 g",6500,40,2200,"Pabrik B",9,"September",0.997876073506326,"Riwayat",156,NA,"Normal",1
2025-09-01,"KK-PAP-KEC-SAC","Keripik Kentang","Makanan","Paprika","Kecil",1,"Sachet","60 g",6500,40,2200,"Pabrik B",9,"September",0.997876073506326,"Riwayat",156,NA,"Optimis",1.1
2025-09-01,"KK-PAP-KEC-SAC","Keripik Kentang","Makanan","Paprika","Kecil",1,"Sachet","60 g",6500,40,2200,"Pabrik B",9,"September",0.997876073506326,"Riwayat",156,NA,"Pesimis",0.9
2025-10-01,"KK-PAP-KEC-SAC","Keripik Kentang","Makanan","Paprika","Kecil",1,"Sachet","60 g",6500,40,2200,"Pabrik B",10,"Oktober",1.10573460153292,"Riwayat",181,NA,"Normal",1
2025-10-01,"KK-PAP-KEC-SAC","Keripik Kentang","Makanan","Paprika","Kecil",1,"Sachet","60 g",6500,40,2200,"Pabrik B",10,"Oktober",1.10573460153292,"Riwayat",181,NA,"Optimis",1.1
2025-10-01,"KK-PAP-KEC-SAC","Keripik Kentang","Makanan","Paprika","Kecil",1,"Sachet","60 g",6500,40,2200,"Pabrik B",10,"Oktober",1.10573460153292,"Riwayat",181,NA,"Pesimis",0.9
2025-11-01,"KK-PAP-KEC-SAC","Keripik Kentang","Makanan","Paprika","Kecil",1,"Sachet","60 g",6500,40,2200,"Pabrik B",11,"November",1.29356357927787,"Riwayat",185,NA,"Normal",1
2025-11-01,"KK-PAP-KEC-SAC","Keripik Kentang","Makanan","Paprika","Kecil",1,"Sachet","60 g",6500,40,2200,"Pabrik B",11,"November",1.29356357927787,"Riwayat",185,NA,"Optimis",1.1
2025-11-01,"KK-PAP-KEC-SAC","Keripik Kentang","Makanan","Paprika","Kecil",1,"Sachet","60 g",6500,40,2200,"Pabrik B",11,"November",1.29356357927787,"Riwayat",185,NA,"Pesimis",0.9
2025-12-01,"KK-PAP-KEC-SAC","Keripik Kentang","Makanan","Paprika","Kecil",1,"Sachet","60 g",6500,40,2200,"Pabrik B",12,"Desember",1.40991781327916,"Riwayat",226,NA,"Normal",1
2025-12-01,"KK-PAP-KEC-SAC","Keripik Kentang","Makanan","Paprika","Kecil",1,"Sachet","60 g",6500,40,2200,"Pabrik B",12,"Desember",1.40991781327916,"Riwayat",226,NA,"Optimis",1.1
2025-12-01,"KK-PAP-KEC-SAC","Keripik Kentang","Makanan","Paprika","Kecil",1,"Sachet","60 g",6500,40,2200,"Pabrik B",12,"Desember",1.40991781327916,"Riwayat",226,NA,"Pesimis",0.9
2026-01-01,"KK-PAP-KEC-SAC","Keripik Kentang","Makanan","Paprika","Kecil",1,"Sachet","60 g",6500,40,2200,"Pabrik B",1,"Januari",0.760458029365592,"Plan",NA,140.684735432635,"Normal",1
2026-01-01,"KK-PAP-KEC-SAC","Keripik Kentang","Makanan","Paprika","Kecil",1,"Sachet","60 g",6500,40,2200,"Pabrik B",1,"Januari",0.760458029365592,"Plan",NA,154.753208975898,"Optimis",1.1
2026-01-01,"KK-PAP-KEC-SAC","Keripik Kentang","Makanan","Paprika","Kecil",1,"Sachet","60 g",6500,40,2200,"Pabrik B",1,"Januari",0.760458029365592,"Plan",NA,126.616261889371,"Pesimis",0.9
2026-02-01,"KK-PAP-KEC-SAC","Keripik Kentang","Makanan","Paprika","Kecil",1,"Sachet","60 g",6500,40,2200,"Pabrik B",2,"Februari",0.788253763043679,"Plan",NA,145.826946163081,"Normal",1
2026-02-01,"KK-PAP-KEC-SAC","Keripik Kentang","Makanan","Paprika","Kecil",1,"Sachet","60 g",6500,40,2200,"Pabrik B",2,"Februari",0.788253763043679,"Plan",NA,160.409640779389,"Optimis",1.1
2026-02-01,"KK-PAP-KEC-SAC","Keripik Kentang","Makanan","Paprika","Kecil",1,"Sachet","60 g",6500,40,2200,"Pabrik B",2,"Februari",0.788253763043679,"Plan",NA,131.244251546773,"Pesimis",0.9
2026-03-01,"KK-PAP-KEC-SAC","Keripik Kentang","Makanan","Paprika","Kecil",1,"Sachet","60 g",6500,40,2200,"Pabrik B",3,"Maret",0.901006556468741,"Plan",NA,166.686212946717,"Normal",1
2026-03-01,"KK-PAP-KEC-SAC","Keripik Kentang","Makanan","Paprika","Kecil",1,"Sachet","60 g",6500,40,2200,"Pabrik B",3,"Maret",0.901006556468741,"Plan",NA,183.354834241389,"Optimis",1.1
2026-03-01,"KK-PAP-KEC-SAC","Keripik Kentang","Makanan","Paprika","Kecil",1,"Sachet","60 g",6500,40,2200,"Pabrik B",3,"Maret",0.901006556468741,"Plan",NA,150.017591652045,"Pesimis",0.9
2026-04-01,"KK-PAP-KEC-SAC","Keripik Kentang","Makanan","Paprika","Kecil",1,"Sachet","60 g",6500,40,2200,"Pabrik B",4,"April",0.93194200757226,"Plan",NA,172.409271400868,"Normal",1
2026-04-01,"KK-PAP-KEC-SAC","Keripik Kentang","Makanan","Paprika","Kecil",1,"Sachet","60 g",6500,40,2200,"Pabrik B",4,"April",0.93194200757226,"Plan",NA,189.650198540955,"Optimis",1.1
2026-04-01,"KK-PAP-KEC-SAC","Keripik Kentang","Makanan","Paprika","Kecil",1,"Sachet","60 g",6500,40,2200,"Pabrik B",4,"April",0.93194200757226,"Plan",NA,155.168344260781,"Pesimis",0.9
2026-05-01,"KK-PAP-KEC-SAC","Keripik Kentang","Makanan","Paprika","Kecil",1,"Sachet","60 g",6500,40,2200,"Pabrik B",5,"Mei",1.00212392649367,"Plan",NA,185.39292640133,"Normal",1
2026-05-01,"KK-PAP-KEC-SAC","Keripik Kentang","Makanan","Paprika","Kecil",1,"Sachet","60 g",6500,40,2200,"Pabrik B",5,"Mei",1.00212392649367,"Plan",NA,203.932219041463,"Optimis",1.1
2026-05-01,"KK-PAP-KEC-SAC","Keripik Kentang","Makanan","Paprika","Kecil",1,"Sachet","60 g",6500,40,2200,"Pabrik B",5,"Mei",1.00212392649367,"Plan",NA,166.853633761197,"Pesimis",0.9
2026-06-01,"KK-PAP-KEC-SAC","Keripik Kentang","Makanan","Paprika","Kecil",1,"Sachet","60 g",6500,40,2200,"Pabrik B",6,"Juni",1.14507341398098,"Plan",NA,211.838581586481,"Normal",1
2026-06-01,"KK-PAP-KEC-SAC","Keripik Kentang","Makanan","Paprika","Kecil",1,"Sachet","60 g",6500,40,2200,"Pabrik B",6,"Juni",1.14507341398098,"Plan",NA,233.022439745129,"Optimis",1.1
2026-06-01,"KK-PAP-KEC-SAC","Keripik Kentang","Makanan","Paprika","Kecil",1,"Sachet","60 g",6500,40,2200,"Pabrik B",6,"Juni",1.14507341398098,"Plan",NA,190.654723427833,"Pesimis",0.9
2023-01-01,"KK-PAP-SED-POU","Keripik Kentang","Makanan","Paprika","Sedang",2,"Pouch","120 g",15000,24,2200,"Pabrik A",1,"Januari",0.760458029365592,"Riwayat",126,NA,"Normal",1
2023-01-01,"KK-PAP-SED-POU","Keripik Kentang","Makanan","Paprika","Sedang",2,"Pouch","120 g",15000,24,2200,"Pabrik A",1,"Januari",0.760458029365592,"Riwayat",126,NA,"Optimis",1.1
2023-01-01,"KK-PAP-SED-POU","Keripik Kentang","Makanan","Paprika","Sedang",2,"Pouch","120 g",15000,24,2200,"Pabrik A",1,"Januari",0.760458029365592,"Riwayat",126,NA,"Pesimis",0.9
2023-02-01,"KK-PAP-SED-POU","Keripik Kentang","Makanan","Paprika","Sedang",2,"Pouch","120 g",15000,24,2200,"Pabrik A",2,"Februari",0.788253763043679,"Riwayat",131,NA,"Normal",1
2023-02-01,"KK-PAP-SED-POU","Keripik Kentang","Makanan","Paprika","Sedang",2,"Pouch","120 g",15000,24,2200,"Pabrik A",2,"Februari",0.788253763043679,"Riwayat",131,NA,"Optimis",1.1
2023-02-01,"KK-PAP-SED-POU","Keripik Kentang","Makanan","Paprika","Sedang",2,"Pouch","120 g",15000,24,2200,"Pabrik A",2,"Februari",0.788253763043679,"Riwayat",131,NA,"Pesimis",0.9
2023-03-01,"KK-PAP-SED-POU","Keripik Kentang","Makanan","Paprika","Sedang",2,"Pouch","120 g",15000,24,2200,"Pabrik A",3,"Maret",0.901006556468741,"Riwayat",133,NA,"Normal",1
2023-03-01,"KK-PAP-SED-POU","Keripik Kentang","Makanan","Paprika","Sedang",2,"Pouch","120 g",15000,24,2200,"Pabrik A",3,"Maret",0.901006556468741,"Riwayat",133,NA,"Optimis",1.1
2023-03-01,"KK-PAP-SED-POU","Keripik Kentang","Makanan","Paprika","Sedang",2,"Pouch","120 g",15000,24,2200,"Pabrik A",3,"Maret",0.901006556468741,"Riwayat",133,NA,"Pesimis",0.9
2023-04-01,"KK-PAP-SED-POU","Keripik Kentang","Makanan","Paprika","Sedang",2,"Pouch","120 g",15000,24,2200,"Pabrik A",4,"April",0.93194200757226,"Riwayat",134,NA,"Normal",1
2023-04-01,"KK-PAP-SED-POU","Keripik Kentang","Makanan","Paprika","Sedang",2,"Pouch","120 g",15000,24,2200,"Pabrik A",4,"April",0.93194200757226,"Riwayat",134,NA,"Optimis",1.1
2023-04-01,"KK-PAP-SED-POU","Keripik Kentang","Makanan","Paprika","Sedang",2,"Pouch","120 g",15000,24,2200,"Pabrik A",4,"April",0.93194200757226,"Riwayat",134,NA,"Pesimis",0.9
2023-05-01,"KK-PAP-SED-POU","Keripik Kentang","Makanan","Paprika","Sedang",2,"Pouch","120 g",15000,24,2200,"Pabrik A",5,"Mei",1.00212392649367,"Riwayat",172,NA,"Normal",1
2023-05-01,"KK-PAP-SED-POU","Keripik Kentang","Makanan","Paprika","Sedang",2,"Pouch","120 g",15000,24,2200,"Pabrik A",5,"Mei",1.00212392649367,"Riwayat",172,NA,"Optimis",1.1
2023-05-01,"KK-PAP-SED-POU","Keripik Kentang","Makanan","Paprika","Sedang",2,"Pouch","120 g",15000,24,2200,"Pabrik A",5,"Mei",1.00212392649367,"Riwayat",172,NA,"Pesimis",0.9
2023-06-01,"KK-PAP-SED-POU","Keripik Kentang","Makanan","Paprika","Sedang",2,"Pouch","120 g",15000,24,2200,"Pabrik A",6,"Juni",1.14507341398098,"Riwayat",195,NA,"Normal",1
2023-06-01,"KK-PAP-SED-POU","Keripik Kentang","Makanan","Paprika","Sedang",2,"Pouch","120 g",15000,24,2200,"Pabrik A",6,"Juni",1.14507341398098,"Riwayat",195,NA,"Optimis",1.1
2023-06-01,"KK-PAP-SED-POU","Keripik Kentang","Makanan","Paprika","Sedang",2,"Pouch","120 g",15000,24,2200,"Pabrik A",6,"Juni",1.14507341398098,"Riwayat",195,NA,"Pesimis",0.9
2023-07-01,"KK-PAP-SED-POU","Keripik Kentang","Makanan","Paprika","Sedang",2,"Pouch","120 g",15000,24,2200,"Pabrik A",7,"Juli",1.04783451842275,"Riwayat",189,NA,"Normal",1
2023-07-01,"KK-PAP-SED-POU","Keripik Kentang","Makanan","Paprika","Sedang",2,"Pouch","120 g",15000,24,2200,"Pabrik A",7,"Juli",1.04783451842275,"Riwayat",189,NA,"Optimis",1.1
2023-07-01,"KK-PAP-SED-POU","Keripik Kentang","Makanan","Paprika","Sedang",2,"Pouch","120 g",15000,24,2200,"Pabrik A",7,"Juli",1.04783451842275,"Riwayat",189,NA,"Pesimis",0.9
2023-08-01,"KK-PAP-SED-POU","Keripik Kentang","Makanan","Paprika","Sedang",2,"Pouch","120 g",15000,24,2200,"Pabrik A",8,"Agustus",0.986702373256995,"Riwayat",166,NA,"Normal",1
2023-08-01,"KK-PAP-SED-POU","Keripik Kentang","Makanan","Paprika","Sedang",2,"Pouch","120 g",15000,24,2200,"Pabrik A",8,"Agustus",0.986702373256995,"Riwayat",166,NA,"Optimis",1.1
2023-08-01,"KK-PAP-SED-POU","Keripik Kentang","Makanan","Paprika","Sedang",2,"Pouch","120 g",15000,24,2200,"Pabrik A",8,"Agustus",0.986702373256995,"Riwayat",166,NA,"Pesimis",0.9
2023-09-01,"KK-PAP-SED-POU","Keripik Kentang","Makanan","Paprika","Sedang",2,"Pouch","120 g",15000,24,2200,"Pabrik A",9,"September",0.997876073506326,"Riwayat",161,NA,"Normal",1
2023-09-01,"KK-PAP-SED-POU","Keripik Kentang","Makanan","Paprika","Sedang",2,"Pouch","120 g",15000,24,2200,"Pabrik A",9,"September",0.997876073506326,"Riwayat",161,NA,"Optimis",1.1
2023-09-01,"KK-PAP-SED-POU","Keripik Kentang","Makanan","Paprika","Sedang",2,"Pouch","120 g",15000,24,2200,"Pabrik A",9,"September",0.997876073506326,"Riwayat",161,NA,"Pesimis",0.9
2023-10-01,"KK-PAP-SED-POU","Keripik Kentang","Makanan","Paprika","Sedang",2,"Pouch","120 g",15000,24,2200,"Pabrik A",10,"Oktober",1.10573460153292,"Riwayat",189,NA,"Normal",1
2023-10-01,"KK-PAP-SED-POU","Keripik Kentang","Makanan","Paprika","Sedang",2,"Pouch","120 g",15000,24,2200,"Pabrik A",10,"Oktober",1.10573460153292,"Riwayat",189,NA,"Optimis",1.1
2023-10-01,"KK-PAP-SED-POU","Keripik Kentang","Makanan","Paprika","Sedang",2,"Pouch","120 g",15000,24,2200,"Pabrik A",10,"Oktober",1.10573460153292,"Riwayat",189,NA,"Pesimis",0.9
2023-11-01,"KK-PAP-SED-POU","Keripik Kentang","Makanan","Paprika","Sedang",2,"Pouch","120 g",15000,24,2200,"Pabrik A",11,"November",1.29356357927787,"Riwayat",197,NA,"Normal",1
2023-11-01,"KK-PAP-SED-POU","Keripik Kentang","Makanan","Paprika","Sedang",2,"Pouch","120 g",15000,24,2200,"Pabrik A",11,"November",1.29356357927787,"Riwayat",197,NA,"Optimis",1.1
2023-11-01,"KK-PAP-SED-POU","Keripik Kentang","Makanan","Paprika","Sedang",2,"Pouch","120 g",15000,24,2200,"Pabrik A",11,"November",1.29356357927787,"Riwayat",197,NA,"Pesimis",0.9
2023-12-01,"KK-PAP-SED-POU","Keripik Kentang","Makanan","Paprika","Sedang",2,"Pouch","120 g",15000,24,2200,"Pabrik A",12,"Desember",1.40991781327916,"Riwayat",238,NA,"Normal",1
2023-12-01,"KK-PAP-SED-POU","Keripik Kentang","Makanan","Paprika","Sedang",2,"Pouch","120 g",15000,24,2200,"Pabrik A",12,"Desember",1.40991781327916,"Riwayat",238,NA,"Optimis",1.1
2023-12-01,"KK-PAP-SED-POU","Keripik Kentang","Makanan","Paprika","Sedang",2,"Pouch","120 g",15000,24,2200,"Pabrik A",12,"Desember",1.40991781327916,"Riwayat",238,NA,"Pesimis",0.9
2024-01-01,"KK-PAP-SED-POU","Keripik Kentang","Makanan","Paprika","Sedang",2,"Pouch","120 g",15000,24,2200,"Pabrik A",1,"Januari",0.760458029365592,"Riwayat",130,NA,"Normal",1
2024-01-01,"KK-PAP-SED-POU","Keripik Kentang","Makanan","Paprika","Sedang",2,"Pouch","120 g",15000,24,2200,"Pabrik A",1,"Januari",0.760458029365592,"Riwayat",130,NA,"Optimis",1.1
2024-01-01,"KK-PAP-SED-POU","Keripik Kentang","Makanan","Paprika","Sedang",2,"Pouch","120 g",15000,24,2200,"Pabrik A",1,"Januari",0.760458029365592,"Riwayat",130,NA,"Pesimis",0.9
2024-02-01,"KK-PAP-SED-POU","Keripik Kentang","Makanan","Paprika","Sedang",2,"Pouch","120 g",15000,24,2200,"Pabrik A",2,"Februari",0.788253763043679,"Riwayat",124,NA,"Normal",1
2024-02-01,"KK-PAP-SED-POU","Keripik Kentang","Makanan","Paprika","Sedang",2,"Pouch","120 g",15000,24,2200,"Pabrik A",2,"Februari",0.788253763043679,"Riwayat",124,NA,"Optimis",1.1
2024-02-01,"KK-PAP-SED-POU","Keripik Kentang","Makanan","Paprika","Sedang",2,"Pouch","120 g",15000,24,2200,"Pabrik A",2,"Februari",0.788253763043679,"Riwayat",124,NA,"Pesimis",0.9
2024-03-01,"KK-PAP-SED-POU","Keripik Kentang","Makanan","Paprika","Sedang",2,"Pouch","120 g",15000,24,2200,"Pabrik A",3,"Maret",0.901006556468741,"Riwayat",134,NA,"Normal",1
2024-03-01,"KK-PAP-SED-POU","Keripik Kentang","Makanan","Paprika","Sedang",2,"Pouch","120 g",15000,24,2200,"Pabrik A",3,"Maret",0.901006556468741,"Riwayat",134,NA,"Optimis",1.1
2024-03-01,"KK-PAP-SED-POU","Keripik Kentang","Makanan","Paprika","Sedang",2,"Pouch","120 g",15000,24,2200,"Pabrik A",3,"Maret",0.901006556468741,"Riwayat",134,NA,"Pesimis",0.9
2024-04-01,"KK-PAP-SED-POU","Keripik Kentang","Makanan","Paprika","Sedang",2,"Pouch","120 g",15000,24,2200,"Pabrik A",4,"April",0.93194200757226,"Riwayat",165,NA,"Normal",1
2024-04-01,"KK-PAP-SED-POU","Keripik Kentang","Makanan","Paprika","Sedang",2,"Pouch","120 g",15000,24,2200,"Pabrik A",4,"April",0.93194200757226,"Riwayat",165,NA,"Optimis",1.1
2024-04-01,"KK-PAP-SED-POU","Keripik Kentang","Makanan","Paprika","Sedang",2,"Pouch","120 g",15000,24,2200,"Pabrik A",4,"April",0.93194200757226,"Riwayat",165,NA,"Pesimis",0.9
2024-05-01,"KK-PAP-SED-POU","Keripik Kentang","Makanan","Paprika","Sedang",2,"Pouch","120 g",15000,24,2200,"Pabrik A",5,"Mei",1.00212392649367,"Riwayat",191,NA,"Normal",1
2024-05-01,"KK-PAP-SED-POU","Keripik Kentang","Makanan","Paprika","Sedang",2,"Pouch","120 g",15000,24,2200,"Pabrik A",5,"Mei",1.00212392649367,"Riwayat",191,NA,"Optimis",1.1
2024-05-01,"KK-PAP-SED-POU","Keripik Kentang","Makanan","Paprika","Sedang",2,"Pouch","120 g",15000,24,2200,"Pabrik A",5,"Mei",1.00212392649367,"Riwayat",191,NA,"Pesimis",0.9
2024-06-01,"KK-PAP-SED-POU","Keripik Kentang","Makanan","Paprika","Sedang",2,"Pouch","120 g",15000,24,2200,"Pabrik A",6,"Juni",1.14507341398098,"Riwayat",185,NA,"Normal",1
2024-06-01,"KK-PAP-SED-POU","Keripik Kentang","Makanan","Paprika","Sedang",2,"Pouch","120 g",15000,24,2200,"Pabrik A",6,"Juni",1.14507341398098,"Riwayat",185,NA,"Optimis",1.1
2024-06-01,"KK-PAP-SED-POU","Keripik Kentang","Makanan","Paprika","Sedang",2,"Pouch","120 g",15000,24,2200,"Pabrik A",6,"Juni",1.14507341398098,"Riwayat",185,NA,"Pesimis",0.9
2024-07-01,"KK-PAP-SED-POU","Keripik Kentang","Makanan","Paprika","Sedang",2,"Pouch","120 g",15000,24,2200,"Pabrik A",7,"Juli",1.04783451842275,"Riwayat",176,NA,"Normal",1
2024-07-01,"KK-PAP-SED-POU","Keripik Kentang","Makanan","Paprika","Sedang",2,"Pouch","120 g",15000,24,2200,"Pabrik A",7,"Juli",1.04783451842275,"Riwayat",176,NA,"Optimis",1.1
2024-07-01,"KK-PAP-SED-POU","Keripik Kentang","Makanan","Paprika","Sedang",2,"Pouch","120 g",15000,24,2200,"Pabrik A",7,"Juli",1.04783451842275,"Riwayat",176,NA,"Pesimis",0.9
2024-08-01,"KK-PAP-SED-POU","Keripik Kentang","Makanan","Paprika","Sedang",2,"Pouch","120 g",15000,24,2200,"Pabrik A",8,"Agustus",0.986702373256995,"Riwayat",163,NA,"Normal",1
2024-08-01,"KK-PAP-SED-POU","Keripik Kentang","Makanan","Paprika","Sedang",2,"Pouch","120 g",15000,24,2200,"Pabrik A",8,"Agustus",0.986702373256995,"Riwayat",163,NA,"Optimis",1.1
2024-08-01,"KK-PAP-SED-POU","Keripik Kentang","Makanan","Paprika","Sedang",2,"Pouch","120 g",15000,24,2200,"Pabrik A",8,"Agustus",0.986702373256995,"Riwayat",163,NA,"Pesimis",0.9
2024-09-01,"KK-PAP-SED-POU","Keripik Kentang","Makanan","Paprika","Sedang",2,"Pouch","120 g",15000,24,2200,"Pabrik A",9,"September",0.997876073506326,"Riwayat",171,NA,"Normal",1
2024-09-01,"KK-PAP-SED-POU","Keripik Kentang","Makanan","Paprika","Sedang",2,"Pouch","120 g",15000,24,2200,"Pabrik A",9,"September",0.997876073506326,"Riwayat",171,NA,"Optimis",1.1
2024-09-01,"KK-PAP-SED-POU","Keripik Kentang","Makanan","Paprika","Sedang",2,"Pouch","120 g",15000,24,2200,"Pabrik A",9,"September",0.997876073506326,"Riwayat",171,NA,"Pesimis",0.9
2024-10-01,"KK-PAP-SED-POU","Keripik Kentang","Makanan","Paprika","Sedang",2,"Pouch","120 g",15000,24,2200,"Pabrik A",10,"Oktober",1.10573460153292,"Riwayat",196,NA,"Normal",1
2024-10-01,"KK-PAP-SED-POU","Keripik Kentang","Makanan","Paprika","Sedang",2,"Pouch","120 g",15000,24,2200,"Pabrik A",10,"Oktober",1.10573460153292,"Riwayat",196,NA,"Optimis",1.1
2024-10-01,"KK-PAP-SED-POU","Keripik Kentang","Makanan","Paprika","Sedang",2,"Pouch","120 g",15000,24,2200,"Pabrik A",10,"Oktober",1.10573460153292,"Riwayat",196,NA,"Pesimis",0.9
2024-11-01,"KK-PAP-SED-POU","Keripik Kentang","Makanan","Paprika","Sedang",2,"Pouch","120 g",15000,24,2200,"Pabrik A",11,"November",1.29356357927787,"Riwayat",343,NA,"Normal",1
2024-11-01,"KK-PAP-SED-POU","Keripik Kentang","Makanan","Paprika","Sedang",2,"Pouch","120 g",15000,24,2200,"Pabrik A",11,"November",1.29356357927787,"Riwayat",343,NA,"Optimis",1.1
2024-11-01,"KK-PAP-SED-POU","Keripik Kentang","Makanan","Paprika","Sedang",2,"Pouch","120 g",15000,24,2200,"Pabrik A",11,"November",1.29356357927787,"Riwayat",343,NA,"Pesimis",0.9
2024-12-01,"KK-PAP-SED-POU","Keripik Kentang","Makanan","Paprika","Sedang",2,"Pouch","120 g",15000,24,2200,"Pabrik A",12,"Desember",1.40991781327916,"Riwayat",229,NA,"Normal",1
2024-12-01,"KK-PAP-SED-POU","Keripik Kentang","Makanan","Paprika","Sedang",2,"Pouch","120 g",15000,24,2200,"Pabrik A",12,"Desember",1.40991781327916,"Riwayat",229,NA,"Optimis",1.1
2024-12-01,"KK-PAP-SED-POU","Keripik Kentang","Makanan","Paprika","Sedang",2,"Pouch","120 g",15000,24,2200,"Pabrik A",12,"Desember",1.40991781327916,"Riwayat",229,NA,"Pesimis",0.9
2025-01-01,"KK-PAP-SED-POU","Keripik Kentang","Makanan","Paprika","Sedang",2,"Pouch","120 g",15000,24,2200,"Pabrik A",1,"Januari",0.760458029365592,"Riwayat",143,NA,"Normal",1
2025-01-01,"KK-PAP-SED-POU","Keripik Kentang","Makanan","Paprika","Sedang",2,"Pouch","120 g",15000,24,2200,"Pabrik A",1,"Januari",0.760458029365592,"Riwayat",143,NA,"Optimis",1.1
2025-01-01,"KK-PAP-SED-POU","Keripik Kentang","Makanan","Paprika","Sedang",2,"Pouch","120 g",15000,24,2200,"Pabrik A",1,"Januari",0.760458029365592,"Riwayat",143,NA,"Pesimis",0.9
2025-02-01,"KK-PAP-SED-POU","Keripik Kentang","Makanan","Paprika","Sedang",2,"Pouch","120 g",15000,24,2200,"Pabrik A",2,"Februari",0.788253763043679,"Riwayat",141,NA,"Normal",1
2025-02-01,"KK-PAP-SED-POU","Keripik Kentang","Makanan","Paprika","Sedang",2,"Pouch","120 g",15000,24,2200,"Pabrik A",2,"Februari",0.788253763043679,"Riwayat",141,NA,"Optimis",1.1
2025-02-01,"KK-PAP-SED-POU","Keripik Kentang","Makanan","Paprika","Sedang",2,"Pouch","120 g",15000,24,2200,"Pabrik A",2,"Februari",0.788253763043679,"Riwayat",141,NA,"Pesimis",0.9
2025-03-01,"KK-PAP-SED-POU","Keripik Kentang","Makanan","Paprika","Sedang",2,"Pouch","120 g",15000,24,2200,"Pabrik A",3,"Maret",0.901006556468741,"Riwayat",166,NA,"Normal",1
2025-03-01,"KK-PAP-SED-POU","Keripik Kentang","Makanan","Paprika","Sedang",2,"Pouch","120 g",15000,24,2200,"Pabrik A",3,"Maret",0.901006556468741,"Riwayat",166,NA,"Optimis",1.1
2025-03-01,"KK-PAP-SED-POU","Keripik Kentang","Makanan","Paprika","Sedang",2,"Pouch","120 g",15000,24,2200,"Pabrik A",3,"Maret",0.901006556468741,"Riwayat",166,NA,"Pesimis",0.9
2025-04-01,"KK-PAP-SED-POU","Keripik Kentang","Makanan","Paprika","Sedang",2,"Pouch","120 g",15000,24,2200,"Pabrik A",4,"April",0.93194200757226,"Riwayat",177,NA,"Normal",1
2025-04-01,"KK-PAP-SED-POU","Keripik Kentang","Makanan","Paprika","Sedang",2,"Pouch","120 g",15000,24,2200,"Pabrik A",4,"April",0.93194200757226,"Riwayat",177,NA,"Optimis",1.1
2025-04-01,"KK-PAP-SED-POU","Keripik Kentang","Makanan","Paprika","Sedang",2,"Pouch","120 g",15000,24,2200,"Pabrik A",4,"April",0.93194200757226,"Riwayat",177,NA,"Pesimis",0.9
2025-05-01,"KK-PAP-SED-POU","Keripik Kentang","Makanan","Paprika","Sedang",2,"Pouch","120 g",15000,24,2200,"Pabrik A",5,"Mei",1.00212392649367,"Riwayat",202,NA,"Normal",1
2025-05-01,"KK-PAP-SED-POU","Keripik Kentang","Makanan","Paprika","Sedang",2,"Pouch","120 g",15000,24,2200,"Pabrik A",5,"Mei",1.00212392649367,"Riwayat",202,NA,"Optimis",1.1
2025-05-01,"KK-PAP-SED-POU","Keripik Kentang","Makanan","Paprika","Sedang",2,"Pouch","120 g",15000,24,2200,"Pabrik A",5,"Mei",1.00212392649367,"Riwayat",202,NA,"Pesimis",0.9
2025-06-01,"KK-PAP-SED-POU","Keripik Kentang","Makanan","Paprika","Sedang",2,"Pouch","120 g",15000,24,2200,"Pabrik A",6,"Juni",1.14507341398098,"Riwayat",219,NA,"Normal",1
2025-06-01,"KK-PAP-SED-POU","Keripik Kentang","Makanan","Paprika","Sedang",2,"Pouch","120 g",15000,24,2200,"Pabrik A",6,"Juni",1.14507341398098,"Riwayat",219,NA,"Optimis",1.1
2025-06-01,"KK-PAP-SED-POU","Keripik Kentang","Makanan","Paprika","Sedang",2,"Pouch","120 g",15000,24,2200,"Pabrik A",6,"Juni",1.14507341398098,"Riwayat",219,NA,"Pesimis",0.9
2025-07-01,"KK-PAP-SED-POU","Keripik Kentang","Makanan","Paprika","Sedang",2,"Pouch","120 g",15000,24,2200,"Pabrik A",7,"Juli",1.04783451842275,"Riwayat",191,NA,"Normal",1
2025-07-01,"KK-PAP-SED-POU","Keripik Kentang","Makanan","Paprika","Sedang",2,"Pouch","120 g",15000,24,2200,"Pabrik A",7,"Juli",1.04783451842275,"Riwayat",191,NA,"Optimis",1.1
2025-07-01,"KK-PAP-SED-POU","Keripik Kentang","Makanan","Paprika","Sedang",2,"Pouch","120 g",15000,24,2200,"Pabrik A",7,"Juli",1.04783451842275,"Riwayat",191,NA,"Pesimis",0.9
2025-08-01,"KK-PAP-SED-POU","Keripik Kentang","Makanan","Paprika","Sedang",2,"Pouch","120 g",15000,24,2200,"Pabrik A",8,"Agustus",0.986702373256995,"Riwayat",176,NA,"Normal",1
2025-08-01,"KK-PAP-SED-POU","Keripik Kentang","Makanan","Paprika","Sedang",2,"Pouch","120 g",15000,24,2200,"Pabrik A",8,"Agustus",0.986702373256995,"Riwayat",176,NA,"Optimis",1.1
2025-08-01,"KK-PAP-SED-POU","Keripik Kentang","Makanan","Paprika","Sedang",2,"Pouch","120 g",15000,24,2200,"Pabrik A",8,"Agustus",0.986702373256995,"Riwayat",176,NA,"Pesimis",0.9
2025-09-01,"KK-PAP-SED-POU","Keripik Kentang","Makanan","Paprika","Sedang",2,"Pouch","120 g",15000,24,2200,"Pabrik A",9,"September",0.997876073506326,"Riwayat",205,NA,"Normal",1
2025-09-01,"KK-PAP-SED-POU","Keripik Kentang","Makanan","Paprika","Sedang",2,"Pouch","120 g",15000,24,2200,"Pabrik A",9,"September",0.997876073506326,"Riwayat",205,NA,"Optimis",1.1
2025-09-01,"KK-PAP-SED-POU","Keripik Kentang","Makanan","Paprika","Sedang",2,"Pouch","120 g",15000,24,2200,"Pabrik A",9,"September",0.997876073506326,"Riwayat",205,NA,"Pesimis",0.9
2025-10-01,"KK-PAP-SED-POU","Keripik Kentang","Makanan","Paprika","Sedang",2,"Pouch","120 g",15000,24,2200,"Pabrik A",10,"Oktober",1.10573460153292,"Riwayat",194,NA,"Normal",1
2025-10-01,"KK-PAP-SED-POU","Keripik Kentang","Makanan","Paprika","Sedang",2,"Pouch","120 g",15000,24,2200,"Pabrik A",10,"Oktober",1.10573460153292,"Riwayat",194,NA,"Optimis",1.1
2025-10-01,"KK-PAP-SED-POU","Keripik Kentang","Makanan","Paprika","Sedang",2,"Pouch","120 g",15000,24,2200,"Pabrik A",10,"Oktober",1.10573460153292,"Riwayat",194,NA,"Pesimis",0.9
2025-11-01,"KK-PAP-SED-POU","Keripik Kentang","Makanan","Paprika","Sedang",2,"Pouch","120 g",15000,24,2200,"Pabrik A",11,"November",1.29356357927787,"Riwayat",246,NA,"Normal",1
2025-11-01,"KK-PAP-SED-POU","Keripik Kentang","Makanan","Paprika","Sedang",2,"Pouch","120 g",15000,24,2200,"Pabrik A",11,"November",1.29356357927787,"Riwayat",246,NA,"Optimis",1.1
2025-11-01,"KK-PAP-SED-POU","Keripik Kentang","Makanan","Paprika","Sedang",2,"Pouch","120 g",15000,24,2200,"Pabrik A",11,"November",1.29356357927787,"Riwayat",246,NA,"Pesimis",0.9
2025-12-01,"KK-PAP-SED-POU","Keripik Kentang","Makanan","Paprika","Sedang",2,"Pouch","120 g",15000,24,2200,"Pabrik A",12,"Desember",1.40991781327916,"Riwayat",266,NA,"Normal",1
2025-12-01,"KK-PAP-SED-POU","Keripik Kentang","Makanan","Paprika","Sedang",2,"Pouch","120 g",15000,24,2200,"Pabrik A",12,"Desember",1.40991781327916,"Riwayat",266,NA,"Optimis",1.1
2025-12-01,"KK-PAP-SED-POU","Keripik Kentang","Makanan","Paprika","Sedang",2,"Pouch","120 g",15000,24,2200,"Pabrik A",12,"Desember",1.40991781327916,"Riwayat",266,NA,"Pesimis",0.9
2026-01-01,"KK-PAP-SED-POU","Keripik Kentang","Makanan","Paprika","Sedang",2,"Pouch","120 g",15000,24,2200,"Pabrik A",1,"Januari",0.760458029365592,"Plan",NA,187.072675223936,"Normal",1
2026-01-01,"KK-PAP-SED-POU","Keripik Kentang","Makanan","Paprika","Sedang",2,"Pouch","120 g",15000,24,2200,"Pabrik A",1,"Januari",0.760458029365592,"Plan",NA,205.779942746329,"Optimis",1.1
2026-01-01,"KK-PAP-SED-POU","Keripik Kentang","Makanan","Paprika","Sedang",2,"Pouch","120 g",15000,24,2200,"Pabrik A",1,"Januari",0.760458029365592,"Plan",NA,168.365407701542,"Pesimis",0.9
2026-02-01,"KK-PAP-SED-POU","Keripik Kentang","Makanan","Paprika","Sedang",2,"Pouch","120 g",15000,24,2200,"Pabrik A",2,"Februari",0.788253763043679,"Plan",NA,193.910425708745,"Normal",1
2026-02-01,"KK-PAP-SED-POU","Keripik Kentang","Makanan","Paprika","Sedang",2,"Pouch","120 g",15000,24,2200,"Pabrik A",2,"Februari",0.788253763043679,"Plan",NA,213.30146827962,"Optimis",1.1
2026-02-01,"KK-PAP-SED-POU","Keripik Kentang","Makanan","Paprika","Sedang",2,"Pouch","120 g",15000,24,2200,"Pabrik A",2,"Februari",0.788253763043679,"Plan",NA,174.519383137871,"Pesimis",0.9
2026-03-01,"KK-PAP-SED-POU","Keripik Kentang","Makanan","Paprika","Sedang",2,"Pouch","120 g",15000,24,2200,"Pabrik A",3,"Maret",0.901006556468741,"Plan",NA,221.64761289131,"Normal",1
2026-03-01,"KK-PAP-SED-POU","Keripik Kentang","Makanan","Paprika","Sedang",2,"Pouch","120 g",15000,24,2200,"Pabrik A",3,"Maret",0.901006556468741,"Plan",NA,243.812374180441,"Optimis",1.1
2026-03-01,"KK-PAP-SED-POU","Keripik Kentang","Makanan","Paprika","Sedang",2,"Pouch","120 g",15000,24,2200,"Pabrik A",3,"Maret",0.901006556468741,"Plan",NA,199.482851602179,"Pesimis",0.9
2026-04-01,"KK-PAP-SED-POU","Keripik Kentang","Makanan","Paprika","Sedang",2,"Pouch","120 g",15000,24,2200,"Pabrik A",4,"April",0.93194200757226,"Plan",NA,229.257733862776,"Normal",1
2026-04-01,"KK-PAP-SED-POU","Keripik Kentang","Makanan","Paprika","Sedang",2,"Pouch","120 g",15000,24,2200,"Pabrik A",4,"April",0.93194200757226,"Plan",NA,252.183507249053,"Optimis",1.1
2026-04-01,"KK-PAP-SED-POU","Keripik Kentang","Makanan","Paprika","Sedang",2,"Pouch","120 g",15000,24,2200,"Pabrik A",4,"April",0.93194200757226,"Plan",NA,206.331960476498,"Pesimis",0.9
2026-05-01,"KK-PAP-SED-POU","Keripik Kentang","Makanan","Paprika","Sedang",2,"Pouch","120 g",15000,24,2200,"Pabrik A",5,"Mei",1.00212392649367,"Plan",NA,246.522485917444,"Normal",1
2026-05-01,"KK-PAP-SED-POU","Keripik Kentang","Makanan","Paprika","Sedang",2,"Pouch","120 g",15000,24,2200,"Pabrik A",5,"Mei",1.00212392649367,"Plan",NA,271.174734509188,"Optimis",1.1
2026-05-01,"KK-PAP-SED-POU","Keripik Kentang","Makanan","Paprika","Sedang",2,"Pouch","120 g",15000,24,2200,"Pabrik A",5,"Mei",1.00212392649367,"Plan",NA,221.8702373257,"Pesimis",0.9
2026-06-01,"KK-PAP-SED-POU","Keripik Kentang","Makanan","Paprika","Sedang",2,"Pouch","120 g",15000,24,2200,"Pabrik A",6,"Juni",1.14507341398098,"Plan",NA,281.68805983932,"Normal",1
2026-06-01,"KK-PAP-SED-POU","Keripik Kentang","Makanan","Paprika","Sedang",2,"Pouch","120 g",15000,24,2200,"Pabrik A",6,"Juni",1.14507341398098,"Plan",NA,309.856865823252,"Optimis",1.1
2026-06-01,"KK-PAP-SED-POU","Keripik Kentang","Makanan","Paprika","Sedang",2,"Pouch","120 g",15000,24,2200,"Pabrik A",6,"Juni",1.14507341398098,"Plan",NA,253.519253855388,"Pesimis",0.9
2023-01-01,"KK-PAP-SED-POU","Keripik Kentang","Makanan","Paprika","Sedang",2,"Pouch","120 g",15000,24,2200,"Pabrik B",1,"Januari",0.760458029365592,"Riwayat",84,NA,"Normal",1
2023-01-01,"KK-PAP-SED-POU","Keripik Kentang","Makanan","Paprika","Sedang",2,"Pouch","120 g",15000,24,2200,"Pabrik B",1,"Januari",0.760458029365592,"Riwayat",84,NA,"Optimis",1.1
2023-01-01,"KK-PAP-SED-POU","Keripik Kentang","Makanan","Paprika","Sedang",2,"Pouch","120 g",15000,24,2200,"Pabrik B",1,"Januari",0.760458029365592,"Riwayat",84,NA,"Pesimis",0.9
2023-02-01,"KK-PAP-SED-POU","Keripik Kentang","Makanan","Paprika","Sedang",2,"Pouch","120 g",15000,24,2200,"Pabrik B",2,"Februari",0.788253763043679,"Riwayat",84,NA,"Normal",1
2023-02-01,"KK-PAP-SED-POU","Keripik Kentang","Makanan","Paprika","Sedang",2,"Pouch","120 g",15000,24,2200,"Pabrik B",2,"Februari",0.788253763043679,"Riwayat",84,NA,"Optimis",1.1
2023-02-01,"KK-PAP-SED-POU","Keripik Kentang","Makanan","Paprika","Sedang",2,"Pouch","120 g",15000,24,2200,"Pabrik B",2,"Februari",0.788253763043679,"Riwayat",84,NA,"Pesimis",0.9
2023-03-01,"KK-PAP-SED-POU","Keripik Kentang","Makanan","Paprika","Sedang",2,"Pouch","120 g",15000,24,2200,"Pabrik B",3,"Maret",0.901006556468741,"Riwayat",78,NA,"Normal",1
2023-03-01,"KK-PAP-SED-POU","Keripik Kentang","Makanan","Paprika","Sedang",2,"Pouch","120 g",15000,24,2200,"Pabrik B",3,"Maret",0.901006556468741,"Riwayat",78,NA,"Optimis",1.1
2023-03-01,"KK-PAP-SED-POU","Keripik Kentang","Makanan","Paprika","Sedang",2,"Pouch","120 g",15000,24,2200,"Pabrik B",3,"Maret",0.901006556468741,"Riwayat",78,NA,"Pesimis",0.9
2023-04-01,"KK-PAP-SED-POU","Keripik Kentang","Makanan","Paprika","Sedang",2,"Pouch","120 g",15000,24,2200,"Pabrik B",4,"April",0.93194200757226,"Riwayat",101,NA,"Normal",1
2023-04-01,"KK-PAP-SED-POU","Keripik Kentang","Makanan","Paprika","Sedang",2,"Pouch","120 g",15000,24,2200,"Pabrik B",4,"April",0.93194200757226,"Riwayat",101,NA,"Optimis",1.1
2023-04-01,"KK-PAP-SED-POU","Keripik Kentang","Makanan","Paprika","Sedang",2,"Pouch","120 g",15000,24,2200,"Pabrik B",4,"April",0.93194200757226,"Riwayat",101,NA,"Pesimis",0.9
2023-05-01,"KK-PAP-SED-POU","Keripik Kentang","Makanan","Paprika","Sedang",2,"Pouch","120 g",15000,24,2200,"Pabrik B",5,"Mei",1.00212392649367,"Riwayat",105,NA,"Normal",1
2023-05-01,"KK-PAP-SED-POU","Keripik Kentang","Makanan","Paprika","Sedang",2,"Pouch","120 g",15000,24,2200,"Pabrik B",5,"Mei",1.00212392649367,"Riwayat",105,NA,"Optimis",1.1
2023-05-01,"KK-PAP-SED-POU","Keripik Kentang","Makanan","Paprika","Sedang",2,"Pouch","120 g",15000,24,2200,"Pabrik B",5,"Mei",1.00212392649367,"Riwayat",105,NA,"Pesimis",0.9
2023-06-01,"KK-PAP-SED-POU","Keripik Kentang","Makanan","Paprika","Sedang",2,"Pouch","120 g",15000,24,2200,"Pabrik B",6,"Juni",1.14507341398098,"Riwayat",120,NA,"Normal",1
2023-06-01,"KK-PAP-SED-POU","Keripik Kentang","Makanan","Paprika","Sedang",2,"Pouch","120 g",15000,24,2200,"Pabrik B",6,"Juni",1.14507341398098,"Riwayat",120,NA,"Optimis",1.1
2023-06-01,"KK-PAP-SED-POU","Keripik Kentang","Makanan","Paprika","Sedang",2,"Pouch","120 g",15000,24,2200,"Pabrik B",6,"Juni",1.14507341398098,"Riwayat",120,NA,"Pesimis",0.9
2023-07-01,"KK-PAP-SED-POU","Keripik Kentang","Makanan","Paprika","Sedang",2,"Pouch","120 g",15000,24,2200,"Pabrik B",7,"Juli",1.04783451842275,"Riwayat",113,NA,"Normal",1
2023-07-01,"KK-PAP-SED-POU","Keripik Kentang","Makanan","Paprika","Sedang",2,"Pouch","120 g",15000,24,2200,"Pabrik B",7,"Juli",1.04783451842275,"Riwayat",113,NA,"Optimis",1.1
2023-07-01,"KK-PAP-SED-POU","Keripik Kentang","Makanan","Paprika","Sedang",2,"Pouch","120 g",15000,24,2200,"Pabrik B",7,"Juli",1.04783451842275,"Riwayat",113,NA,"Pesimis",0.9
2023-08-01,"KK-PAP-SED-POU","Keripik Kentang","Makanan","Paprika","Sedang",2,"Pouch","120 g",15000,24,2200,"Pabrik B",8,"Agustus",0.986702373256995,"Riwayat",97,NA,"Normal",1
2023-08-01,"KK-PAP-SED-POU","Keripik Kentang","Makanan","Paprika","Sedang",2,"Pouch","120 g",15000,24,2200,"Pabrik B",8,"Agustus",0.986702373256995,"Riwayat",97,NA,"Optimis",1.1
2023-08-01,"KK-PAP-SED-POU","Keripik Kentang","Makanan","Paprika","Sedang",2,"Pouch","120 g",15000,24,2200,"Pabrik B",8,"Agustus",0.986702373256995,"Riwayat",97,NA,"Pesimis",0.9
2023-09-01,"KK-PAP-SED-POU","Keripik Kentang","Makanan","Paprika","Sedang",2,"Pouch","120 g",15000,24,2200,"Pabrik B",9,"September",0.997876073506326,"Riwayat",111,NA,"Normal",1
2023-09-01,"KK-PAP-SED-POU","Keripik Kentang","Makanan","Paprika","Sedang",2,"Pouch","120 g",15000,24,2200,"Pabrik B",9,"September",0.997876073506326,"Riwayat",111,NA,"Optimis",1.1
2023-09-01,"KK-PAP-SED-POU","Keripik Kentang","Makanan","Paprika","Sedang",2,"Pouch","120 g",15000,24,2200,"Pabrik B",9,"September",0.997876073506326,"Riwayat",111,NA,"Pesimis",0.9
2023-10-01,"KK-PAP-SED-POU","Keripik Kentang","Makanan","Paprika","Sedang",2,"Pouch","120 g",15000,24,2200,"Pabrik B",10,"Oktober",1.10573460153292,"Riwayat",110,NA,"Normal",1
2023-10-01,"KK-PAP-SED-POU","Keripik Kentang","Makanan","Paprika","Sedang",2,"Pouch","120 g",15000,24,2200,"Pabrik B",10,"Oktober",1.10573460153292,"Riwayat",110,NA,"Optimis",1.1
2023-10-01,"KK-PAP-SED-POU","Keripik Kentang","Makanan","Paprika","Sedang",2,"Pouch","120 g",15000,24,2200,"Pabrik B",10,"Oktober",1.10573460153292,"Riwayat",110,NA,"Pesimis",0.9
2023-11-01,"KK-PAP-SED-POU","Keripik Kentang","Makanan","Paprika","Sedang",2,"Pouch","120 g",15000,24,2200,"Pabrik B",11,"November",1.29356357927787,"Riwayat",146,NA,"Normal",1
2023-11-01,"KK-PAP-SED-POU","Keripik Kentang","Makanan","Paprika","Sedang",2,"Pouch","120 g",15000,24,2200,"Pabrik B",11,"November",1.29356357927787,"Riwayat",146,NA,"Optimis",1.1
2023-11-01,"KK-PAP-SED-POU","Keripik Kentang","Makanan","Paprika","Sedang",2,"Pouch","120 g",15000,24,2200,"Pabrik B",11,"November",1.29356357927787,"Riwayat",146,NA,"Pesimis",0.9
2023-12-01,"KK-PAP-SED-POU","Keripik Kentang","Makanan","Paprika","Sedang",2,"Pouch","120 g",15000,24,2200,"Pabrik B",12,"Desember",1.40991781327916,"Riwayat",159,NA,"Normal",1
2023-12-01,"KK-PAP-SED-POU","Keripik Kentang","Makanan","Paprika","Sedang",2,"Pouch","120 g",15000,24,2200,"Pabrik B",12,"Desember",1.40991781327916,"Riwayat",159,NA,"Optimis",1.1
2023-12-01,"KK-PAP-SED-POU","Keripik Kentang","Makanan","Paprika","Sedang",2,"Pouch","120 g",15000,24,2200,"Pabrik B",12,"Desember",1.40991781327916,"Riwayat",159,NA,"Pesimis",0.9
2024-01-01,"KK-PAP-SED-POU","Keripik Kentang","Makanan","Paprika","Sedang",2,"Pouch","120 g",15000,24,2200,"Pabrik B",1,"Januari",0.760458029365592,"Riwayat",86,NA,"Normal",1
2024-01-01,"KK-PAP-SED-POU","Keripik Kentang","Makanan","Paprika","Sedang",2,"Pouch","120 g",15000,24,2200,"Pabrik B",1,"Januari",0.760458029365592,"Riwayat",86,NA,"Optimis",1.1
2024-01-01,"KK-PAP-SED-POU","Keripik Kentang","Makanan","Paprika","Sedang",2,"Pouch","120 g",15000,24,2200,"Pabrik B",1,"Januari",0.760458029365592,"Riwayat",86,NA,"Pesimis",0.9
2024-02-01,"KK-PAP-SED-POU","Keripik Kentang","Makanan","Paprika","Sedang",2,"Pouch","120 g",15000,24,2200,"Pabrik B",2,"Februari",0.788253763043679,"Riwayat",91,NA,"Normal",1
2024-02-01,"KK-PAP-SED-POU","Keripik Kentang","Makanan","Paprika","Sedang",2,"Pouch","120 g",15000,24,2200,"Pabrik B",2,"Februari",0.788253763043679,"Riwayat",91,NA,"Optimis",1.1
2024-02-01,"KK-PAP-SED-POU","Keripik Kentang","Makanan","Paprika","Sedang",2,"Pouch","120 g",15000,24,2200,"Pabrik B",2,"Februari",0.788253763043679,"Riwayat",91,NA,"Pesimis",0.9
2024-03-01,"KK-PAP-SED-POU","Keripik Kentang","Makanan","Paprika","Sedang",2,"Pouch","120 g",15000,24,2200,"Pabrik B",3,"Maret",0.901006556468741,"Riwayat",111,NA,"Normal",1
2024-03-01,"KK-PAP-SED-POU","Keripik Kentang","Makanan","Paprika","Sedang",2,"Pouch","120 g",15000,24,2200,"Pabrik B",3,"Maret",0.901006556468741,"Riwayat",111,NA,"Optimis",1.1
2024-03-01,"KK-PAP-SED-POU","Keripik Kentang","Makanan","Paprika","Sedang",2,"Pouch","120 g",15000,24,2200,"Pabrik B",3,"Maret",0.901006556468741,"Riwayat",111,NA,"Pesimis",0.9
2024-04-01,"KK-PAP-SED-POU","Keripik Kentang","Makanan","Paprika","Sedang",2,"Pouch","120 g",15000,24,2200,"Pabrik B",4,"April",0.93194200757226,"Riwayat",113,NA,"Normal",1
2024-04-01,"KK-PAP-SED-POU","Keripik Kentang","Makanan","Paprika","Sedang",2,"Pouch","120 g",15000,24,2200,"Pabrik B",4,"April",0.93194200757226,"Riwayat",113,NA,"Optimis",1.1
2024-04-01,"KK-PAP-SED-POU","Keripik Kentang","Makanan","Paprika","Sedang",2,"Pouch","120 g",15000,24,2200,"Pabrik B",4,"April",0.93194200757226,"Riwayat",113,NA,"Pesimis",0.9
2024-05-01,"KK-PAP-SED-POU","Keripik Kentang","Makanan","Paprika","Sedang",2,"Pouch","120 g",15000,24,2200,"Pabrik B",5,"Mei",1.00212392649367,"Riwayat",112,NA,"Normal",1
2024-05-01,"KK-PAP-SED-POU","Keripik Kentang","Makanan","Paprika","Sedang",2,"Pouch","120 g",15000,24,2200,"Pabrik B",5,"Mei",1.00212392649367,"Riwayat",112,NA,"Optimis",1.1
2024-05-01,"KK-PAP-SED-POU","Keripik Kentang","Makanan","Paprika","Sedang",2,"Pouch","120 g",15000,24,2200,"Pabrik B",5,"Mei",1.00212392649367,"Riwayat",112,NA,"Pesimis",0.9
2024-06-01,"KK-PAP-SED-POU","Keripik Kentang","Makanan","Paprika","Sedang",2,"Pouch","120 g",15000,24,2200,"Pabrik B",6,"Juni",1.14507341398098,"Riwayat",130,NA,"Normal",1
2024-06-01,"KK-PAP-SED-POU","Keripik Kentang","Makanan","Paprika","Sedang",2,"Pouch","120 g",15000,24,2200,"Pabrik B",6,"Juni",1.14507341398098,"Riwayat",130,NA,"Optimis",1.1
2024-06-01,"KK-PAP-SED-POU","Keripik Kentang","Makanan","Paprika","Sedang",2,"Pouch","120 g",15000,24,2200,"Pabrik B",6,"Juni",1.14507341398098,"Riwayat",130,NA,"Pesimis",0.9
2024-07-01,"KK-PAP-SED-POU","Keripik Kentang","Makanan","Paprika","Sedang",2,"Pouch","120 g",15000,24,2200,"Pabrik B",7,"Juli",1.04783451842275,"Riwayat",114,NA,"Normal",1
2024-07-01,"KK-PAP-SED-POU","Keripik Kentang","Makanan","Paprika","Sedang",2,"Pouch","120 g",15000,24,2200,"Pabrik B",7,"Juli",1.04783451842275,"Riwayat",114,NA,"Optimis",1.1
2024-07-01,"KK-PAP-SED-POU","Keripik Kentang","Makanan","Paprika","Sedang",2,"Pouch","120 g",15000,24,2200,"Pabrik B",7,"Juli",1.04783451842275,"Riwayat",114,NA,"Pesimis",0.9
2024-08-01,"KK-PAP-SED-POU","Keripik Kentang","Makanan","Paprika","Sedang",2,"Pouch","120 g",15000,24,2200,"Pabrik B",8,"Agustus",0.986702373256995,"Riwayat",115,NA,"Normal",1
2024-08-01,"KK-PAP-SED-POU","Keripik Kentang","Makanan","Paprika","Sedang",2,"Pouch","120 g",15000,24,2200,"Pabrik B",8,"Agustus",0.986702373256995,"Riwayat",115,NA,"Optimis",1.1
2024-08-01,"KK-PAP-SED-POU","Keripik Kentang","Makanan","Paprika","Sedang",2,"Pouch","120 g",15000,24,2200,"Pabrik B",8,"Agustus",0.986702373256995,"Riwayat",115,NA,"Pesimis",0.9
2024-09-01,"KK-PAP-SED-POU","Keripik Kentang","Makanan","Paprika","Sedang",2,"Pouch","120 g",15000,24,2200,"Pabrik B",9,"September",0.997876073506326,"Riwayat",115,NA,"Normal",1
2024-09-01,"KK-PAP-SED-POU","Keripik Kentang","Makanan","Paprika","Sedang",2,"Pouch","120 g",15000,24,2200,"Pabrik B",9,"September",0.997876073506326,"Riwayat",115,NA,"Optimis",1.1
2024-09-01,"KK-PAP-SED-POU","Keripik Kentang","Makanan","Paprika","Sedang",2,"Pouch","120 g",15000,24,2200,"Pabrik B",9,"September",0.997876073506326,"Riwayat",115,NA,"Pesimis",0.9
2024-10-01,"KK-PAP-SED-POU","Keripik Kentang","Makanan","Paprika","Sedang",2,"Pouch","120 g",15000,24,2200,"Pabrik B",10,"Oktober",1.10573460153292,"Riwayat",126,NA,"Normal",1
2024-10-01,"KK-PAP-SED-POU","Keripik Kentang","Makanan","Paprika","Sedang",2,"Pouch","120 g",15000,24,2200,"Pabrik B",10,"Oktober",1.10573460153292,"Riwayat",126,NA,"Optimis",1.1
2024-10-01,"KK-PAP-SED-POU","Keripik Kentang","Makanan","Paprika","Sedang",2,"Pouch","120 g",15000,24,2200,"Pabrik B",10,"Oktober",1.10573460153292,"Riwayat",126,NA,"Pesimis",0.9
2024-11-01,"KK-PAP-SED-POU","Keripik Kentang","Makanan","Paprika","Sedang",2,"Pouch","120 g",15000,24,2200,"Pabrik B",11,"November",1.29356357927787,"Riwayat",148,NA,"Normal",1
2024-11-01,"KK-PAP-SED-POU","Keripik Kentang","Makanan","Paprika","Sedang",2,"Pouch","120 g",15000,24,2200,"Pabrik B",11,"November",1.29356357927787,"Riwayat",148,NA,"Optimis",1.1
2024-11-01,"KK-PAP-SED-POU","Keripik Kentang","Makanan","Paprika","Sedang",2,"Pouch","120 g",15000,24,2200,"Pabrik B",11,"November",1.29356357927787,"Riwayat",148,NA,"Pesimis",0.9
2024-12-01,"KK-PAP-SED-POU","Keripik Kentang","Makanan","Paprika","Sedang",2,"Pouch","120 g",15000,24,2200,"Pabrik B",12,"Desember",1.40991781327916,"Riwayat",170,NA,"Normal",1
2024-12-01,"KK-PAP-SED-POU","Keripik Kentang","Makanan","Paprika","Sedang",2,"Pouch","120 g",15000,24,2200,"Pabrik B",12,"Desember",1.40991781327916,"Riwayat",170,NA,"Optimis",1.1
2024-12-01,"KK-PAP-SED-POU","Keripik Kentang","Makanan","Paprika","Sedang",2,"Pouch","120 g",15000,24,2200,"Pabrik B",12,"Desember",1.40991781327916,"Riwayat",170,NA,"Pesimis",0.9
2025-01-01,"KK-PAP-SED-POU","Keripik Kentang","Makanan","Paprika","Sedang",2,"Pouch","120 g",15000,24,2200,"Pabrik B",1,"Januari",0.760458029365592,"Riwayat",100,NA,"Normal",1
2025-01-01,"KK-PAP-SED-POU","Keripik Kentang","Makanan","Paprika","Sedang",2,"Pouch","120 g",15000,24,2200,"Pabrik B",1,"Januari",0.760458029365592,"Riwayat",100,NA,"Optimis",1.1
2025-01-01,"KK-PAP-SED-POU","Keripik Kentang","Makanan","Paprika","Sedang",2,"Pouch","120 g",15000,24,2200,"Pabrik B",1,"Januari",0.760458029365592,"Riwayat",100,NA,"Pesimis",0.9
2025-02-01,"KK-PAP-SED-POU","Keripik Kentang","Makanan","Paprika","Sedang",2,"Pouch","120 g",15000,24,2200,"Pabrik B",2,"Februari",0.788253763043679,"Riwayat",100,NA,"Normal",1
2025-02-01,"KK-PAP-SED-POU","Keripik Kentang","Makanan","Paprika","Sedang",2,"Pouch","120 g",15000,24,2200,"Pabrik B",2,"Februari",0.788253763043679,"Riwayat",100,NA,"Optimis",1.1
2025-02-01,"KK-PAP-SED-POU","Keripik Kentang","Makanan","Paprika","Sedang",2,"Pouch","120 g",15000,24,2200,"Pabrik B",2,"Februari",0.788253763043679,"Riwayat",100,NA,"Pesimis",0.9
2025-03-01,"KK-PAP-SED-POU","Keripik Kentang","Makanan","Paprika","Sedang",2,"Pouch","120 g",15000,24,2200,"Pabrik B",3,"Maret",0.901006556468741,"Riwayat",112,NA,"Normal",1
2025-03-01,"KK-PAP-SED-POU","Keripik Kentang","Makanan","Paprika","Sedang",2,"Pouch","120 g",15000,24,2200,"Pabrik B",3,"Maret",0.901006556468741,"Riwayat",112,NA,"Optimis",1.1
2025-03-01,"KK-PAP-SED-POU","Keripik Kentang","Makanan","Paprika","Sedang",2,"Pouch","120 g",15000,24,2200,"Pabrik B",3,"Maret",0.901006556468741,"Riwayat",112,NA,"Pesimis",0.9
2025-04-01,"KK-PAP-SED-POU","Keripik Kentang","Makanan","Paprika","Sedang",2,"Pouch","120 g",15000,24,2200,"Pabrik B",4,"April",0.93194200757226,"Riwayat",106,NA,"Normal",1
2025-04-01,"KK-PAP-SED-POU","Keripik Kentang","Makanan","Paprika","Sedang",2,"Pouch","120 g",15000,24,2200,"Pabrik B",4,"April",0.93194200757226,"Riwayat",106,NA,"Optimis",1.1
2025-04-01,"KK-PAP-SED-POU","Keripik Kentang","Makanan","Paprika","Sedang",2,"Pouch","120 g",15000,24,2200,"Pabrik B",4,"April",0.93194200757226,"Riwayat",106,NA,"Pesimis",0.9
2025-05-01,"KK-PAP-SED-POU","Keripik Kentang","Makanan","Paprika","Sedang",2,"Pouch","120 g",15000,24,2200,"Pabrik B",5,"Mei",1.00212392649367,"Riwayat",125,NA,"Normal",1
2025-05-01,"KK-PAP-SED-POU","Keripik Kentang","Makanan","Paprika","Sedang",2,"Pouch","120 g",15000,24,2200,"Pabrik B",5,"Mei",1.00212392649367,"Riwayat",125,NA,"Optimis",1.1
2025-05-01,"KK-PAP-SED-POU","Keripik Kentang","Makanan","Paprika","Sedang",2,"Pouch","120 g",15000,24,2200,"Pabrik B",5,"Mei",1.00212392649367,"Riwayat",125,NA,"Pesimis",0.9
2025-06-01,"KK-PAP-SED-POU","Keripik Kentang","Makanan","Paprika","Sedang",2,"Pouch","120 g",15000,24,2200,"Pabrik B",6,"Juni",1.14507341398098,"Riwayat",139,NA,"Normal",1
2025-06-01,"KK-PAP-SED-POU","Keripik Kentang","Makanan","Paprika","Sedang",2,"Pouch","120 g",15000,24,2200,"Pabrik B",6,"Juni",1.14507341398098,"Riwayat",139,NA,"Optimis",1.1
2025-06-01,"KK-PAP-SED-POU","Keripik Kentang","Makanan","Paprika","Sedang",2,"Pouch","120 g",15000,24,2200,"Pabrik B",6,"Juni",1.14507341398098,"Riwayat",139,NA,"Pesimis",0.9
2025-07-01,"KK-PAP-SED-POU","Keripik Kentang","Makanan","Paprika","Sedang",2,"Pouch","120 g",15000,24,2200,"Pabrik B",7,"Juli",1.04783451842275,"Riwayat",136,NA,"Normal",1
2025-07-01,"KK-PAP-SED-POU","Keripik Kentang","Makanan","Paprika","Sedang",2,"Pouch","120 g",15000,24,2200,"Pabrik B",7,"Juli",1.04783451842275,"Riwayat",136,NA,"Optimis",1.1
2025-07-01,"KK-PAP-SED-POU","Keripik Kentang","Makanan","Paprika","Sedang",2,"Pouch","120 g",15000,24,2200,"Pabrik B",7,"Juli",1.04783451842275,"Riwayat",136,NA,"Pesimis",0.9
2025-08-01,"KK-PAP-SED-POU","Keripik Kentang","Makanan","Paprika","Sedang",2,"Pouch","120 g",15000,24,2200,"Pabrik B",8,"Agustus",0.986702373256995,"Riwayat",123,NA,"Normal",1
2025-08-01,"KK-PAP-SED-POU","Keripik Kentang","Makanan","Paprika","Sedang",2,"Pouch","120 g",15000,24,2200,"Pabrik B",8,"Agustus",0.986702373256995,"Riwayat",123,NA,"Optimis",1.1
2025-08-01,"KK-PAP-SED-POU","Keripik Kentang","Makanan","Paprika","Sedang",2,"Pouch","120 g",15000,24,2200,"Pabrik B",8,"Agustus",0.986702373256995,"Riwayat",123,NA,"Pesimis",0.9
2025-09-01,"KK-PAP-SED-POU","Keripik Kentang","Makanan","Paprika","Sedang",2,"Pouch","120 g",15000,24,2200,"Pabrik B",9,"September",0.997876073506326,"Riwayat",146,NA,"Normal",1
2025-09-01,"KK-PAP-SED-POU","Keripik Kentang","Makanan","Paprika","Sedang",2,"Pouch","120 g",15000,24,2200,"Pabrik B",9,"September",0.997876073506326,"Riwayat",146,NA,"Optimis",1.1
2025-09-01,"KK-PAP-SED-POU","Keripik Kentang","Makanan","Paprika","Sedang",2,"Pouch","120 g",15000,24,2200,"Pabrik B",9,"September",0.997876073506326,"Riwayat",146,NA,"Pesimis",0.9
2025-10-01,"KK-PAP-SED-POU","Keripik Kentang","Makanan","Paprika","Sedang",2,"Pouch","120 g",15000,24,2200,"Pabrik B",10,"Oktober",1.10573460153292,"Riwayat",159,NA,"Normal",1
2025-10-01,"KK-PAP-SED-POU","Keripik Kentang","Makanan","Paprika","Sedang",2,"Pouch","120 g",15000,24,2200,"Pabrik B",10,"Oktober",1.10573460153292,"Riwayat",159,NA,"Optimis",1.1
2025-10-01,"KK-PAP-SED-POU","Keripik Kentang","Makanan","Paprika","Sedang",2,"Pouch","120 g",15000,24,2200,"Pabrik B",10,"Oktober",1.10573460153292,"Riwayat",159,NA,"Pesimis",0.9
2025-11-01,"KK-PAP-SED-POU","Keripik Kentang","Makanan","Paprika","Sedang",2,"Pouch","120 g",15000,24,2200,"Pabrik B",11,"November",1.29356357927787,"Riwayat",144,NA,"Normal",1
2025-11-01,"KK-PAP-SED-POU","Keripik Kentang","Makanan","Paprika","Sedang",2,"Pouch","120 g",15000,24,2200,"Pabrik B",11,"November",1.29356357927787,"Riwayat",144,NA,"Optimis",1.1
2025-11-01,"KK-PAP-SED-POU","Keripik Kentang","Makanan","Paprika","Sedang",2,"Pouch","120 g",15000,24,2200,"Pabrik B",11,"November",1.29356357927787,"Riwayat",144,NA,"Pesimis",0.9
2025-12-01,"KK-PAP-SED-POU","Keripik Kentang","Makanan","Paprika","Sedang",2,"Pouch","120 g",15000,24,2200,"Pabrik B",12,"Desember",1.40991781327916,"Riwayat",185,NA,"Normal",1
2025-12-01,"KK-PAP-SED-POU","Keripik Kentang","Makanan","Paprika","Sedang",2,"Pouch","120 g",15000,24,2200,"Pabrik B",12,"Desember",1.40991781327916,"Riwayat",185,NA,"Optimis",1.1
2025-12-01,"KK-PAP-SED-POU","Keripik Kentang","Makanan","Paprika","Sedang",2,"Pouch","120 g",15000,24,2200,"Pabrik B",12,"Desember",1.40991781327916,"Riwayat",185,NA,"Pesimis",0.9
2026-01-01,"KK-PAP-SED-POU","Keripik Kentang","Makanan","Paprika","Sedang",2,"Pouch","120 g",15000,24,2200,"Pabrik B",1,"Januari",0.760458029365592,"Plan",NA,120.912826669129,"Normal",1
2026-01-01,"KK-PAP-SED-POU","Keripik Kentang","Makanan","Paprika","Sedang",2,"Pouch","120 g",15000,24,2200,"Pabrik B",1,"Januari",0.760458029365592,"Plan",NA,133.004109336042,"Optimis",1.1
2026-01-01,"KK-PAP-SED-POU","Keripik Kentang","Makanan","Paprika","Sedang",2,"Pouch","120 g",15000,24,2200,"Pabrik B",1,"Januari",0.760458029365592,"Plan",NA,108.821544002216,"Pesimis",0.9
2026-02-01,"KK-PAP-SED-POU","Keripik Kentang","Makanan","Paprika","Sedang",2,"Pouch","120 g",15000,24,2200,"Pabrik B",2,"Februari",0.788253763043679,"Plan",NA,125.332348323945,"Normal",1
2026-02-01,"KK-PAP-SED-POU","Keripik Kentang","Makanan","Paprika","Sedang",2,"Pouch","120 g",15000,24,2200,"Pabrik B",2,"Februari",0.788253763043679,"Plan",NA,137.865583156339,"Optimis",1.1
2026-02-01,"KK-PAP-SED-POU","Keripik Kentang","Makanan","Paprika","Sedang",2,"Pouch","120 g",15000,24,2200,"Pabrik B",2,"Februari",0.788253763043679,"Plan",NA,112.79911349155,"Pesimis",0.9
2026-03-01,"KK-PAP-SED-POU","Keripik Kentang","Makanan","Paprika","Sedang",2,"Pouch","120 g",15000,24,2200,"Pabrik B",3,"Maret",0.901006556468741,"Plan",NA,143.26004247853,"Normal",1
2026-03-01,"KK-PAP-SED-POU","Keripik Kentang","Makanan","Paprika","Sedang",2,"Pouch","120 g",15000,24,2200,"Pabrik B",3,"Maret",0.901006556468741,"Plan",NA,157.586046726383,"Optimis",1.1
2026-03-01,"KK-PAP-SED-POU","Keripik Kentang","Makanan","Paprika","Sedang",2,"Pouch","120 g",15000,24,2200,"Pabrik B",3,"Maret",0.901006556468741,"Plan",NA,128.934038230677,"Pesimis",0.9
2026-04-01,"KK-PAP-SED-POU","Keripik Kentang","Makanan","Paprika","Sedang",2,"Pouch","120 g",15000,24,2200,"Pabrik B",4,"April",0.93194200757226,"Plan",NA,148.178779203989,"Normal",1
2026-04-01,"KK-PAP-SED-POU","Keripik Kentang","Makanan","Paprika","Sedang",2,"Pouch","120 g",15000,24,2200,"Pabrik B",4,"April",0.93194200757226,"Plan",NA,162.996657124388,"Optimis",1.1
2026-04-01,"KK-PAP-SED-POU","Keripik Kentang","Makanan","Paprika","Sedang",2,"Pouch","120 g",15000,24,2200,"Pabrik B",4,"April",0.93194200757226,"Plan",NA,133.36090128359,"Pesimis",0.9
2026-05-01,"KK-PAP-SED-POU","Keripik Kentang","Makanan","Paprika","Sedang",2,"Pouch","120 g",15000,24,2200,"Pabrik B",5,"Mei",1.00212392649367,"Plan",NA,159.337704312494,"Normal",1
2026-05-01,"KK-PAP-SED-POU","Keripik Kentang","Makanan","Paprika","Sedang",2,"Pouch","120 g",15000,24,2200,"Pabrik B",5,"Mei",1.00212392649367,"Plan",NA,175.271474743744,"Optimis",1.1
2026-05-01,"KK-PAP-SED-POU","Keripik Kentang","Makanan","Paprika","Sedang",2,"Pouch","120 g",15000,24,2200,"Pabrik B",5,"Mei",1.00212392649367,"Plan",NA,143.403933881245,"Pesimis",0.9
2026-06-01,"KK-PAP-SED-POU","Keripik Kentang","Makanan","Paprika","Sedang",2,"Pouch","120 g",15000,24,2200,"Pabrik B",6,"Juni",1.14507341398098,"Plan",NA,182.066672822975,"Normal",1
2026-06-01,"KK-PAP-SED-POU","Keripik Kentang","Makanan","Paprika","Sedang",2,"Pouch","120 g",15000,24,2200,"Pabrik B",6,"Juni",1.14507341398098,"Plan",NA,200.273340105273,"Optimis",1.1
2026-06-01,"KK-PAP-SED-POU","Keripik Kentang","Makanan","Paprika","Sedang",2,"Pouch","120 g",15000,24,2200,"Pabrik B",6,"Juni",1.14507341398098,"Plan",NA,163.860005540678,"Pesimis",0.9
2023-01-01,"KK-PAP-SED-SAC","Keripik Kentang","Makanan","Paprika","Sedang",2,"Sachet","120 g",11000,24,2200,"Pabrik A",1,"Januari",0.760458029365592,"Riwayat",196,NA,"Normal",1
2023-01-01,"KK-PAP-SED-SAC","Keripik Kentang","Makanan","Paprika","Sedang",2,"Sachet","120 g",11000,24,2200,"Pabrik A",1,"Januari",0.760458029365592,"Riwayat",196,NA,"Optimis",1.1
2023-01-01,"KK-PAP-SED-SAC","Keripik Kentang","Makanan","Paprika","Sedang",2,"Sachet","120 g",11000,24,2200,"Pabrik A",1,"Januari",0.760458029365592,"Riwayat",196,NA,"Pesimis",0.9
2023-02-01,"KK-PAP-SED-SAC","Keripik Kentang","Makanan","Paprika","Sedang",2,"Sachet","120 g",11000,24,2200,"Pabrik A",2,"Februari",0.788253763043679,"Riwayat",214,NA,"Normal",1
2023-02-01,"KK-PAP-SED-SAC","Keripik Kentang","Makanan","Paprika","Sedang",2,"Sachet","120 g",11000,24,2200,"Pabrik A",2,"Februari",0.788253763043679,"Riwayat",214,NA,"Optimis",1.1
2023-02-01,"KK-PAP-SED-SAC","Keripik Kentang","Makanan","Paprika","Sedang",2,"Sachet","120 g",11000,24,2200,"Pabrik A",2,"Februari",0.788253763043679,"Riwayat",214,NA,"Pesimis",0.9
2023-03-01,"KK-PAP-SED-SAC","Keripik Kentang","Makanan","Paprika","Sedang",2,"Sachet","120 g",11000,24,2200,"Pabrik A",3,"Maret",0.901006556468741,"Riwayat",205,NA,"Normal",1
2023-03-01,"KK-PAP-SED-SAC","Keripik Kentang","Makanan","Paprika","Sedang",2,"Sachet","120 g",11000,24,2200,"Pabrik A",3,"Maret",0.901006556468741,"Riwayat",205,NA,"Optimis",1.1
2023-03-01,"KK-PAP-SED-SAC","Keripik Kentang","Makanan","Paprika","Sedang",2,"Sachet","120 g",11000,24,2200,"Pabrik A",3,"Maret",0.901006556468741,"Riwayat",205,NA,"Pesimis",0.9
2023-04-01,"KK-PAP-SED-SAC","Keripik Kentang","Makanan","Paprika","Sedang",2,"Sachet","120 g",11000,24,2200,"Pabrik A",4,"April",0.93194200757226,"Riwayat",295,NA,"Normal",1
2023-04-01,"KK-PAP-SED-SAC","Keripik Kentang","Makanan","Paprika","Sedang",2,"Sachet","120 g",11000,24,2200,"Pabrik A",4,"April",0.93194200757226,"Riwayat",295,NA,"Optimis",1.1
2023-04-01,"KK-PAP-SED-SAC","Keripik Kentang","Makanan","Paprika","Sedang",2,"Sachet","120 g",11000,24,2200,"Pabrik A",4,"April",0.93194200757226,"Riwayat",295,NA,"Pesimis",0.9
2023-05-01,"KK-PAP-SED-SAC","Keripik Kentang","Makanan","Paprika","Sedang",2,"Sachet","120 g",11000,24,2200,"Pabrik A",5,"Mei",1.00212392649367,"Riwayat",279,NA,"Normal",1
2023-05-01,"KK-PAP-SED-SAC","Keripik Kentang","Makanan","Paprika","Sedang",2,"Sachet","120 g",11000,24,2200,"Pabrik A",5,"Mei",1.00212392649367,"Riwayat",279,NA,"Optimis",1.1
2023-05-01,"KK-PAP-SED-SAC","Keripik Kentang","Makanan","Paprika","Sedang",2,"Sachet","120 g",11000,24,2200,"Pabrik A",5,"Mei",1.00212392649367,"Riwayat",279,NA,"Pesimis",0.9
2023-06-01,"KK-PAP-SED-SAC","Keripik Kentang","Makanan","Paprika","Sedang",2,"Sachet","120 g",11000,24,2200,"Pabrik A",6,"Juni",1.14507341398098,"Riwayat",281,NA,"Normal",1
2023-06-01,"KK-PAP-SED-SAC","Keripik Kentang","Makanan","Paprika","Sedang",2,"Sachet","120 g",11000,24,2200,"Pabrik A",6,"Juni",1.14507341398098,"Riwayat",281,NA,"Optimis",1.1
2023-06-01,"KK-PAP-SED-SAC","Keripik Kentang","Makanan","Paprika","Sedang",2,"Sachet","120 g",11000,24,2200,"Pabrik A",6,"Juni",1.14507341398098,"Riwayat",281,NA,"Pesimis",0.9
2023-07-01,"KK-PAP-SED-SAC","Keripik Kentang","Makanan","Paprika","Sedang",2,"Sachet","120 g",11000,24,2200,"Pabrik A",7,"Juli",1.04783451842275,"Riwayat",270,NA,"Normal",1
2023-07-01,"KK-PAP-SED-SAC","Keripik Kentang","Makanan","Paprika","Sedang",2,"Sachet","120 g",11000,24,2200,"Pabrik A",7,"Juli",1.04783451842275,"Riwayat",270,NA,"Optimis",1.1
2023-07-01,"KK-PAP-SED-SAC","Keripik Kentang","Makanan","Paprika","Sedang",2,"Sachet","120 g",11000,24,2200,"Pabrik A",7,"Juli",1.04783451842275,"Riwayat",270,NA,"Pesimis",0.9
2023-08-01,"KK-PAP-SED-SAC","Keripik Kentang","Makanan","Paprika","Sedang",2,"Sachet","120 g",11000,24,2200,"Pabrik A",8,"Agustus",0.986702373256995,"Riwayat",239,NA,"Normal",1
2023-08-01,"KK-PAP-SED-SAC","Keripik Kentang","Makanan","Paprika","Sedang",2,"Sachet","120 g",11000,24,2200,"Pabrik A",8,"Agustus",0.986702373256995,"Riwayat",239,NA,"Optimis",1.1
2023-08-01,"KK-PAP-SED-SAC","Keripik Kentang","Makanan","Paprika","Sedang",2,"Sachet","120 g",11000,24,2200,"Pabrik A",8,"Agustus",0.986702373256995,"Riwayat",239,NA,"Pesimis",0.9
2023-09-01,"KK-PAP-SED-SAC","Keripik Kentang","Makanan","Paprika","Sedang",2,"Sachet","120 g",11000,24,2200,"Pabrik A",9,"September",0.997876073506326,"Riwayat",209,NA,"Normal",1
2023-09-01,"KK-PAP-SED-SAC","Keripik Kentang","Makanan","Paprika","Sedang",2,"Sachet","120 g",11000,24,2200,"Pabrik A",9,"September",0.997876073506326,"Riwayat",209,NA,"Optimis",1.1
2023-09-01,"KK-PAP-SED-SAC","Keripik Kentang","Makanan","Paprika","Sedang",2,"Sachet","120 g",11000,24,2200,"Pabrik A",9,"September",0.997876073506326,"Riwayat",209,NA,"Pesimis",0.9
2023-10-01,"KK-PAP-SED-SAC","Keripik Kentang","Makanan","Paprika","Sedang",2,"Sachet","120 g",11000,24,2200,"Pabrik A",10,"Oktober",1.10573460153292,"Riwayat",301,NA,"Normal",1
2023-10-01,"KK-PAP-SED-SAC","Keripik Kentang","Makanan","Paprika","Sedang",2,"Sachet","120 g",11000,24,2200,"Pabrik A",10,"Oktober",1.10573460153292,"Riwayat",301,NA,"Optimis",1.1
2023-10-01,"KK-PAP-SED-SAC","Keripik Kentang","Makanan","Paprika","Sedang",2,"Sachet","120 g",11000,24,2200,"Pabrik A",10,"Oktober",1.10573460153292,"Riwayat",301,NA,"Pesimis",0.9
2023-11-01,"KK-PAP-SED-SAC","Keripik Kentang","Makanan","Paprika","Sedang",2,"Sachet","120 g",11000,24,2200,"Pabrik A",11,"November",1.29356357927787,"Riwayat",312,NA,"Normal",1
2023-11-01,"KK-PAP-SED-SAC","Keripik Kentang","Makanan","Paprika","Sedang",2,"Sachet","120 g",11000,24,2200,"Pabrik A",11,"November",1.29356357927787,"Riwayat",312,NA,"Optimis",1.1
2023-11-01,"KK-PAP-SED-SAC","Keripik Kentang","Makanan","Paprika","Sedang",2,"Sachet","120 g",11000,24,2200,"Pabrik A",11,"November",1.29356357927787,"Riwayat",312,NA,"Pesimis",0.9
2023-12-01,"KK-PAP-SED-SAC","Keripik Kentang","Makanan","Paprika","Sedang",2,"Sachet","120 g",11000,24,2200,"Pabrik A",12,"Desember",1.40991781327916,"Riwayat",336,NA,"Normal",1
2023-12-01,"KK-PAP-SED-SAC","Keripik Kentang","Makanan","Paprika","Sedang",2,"Sachet","120 g",11000,24,2200,"Pabrik A",12,"Desember",1.40991781327916,"Riwayat",336,NA,"Optimis",1.1
2023-12-01,"KK-PAP-SED-SAC","Keripik Kentang","Makanan","Paprika","Sedang",2,"Sachet","120 g",11000,24,2200,"Pabrik A",12,"Desember",1.40991781327916,"Riwayat",336,NA,"Pesimis",0.9
2024-01-01,"KK-PAP-SED-SAC","Keripik Kentang","Makanan","Paprika","Sedang",2,"Sachet","120 g",11000,24,2200,"Pabrik A",1,"Januari",0.760458029365592,"Riwayat",199,NA,"Normal",1
2024-01-01,"KK-PAP-SED-SAC","Keripik Kentang","Makanan","Paprika","Sedang",2,"Sachet","120 g",11000,24,2200,"Pabrik A",1,"Januari",0.760458029365592,"Riwayat",199,NA,"Optimis",1.1
2024-01-01,"KK-PAP-SED-SAC","Keripik Kentang","Makanan","Paprika","Sedang",2,"Sachet","120 g",11000,24,2200,"Pabrik A",1,"Januari",0.760458029365592,"Riwayat",199,NA,"Pesimis",0.9
2024-02-01,"KK-PAP-SED-SAC","Keripik Kentang","Makanan","Paprika","Sedang",2,"Sachet","120 g",11000,24,2200,"Pabrik A",2,"Februari",0.788253763043679,"Riwayat",196,NA,"Normal",1
2024-02-01,"KK-PAP-SED-SAC","Keripik Kentang","Makanan","Paprika","Sedang",2,"Sachet","120 g",11000,24,2200,"Pabrik A",2,"Februari",0.788253763043679,"Riwayat",196,NA,"Optimis",1.1
2024-02-01,"KK-PAP-SED-SAC","Keripik Kentang","Makanan","Paprika","Sedang",2,"Sachet","120 g",11000,24,2200,"Pabrik A",2,"Februari",0.788253763043679,"Riwayat",196,NA,"Pesimis",0.9
2024-03-01,"KK-PAP-SED-SAC","Keripik Kentang","Makanan","Paprika","Sedang",2,"Sachet","120 g",11000,24,2200,"Pabrik A",3,"Maret",0.901006556468741,"Riwayat",228,NA,"Normal",1
2024-03-01,"KK-PAP-SED-SAC","Keripik Kentang","Makanan","Paprika","Sedang",2,"Sachet","120 g",11000,24,2200,"Pabrik A",3,"Maret",0.901006556468741,"Riwayat",228,NA,"Optimis",1.1
2024-03-01,"KK-PAP-SED-SAC","Keripik Kentang","Makanan","Paprika","Sedang",2,"Sachet","120 g",11000,24,2200,"Pabrik A",3,"Maret",0.901006556468741,"Riwayat",228,NA,"Pesimis",0.9
2024-04-01,"KK-PAP-SED-SAC","Keripik Kentang","Makanan","Paprika","Sedang",2,"Sachet","120 g",11000,24,2200,"Pabrik A",4,"April",0.93194200757226,"Riwayat",96,NA,"Normal",1
2024-04-01,"KK-PAP-SED-SAC","Keripik Kentang","Makanan","Paprika","Sedang",2,"Sachet","120 g",11000,24,2200,"Pabrik A",4,"April",0.93194200757226,"Riwayat",96,NA,"Optimis",1.1
2024-04-01,"KK-PAP-SED-SAC","Keripik Kentang","Makanan","Paprika","Sedang",2,"Sachet","120 g",11000,24,2200,"Pabrik A",4,"April",0.93194200757226,"Riwayat",96,NA,"Pesimis",0.9
2024-05-01,"KK-PAP-SED-SAC","Keripik Kentang","Makanan","Paprika","Sedang",2,"Sachet","120 g",11000,24,2200,"Pabrik A",5,"Mei",1.00212392649367,"Riwayat",261,NA,"Normal",1
2024-05-01,"KK-PAP-SED-SAC","Keripik Kentang","Makanan","Paprika","Sedang",2,"Sachet","120 g",11000,24,2200,"Pabrik A",5,"Mei",1.00212392649367,"Riwayat",261,NA,"Optimis",1.1
2024-05-01,"KK-PAP-SED-SAC","Keripik Kentang","Makanan","Paprika","Sedang",2,"Sachet","120 g",11000,24,2200,"Pabrik A",5,"Mei",1.00212392649367,"Riwayat",261,NA,"Pesimis",0.9
2024-06-01,"KK-PAP-SED-SAC","Keripik Kentang","Makanan","Paprika","Sedang",2,"Sachet","120 g",11000,24,2200,"Pabrik A",6,"Juni",1.14507341398098,"Riwayat",697,NA,"Normal",1
2024-06-01,"KK-PAP-SED-SAC","Keripik Kentang","Makanan","Paprika","Sedang",2,"Sachet","120 g",11000,24,2200,"Pabrik A",6,"Juni",1.14507341398098,"Riwayat",697,NA,"Optimis",1.1
2024-06-01,"KK-PAP-SED-SAC","Keripik Kentang","Makanan","Paprika","Sedang",2,"Sachet","120 g",11000,24,2200,"Pabrik A",6,"Juni",1.14507341398098,"Riwayat",697,NA,"Pesimis",0.9
2024-07-01,"KK-PAP-SED-SAC","Keripik Kentang","Makanan","Paprika","Sedang",2,"Sachet","120 g",11000,24,2200,"Pabrik A",7,"Juli",1.04783451842275,"Riwayat",250,NA,"Normal",1
2024-07-01,"KK-PAP-SED-SAC","Keripik Kentang","Makanan","Paprika","Sedang",2,"Sachet","120 g",11000,24,2200,"Pabrik A",7,"Juli",1.04783451842275,"Riwayat",250,NA,"Optimis",1.1
2024-07-01,"KK-PAP-SED-SAC","Keripik Kentang","Makanan","Paprika","Sedang",2,"Sachet","120 g",11000,24,2200,"Pabrik A",7,"Juli",1.04783451842275,"Riwayat",250,NA,"Pesimis",0.9
2024-08-01,"KK-PAP-SED-SAC","Keripik Kentang","Makanan","Paprika","Sedang",2,"Sachet","120 g",11000,24,2200,"Pabrik A",8,"Agustus",0.986702373256995,"Riwayat",221,NA,"Normal",1
2024-08-01,"KK-PAP-SED-SAC","Keripik Kentang","Makanan","Paprika","Sedang",2,"Sachet","120 g",11000,24,2200,"Pabrik A",8,"Agustus",0.986702373256995,"Riwayat",221,NA,"Optimis",1.1
2024-08-01,"KK-PAP-SED-SAC","Keripik Kentang","Makanan","Paprika","Sedang",2,"Sachet","120 g",11000,24,2200,"Pabrik A",8,"Agustus",0.986702373256995,"Riwayat",221,NA,"Pesimis",0.9
2024-09-01,"KK-PAP-SED-SAC","Keripik Kentang","Makanan","Paprika","Sedang",2,"Sachet","120 g",11000,24,2200,"Pabrik A",9,"September",0.997876073506326,"Riwayat",285,NA,"Normal",1
2024-09-01,"KK-PAP-SED-SAC","Keripik Kentang","Makanan","Paprika","Sedang",2,"Sachet","120 g",11000,24,2200,"Pabrik A",9,"September",0.997876073506326,"Riwayat",285,NA,"Optimis",1.1
2024-09-01,"KK-PAP-SED-SAC","Keripik Kentang","Makanan","Paprika","Sedang",2,"Sachet","120 g",11000,24,2200,"Pabrik A",9,"September",0.997876073506326,"Riwayat",285,NA,"Pesimis",0.9
2024-10-01,"KK-PAP-SED-SAC","Keripik Kentang","Makanan","Paprika","Sedang",2,"Sachet","120 g",11000,24,2200,"Pabrik A",10,"Oktober",1.10573460153292,"Riwayat",270,NA,"Normal",1
2024-10-01,"KK-PAP-SED-SAC","Keripik Kentang","Makanan","Paprika","Sedang",2,"Sachet","120 g",11000,24,2200,"Pabrik A",10,"Oktober",1.10573460153292,"Riwayat",270,NA,"Optimis",1.1
2024-10-01,"KK-PAP-SED-SAC","Keripik Kentang","Makanan","Paprika","Sedang",2,"Sachet","120 g",11000,24,2200,"Pabrik A",10,"Oktober",1.10573460153292,"Riwayat",270,NA,"Pesimis",0.9
2024-11-01,"KK-PAP-SED-SAC","Keripik Kentang","Makanan","Paprika","Sedang",2,"Sachet","120 g",11000,24,2200,"Pabrik A",11,"November",1.29356357927787,"Riwayat",341,NA,"Normal",1
2024-11-01,"KK-PAP-SED-SAC","Keripik Kentang","Makanan","Paprika","Sedang",2,"Sachet","120 g",11000,24,2200,"Pabrik A",11,"November",1.29356357927787,"Riwayat",341,NA,"Optimis",1.1
2024-11-01,"KK-PAP-SED-SAC","Keripik Kentang","Makanan","Paprika","Sedang",2,"Sachet","120 g",11000,24,2200,"Pabrik A",11,"November",1.29356357927787,"Riwayat",341,NA,"Pesimis",0.9
2024-12-01,"KK-PAP-SED-SAC","Keripik Kentang","Makanan","Paprika","Sedang",2,"Sachet","120 g",11000,24,2200,"Pabrik A",12,"Desember",1.40991781327916,"Riwayat",349,NA,"Normal",1
2024-12-01,"KK-PAP-SED-SAC","Keripik Kentang","Makanan","Paprika","Sedang",2,"Sachet","120 g",11000,24,2200,"Pabrik A",12,"Desember",1.40991781327916,"Riwayat",349,NA,"Optimis",1.1
2024-12-01,"KK-PAP-SED-SAC","Keripik Kentang","Makanan","Paprika","Sedang",2,"Sachet","120 g",11000,24,2200,"Pabrik A",12,"Desember",1.40991781327916,"Riwayat",349,NA,"Pesimis",0.9
2025-01-01,"KK-PAP-SED-SAC","Keripik Kentang","Makanan","Paprika","Sedang",2,"Sachet","120 g",11000,24,2200,"Pabrik A",1,"Januari",0.760458029365592,"Riwayat",296,NA,"Normal",1
2025-01-01,"KK-PAP-SED-SAC","Keripik Kentang","Makanan","Paprika","Sedang",2,"Sachet","120 g",11000,24,2200,"Pabrik A",1,"Januari",0.760458029365592,"Riwayat",296,NA,"Optimis",1.1
2025-01-01,"KK-PAP-SED-SAC","Keripik Kentang","Makanan","Paprika","Sedang",2,"Sachet","120 g",11000,24,2200,"Pabrik A",1,"Januari",0.760458029365592,"Riwayat",296,NA,"Pesimis",0.9
2025-02-01,"KK-PAP-SED-SAC","Keripik Kentang","Makanan","Paprika","Sedang",2,"Sachet","120 g",11000,24,2200,"Pabrik A",2,"Februari",0.788253763043679,"Riwayat",229,NA,"Normal",1
2025-02-01,"KK-PAP-SED-SAC","Keripik Kentang","Makanan","Paprika","Sedang",2,"Sachet","120 g",11000,24,2200,"Pabrik A",2,"Februari",0.788253763043679,"Riwayat",229,NA,"Optimis",1.1
2025-02-01,"KK-PAP-SED-SAC","Keripik Kentang","Makanan","Paprika","Sedang",2,"Sachet","120 g",11000,24,2200,"Pabrik A",2,"Februari",0.788253763043679,"Riwayat",229,NA,"Pesimis",0.9
2025-03-01,"KK-PAP-SED-SAC","Keripik Kentang","Makanan","Paprika","Sedang",2,"Sachet","120 g",11000,24,2200,"Pabrik A",3,"Maret",0.901006556468741,"Riwayat",257,NA,"Normal",1
2025-03-01,"KK-PAP-SED-SAC","Keripik Kentang","Makanan","Paprika","Sedang",2,"Sachet","120 g",11000,24,2200,"Pabrik A",3,"Maret",0.901006556468741,"Riwayat",257,NA,"Optimis",1.1
2025-03-01,"KK-PAP-SED-SAC","Keripik Kentang","Makanan","Paprika","Sedang",2,"Sachet","120 g",11000,24,2200,"Pabrik A",3,"Maret",0.901006556468741,"Riwayat",257,NA,"Pesimis",0.9
2025-04-01,"KK-PAP-SED-SAC","Keripik Kentang","Makanan","Paprika","Sedang",2,"Sachet","120 g",11000,24,2200,"Pabrik A",4,"April",0.93194200757226,"Riwayat",271,NA,"Normal",1
2025-04-01,"KK-PAP-SED-SAC","Keripik Kentang","Makanan","Paprika","Sedang",2,"Sachet","120 g",11000,24,2200,"Pabrik A",4,"April",0.93194200757226,"Riwayat",271,NA,"Optimis",1.1
2025-04-01,"KK-PAP-SED-SAC","Keripik Kentang","Makanan","Paprika","Sedang",2,"Sachet","120 g",11000,24,2200,"Pabrik A",4,"April",0.93194200757226,"Riwayat",271,NA,"Pesimis",0.9
2025-05-01,"KK-PAP-SED-SAC","Keripik Kentang","Makanan","Paprika","Sedang",2,"Sachet","120 g",11000,24,2200,"Pabrik A",5,"Mei",1.00212392649367,"Riwayat",275,NA,"Normal",1
2025-05-01,"KK-PAP-SED-SAC","Keripik Kentang","Makanan","Paprika","Sedang",2,"Sachet","120 g",11000,24,2200,"Pabrik A",5,"Mei",1.00212392649367,"Riwayat",275,NA,"Optimis",1.1
2025-05-01,"KK-PAP-SED-SAC","Keripik Kentang","Makanan","Paprika","Sedang",2,"Sachet","120 g",11000,24,2200,"Pabrik A",5,"Mei",1.00212392649367,"Riwayat",275,NA,"Pesimis",0.9
2025-06-01,"KK-PAP-SED-SAC","Keripik Kentang","Makanan","Paprika","Sedang",2,"Sachet","120 g",11000,24,2200,"Pabrik A",6,"Juni",1.14507341398098,"Riwayat",285,NA,"Normal",1
2025-06-01,"KK-PAP-SED-SAC","Keripik Kentang","Makanan","Paprika","Sedang",2,"Sachet","120 g",11000,24,2200,"Pabrik A",6,"Juni",1.14507341398098,"Riwayat",285,NA,"Optimis",1.1
2025-06-01,"KK-PAP-SED-SAC","Keripik Kentang","Makanan","Paprika","Sedang",2,"Sachet","120 g",11000,24,2200,"Pabrik A",6,"Juni",1.14507341398098,"Riwayat",285,NA,"Pesimis",0.9
2025-07-01,"KK-PAP-SED-SAC","Keripik Kentang","Makanan","Paprika","Sedang",2,"Sachet","120 g",11000,24,2200,"Pabrik A",7,"Juli",1.04783451842275,"Riwayat",285,NA,"Normal",1
2025-07-01,"KK-PAP-SED-SAC","Keripik Kentang","Makanan","Paprika","Sedang",2,"Sachet","120 g",11000,24,2200,"Pabrik A",7,"Juli",1.04783451842275,"Riwayat",285,NA,"Optimis",1.1
2025-07-01,"KK-PAP-SED-SAC","Keripik Kentang","Makanan","Paprika","Sedang",2,"Sachet","120 g",11000,24,2200,"Pabrik A",7,"Juli",1.04783451842275,"Riwayat",285,NA,"Pesimis",0.9
2025-08-01,"KK-PAP-SED-SAC","Keripik Kentang","Makanan","Paprika","Sedang",2,"Sachet","120 g",11000,24,2200,"Pabrik A",8,"Agustus",0.986702373256995,"Riwayat",316,NA,"Normal",1
2025-08-01,"KK-PAP-SED-SAC","Keripik Kentang","Makanan","Paprika","Sedang",2,"Sachet","120 g",11000,24,2200,"Pabrik A",8,"Agustus",0.986702373256995,"Riwayat",316,NA,"Optimis",1.1
2025-08-01,"KK-PAP-SED-SAC","Keripik Kentang","Makanan","Paprika","Sedang",2,"Sachet","120 g",11000,24,2200,"Pabrik A",8,"Agustus",0.986702373256995,"Riwayat",316,NA,"Pesimis",0.9
2025-09-01,"KK-PAP-SED-SAC","Keripik Kentang","Makanan","Paprika","Sedang",2,"Sachet","120 g",11000,24,2200,"Pabrik A",9,"September",0.997876073506326,"Riwayat",272,NA,"Normal",1
2025-09-01,"KK-PAP-SED-SAC","Keripik Kentang","Makanan","Paprika","Sedang",2,"Sachet","120 g",11000,24,2200,"Pabrik A",9,"September",0.997876073506326,"Riwayat",272,NA,"Optimis",1.1
2025-09-01,"KK-PAP-SED-SAC","Keripik Kentang","Makanan","Paprika","Sedang",2,"Sachet","120 g",11000,24,2200,"Pabrik A",9,"September",0.997876073506326,"Riwayat",272,NA,"Pesimis",0.9
2025-10-01,"KK-PAP-SED-SAC","Keripik Kentang","Makanan","Paprika","Sedang",2,"Sachet","120 g",11000,24,2200,"Pabrik A",10,"Oktober",1.10573460153292,"Riwayat",290,NA,"Normal",1
2025-10-01,"KK-PAP-SED-SAC","Keripik Kentang","Makanan","Paprika","Sedang",2,"Sachet","120 g",11000,24,2200,"Pabrik A",10,"Oktober",1.10573460153292,"Riwayat",290,NA,"Optimis",1.1
2025-10-01,"KK-PAP-SED-SAC","Keripik Kentang","Makanan","Paprika","Sedang",2,"Sachet","120 g",11000,24,2200,"Pabrik A",10,"Oktober",1.10573460153292,"Riwayat",290,NA,"Pesimis",0.9
2025-11-01,"KK-PAP-SED-SAC","Keripik Kentang","Makanan","Paprika","Sedang",2,"Sachet","120 g",11000,24,2200,"Pabrik A",11,"November",1.29356357927787,"Riwayat",287,NA,"Normal",1
2025-11-01,"KK-PAP-SED-SAC","Keripik Kentang","Makanan","Paprika","Sedang",2,"Sachet","120 g",11000,24,2200,"Pabrik A",11,"November",1.29356357927787,"Riwayat",287,NA,"Optimis",1.1
2025-11-01,"KK-PAP-SED-SAC","Keripik Kentang","Makanan","Paprika","Sedang",2,"Sachet","120 g",11000,24,2200,"Pabrik A",11,"November",1.29356357927787,"Riwayat",287,NA,"Pesimis",0.9
2025-12-01,"KK-PAP-SED-SAC","Keripik Kentang","Makanan","Paprika","Sedang",2,"Sachet","120 g",11000,24,2200,"Pabrik A",12,"Desember",1.40991781327916,"Riwayat",364,NA,"Normal",1
2025-12-01,"KK-PAP-SED-SAC","Keripik Kentang","Makanan","Paprika","Sedang",2,"Sachet","120 g",11000,24,2200,"Pabrik A",12,"Desember",1.40991781327916,"Riwayat",364,NA,"Optimis",1.1
2025-12-01,"KK-PAP-SED-SAC","Keripik Kentang","Makanan","Paprika","Sedang",2,"Sachet","120 g",11000,24,2200,"Pabrik A",12,"Desember",1.40991781327916,"Riwayat",364,NA,"Pesimis",0.9
2026-01-01,"KK-PAP-SED-SAC","Keripik Kentang","Makanan","Paprika","Sedang",2,"Sachet","120 g",11000,24,2200,"Pabrik A",1,"Januari",0.760458029365592,"Plan",NA,220.532828516022,"Normal",1
2026-01-01,"KK-PAP-SED-SAC","Keripik Kentang","Makanan","Paprika","Sedang",2,"Sachet","120 g",11000,24,2200,"Pabrik A",1,"Januari",0.760458029365592,"Plan",NA,242.586111367624,"Optimis",1.1
2026-01-01,"KK-PAP-SED-SAC","Keripik Kentang","Makanan","Paprika","Sedang",2,"Sachet","120 g",11000,24,2200,"Pabrik A",1,"Januari",0.760458029365592,"Plan",NA,198.47954566442,"Pesimis",0.9
2026-02-01,"KK-PAP-SED-SAC","Keripik Kentang","Makanan","Paprika","Sedang",2,"Sachet","120 g",11000,24,2200,"Pabrik A",2,"Februari",0.788253763043679,"Plan",NA,228.593591282667,"Normal",1
2026-02-01,"KK-PAP-SED-SAC","Keripik Kentang","Makanan","Paprika","Sedang",2,"Sachet","120 g",11000,24,2200,"Pabrik A",2,"Februari",0.788253763043679,"Plan",NA,251.452950410934,"Optimis",1.1
2026-02-01,"KK-PAP-SED-SAC","Keripik Kentang","Makanan","Paprika","Sedang",2,"Sachet","120 g",11000,24,2200,"Pabrik A",2,"Februari",0.788253763043679,"Plan",NA,205.7342321544,"Pesimis",0.9
2026-03-01,"KK-PAP-SED-SAC","Keripik Kentang","Makanan","Paprika","Sedang",2,"Sachet","120 g",11000,24,2200,"Pabrik A",3,"Maret",0.901006556468741,"Plan",NA,261.291901375935,"Normal",1
2026-03-01,"KK-PAP-SED-SAC","Keripik Kentang","Makanan","Paprika","Sedang",2,"Sachet","120 g",11000,24,2200,"Pabrik A",3,"Maret",0.901006556468741,"Plan",NA,287.421091513529,"Optimis",1.1
2026-03-01,"KK-PAP-SED-SAC","Keripik Kentang","Makanan","Paprika","Sedang",2,"Sachet","120 g",11000,24,2200,"Pabrik A",3,"Maret",0.901006556468741,"Plan",NA,235.162711238342,"Pesimis",0.9
2026-04-01,"KK-PAP-SED-SAC","Keripik Kentang","Makanan","Paprika","Sedang",2,"Sachet","120 g",11000,24,2200,"Pabrik A",4,"April",0.93194200757226,"Plan",NA,270.263182195955,"Normal",1
2026-04-01,"KK-PAP-SED-SAC","Keripik Kentang","Makanan","Paprika","Sedang",2,"Sachet","120 g",11000,24,2200,"Pabrik A",4,"April",0.93194200757226,"Plan",NA,297.289500415551,"Optimis",1.1
2026-04-01,"KK-PAP-SED-SAC","Keripik Kentang","Makanan","Paprika","Sedang",2,"Sachet","120 g",11000,24,2200,"Pabrik A",4,"April",0.93194200757226,"Plan",NA,243.23686397636,"Pesimis",0.9
2026-05-01,"KK-PAP-SED-SAC","Keripik Kentang","Makanan","Paprika","Sedang",2,"Sachet","120 g",11000,24,2200,"Pabrik A",5,"Mei",1.00212392649367,"Plan",NA,290.615938683166,"Normal",1
2026-05-01,"KK-PAP-SED-SAC","Keripik Kentang","Makanan","Paprika","Sedang",2,"Sachet","120 g",11000,24,2200,"Pabrik A",5,"Mei",1.00212392649367,"Plan",NA,319.677532551482,"Optimis",1.1
2026-05-01,"KK-PAP-SED-SAC","Keripik Kentang","Makanan","Paprika","Sedang",2,"Sachet","120 g",11000,24,2200,"Pabrik A",5,"Mei",1.00212392649367,"Plan",NA,261.554344814849,"Pesimis",0.9
2026-06-01,"KK-PAP-SED-SAC","Keripik Kentang","Makanan","Paprika","Sedang",2,"Sachet","120 g",11000,24,2200,"Pabrik A",6,"Juni",1.14507341398098,"Plan",NA,332.071290054483,"Normal",1
2026-06-01,"KK-PAP-SED-SAC","Keripik Kentang","Makanan","Paprika","Sedang",2,"Sachet","120 g",11000,24,2200,"Pabrik A",6,"Juni",1.14507341398098,"Plan",NA,365.278419059932,"Optimis",1.1
2026-06-01,"KK-PAP-SED-SAC","Keripik Kentang","Makanan","Paprika","Sedang",2,"Sachet","120 g",11000,24,2200,"Pabrik A",6,"Juni",1.14507341398098,"Plan",NA,298.864161049035,"Pesimis",0.9
2023-01-01,"KK-PAP-SED-SAC","Keripik Kentang","Makanan","Paprika","Sedang",2,"Sachet","120 g",11000,24,2200,"Pabrik B",1,"Januari",0.760458029365592,"Riwayat",123,NA,"Normal",1
2023-01-01,"KK-PAP-SED-SAC","Keripik Kentang","Makanan","Paprika","Sedang",2,"Sachet","120 g",11000,24,2200,"Pabrik B",1,"Januari",0.760458029365592,"Riwayat",123,NA,"Optimis",1.1
2023-01-01,"KK-PAP-SED-SAC","Keripik Kentang","Makanan","Paprika","Sedang",2,"Sachet","120 g",11000,24,2200,"Pabrik B",1,"Januari",0.760458029365592,"Riwayat",123,NA,"Pesimis",0.9
2023-02-01,"KK-PAP-SED-SAC","Keripik Kentang","Makanan","Paprika","Sedang",2,"Sachet","120 g",11000,24,2200,"Pabrik B",2,"Februari",0.788253763043679,"Riwayat",137,NA,"Normal",1
2023-02-01,"KK-PAP-SED-SAC","Keripik Kentang","Makanan","Paprika","Sedang",2,"Sachet","120 g",11000,24,2200,"Pabrik B",2,"Februari",0.788253763043679,"Riwayat",137,NA,"Optimis",1.1
2023-02-01,"KK-PAP-SED-SAC","Keripik Kentang","Makanan","Paprika","Sedang",2,"Sachet","120 g",11000,24,2200,"Pabrik B",2,"Februari",0.788253763043679,"Riwayat",137,NA,"Pesimis",0.9
2023-03-01,"KK-PAP-SED-SAC","Keripik Kentang","Makanan","Paprika","Sedang",2,"Sachet","120 g",11000,24,2200,"Pabrik B",3,"Maret",0.901006556468741,"Riwayat",154,NA,"Normal",1
2023-03-01,"KK-PAP-SED-SAC","Keripik Kentang","Makanan","Paprika","Sedang",2,"Sachet","120 g",11000,24,2200,"Pabrik B",3,"Maret",0.901006556468741,"Riwayat",154,NA,"Optimis",1.1
2023-03-01,"KK-PAP-SED-SAC","Keripik Kentang","Makanan","Paprika","Sedang",2,"Sachet","120 g",11000,24,2200,"Pabrik B",3,"Maret",0.901006556468741,"Riwayat",154,NA,"Pesimis",0.9
2023-04-01,"KK-PAP-SED-SAC","Keripik Kentang","Makanan","Paprika","Sedang",2,"Sachet","120 g",11000,24,2200,"Pabrik B",4,"April",0.93194200757226,"Riwayat",174,NA,"Normal",1
2023-04-01,"KK-PAP-SED-SAC","Keripik Kentang","Makanan","Paprika","Sedang",2,"Sachet","120 g",11000,24,2200,"Pabrik B",4,"April",0.93194200757226,"Riwayat",174,NA,"Optimis",1.1
2023-04-01,"KK-PAP-SED-SAC","Keripik Kentang","Makanan","Paprika","Sedang",2,"Sachet","120 g",11000,24,2200,"Pabrik B",4,"April",0.93194200757226,"Riwayat",174,NA,"Pesimis",0.9
2023-05-01,"KK-PAP-SED-SAC","Keripik Kentang","Makanan","Paprika","Sedang",2,"Sachet","120 g",11000,24,2200,"Pabrik B",5,"Mei",1.00212392649367,"Riwayat",191,NA,"Normal",1
2023-05-01,"KK-PAP-SED-SAC","Keripik Kentang","Makanan","Paprika","Sedang",2,"Sachet","120 g",11000,24,2200,"Pabrik B",5,"Mei",1.00212392649367,"Riwayat",191,NA,"Optimis",1.1
2023-05-01,"KK-PAP-SED-SAC","Keripik Kentang","Makanan","Paprika","Sedang",2,"Sachet","120 g",11000,24,2200,"Pabrik B",5,"Mei",1.00212392649367,"Riwayat",191,NA,"Pesimis",0.9
2023-06-01,"KK-PAP-SED-SAC","Keripik Kentang","Makanan","Paprika","Sedang",2,"Sachet","120 g",11000,24,2200,"Pabrik B",6,"Juni",1.14507341398098,"Riwayat",191,NA,"Normal",1
2023-06-01,"KK-PAP-SED-SAC","Keripik Kentang","Makanan","Paprika","Sedang",2,"Sachet","120 g",11000,24,2200,"Pabrik B",6,"Juni",1.14507341398098,"Riwayat",191,NA,"Optimis",1.1
2023-06-01,"KK-PAP-SED-SAC","Keripik Kentang","Makanan","Paprika","Sedang",2,"Sachet","120 g",11000,24,2200,"Pabrik B",6,"Juni",1.14507341398098,"Riwayat",191,NA,"Pesimis",0.9
2023-07-01,"KK-PAP-SED-SAC","Keripik Kentang","Makanan","Paprika","Sedang",2,"Sachet","120 g",11000,24,2200,"Pabrik B",7,"Juli",1.04783451842275,"Riwayat",179,NA,"Normal",1
2023-07-01,"KK-PAP-SED-SAC","Keripik Kentang","Makanan","Paprika","Sedang",2,"Sachet","120 g",11000,24,2200,"Pabrik B",7,"Juli",1.04783451842275,"Riwayat",179,NA,"Optimis",1.1
2023-07-01,"KK-PAP-SED-SAC","Keripik Kentang","Makanan","Paprika","Sedang",2,"Sachet","120 g",11000,24,2200,"Pabrik B",7,"Juli",1.04783451842275,"Riwayat",179,NA,"Pesimis",0.9
2023-08-01,"KK-PAP-SED-SAC","Keripik Kentang","Makanan","Paprika","Sedang",2,"Sachet","120 g",11000,24,2200,"Pabrik B",8,"Agustus",0.986702373256995,"Riwayat",180,NA,"Normal",1
2023-08-01,"KK-PAP-SED-SAC","Keripik Kentang","Makanan","Paprika","Sedang",2,"Sachet","120 g",11000,24,2200,"Pabrik B",8,"Agustus",0.986702373256995,"Riwayat",180,NA,"Optimis",1.1
2023-08-01,"KK-PAP-SED-SAC","Keripik Kentang","Makanan","Paprika","Sedang",2,"Sachet","120 g",11000,24,2200,"Pabrik B",8,"Agustus",0.986702373256995,"Riwayat",180,NA,"Pesimis",0.9
2023-09-01,"KK-PAP-SED-SAC","Keripik Kentang","Makanan","Paprika","Sedang",2,"Sachet","120 g",11000,24,2200,"Pabrik B",9,"September",0.997876073506326,"Riwayat",174,NA,"Normal",1
2023-09-01,"KK-PAP-SED-SAC","Keripik Kentang","Makanan","Paprika","Sedang",2,"Sachet","120 g",11000,24,2200,"Pabrik B",9,"September",0.997876073506326,"Riwayat",174,NA,"Optimis",1.1
2023-09-01,"KK-PAP-SED-SAC","Keripik Kentang","Makanan","Paprika","Sedang",2,"Sachet","120 g",11000,24,2200,"Pabrik B",9,"September",0.997876073506326,"Riwayat",174,NA,"Pesimis",0.9
2023-10-01,"KK-PAP-SED-SAC","Keripik Kentang","Makanan","Paprika","Sedang",2,"Sachet","120 g",11000,24,2200,"Pabrik B",10,"Oktober",1.10573460153292,"Riwayat",176,NA,"Normal",1
2023-10-01,"KK-PAP-SED-SAC","Keripik Kentang","Makanan","Paprika","Sedang",2,"Sachet","120 g",11000,24,2200,"Pabrik B",10,"Oktober",1.10573460153292,"Riwayat",176,NA,"Optimis",1.1
2023-10-01,"KK-PAP-SED-SAC","Keripik Kentang","Makanan","Paprika","Sedang",2,"Sachet","120 g",11000,24,2200,"Pabrik B",10,"Oktober",1.10573460153292,"Riwayat",176,NA,"Pesimis",0.9
2023-11-01,"KK-PAP-SED-SAC","Keripik Kentang","Makanan","Paprika","Sedang",2,"Sachet","120 g",11000,24,2200,"Pabrik B",11,"November",1.29356357927787,"Riwayat",183,NA,"Normal",1
2023-11-01,"KK-PAP-SED-SAC","Keripik Kentang","Makanan","Paprika","Sedang",2,"Sachet","120 g",11000,24,2200,"Pabrik B",11,"November",1.29356357927787,"Riwayat",183,NA,"Optimis",1.1
2023-11-01,"KK-PAP-SED-SAC","Keripik Kentang","Makanan","Paprika","Sedang",2,"Sachet","120 g",11000,24,2200,"Pabrik B",11,"November",1.29356357927787,"Riwayat",183,NA,"Pesimis",0.9
2023-12-01,"KK-PAP-SED-SAC","Keripik Kentang","Makanan","Paprika","Sedang",2,"Sachet","120 g",11000,24,2200,"Pabrik B",12,"Desember",1.40991781327916,"Riwayat",228,NA,"Normal",1
2023-12-01,"KK-PAP-SED-SAC","Keripik Kentang","Makanan","Paprika","Sedang",2,"Sachet","120 g",11000,24,2200,"Pabrik B",12,"Desember",1.40991781327916,"Riwayat",228,NA,"Optimis",1.1
2023-12-01,"KK-PAP-SED-SAC","Keripik Kentang","Makanan","Paprika","Sedang",2,"Sachet","120 g",11000,24,2200,"Pabrik B",12,"Desember",1.40991781327916,"Riwayat",228,NA,"Pesimis",0.9
2024-01-01,"KK-PAP-SED-SAC","Keripik Kentang","Makanan","Paprika","Sedang",2,"Sachet","120 g",11000,24,2200,"Pabrik B",1,"Januari",0.760458029365592,"Riwayat",135,NA,"Normal",1
2024-01-01,"KK-PAP-SED-SAC","Keripik Kentang","Makanan","Paprika","Sedang",2,"Sachet","120 g",11000,24,2200,"Pabrik B",1,"Januari",0.760458029365592,"Riwayat",135,NA,"Optimis",1.1
2024-01-01,"KK-PAP-SED-SAC","Keripik Kentang","Makanan","Paprika","Sedang",2,"Sachet","120 g",11000,24,2200,"Pabrik B",1,"Januari",0.760458029365592,"Riwayat",135,NA,"Pesimis",0.9
2024-02-01,"KK-PAP-SED-SAC","Keripik Kentang","Makanan","Paprika","Sedang",2,"Sachet","120 g",11000,24,2200,"Pabrik B",2,"Februari",0.788253763043679,"Riwayat",145,NA,"Normal",1
2024-02-01,"KK-PAP-SED-SAC","Keripik Kentang","Makanan","Paprika","Sedang",2,"Sachet","120 g",11000,24,2200,"Pabrik B",2,"Februari",0.788253763043679,"Riwayat",145,NA,"Optimis",1.1
2024-02-01,"KK-PAP-SED-SAC","Keripik Kentang","Makanan","Paprika","Sedang",2,"Sachet","120 g",11000,24,2200,"Pabrik B",2,"Februari",0.788253763043679,"Riwayat",145,NA,"Pesimis",0.9
2024-03-01,"KK-PAP-SED-SAC","Keripik Kentang","Makanan","Paprika","Sedang",2,"Sachet","120 g",11000,24,2200,"Pabrik B",3,"Maret",0.901006556468741,"Riwayat",176,NA,"Normal",1
2024-03-01,"KK-PAP-SED-SAC","Keripik Kentang","Makanan","Paprika","Sedang",2,"Sachet","120 g",11000,24,2200,"Pabrik B",3,"Maret",0.901006556468741,"Riwayat",176,NA,"Optimis",1.1
2024-03-01,"KK-PAP-SED-SAC","Keripik Kentang","Makanan","Paprika","Sedang",2,"Sachet","120 g",11000,24,2200,"Pabrik B",3,"Maret",0.901006556468741,"Riwayat",176,NA,"Pesimis",0.9
2024-04-01,"KK-PAP-SED-SAC","Keripik Kentang","Makanan","Paprika","Sedang",2,"Sachet","120 g",11000,24,2200,"Pabrik B",4,"April",0.93194200757226,"Riwayat",173,NA,"Normal",1
2024-04-01,"KK-PAP-SED-SAC","Keripik Kentang","Makanan","Paprika","Sedang",2,"Sachet","120 g",11000,24,2200,"Pabrik B",4,"April",0.93194200757226,"Riwayat",173,NA,"Optimis",1.1
2024-04-01,"KK-PAP-SED-SAC","Keripik Kentang","Makanan","Paprika","Sedang",2,"Sachet","120 g",11000,24,2200,"Pabrik B",4,"April",0.93194200757226,"Riwayat",173,NA,"Pesimis",0.9
2024-05-01,"KK-PAP-SED-SAC","Keripik Kentang","Makanan","Paprika","Sedang",2,"Sachet","120 g",11000,24,2200,"Pabrik B",5,"Mei",1.00212392649367,"Riwayat",172,NA,"Normal",1
2024-05-01,"KK-PAP-SED-SAC","Keripik Kentang","Makanan","Paprika","Sedang",2,"Sachet","120 g",11000,24,2200,"Pabrik B",5,"Mei",1.00212392649367,"Riwayat",172,NA,"Optimis",1.1
2024-05-01,"KK-PAP-SED-SAC","Keripik Kentang","Makanan","Paprika","Sedang",2,"Sachet","120 g",11000,24,2200,"Pabrik B",5,"Mei",1.00212392649367,"Riwayat",172,NA,"Pesimis",0.9
2024-06-01,"KK-PAP-SED-SAC","Keripik Kentang","Makanan","Paprika","Sedang",2,"Sachet","120 g",11000,24,2200,"Pabrik B",6,"Juni",1.14507341398098,"Riwayat",175,NA,"Normal",1
2024-06-01,"KK-PAP-SED-SAC","Keripik Kentang","Makanan","Paprika","Sedang",2,"Sachet","120 g",11000,24,2200,"Pabrik B",6,"Juni",1.14507341398098,"Riwayat",175,NA,"Optimis",1.1
2024-06-01,"KK-PAP-SED-SAC","Keripik Kentang","Makanan","Paprika","Sedang",2,"Sachet","120 g",11000,24,2200,"Pabrik B",6,"Juni",1.14507341398098,"Riwayat",175,NA,"Pesimis",0.9
2024-07-01,"KK-PAP-SED-SAC","Keripik Kentang","Makanan","Paprika","Sedang",2,"Sachet","120 g",11000,24,2200,"Pabrik B",7,"Juli",1.04783451842275,"Riwayat",190,NA,"Normal",1
2024-07-01,"KK-PAP-SED-SAC","Keripik Kentang","Makanan","Paprika","Sedang",2,"Sachet","120 g",11000,24,2200,"Pabrik B",7,"Juli",1.04783451842275,"Riwayat",190,NA,"Optimis",1.1
2024-07-01,"KK-PAP-SED-SAC","Keripik Kentang","Makanan","Paprika","Sedang",2,"Sachet","120 g",11000,24,2200,"Pabrik B",7,"Juli",1.04783451842275,"Riwayat",190,NA,"Pesimis",0.9
2024-08-01,"KK-PAP-SED-SAC","Keripik Kentang","Makanan","Paprika","Sedang",2,"Sachet","120 g",11000,24,2200,"Pabrik B",8,"Agustus",0.986702373256995,"Riwayat",177,NA,"Normal",1
2024-08-01,"KK-PAP-SED-SAC","Keripik Kentang","Makanan","Paprika","Sedang",2,"Sachet","120 g",11000,24,2200,"Pabrik B",8,"Agustus",0.986702373256995,"Riwayat",177,NA,"Optimis",1.1
2024-08-01,"KK-PAP-SED-SAC","Keripik Kentang","Makanan","Paprika","Sedang",2,"Sachet","120 g",11000,24,2200,"Pabrik B",8,"Agustus",0.986702373256995,"Riwayat",177,NA,"Pesimis",0.9
2024-09-01,"KK-PAP-SED-SAC","Keripik Kentang","Makanan","Paprika","Sedang",2,"Sachet","120 g",11000,24,2200,"Pabrik B",9,"September",0.997876073506326,"Riwayat",176,NA,"Normal",1
2024-09-01,"KK-PAP-SED-SAC","Keripik Kentang","Makanan","Paprika","Sedang",2,"Sachet","120 g",11000,24,2200,"Pabrik B",9,"September",0.997876073506326,"Riwayat",176,NA,"Optimis",1.1
2024-09-01,"KK-PAP-SED-SAC","Keripik Kentang","Makanan","Paprika","Sedang",2,"Sachet","120 g",11000,24,2200,"Pabrik B",9,"September",0.997876073506326,"Riwayat",176,NA,"Pesimis",0.9
2024-10-01,"KK-PAP-SED-SAC","Keripik Kentang","Makanan","Paprika","Sedang",2,"Sachet","120 g",11000,24,2200,"Pabrik B",10,"Oktober",1.10573460153292,"Riwayat",165,NA,"Normal",1
2024-10-01,"KK-PAP-SED-SAC","Keripik Kentang","Makanan","Paprika","Sedang",2,"Sachet","120 g",11000,24,2200,"Pabrik B",10,"Oktober",1.10573460153292,"Riwayat",165,NA,"Optimis",1.1
2024-10-01,"KK-PAP-SED-SAC","Keripik Kentang","Makanan","Paprika","Sedang",2,"Sachet","120 g",11000,24,2200,"Pabrik B",10,"Oktober",1.10573460153292,"Riwayat",165,NA,"Pesimis",0.9
2024-11-01,"KK-PAP-SED-SAC","Keripik Kentang","Makanan","Paprika","Sedang",2,"Sachet","120 g",11000,24,2200,"Pabrik B",11,"November",1.29356357927787,"Riwayat",234,NA,"Normal",1
2024-11-01,"KK-PAP-SED-SAC","Keripik Kentang","Makanan","Paprika","Sedang",2,"Sachet","120 g",11000,24,2200,"Pabrik B",11,"November",1.29356357927787,"Riwayat",234,NA,"Optimis",1.1
2024-11-01,"KK-PAP-SED-SAC","Keripik Kentang","Makanan","Paprika","Sedang",2,"Sachet","120 g",11000,24,2200,"Pabrik B",11,"November",1.29356357927787,"Riwayat",234,NA,"Pesimis",0.9
2024-12-01,"KK-PAP-SED-SAC","Keripik Kentang","Makanan","Paprika","Sedang",2,"Sachet","120 g",11000,24,2200,"Pabrik B",12,"Desember",1.40991781327916,"Riwayat",256,NA,"Normal",1
2024-12-01,"KK-PAP-SED-SAC","Keripik Kentang","Makanan","Paprika","Sedang",2,"Sachet","120 g",11000,24,2200,"Pabrik B",12,"Desember",1.40991781327916,"Riwayat",256,NA,"Optimis",1.1
2024-12-01,"KK-PAP-SED-SAC","Keripik Kentang","Makanan","Paprika","Sedang",2,"Sachet","120 g",11000,24,2200,"Pabrik B",12,"Desember",1.40991781327916,"Riwayat",256,NA,"Pesimis",0.9
2025-01-01,"KK-PAP-SED-SAC","Keripik Kentang","Makanan","Paprika","Sedang",2,"Sachet","120 g",11000,24,2200,"Pabrik B",1,"Januari",0.760458029365592,"Riwayat",138,NA,"Normal",1
2025-01-01,"KK-PAP-SED-SAC","Keripik Kentang","Makanan","Paprika","Sedang",2,"Sachet","120 g",11000,24,2200,"Pabrik B",1,"Januari",0.760458029365592,"Riwayat",138,NA,"Optimis",1.1
2025-01-01,"KK-PAP-SED-SAC","Keripik Kentang","Makanan","Paprika","Sedang",2,"Sachet","120 g",11000,24,2200,"Pabrik B",1,"Januari",0.760458029365592,"Riwayat",138,NA,"Pesimis",0.9
2025-02-01,"KK-PAP-SED-SAC","Keripik Kentang","Makanan","Paprika","Sedang",2,"Sachet","120 g",11000,24,2200,"Pabrik B",2,"Februari",0.788253763043679,"Riwayat",145,NA,"Normal",1
2025-02-01,"KK-PAP-SED-SAC","Keripik Kentang","Makanan","Paprika","Sedang",2,"Sachet","120 g",11000,24,2200,"Pabrik B",2,"Februari",0.788253763043679,"Riwayat",145,NA,"Optimis",1.1
2025-02-01,"KK-PAP-SED-SAC","Keripik Kentang","Makanan","Paprika","Sedang",2,"Sachet","120 g",11000,24,2200,"Pabrik B",2,"Februari",0.788253763043679,"Riwayat",145,NA,"Pesimis",0.9
2025-03-01,"KK-PAP-SED-SAC","Keripik Kentang","Makanan","Paprika","Sedang",2,"Sachet","120 g",11000,24,2200,"Pabrik B",3,"Maret",0.901006556468741,"Riwayat",147,NA,"Normal",1
2025-03-01,"KK-PAP-SED-SAC","Keripik Kentang","Makanan","Paprika","Sedang",2,"Sachet","120 g",11000,24,2200,"Pabrik B",3,"Maret",0.901006556468741,"Riwayat",147,NA,"Optimis",1.1
2025-03-01,"KK-PAP-SED-SAC","Keripik Kentang","Makanan","Paprika","Sedang",2,"Sachet","120 g",11000,24,2200,"Pabrik B",3,"Maret",0.901006556468741,"Riwayat",147,NA,"Pesimis",0.9
2025-04-01,"KK-PAP-SED-SAC","Keripik Kentang","Makanan","Paprika","Sedang",2,"Sachet","120 g",11000,24,2200,"Pabrik B",4,"April",0.93194200757226,"Riwayat",166,NA,"Normal",1
2025-04-01,"KK-PAP-SED-SAC","Keripik Kentang","Makanan","Paprika","Sedang",2,"Sachet","120 g",11000,24,2200,"Pabrik B",4,"April",0.93194200757226,"Riwayat",166,NA,"Optimis",1.1
2025-04-01,"KK-PAP-SED-SAC","Keripik Kentang","Makanan","Paprika","Sedang",2,"Sachet","120 g",11000,24,2200,"Pabrik B",4,"April",0.93194200757226,"Riwayat",166,NA,"Pesimis",0.9
2025-05-01,"KK-PAP-SED-SAC","Keripik Kentang","Makanan","Paprika","Sedang",2,"Sachet","120 g",11000,24,2200,"Pabrik B",5,"Mei",1.00212392649367,"Riwayat",168,NA,"Normal",1
2025-05-01,"KK-PAP-SED-SAC","Keripik Kentang","Makanan","Paprika","Sedang",2,"Sachet","120 g",11000,24,2200,"Pabrik B",5,"Mei",1.00212392649367,"Riwayat",168,NA,"Optimis",1.1
2025-05-01,"KK-PAP-SED-SAC","Keripik Kentang","Makanan","Paprika","Sedang",2,"Sachet","120 g",11000,24,2200,"Pabrik B",5,"Mei",1.00212392649367,"Riwayat",168,NA,"Pesimis",0.9
2025-06-01,"KK-PAP-SED-SAC","Keripik Kentang","Makanan","Paprika","Sedang",2,"Sachet","120 g",11000,24,2200,"Pabrik B",6,"Juni",1.14507341398098,"Riwayat",238,NA,"Normal",1
2025-06-01,"KK-PAP-SED-SAC","Keripik Kentang","Makanan","Paprika","Sedang",2,"Sachet","120 g",11000,24,2200,"Pabrik B",6,"Juni",1.14507341398098,"Riwayat",238,NA,"Optimis",1.1
2025-06-01,"KK-PAP-SED-SAC","Keripik Kentang","Makanan","Paprika","Sedang",2,"Sachet","120 g",11000,24,2200,"Pabrik B",6,"Juni",1.14507341398098,"Riwayat",238,NA,"Pesimis",0.9
2025-07-01,"KK-PAP-SED-SAC","Keripik Kentang","Makanan","Paprika","Sedang",2,"Sachet","120 g",11000,24,2200,"Pabrik B",7,"Juli",1.04783451842275,"Riwayat",180,NA,"Normal",1
2025-07-01,"KK-PAP-SED-SAC","Keripik Kentang","Makanan","Paprika","Sedang",2,"Sachet","120 g",11000,24,2200,"Pabrik B",7,"Juli",1.04783451842275,"Riwayat",180,NA,"Optimis",1.1
2025-07-01,"KK-PAP-SED-SAC","Keripik Kentang","Makanan","Paprika","Sedang",2,"Sachet","120 g",11000,24,2200,"Pabrik B",7,"Juli",1.04783451842275,"Riwayat",180,NA,"Pesimis",0.9
2025-08-01,"KK-PAP-SED-SAC","Keripik Kentang","Makanan","Paprika","Sedang",2,"Sachet","120 g",11000,24,2200,"Pabrik B",8,"Agustus",0.986702373256995,"Riwayat",162,NA,"Normal",1
2025-08-01,"KK-PAP-SED-SAC","Keripik Kentang","Makanan","Paprika","Sedang",2,"Sachet","120 g",11000,24,2200,"Pabrik B",8,"Agustus",0.986702373256995,"Riwayat",162,NA,"Optimis",1.1
2025-08-01,"KK-PAP-SED-SAC","Keripik Kentang","Makanan","Paprika","Sedang",2,"Sachet","120 g",11000,24,2200,"Pabrik B",8,"Agustus",0.986702373256995,"Riwayat",162,NA,"Pesimis",0.9
2025-09-01,"KK-PAP-SED-SAC","Keripik Kentang","Makanan","Paprika","Sedang",2,"Sachet","120 g",11000,24,2200,"Pabrik B",9,"September",0.997876073506326,"Riwayat",178,NA,"Normal",1
2025-09-01,"KK-PAP-SED-SAC","Keripik Kentang","Makanan","Paprika","Sedang",2,"Sachet","120 g",11000,24,2200,"Pabrik B",9,"September",0.997876073506326,"Riwayat",178,NA,"Optimis",1.1
2025-09-01,"KK-PAP-SED-SAC","Keripik Kentang","Makanan","Paprika","Sedang",2,"Sachet","120 g",11000,24,2200,"Pabrik B",9,"September",0.997876073506326,"Riwayat",178,NA,"Pesimis",0.9
2025-10-01,"KK-PAP-SED-SAC","Keripik Kentang","Makanan","Paprika","Sedang",2,"Sachet","120 g",11000,24,2200,"Pabrik B",10,"Oktober",1.10573460153292,"Riwayat",193,NA,"Normal",1
2025-10-01,"KK-PAP-SED-SAC","Keripik Kentang","Makanan","Paprika","Sedang",2,"Sachet","120 g",11000,24,2200,"Pabrik B",10,"Oktober",1.10573460153292,"Riwayat",193,NA,"Optimis",1.1
2025-10-01,"KK-PAP-SED-SAC","Keripik Kentang","Makanan","Paprika","Sedang",2,"Sachet","120 g",11000,24,2200,"Pabrik B",10,"Oktober",1.10573460153292,"Riwayat",193,NA,"Pesimis",0.9
2025-11-01,"KK-PAP-SED-SAC","Keripik Kentang","Makanan","Paprika","Sedang",2,"Sachet","120 g",11000,24,2200,"Pabrik B",11,"November",1.29356357927787,"Riwayat",191,NA,"Normal",1
2025-11-01,"KK-PAP-SED-SAC","Keripik Kentang","Makanan","Paprika","Sedang",2,"Sachet","120 g",11000,24,2200,"Pabrik B",11,"November",1.29356357927787,"Riwayat",191,NA,"Optimis",1.1
2025-11-01,"KK-PAP-SED-SAC","Keripik Kentang","Makanan","Paprika","Sedang",2,"Sachet","120 g",11000,24,2200,"Pabrik B",11,"November",1.29356357927787,"Riwayat",191,NA,"Pesimis",0.9
2025-12-01,"KK-PAP-SED-SAC","Keripik Kentang","Makanan","Paprika","Sedang",2,"Sachet","120 g",11000,24,2200,"Pabrik B",12,"Desember",1.40991781327916,"Riwayat",245,NA,"Normal",1
2025-12-01,"KK-PAP-SED-SAC","Keripik Kentang","Makanan","Paprika","Sedang",2,"Sachet","120 g",11000,24,2200,"Pabrik B",12,"Desember",1.40991781327916,"Riwayat",245,NA,"Optimis",1.1
2025-12-01,"KK-PAP-SED-SAC","Keripik Kentang","Makanan","Paprika","Sedang",2,"Sachet","120 g",11000,24,2200,"Pabrik B",12,"Desember",1.40991781327916,"Riwayat",245,NA,"Pesimis",0.9
2026-01-01,"KK-PAP-SED-SAC","Keripik Kentang","Makanan","Paprika","Sedang",2,"Sachet","120 g",11000,24,2200,"Pabrik B",1,"Januari",0.760458029365592,"Plan",NA,146.768399667559,"Normal",1
2026-01-01,"KK-PAP-SED-SAC","Keripik Kentang","Makanan","Paprika","Sedang",2,"Sachet","120 g",11000,24,2200,"Pabrik B",1,"Januari",0.760458029365592,"Plan",NA,161.445239634315,"Optimis",1.1
2026-01-01,"KK-PAP-SED-SAC","Keripik Kentang","Makanan","Paprika","Sedang",2,"Sachet","120 g",11000,24,2200,"Pabrik B",1,"Januari",0.760458029365592,"Plan",NA,132.091559700803,"Pesimis",0.9
2026-02-01,"KK-PAP-SED-SAC","Keripik Kentang","Makanan","Paprika","Sedang",2,"Sachet","120 g",11000,24,2200,"Pabrik B",2,"Februari",0.788253763043679,"Plan",NA,152.13297626743,"Normal",1
2026-02-01,"KK-PAP-SED-SAC","Keripik Kentang","Makanan","Paprika","Sedang",2,"Sachet","120 g",11000,24,2200,"Pabrik B",2,"Februari",0.788253763043679,"Plan",NA,167.346273894173,"Optimis",1.1
2026-02-01,"KK-PAP-SED-SAC","Keripik Kentang","Makanan","Paprika","Sedang",2,"Sachet","120 g",11000,24,2200,"Pabrik B",2,"Februari",0.788253763043679,"Plan",NA,136.919678640687,"Pesimis",0.9
2026-03-01,"KK-PAP-SED-SAC","Keripik Kentang","Makanan","Paprika","Sedang",2,"Sachet","120 g",11000,24,2200,"Pabrik B",3,"Maret",0.901006556468741,"Plan",NA,173.894265398467,"Normal",1
2026-03-01,"KK-PAP-SED-SAC","Keripik Kentang","Makanan","Paprika","Sedang",2,"Sachet","120 g",11000,24,2200,"Pabrik B",3,"Maret",0.901006556468741,"Plan",NA,191.283691938314,"Optimis",1.1
2026-03-01,"KK-PAP-SED-SAC","Keripik Kentang","Makanan","Paprika","Sedang",2,"Sachet","120 g",11000,24,2200,"Pabrik B",3,"Maret",0.901006556468741,"Plan",NA,156.50483885862,"Pesimis",0.9
2026-04-01,"KK-PAP-SED-SAC","Keripik Kentang","Makanan","Paprika","Sedang",2,"Sachet","120 g",11000,24,2200,"Pabrik B",4,"April",0.93194200757226,"Plan",NA,179.864807461446,"Normal",1
2026-04-01,"KK-PAP-SED-SAC","Keripik Kentang","Makanan","Paprika","Sedang",2,"Sachet","120 g",11000,24,2200,"Pabrik B",4,"April",0.93194200757226,"Plan",NA,197.851288207591,"Optimis",1.1
2026-04-01,"KK-PAP-SED-SAC","Keripik Kentang","Makanan","Paprika","Sedang",2,"Sachet","120 g",11000,24,2200,"Pabrik B",4,"April",0.93194200757226,"Plan",NA,161.878326715302,"Pesimis",0.9
2026-05-01,"KK-PAP-SED-SAC","Keripik Kentang","Makanan","Paprika","Sedang",2,"Sachet","120 g",11000,24,2200,"Pabrik B",5,"Mei",1.00212392649367,"Plan",NA,193.409917813279,"Normal",1
2026-05-01,"KK-PAP-SED-SAC","Keripik Kentang","Makanan","Paprika","Sedang",2,"Sachet","120 g",11000,24,2200,"Pabrik B",5,"Mei",1.00212392649367,"Plan",NA,212.750909594607,"Optimis",1.1
2026-05-01,"KK-PAP-SED-SAC","Keripik Kentang","Makanan","Paprika","Sedang",2,"Sachet","120 g",11000,24,2200,"Pabrik B",5,"Mei",1.00212392649367,"Plan",NA,174.068926031951,"Pesimis",0.9
2026-06-01,"KK-PAP-SED-SAC","Keripik Kentang","Makanan","Paprika","Sedang",2,"Sachet","120 g",11000,24,2200,"Pabrik B",6,"Juni",1.14507341398098,"Plan",NA,220.999168898329,"Normal",1
2026-06-01,"KK-PAP-SED-SAC","Keripik Kentang","Makanan","Paprika","Sedang",2,"Sachet","120 g",11000,24,2200,"Pabrik B",6,"Juni",1.14507341398098,"Plan",NA,243.099085788161,"Optimis",1.1
2026-06-01,"KK-PAP-SED-SAC","Keripik Kentang","Makanan","Paprika","Sedang",2,"Sachet","120 g",11000,24,2200,"Pabrik B",6,"Juni",1.14507341398098,"Plan",NA,198.899252008496,"Pesimis",0.9
2023-01-01,"TB-JAS-BES-KAC","Teh Botol","Minuman","Jasmin","Besar",3,"Botol Kaca","1.000 ml",18000,6,4000,"Pabrik A",1,"Januari",0.760954086758988,"Riwayat",337,NA,"Normal",1
2023-01-01,"TB-JAS-BES-KAC","Teh Botol","Minuman","Jasmin","Besar",3,"Botol Kaca","1.000 ml",18000,6,4000,"Pabrik A",1,"Januari",0.760954086758988,"Riwayat",337,NA,"Optimis",1.1
2023-01-01,"TB-JAS-BES-KAC","Teh Botol","Minuman","Jasmin","Besar",3,"Botol Kaca","1.000 ml",18000,6,4000,"Pabrik A",1,"Januari",0.760954086758988,"Riwayat",337,NA,"Pesimis",0.9
2023-02-01,"TB-JAS-BES-KAC","Teh Botol","Minuman","Jasmin","Besar",3,"Botol Kaca","1.000 ml",18000,6,4000,"Pabrik A",2,"Februari",0.737844567734044,"Riwayat",397,NA,"Normal",1
2023-02-01,"TB-JAS-BES-KAC","Teh Botol","Minuman","Jasmin","Besar",3,"Botol Kaca","1.000 ml",18000,6,4000,"Pabrik A",2,"Februari",0.737844567734044,"Riwayat",397,NA,"Optimis",1.1
2023-02-01,"TB-JAS-BES-KAC","Teh Botol","Minuman","Jasmin","Besar",3,"Botol Kaca","1.000 ml",18000,6,4000,"Pabrik A",2,"Februari",0.737844567734044,"Riwayat",397,NA,"Pesimis",0.9
2023-03-01,"TB-JAS-BES-KAC","Teh Botol","Minuman","Jasmin","Besar",3,"Botol Kaca","1.000 ml",18000,6,4000,"Pabrik A",3,"Maret",0.879210169935783,"Riwayat",449,NA,"Normal",1
2023-03-01,"TB-JAS-BES-KAC","Teh Botol","Minuman","Jasmin","Besar",3,"Botol Kaca","1.000 ml",18000,6,4000,"Pabrik A",3,"Maret",0.879210169935783,"Riwayat",449,NA,"Optimis",1.1
2023-03-01,"TB-JAS-BES-KAC","Teh Botol","Minuman","Jasmin","Besar",3,"Botol Kaca","1.000 ml",18000,6,4000,"Pabrik A",3,"Maret",0.879210169935783,"Riwayat",449,NA,"Pesimis",0.9
2023-04-01,"TB-JAS-BES-KAC","Teh Botol","Minuman","Jasmin","Besar",3,"Botol Kaca","1.000 ml",18000,6,4000,"Pabrik A",4,"April",0.90769297977371,"Riwayat",550,NA,"Normal",1
2023-04-01,"TB-JAS-BES-KAC","Teh Botol","Minuman","Jasmin","Besar",3,"Botol Kaca","1.000 ml",18000,6,4000,"Pabrik A",4,"April",0.90769297977371,"Riwayat",550,NA,"Optimis",1.1
2023-04-01,"TB-JAS-BES-KAC","Teh Botol","Minuman","Jasmin","Besar",3,"Botol Kaca","1.000 ml",18000,6,4000,"Pabrik A",4,"April",0.90769297977371,"Riwayat",550,NA,"Pesimis",0.9
2023-05-01,"TB-JAS-BES-KAC","Teh Botol","Minuman","Jasmin","Besar",3,"Botol Kaca","1.000 ml",18000,6,4000,"Pabrik A",5,"Mei",1.0194399545673,"Riwayat",637,NA,"Normal",1
2023-05-01,"TB-JAS-BES-KAC","Teh Botol","Minuman","Jasmin","Besar",3,"Botol Kaca","1.000 ml",18000,6,4000,"Pabrik A",5,"Mei",1.0194399545673,"Riwayat",637,NA,"Optimis",1.1
2023-05-01,"TB-JAS-BES-KAC","Teh Botol","Minuman","Jasmin","Besar",3,"Botol Kaca","1.000 ml",18000,6,4000,"Pabrik A",5,"Mei",1.0194399545673,"Riwayat",637,NA,"Pesimis",0.9
2023-06-01,"TB-JAS-BES-KAC","Teh Botol","Minuman","Jasmin","Besar",3,"Botol Kaca","1.000 ml",18000,6,4000,"Pabrik A",6,"Juni",1.05006334367219,"Riwayat",678,NA,"Normal",1
2023-06-01,"TB-JAS-BES-KAC","Teh Botol","Minuman","Jasmin","Besar",3,"Botol Kaca","1.000 ml",18000,6,4000,"Pabrik A",6,"Juni",1.05006334367219,"Riwayat",678,NA,"Optimis",1.1
2023-06-01,"TB-JAS-BES-KAC","Teh Botol","Minuman","Jasmin","Besar",3,"Botol Kaca","1.000 ml",18000,6,4000,"Pabrik A",6,"Juni",1.05006334367219,"Riwayat",678,NA,"Pesimis",0.9
2023-07-01,"TB-JAS-BES-KAC","Teh Botol","Minuman","Jasmin","Besar",3,"Botol Kaca","1.000 ml",18000,6,4000,"Pabrik A",7,"Juli",1.01712463413569,"Riwayat",495,NA,"Normal",1
2023-07-01,"TB-JAS-BES-KAC","Teh Botol","Minuman","Jasmin","Besar",3,"Botol Kaca","1.000 ml",18000,6,4000,"Pabrik A",7,"Juli",1.01712463413569,"Riwayat",495,NA,"Optimis",1.1
2023-07-01,"TB-JAS-BES-KAC","Teh Botol","Minuman","Jasmin","Besar",3,"Botol Kaca","1.000 ml",18000,6,4000,"Pabrik A",7,"Juli",1.01712463413569,"Riwayat",495,NA,"Pesimis",0.9
2023-08-01,"TB-JAS-BES-KAC","Teh Botol","Minuman","Jasmin","Besar",3,"Botol Kaca","1.000 ml",18000,6,4000,"Pabrik A",8,"Agustus",0.925822375606133,"Riwayat",561,NA,"Normal",1
2023-08-01,"TB-JAS-BES-KAC","Teh Botol","Minuman","Jasmin","Besar",3,"Botol Kaca","1.000 ml",18000,6,4000,"Pabrik A",8,"Agustus",0.925822375606133,"Riwayat",561,NA,"Optimis",1.1
2023-08-01,"TB-JAS-BES-KAC","Teh Botol","Minuman","Jasmin","Besar",3,"Botol Kaca","1.000 ml",18000,6,4000,"Pabrik A",8,"Agustus",0.925822375606133,"Riwayat",561,NA,"Pesimis",0.9
2023-09-01,"TB-JAS-BES-KAC","Teh Botol","Minuman","Jasmin","Besar",3,"Botol Kaca","1.000 ml",18000,6,4000,"Pabrik A",9,"September",0.982875365864313,"Riwayat",539,NA,"Normal",1
2023-09-01,"TB-JAS-BES-KAC","Teh Botol","Minuman","Jasmin","Besar",3,"Botol Kaca","1.000 ml",18000,6,4000,"Pabrik A",9,"September",0.982875365864313,"Riwayat",539,NA,"Optimis",1.1
2023-09-01,"TB-JAS-BES-KAC","Teh Botol","Minuman","Jasmin","Besar",3,"Botol Kaca","1.000 ml",18000,6,4000,"Pabrik A",9,"September",0.982875365864313,"Riwayat",539,NA,"Pesimis",0.9
2023-10-01,"TB-JAS-BES-KAC","Teh Botol","Minuman","Jasmin","Besar",3,"Botol Kaca","1.000 ml",18000,6,4000,"Pabrik A",10,"Oktober",1.10231095190249,"Riwayat",546,NA,"Normal",1
2023-10-01,"TB-JAS-BES-KAC","Teh Botol","Minuman","Jasmin","Besar",3,"Botol Kaca","1.000 ml",18000,6,4000,"Pabrik A",10,"Oktober",1.10231095190249,"Riwayat",546,NA,"Optimis",1.1
2023-10-01,"TB-JAS-BES-KAC","Teh Botol","Minuman","Jasmin","Besar",3,"Botol Kaca","1.000 ml",18000,6,4000,"Pabrik A",10,"Oktober",1.10231095190249,"Riwayat",546,NA,"Pesimis",0.9
2023-11-01,"TB-JAS-BES-KAC","Teh Botol","Minuman","Jasmin","Besar",3,"Botol Kaca","1.000 ml",18000,6,4000,"Pabrik A",11,"November",1.22930409331178,"Riwayat",787,NA,"Normal",1
2023-11-01,"TB-JAS-BES-KAC","Teh Botol","Minuman","Jasmin","Besar",3,"Botol Kaca","1.000 ml",18000,6,4000,"Pabrik A",11,"November",1.22930409331178,"Riwayat",787,NA,"Optimis",1.1
2023-11-01,"TB-JAS-BES-KAC","Teh Botol","Minuman","Jasmin","Besar",3,"Botol Kaca","1.000 ml",18000,6,4000,"Pabrik A",11,"November",1.22930409331178,"Riwayat",787,NA,"Pesimis",0.9
2023-12-01,"TB-JAS-BES-KAC","Teh Botol","Minuman","Jasmin","Besar",3,"Botol Kaca","1.000 ml",18000,6,4000,"Pabrik A",12,"Desember",1.43313966187585,"Riwayat",791,NA,"Normal",1
2023-12-01,"TB-JAS-BES-KAC","Teh Botol","Minuman","Jasmin","Besar",3,"Botol Kaca","1.000 ml",18000,6,4000,"Pabrik A",12,"Desember",1.43313966187585,"Riwayat",791,NA,"Optimis",1.1
2023-12-01,"TB-JAS-BES-KAC","Teh Botol","Minuman","Jasmin","Besar",3,"Botol Kaca","1.000 ml",18000,6,4000,"Pabrik A",12,"Desember",1.43313966187585,"Riwayat",791,NA,"Pesimis",0.9
2024-01-01,"TB-JAS-BES-KAC","Teh Botol","Minuman","Jasmin","Besar",3,"Botol Kaca","1.000 ml",18000,6,4000,"Pabrik A",1,"Januari",0.760954086758988,"Riwayat",482,NA,"Normal",1
2024-01-01,"TB-JAS-BES-KAC","Teh Botol","Minuman","Jasmin","Besar",3,"Botol Kaca","1.000 ml",18000,6,4000,"Pabrik A",1,"Januari",0.760954086758988,"Riwayat",482,NA,"Optimis",1.1
2024-01-01,"TB-JAS-BES-KAC","Teh Botol","Minuman","Jasmin","Besar",3,"Botol Kaca","1.000 ml",18000,6,4000,"Pabrik A",1,"Januari",0.760954086758988,"Riwayat",482,NA,"Pesimis",0.9
2024-02-01,"TB-JAS-BES-KAC","Teh Botol","Minuman","Jasmin","Besar",3,"Botol Kaca","1.000 ml",18000,6,4000,"Pabrik A",2,"Februari",0.737844567734044,"Riwayat",472,NA,"Normal",1
2024-02-01,"TB-JAS-BES-KAC","Teh Botol","Minuman","Jasmin","Besar",3,"Botol Kaca","1.000 ml",18000,6,4000,"Pabrik A",2,"Februari",0.737844567734044,"Riwayat",472,NA,"Optimis",1.1
2024-02-01,"TB-JAS-BES-KAC","Teh Botol","Minuman","Jasmin","Besar",3,"Botol Kaca","1.000 ml",18000,6,4000,"Pabrik A",2,"Februari",0.737844567734044,"Riwayat",472,NA,"Pesimis",0.9
2024-03-01,"TB-JAS-BES-KAC","Teh Botol","Minuman","Jasmin","Besar",3,"Botol Kaca","1.000 ml",18000,6,4000,"Pabrik A",3,"Maret",0.879210169935783,"Riwayat",541,NA,"Normal",1
2024-03-01,"TB-JAS-BES-KAC","Teh Botol","Minuman","Jasmin","Besar",3,"Botol Kaca","1.000 ml",18000,6,4000,"Pabrik A",3,"Maret",0.879210169935783,"Riwayat",541,NA,"Optimis",1.1
2024-03-01,"TB-JAS-BES-KAC","Teh Botol","Minuman","Jasmin","Besar",3,"Botol Kaca","1.000 ml",18000,6,4000,"Pabrik A",3,"Maret",0.879210169935783,"Riwayat",541,NA,"Pesimis",0.9
2024-04-01,"TB-JAS-BES-KAC","Teh Botol","Minuman","Jasmin","Besar",3,"Botol Kaca","1.000 ml",18000,6,4000,"Pabrik A",4,"April",0.90769297977371,"Riwayat",624,NA,"Normal",1
2024-04-01,"TB-JAS-BES-KAC","Teh Botol","Minuman","Jasmin","Besar",3,"Botol Kaca","1.000 ml",18000,6,4000,"Pabrik A",4,"April",0.90769297977371,"Riwayat",624,NA,"Optimis",1.1
2024-04-01,"TB-JAS-BES-KAC","Teh Botol","Minuman","Jasmin","Besar",3,"Botol Kaca","1.000 ml",18000,6,4000,"Pabrik A",4,"April",0.90769297977371,"Riwayat",624,NA,"Pesimis",0.9
2024-05-01,"TB-JAS-BES-KAC","Teh Botol","Minuman","Jasmin","Besar",3,"Botol Kaca","1.000 ml",18000,6,4000,"Pabrik A",5,"Mei",1.0194399545673,"Riwayat",1578,NA,"Normal",1
2024-05-01,"TB-JAS-BES-KAC","Teh Botol","Minuman","Jasmin","Besar",3,"Botol Kaca","1.000 ml",18000,6,4000,"Pabrik A",5,"Mei",1.0194399545673,"Riwayat",1578,NA,"Optimis",1.1
2024-05-01,"TB-JAS-BES-KAC","Teh Botol","Minuman","Jasmin","Besar",3,"Botol Kaca","1.000 ml",18000,6,4000,"Pabrik A",5,"Mei",1.0194399545673,"Riwayat",1578,NA,"Pesimis",0.9
2024-06-01,"TB-JAS-BES-KAC","Teh Botol","Minuman","Jasmin","Besar",3,"Botol Kaca","1.000 ml",18000,6,4000,"Pabrik A",6,"Juni",1.05006334367219,"Riwayat",734,NA,"Normal",1
2024-06-01,"TB-JAS-BES-KAC","Teh Botol","Minuman","Jasmin","Besar",3,"Botol Kaca","1.000 ml",18000,6,4000,"Pabrik A",6,"Juni",1.05006334367219,"Riwayat",734,NA,"Optimis",1.1
2024-06-01,"TB-JAS-BES-KAC","Teh Botol","Minuman","Jasmin","Besar",3,"Botol Kaca","1.000 ml",18000,6,4000,"Pabrik A",6,"Juni",1.05006334367219,"Riwayat",734,NA,"Pesimis",0.9
2024-07-01,"TB-JAS-BES-KAC","Teh Botol","Minuman","Jasmin","Besar",3,"Botol Kaca","1.000 ml",18000,6,4000,"Pabrik A",7,"Juli",1.01712463413569,"Riwayat",733,NA,"Normal",1
2024-07-01,"TB-JAS-BES-KAC","Teh Botol","Minuman","Jasmin","Besar",3,"Botol Kaca","1.000 ml",18000,6,4000,"Pabrik A",7,"Juli",1.01712463413569,"Riwayat",733,NA,"Optimis",1.1
2024-07-01,"TB-JAS-BES-KAC","Teh Botol","Minuman","Jasmin","Besar",3,"Botol Kaca","1.000 ml",18000,6,4000,"Pabrik A",7,"Juli",1.01712463413569,"Riwayat",733,NA,"Pesimis",0.9
2024-08-01,"TB-JAS-BES-KAC","Teh Botol","Minuman","Jasmin","Besar",3,"Botol Kaca","1.000 ml",18000,6,4000,"Pabrik A",8,"Agustus",0.925822375606133,"Riwayat",602,NA,"Normal",1
2024-08-01,"TB-JAS-BES-KAC","Teh Botol","Minuman","Jasmin","Besar",3,"Botol Kaca","1.000 ml",18000,6,4000,"Pabrik A",8,"Agustus",0.925822375606133,"Riwayat",602,NA,"Optimis",1.1
2024-08-01,"TB-JAS-BES-KAC","Teh Botol","Minuman","Jasmin","Besar",3,"Botol Kaca","1.000 ml",18000,6,4000,"Pabrik A",8,"Agustus",0.925822375606133,"Riwayat",602,NA,"Pesimis",0.9
2024-09-01,"TB-JAS-BES-KAC","Teh Botol","Minuman","Jasmin","Besar",3,"Botol Kaca","1.000 ml",18000,6,4000,"Pabrik A",9,"September",0.982875365864313,"Riwayat",757,NA,"Normal",1
2024-09-01,"TB-JAS-BES-KAC","Teh Botol","Minuman","Jasmin","Besar",3,"Botol Kaca","1.000 ml",18000,6,4000,"Pabrik A",9,"September",0.982875365864313,"Riwayat",757,NA,"Optimis",1.1
2024-09-01,"TB-JAS-BES-KAC","Teh Botol","Minuman","Jasmin","Besar",3,"Botol Kaca","1.000 ml",18000,6,4000,"Pabrik A",9,"September",0.982875365864313,"Riwayat",757,NA,"Pesimis",0.9
2024-10-01,"TB-JAS-BES-KAC","Teh Botol","Minuman","Jasmin","Besar",3,"Botol Kaca","1.000 ml",18000,6,4000,"Pabrik A",10,"Oktober",1.10231095190249,"Riwayat",781,NA,"Normal",1
2024-10-01,"TB-JAS-BES-KAC","Teh Botol","Minuman","Jasmin","Besar",3,"Botol Kaca","1.000 ml",18000,6,4000,"Pabrik A",10,"Oktober",1.10231095190249,"Riwayat",781,NA,"Optimis",1.1
2024-10-01,"TB-JAS-BES-KAC","Teh Botol","Minuman","Jasmin","Besar",3,"Botol Kaca","1.000 ml",18000,6,4000,"Pabrik A",10,"Oktober",1.10231095190249,"Riwayat",781,NA,"Pesimis",0.9
2024-11-01,"TB-JAS-BES-KAC","Teh Botol","Minuman","Jasmin","Besar",3,"Botol Kaca","1.000 ml",18000,6,4000,"Pabrik A",11,"November",1.22930409331178,"Riwayat",922,NA,"Normal",1
2024-11-01,"TB-JAS-BES-KAC","Teh Botol","Minuman","Jasmin","Besar",3,"Botol Kaca","1.000 ml",18000,6,4000,"Pabrik A",11,"November",1.22930409331178,"Riwayat",922,NA,"Optimis",1.1
2024-11-01,"TB-JAS-BES-KAC","Teh Botol","Minuman","Jasmin","Besar",3,"Botol Kaca","1.000 ml",18000,6,4000,"Pabrik A",11,"November",1.22930409331178,"Riwayat",922,NA,"Pesimis",0.9
2024-12-01,"TB-JAS-BES-KAC","Teh Botol","Minuman","Jasmin","Besar",3,"Botol Kaca","1.000 ml",18000,6,4000,"Pabrik A",12,"Desember",1.43313966187585,"Riwayat",1097,NA,"Normal",1
2024-12-01,"TB-JAS-BES-KAC","Teh Botol","Minuman","Jasmin","Besar",3,"Botol Kaca","1.000 ml",18000,6,4000,"Pabrik A",12,"Desember",1.43313966187585,"Riwayat",1097,NA,"Optimis",1.1
2024-12-01,"TB-JAS-BES-KAC","Teh Botol","Minuman","Jasmin","Besar",3,"Botol Kaca","1.000 ml",18000,6,4000,"Pabrik A",12,"Desember",1.43313966187585,"Riwayat",1097,NA,"Pesimis",0.9
2025-01-01,"TB-JAS-BES-KAC","Teh Botol","Minuman","Jasmin","Besar",3,"Botol Kaca","1.000 ml",18000,6,4000,"Pabrik A",1,"Januari",0.760954086758988,"Riwayat",639,NA,"Normal",1
2025-01-01,"TB-JAS-BES-KAC","Teh Botol","Minuman","Jasmin","Besar",3,"Botol Kaca","1.000 ml",18000,6,4000,"Pabrik A",1,"Januari",0.760954086758988,"Riwayat",639,NA,"Optimis",1.1
2025-01-01,"TB-JAS-BES-KAC","Teh Botol","Minuman","Jasmin","Besar",3,"Botol Kaca","1.000 ml",18000,6,4000,"Pabrik A",1,"Januari",0.760954086758988,"Riwayat",639,NA,"Pesimis",0.9
2025-02-01,"TB-JAS-BES-KAC","Teh Botol","Minuman","Jasmin","Besar",3,"Botol Kaca","1.000 ml",18000,6,4000,"Pabrik A",2,"Februari",0.737844567734044,"Riwayat",590,NA,"Normal",1
2025-02-01,"TB-JAS-BES-KAC","Teh Botol","Minuman","Jasmin","Besar",3,"Botol Kaca","1.000 ml",18000,6,4000,"Pabrik A",2,"Februari",0.737844567734044,"Riwayat",590,NA,"Optimis",1.1
2025-02-01,"TB-JAS-BES-KAC","Teh Botol","Minuman","Jasmin","Besar",3,"Botol Kaca","1.000 ml",18000,6,4000,"Pabrik A",2,"Februari",0.737844567734044,"Riwayat",590,NA,"Pesimis",0.9
2025-03-01,"TB-JAS-BES-KAC","Teh Botol","Minuman","Jasmin","Besar",3,"Botol Kaca","1.000 ml",18000,6,4000,"Pabrik A",3,"Maret",0.879210169935783,"Riwayat",905,NA,"Normal",1
2025-03-01,"TB-JAS-BES-KAC","Teh Botol","Minuman","Jasmin","Besar",3,"Botol Kaca","1.000 ml",18000,6,4000,"Pabrik A",3,"Maret",0.879210169935783,"Riwayat",905,NA,"Optimis",1.1
2025-03-01,"TB-JAS-BES-KAC","Teh Botol","Minuman","Jasmin","Besar",3,"Botol Kaca","1.000 ml",18000,6,4000,"Pabrik A",3,"Maret",0.879210169935783,"Riwayat",905,NA,"Pesimis",0.9
2025-04-01,"TB-JAS-BES-KAC","Teh Botol","Minuman","Jasmin","Besar",3,"Botol Kaca","1.000 ml",18000,6,4000,"Pabrik A",4,"April",0.90769297977371,"Riwayat",905,NA,"Normal",1
2025-04-01,"TB-JAS-BES-KAC","Teh Botol","Minuman","Jasmin","Besar",3,"Botol Kaca","1.000 ml",18000,6,4000,"Pabrik A",4,"April",0.90769297977371,"Riwayat",905,NA,"Optimis",1.1
2025-04-01,"TB-JAS-BES-KAC","Teh Botol","Minuman","Jasmin","Besar",3,"Botol Kaca","1.000 ml",18000,6,4000,"Pabrik A",4,"April",0.90769297977371,"Riwayat",905,NA,"Pesimis",0.9
2025-05-01,"TB-JAS-BES-KAC","Teh Botol","Minuman","Jasmin","Besar",3,"Botol Kaca","1.000 ml",18000,6,4000,"Pabrik A",5,"Mei",1.0194399545673,"Riwayat",873,NA,"Normal",1
2025-05-01,"TB-JAS-BES-KAC","Teh Botol","Minuman","Jasmin","Besar",3,"Botol Kaca","1.000 ml",18000,6,4000,"Pabrik A",5,"Mei",1.0194399545673,"Riwayat",873,NA,"Optimis",1.1
2025-05-01,"TB-JAS-BES-KAC","Teh Botol","Minuman","Jasmin","Besar",3,"Botol Kaca","1.000 ml",18000,6,4000,"Pabrik A",5,"Mei",1.0194399545673,"Riwayat",873,NA,"Pesimis",0.9
2025-06-01,"TB-JAS-BES-KAC","Teh Botol","Minuman","Jasmin","Besar",3,"Botol Kaca","1.000 ml",18000,6,4000,"Pabrik A",6,"Juni",1.05006334367219,"Riwayat",891,NA,"Normal",1
2025-06-01,"TB-JAS-BES-KAC","Teh Botol","Minuman","Jasmin","Besar",3,"Botol Kaca","1.000 ml",18000,6,4000,"Pabrik A",6,"Juni",1.05006334367219,"Riwayat",891,NA,"Optimis",1.1
2025-06-01,"TB-JAS-BES-KAC","Teh Botol","Minuman","Jasmin","Besar",3,"Botol Kaca","1.000 ml",18000,6,4000,"Pabrik A",6,"Juni",1.05006334367219,"Riwayat",891,NA,"Pesimis",0.9
2025-07-01,"TB-JAS-BES-KAC","Teh Botol","Minuman","Jasmin","Besar",3,"Botol Kaca","1.000 ml",18000,6,4000,"Pabrik A",7,"Juli",1.01712463413569,"Riwayat",910,NA,"Normal",1
2025-07-01,"TB-JAS-BES-KAC","Teh Botol","Minuman","Jasmin","Besar",3,"Botol Kaca","1.000 ml",18000,6,4000,"Pabrik A",7,"Juli",1.01712463413569,"Riwayat",910,NA,"Optimis",1.1
2025-07-01,"TB-JAS-BES-KAC","Teh Botol","Minuman","Jasmin","Besar",3,"Botol Kaca","1.000 ml",18000,6,4000,"Pabrik A",7,"Juli",1.01712463413569,"Riwayat",910,NA,"Pesimis",0.9
2025-08-01,"TB-JAS-BES-KAC","Teh Botol","Minuman","Jasmin","Besar",3,"Botol Kaca","1.000 ml",18000,6,4000,"Pabrik A",8,"Agustus",0.925822375606133,"Riwayat",808,NA,"Normal",1
2025-08-01,"TB-JAS-BES-KAC","Teh Botol","Minuman","Jasmin","Besar",3,"Botol Kaca","1.000 ml",18000,6,4000,"Pabrik A",8,"Agustus",0.925822375606133,"Riwayat",808,NA,"Optimis",1.1
2025-08-01,"TB-JAS-BES-KAC","Teh Botol","Minuman","Jasmin","Besar",3,"Botol Kaca","1.000 ml",18000,6,4000,"Pabrik A",8,"Agustus",0.925822375606133,"Riwayat",808,NA,"Pesimis",0.9
2025-09-01,"TB-JAS-BES-KAC","Teh Botol","Minuman","Jasmin","Besar",3,"Botol Kaca","1.000 ml",18000,6,4000,"Pabrik A",9,"September",0.982875365864313,"Riwayat",942,NA,"Normal",1
2025-09-01,"TB-JAS-BES-KAC","Teh Botol","Minuman","Jasmin","Besar",3,"Botol Kaca","1.000 ml",18000,6,4000,"Pabrik A",9,"September",0.982875365864313,"Riwayat",942,NA,"Optimis",1.1
2025-09-01,"TB-JAS-BES-KAC","Teh Botol","Minuman","Jasmin","Besar",3,"Botol Kaca","1.000 ml",18000,6,4000,"Pabrik A",9,"September",0.982875365864313,"Riwayat",942,NA,"Pesimis",0.9
2025-10-01,"TB-JAS-BES-KAC","Teh Botol","Minuman","Jasmin","Besar",3,"Botol Kaca","1.000 ml",18000,6,4000,"Pabrik A",10,"Oktober",1.10231095190249,"Riwayat",938,NA,"Normal",1
2025-10-01,"TB-JAS-BES-KAC","Teh Botol","Minuman","Jasmin","Besar",3,"Botol Kaca","1.000 ml",18000,6,4000,"Pabrik A",10,"Oktober",1.10231095190249,"Riwayat",938,NA,"Optimis",1.1
2025-10-01,"TB-JAS-BES-KAC","Teh Botol","Minuman","Jasmin","Besar",3,"Botol Kaca","1.000 ml",18000,6,4000,"Pabrik A",10,"Oktober",1.10231095190249,"Riwayat",938,NA,"Pesimis",0.9
2025-11-01,"TB-JAS-BES-KAC","Teh Botol","Minuman","Jasmin","Besar",3,"Botol Kaca","1.000 ml",18000,6,4000,"Pabrik A",11,"November",1.22930409331178,"Riwayat",661,NA,"Normal",1
2025-11-01,"TB-JAS-BES-KAC","Teh Botol","Minuman","Jasmin","Besar",3,"Botol Kaca","1.000 ml",18000,6,4000,"Pabrik A",11,"November",1.22930409331178,"Riwayat",661,NA,"Optimis",1.1
2025-11-01,"TB-JAS-BES-KAC","Teh Botol","Minuman","Jasmin","Besar",3,"Botol Kaca","1.000 ml",18000,6,4000,"Pabrik A",11,"November",1.22930409331178,"Riwayat",661,NA,"Pesimis",0.9
2025-12-01,"TB-JAS-BES-KAC","Teh Botol","Minuman","Jasmin","Besar",3,"Botol Kaca","1.000 ml",18000,6,4000,"Pabrik A",12,"Desember",1.43313966187585,"Riwayat",1267,NA,"Normal",1
2025-12-01,"TB-JAS-BES-KAC","Teh Botol","Minuman","Jasmin","Besar",3,"Botol Kaca","1.000 ml",18000,6,4000,"Pabrik A",12,"Desember",1.43313966187585,"Riwayat",1267,NA,"Optimis",1.1
2025-12-01,"TB-JAS-BES-KAC","Teh Botol","Minuman","Jasmin","Besar",3,"Botol Kaca","1.000 ml",18000,6,4000,"Pabrik A",12,"Desember",1.43313966187585,"Riwayat",1267,NA,"Pesimis",0.9
2026-01-01,"TB-JAS-BES-KAC","Teh Botol","Minuman","Jasmin","Besar",3,"Botol Kaca","1.000 ml",18000,6,4000,"Pabrik A",1,"Januari",0.760954086758988,"Plan",NA,713.774933379931,"Normal",1
2026-01-01,"TB-JAS-BES-KAC","Teh Botol","Minuman","Jasmin","Besar",3,"Botol Kaca","1.000 ml",18000,6,4000,"Pabrik A",1,"Januari",0.760954086758988,"Plan",NA,785.152426717924,"Optimis",1.1
2026-01-01,"TB-JAS-BES-KAC","Teh Botol","Minuman","Jasmin","Besar",3,"Botol Kaca","1.000 ml",18000,6,4000,"Pabrik A",1,"Januari",0.760954086758988,"Plan",NA,642.397440041938,"Pesimis",0.9
2026-02-01,"TB-JAS-BES-KAC","Teh Botol","Minuman","Jasmin","Besar",3,"Botol Kaca","1.000 ml",18000,6,4000,"Pabrik A",2,"Februari",0.737844567734044,"Plan",NA,692.098204534533,"Normal",1
2026-02-01,"TB-JAS-BES-KAC","Teh Botol","Minuman","Jasmin","Besar",3,"Botol Kaca","1.000 ml",18000,6,4000,"Pabrik A",2,"Februari",0.737844567734044,"Plan",NA,761.308024987987,"Optimis",1.1
2026-02-01,"TB-JAS-BES-KAC","Teh Botol","Minuman","Jasmin","Besar",3,"Botol Kaca","1.000 ml",18000,6,4000,"Pabrik A",2,"Februari",0.737844567734044,"Plan",NA,622.88838408108,"Pesimis",0.9
2026-03-01,"TB-JAS-BES-KAC","Teh Botol","Minuman","Jasmin","Besar",3,"Botol Kaca","1.000 ml",18000,6,4000,"Pabrik A",3,"Maret",0.879210169935783,"Plan",NA,824.699139399764,"Normal",1
2026-03-01,"TB-JAS-BES-KAC","Teh Botol","Minuman","Jasmin","Besar",3,"Botol Kaca","1.000 ml",18000,6,4000,"Pabrik A",3,"Maret",0.879210169935783,"Plan",NA,907.169053339741,"Optimis",1.1
2026-03-01,"TB-JAS-BES-KAC","Teh Botol","Minuman","Jasmin","Besar",3,"Botol Kaca","1.000 ml",18000,6,4000,"Pabrik A",3,"Maret",0.879210169935783,"Plan",NA,742.229225459788,"Pesimis",0.9
2026-04-01,"TB-JAS-BES-KAC","Teh Botol","Minuman","Jasmin","Besar",3,"Botol Kaca","1.000 ml",18000,6,4000,"Pabrik A",4,"April",0.90769297977371,"Plan",NA,851.41601502774,"Normal",1
2026-04-01,"TB-JAS-BES-KAC","Teh Botol","Minuman","Jasmin","Besar",3,"Botol Kaca","1.000 ml",18000,6,4000,"Pabrik A",4,"April",0.90769297977371,"Plan",NA,936.557616530514,"Optimis",1.1
2026-04-01,"TB-JAS-BES-KAC","Teh Botol","Minuman","Jasmin","Besar",3,"Botol Kaca","1.000 ml",18000,6,4000,"Pabrik A",4,"April",0.90769297977371,"Plan",NA,766.274413524966,"Pesimis",0.9
2026-05-01,"TB-JAS-BES-KAC","Teh Botol","Minuman","Jasmin","Besar",3,"Botol Kaca","1.000 ml",18000,6,4000,"Pabrik A",5,"Mei",1.0194399545673,"Plan",NA,956.234677384125,"Normal",1
2026-05-01,"TB-JAS-BES-KAC","Teh Botol","Minuman","Jasmin","Besar",3,"Botol Kaca","1.000 ml",18000,6,4000,"Pabrik A",5,"Mei",1.0194399545673,"Plan",NA,1051.85814512254,"Optimis",1.1
2026-05-01,"TB-JAS-BES-KAC","Teh Botol","Minuman","Jasmin","Besar",3,"Botol Kaca","1.000 ml",18000,6,4000,"Pabrik A",5,"Mei",1.0194399545673,"Plan",NA,860.611209645712,"Pesimis",0.9
2026-06-01,"TB-JAS-BES-KAC","Teh Botol","Minuman","Jasmin","Besar",3,"Botol Kaca","1.000 ml",18000,6,4000,"Pabrik A",6,"Juni",1.05006334367219,"Plan",NA,984.95941636451,"Normal",1
2026-06-01,"TB-JAS-BES-KAC","Teh Botol","Minuman","Jasmin","Besar",3,"Botol Kaca","1.000 ml",18000,6,4000,"Pabrik A",6,"Juni",1.05006334367219,"Plan",NA,1083.45535800096,"Optimis",1.1
2026-06-01,"TB-JAS-BES-KAC","Teh Botol","Minuman","Jasmin","Besar",3,"Botol Kaca","1.000 ml",18000,6,4000,"Pabrik A",6,"Juni",1.05006334367219,"Plan",NA,886.463474728059,"Pesimis",0.9
2023-01-01,"TB-JAS-BES-KAC","Teh Botol","Minuman","Jasmin","Besar",3,"Botol Kaca","1.000 ml",18000,6,4000,"Pabrik B",1,"Januari",0.760954086758988,"Riwayat",238,NA,"Normal",1
2023-01-01,"TB-JAS-BES-KAC","Teh Botol","Minuman","Jasmin","Besar",3,"Botol Kaca","1.000 ml",18000,6,4000,"Pabrik B",1,"Januari",0.760954086758988,"Riwayat",238,NA,"Optimis",1.1
2023-01-01,"TB-JAS-BES-KAC","Teh Botol","Minuman","Jasmin","Besar",3,"Botol Kaca","1.000 ml",18000,6,4000,"Pabrik B",1,"Januari",0.760954086758988,"Riwayat",238,NA,"Pesimis",0.9
2023-02-01,"TB-JAS-BES-KAC","Teh Botol","Minuman","Jasmin","Besar",3,"Botol Kaca","1.000 ml",18000,6,4000,"Pabrik B",2,"Februari",0.737844567734044,"Riwayat",293,NA,"Normal",1
2023-02-01,"TB-JAS-BES-KAC","Teh Botol","Minuman","Jasmin","Besar",3,"Botol Kaca","1.000 ml",18000,6,4000,"Pabrik B",2,"Februari",0.737844567734044,"Riwayat",293,NA,"Optimis",1.1
2023-02-01,"TB-JAS-BES-KAC","Teh Botol","Minuman","Jasmin","Besar",3,"Botol Kaca","1.000 ml",18000,6,4000,"Pabrik B",2,"Februari",0.737844567734044,"Riwayat",293,NA,"Pesimis",0.9
2023-03-01,"TB-JAS-BES-KAC","Teh Botol","Minuman","Jasmin","Besar",3,"Botol Kaca","1.000 ml",18000,6,4000,"Pabrik B",3,"Maret",0.879210169935783,"Riwayat",306,NA,"Normal",1
2023-03-01,"TB-JAS-BES-KAC","Teh Botol","Minuman","Jasmin","Besar",3,"Botol Kaca","1.000 ml",18000,6,4000,"Pabrik B",3,"Maret",0.879210169935783,"Riwayat",306,NA,"Optimis",1.1
2023-03-01,"TB-JAS-BES-KAC","Teh Botol","Minuman","Jasmin","Besar",3,"Botol Kaca","1.000 ml",18000,6,4000,"Pabrik B",3,"Maret",0.879210169935783,"Riwayat",306,NA,"Pesimis",0.9
2023-04-01,"TB-JAS-BES-KAC","Teh Botol","Minuman","Jasmin","Besar",3,"Botol Kaca","1.000 ml",18000,6,4000,"Pabrik B",4,"April",0.90769297977371,"Riwayat",344,NA,"Normal",1
2023-04-01,"TB-JAS-BES-KAC","Teh Botol","Minuman","Jasmin","Besar",3,"Botol Kaca","1.000 ml",18000,6,4000,"Pabrik B",4,"April",0.90769297977371,"Riwayat",344,NA,"Optimis",1.1
2023-04-01,"TB-JAS-BES-KAC","Teh Botol","Minuman","Jasmin","Besar",3,"Botol Kaca","1.000 ml",18000,6,4000,"Pabrik B",4,"April",0.90769297977371,"Riwayat",344,NA,"Pesimis",0.9
2023-05-01,"TB-JAS-BES-KAC","Teh Botol","Minuman","Jasmin","Besar",3,"Botol Kaca","1.000 ml",18000,6,4000,"Pabrik B",5,"Mei",1.0194399545673,"Riwayat",368,NA,"Normal",1
2023-05-01,"TB-JAS-BES-KAC","Teh Botol","Minuman","Jasmin","Besar",3,"Botol Kaca","1.000 ml",18000,6,4000,"Pabrik B",5,"Mei",1.0194399545673,"Riwayat",368,NA,"Optimis",1.1
2023-05-01,"TB-JAS-BES-KAC","Teh Botol","Minuman","Jasmin","Besar",3,"Botol Kaca","1.000 ml",18000,6,4000,"Pabrik B",5,"Mei",1.0194399545673,"Riwayat",368,NA,"Pesimis",0.9
2023-06-01,"TB-JAS-BES-KAC","Teh Botol","Minuman","Jasmin","Besar",3,"Botol Kaca","1.000 ml",18000,6,4000,"Pabrik B",6,"Juni",1.05006334367219,"Riwayat",381,NA,"Normal",1
2023-06-01,"TB-JAS-BES-KAC","Teh Botol","Minuman","Jasmin","Besar",3,"Botol Kaca","1.000 ml",18000,6,4000,"Pabrik B",6,"Juni",1.05006334367219,"Riwayat",381,NA,"Optimis",1.1
2023-06-01,"TB-JAS-BES-KAC","Teh Botol","Minuman","Jasmin","Besar",3,"Botol Kaca","1.000 ml",18000,6,4000,"Pabrik B",6,"Juni",1.05006334367219,"Riwayat",381,NA,"Pesimis",0.9
2023-07-01,"TB-JAS-BES-KAC","Teh Botol","Minuman","Jasmin","Besar",3,"Botol Kaca","1.000 ml",18000,6,4000,"Pabrik B",7,"Juli",1.01712463413569,"Riwayat",323,NA,"Normal",1
2023-07-01,"TB-JAS-BES-KAC","Teh Botol","Minuman","Jasmin","Besar",3,"Botol Kaca","1.000 ml",18000,6,4000,"Pabrik B",7,"Juli",1.01712463413569,"Riwayat",323,NA,"Optimis",1.1
2023-07-01,"TB-JAS-BES-KAC","Teh Botol","Minuman","Jasmin","Besar",3,"Botol Kaca","1.000 ml",18000,6,4000,"Pabrik B",7,"Juli",1.01712463413569,"Riwayat",323,NA,"Pesimis",0.9
2023-08-01,"TB-JAS-BES-KAC","Teh Botol","Minuman","Jasmin","Besar",3,"Botol Kaca","1.000 ml",18000,6,4000,"Pabrik B",8,"Agustus",0.925822375606133,"Riwayat",366,NA,"Normal",1
2023-08-01,"TB-JAS-BES-KAC","Teh Botol","Minuman","Jasmin","Besar",3,"Botol Kaca","1.000 ml",18000,6,4000,"Pabrik B",8,"Agustus",0.925822375606133,"Riwayat",366,NA,"Optimis",1.1
2023-08-01,"TB-JAS-BES-KAC","Teh Botol","Minuman","Jasmin","Besar",3,"Botol Kaca","1.000 ml",18000,6,4000,"Pabrik B",8,"Agustus",0.925822375606133,"Riwayat",366,NA,"Pesimis",0.9
2023-09-01,"TB-JAS-BES-KAC","Teh Botol","Minuman","Jasmin","Besar",3,"Botol Kaca","1.000 ml",18000,6,4000,"Pabrik B",9,"September",0.982875365864313,"Riwayat",380,NA,"Normal",1
2023-09-01,"TB-JAS-BES-KAC","Teh Botol","Minuman","Jasmin","Besar",3,"Botol Kaca","1.000 ml",18000,6,4000,"Pabrik B",9,"September",0.982875365864313,"Riwayat",380,NA,"Optimis",1.1
2023-09-01,"TB-JAS-BES-KAC","Teh Botol","Minuman","Jasmin","Besar",3,"Botol Kaca","1.000 ml",18000,6,4000,"Pabrik B",9,"September",0.982875365864313,"Riwayat",380,NA,"Pesimis",0.9
2023-10-01,"TB-JAS-BES-KAC","Teh Botol","Minuman","Jasmin","Besar",3,"Botol Kaca","1.000 ml",18000,6,4000,"Pabrik B",10,"Oktober",1.10231095190249,"Riwayat",377,NA,"Normal",1
2023-10-01,"TB-JAS-BES-KAC","Teh Botol","Minuman","Jasmin","Besar",3,"Botol Kaca","1.000 ml",18000,6,4000,"Pabrik B",10,"Oktober",1.10231095190249,"Riwayat",377,NA,"Optimis",1.1
2023-10-01,"TB-JAS-BES-KAC","Teh Botol","Minuman","Jasmin","Besar",3,"Botol Kaca","1.000 ml",18000,6,4000,"Pabrik B",10,"Oktober",1.10231095190249,"Riwayat",377,NA,"Pesimis",0.9
2023-11-01,"TB-JAS-BES-KAC","Teh Botol","Minuman","Jasmin","Besar",3,"Botol Kaca","1.000 ml",18000,6,4000,"Pabrik B",11,"November",1.22930409331178,"Riwayat",443,NA,"Normal",1
2023-11-01,"TB-JAS-BES-KAC","Teh Botol","Minuman","Jasmin","Besar",3,"Botol Kaca","1.000 ml",18000,6,4000,"Pabrik B",11,"November",1.22930409331178,"Riwayat",443,NA,"Optimis",1.1
2023-11-01,"TB-JAS-BES-KAC","Teh Botol","Minuman","Jasmin","Besar",3,"Botol Kaca","1.000 ml",18000,6,4000,"Pabrik B",11,"November",1.22930409331178,"Riwayat",443,NA,"Pesimis",0.9
2023-12-01,"TB-JAS-BES-KAC","Teh Botol","Minuman","Jasmin","Besar",3,"Botol Kaca","1.000 ml",18000,6,4000,"Pabrik B",12,"Desember",1.43313966187585,"Riwayat",573,NA,"Normal",1
2023-12-01,"TB-JAS-BES-KAC","Teh Botol","Minuman","Jasmin","Besar",3,"Botol Kaca","1.000 ml",18000,6,4000,"Pabrik B",12,"Desember",1.43313966187585,"Riwayat",573,NA,"Optimis",1.1
2023-12-01,"TB-JAS-BES-KAC","Teh Botol","Minuman","Jasmin","Besar",3,"Botol Kaca","1.000 ml",18000,6,4000,"Pabrik B",12,"Desember",1.43313966187585,"Riwayat",573,NA,"Pesimis",0.9
2024-01-01,"TB-JAS-BES-KAC","Teh Botol","Minuman","Jasmin","Besar",3,"Botol Kaca","1.000 ml",18000,6,4000,"Pabrik B",1,"Januari",0.760954086758988,"Riwayat",305,NA,"Normal",1
2024-01-01,"TB-JAS-BES-KAC","Teh Botol","Minuman","Jasmin","Besar",3,"Botol Kaca","1.000 ml",18000,6,4000,"Pabrik B",1,"Januari",0.760954086758988,"Riwayat",305,NA,"Optimis",1.1
2024-01-01,"TB-JAS-BES-KAC","Teh Botol","Minuman","Jasmin","Besar",3,"Botol Kaca","1.000 ml",18000,6,4000,"Pabrik B",1,"Januari",0.760954086758988,"Riwayat",305,NA,"Pesimis",0.9
2024-02-01,"TB-JAS-BES-KAC","Teh Botol","Minuman","Jasmin","Besar",3,"Botol Kaca","1.000 ml",18000,6,4000,"Pabrik B",2,"Februari",0.737844567734044,"Riwayat",359,NA,"Normal",1
2024-02-01,"TB-JAS-BES-KAC","Teh Botol","Minuman","Jasmin","Besar",3,"Botol Kaca","1.000 ml",18000,6,4000,"Pabrik B",2,"Februari",0.737844567734044,"Riwayat",359,NA,"Optimis",1.1
2024-02-01,"TB-JAS-BES-KAC","Teh Botol","Minuman","Jasmin","Besar",3,"Botol Kaca","1.000 ml",18000,6,4000,"Pabrik B",2,"Februari",0.737844567734044,"Riwayat",359,NA,"Pesimis",0.9
2024-03-01,"TB-JAS-BES-KAC","Teh Botol","Minuman","Jasmin","Besar",3,"Botol Kaca","1.000 ml",18000,6,4000,"Pabrik B",3,"Maret",0.879210169935783,"Riwayat",318,NA,"Normal",1
2024-03-01,"TB-JAS-BES-KAC","Teh Botol","Minuman","Jasmin","Besar",3,"Botol Kaca","1.000 ml",18000,6,4000,"Pabrik B",3,"Maret",0.879210169935783,"Riwayat",318,NA,"Optimis",1.1
2024-03-01,"TB-JAS-BES-KAC","Teh Botol","Minuman","Jasmin","Besar",3,"Botol Kaca","1.000 ml",18000,6,4000,"Pabrik B",3,"Maret",0.879210169935783,"Riwayat",318,NA,"Pesimis",0.9
2024-04-01,"TB-JAS-BES-KAC","Teh Botol","Minuman","Jasmin","Besar",3,"Botol Kaca","1.000 ml",18000,6,4000,"Pabrik B",4,"April",0.90769297977371,"Riwayat",396,NA,"Normal",1
2024-04-01,"TB-JAS-BES-KAC","Teh Botol","Minuman","Jasmin","Besar",3,"Botol Kaca","1.000 ml",18000,6,4000,"Pabrik B",4,"April",0.90769297977371,"Riwayat",396,NA,"Optimis",1.1
2024-04-01,"TB-JAS-BES-KAC","Teh Botol","Minuman","Jasmin","Besar",3,"Botol Kaca","1.000 ml",18000,6,4000,"Pabrik B",4,"April",0.90769297977371,"Riwayat",396,NA,"Pesimis",0.9
2024-05-01,"TB-JAS-BES-KAC","Teh Botol","Minuman","Jasmin","Besar",3,"Botol Kaca","1.000 ml",18000,6,4000,"Pabrik B",5,"Mei",1.0194399545673,"Riwayat",488,NA,"Normal",1
2024-05-01,"TB-JAS-BES-KAC","Teh Botol","Minuman","Jasmin","Besar",3,"Botol Kaca","1.000 ml",18000,6,4000,"Pabrik B",5,"Mei",1.0194399545673,"Riwayat",488,NA,"Optimis",1.1
2024-05-01,"TB-JAS-BES-KAC","Teh Botol","Minuman","Jasmin","Besar",3,"Botol Kaca","1.000 ml",18000,6,4000,"Pabrik B",5,"Mei",1.0194399545673,"Riwayat",488,NA,"Pesimis",0.9
2024-06-01,"TB-JAS-BES-KAC","Teh Botol","Minuman","Jasmin","Besar",3,"Botol Kaca","1.000 ml",18000,6,4000,"Pabrik B",6,"Juni",1.05006334367219,"Riwayat",604,NA,"Normal",1
2024-06-01,"TB-JAS-BES-KAC","Teh Botol","Minuman","Jasmin","Besar",3,"Botol Kaca","1.000 ml",18000,6,4000,"Pabrik B",6,"Juni",1.05006334367219,"Riwayat",604,NA,"Optimis",1.1
2024-06-01,"TB-JAS-BES-KAC","Teh Botol","Minuman","Jasmin","Besar",3,"Botol Kaca","1.000 ml",18000,6,4000,"Pabrik B",6,"Juni",1.05006334367219,"Riwayat",604,NA,"Pesimis",0.9
2024-07-01,"TB-JAS-BES-KAC","Teh Botol","Minuman","Jasmin","Besar",3,"Botol Kaca","1.000 ml",18000,6,4000,"Pabrik B",7,"Juli",1.01712463413569,"Riwayat",484,NA,"Normal",1
2024-07-01,"TB-JAS-BES-KAC","Teh Botol","Minuman","Jasmin","Besar",3,"Botol Kaca","1.000 ml",18000,6,4000,"Pabrik B",7,"Juli",1.01712463413569,"Riwayat",484,NA,"Optimis",1.1
2024-07-01,"TB-JAS-BES-KAC","Teh Botol","Minuman","Jasmin","Besar",3,"Botol Kaca","1.000 ml",18000,6,4000,"Pabrik B",7,"Juli",1.01712463413569,"Riwayat",484,NA,"Pesimis",0.9
2024-08-01,"TB-JAS-BES-KAC","Teh Botol","Minuman","Jasmin","Besar",3,"Botol Kaca","1.000 ml",18000,6,4000,"Pabrik B",8,"Agustus",0.925822375606133,"Riwayat",462,NA,"Normal",1
2024-08-01,"TB-JAS-BES-KAC","Teh Botol","Minuman","Jasmin","Besar",3,"Botol Kaca","1.000 ml",18000,6,4000,"Pabrik B",8,"Agustus",0.925822375606133,"Riwayat",462,NA,"Optimis",1.1
2024-08-01,"TB-JAS-BES-KAC","Teh Botol","Minuman","Jasmin","Besar",3,"Botol Kaca","1.000 ml",18000,6,4000,"Pabrik B",8,"Agustus",0.925822375606133,"Riwayat",462,NA,"Pesimis",0.9
2024-09-01,"TB-JAS-BES-KAC","Teh Botol","Minuman","Jasmin","Besar",3,"Botol Kaca","1.000 ml",18000,6,4000,"Pabrik B",9,"September",0.982875365864313,"Riwayat",445,NA,"Normal",1
2024-09-01,"TB-JAS-BES-KAC","Teh Botol","Minuman","Jasmin","Besar",3,"Botol Kaca","1.000 ml",18000,6,4000,"Pabrik B",9,"September",0.982875365864313,"Riwayat",445,NA,"Optimis",1.1
2024-09-01,"TB-JAS-BES-KAC","Teh Botol","Minuman","Jasmin","Besar",3,"Botol Kaca","1.000 ml",18000,6,4000,"Pabrik B",9,"September",0.982875365864313,"Riwayat",445,NA,"Pesimis",0.9
2024-10-01,"TB-JAS-BES-KAC","Teh Botol","Minuman","Jasmin","Besar",3,"Botol Kaca","1.000 ml",18000,6,4000,"Pabrik B",10,"Oktober",1.10231095190249,"Riwayat",504,NA,"Normal",1
2024-10-01,"TB-JAS-BES-KAC","Teh Botol","Minuman","Jasmin","Besar",3,"Botol Kaca","1.000 ml",18000,6,4000,"Pabrik B",10,"Oktober",1.10231095190249,"Riwayat",504,NA,"Optimis",1.1
2024-10-01,"TB-JAS-BES-KAC","Teh Botol","Minuman","Jasmin","Besar",3,"Botol Kaca","1.000 ml",18000,6,4000,"Pabrik B",10,"Oktober",1.10231095190249,"Riwayat",504,NA,"Pesimis",0.9
2024-11-01,"TB-JAS-BES-KAC","Teh Botol","Minuman","Jasmin","Besar",3,"Botol Kaca","1.000 ml",18000,6,4000,"Pabrik B",11,"November",1.22930409331178,"Riwayat",625,NA,"Normal",1
2024-11-01,"TB-JAS-BES-KAC","Teh Botol","Minuman","Jasmin","Besar",3,"Botol Kaca","1.000 ml",18000,6,4000,"Pabrik B",11,"November",1.22930409331178,"Riwayat",625,NA,"Optimis",1.1
2024-11-01,"TB-JAS-BES-KAC","Teh Botol","Minuman","Jasmin","Besar",3,"Botol Kaca","1.000 ml",18000,6,4000,"Pabrik B",11,"November",1.22930409331178,"Riwayat",625,NA,"Pesimis",0.9
2024-12-01,"TB-JAS-BES-KAC","Teh Botol","Minuman","Jasmin","Besar",3,"Botol Kaca","1.000 ml",18000,6,4000,"Pabrik B",12,"Desember",1.43313966187585,"Riwayat",695,NA,"Normal",1
2024-12-01,"TB-JAS-BES-KAC","Teh Botol","Minuman","Jasmin","Besar",3,"Botol Kaca","1.000 ml",18000,6,4000,"Pabrik B",12,"Desember",1.43313966187585,"Riwayat",695,NA,"Optimis",1.1
2024-12-01,"TB-JAS-BES-KAC","Teh Botol","Minuman","Jasmin","Besar",3,"Botol Kaca","1.000 ml",18000,6,4000,"Pabrik B",12,"Desember",1.43313966187585,"Riwayat",695,NA,"Pesimis",0.9
2025-01-01,"TB-JAS-BES-KAC","Teh Botol","Minuman","Jasmin","Besar",3,"Botol Kaca","1.000 ml",18000,6,4000,"Pabrik B",1,"Januari",0.760954086758988,"Riwayat",377,NA,"Normal",1
2025-01-01,"TB-JAS-BES-KAC","Teh Botol","Minuman","Jasmin","Besar",3,"Botol Kaca","1.000 ml",18000,6,4000,"Pabrik B",1,"Januari",0.760954086758988,"Riwayat",377,NA,"Optimis",1.1
2025-01-01,"TB-JAS-BES-KAC","Teh Botol","Minuman","Jasmin","Besar",3,"Botol Kaca","1.000 ml",18000,6,4000,"Pabrik B",1,"Januari",0.760954086758988,"Riwayat",377,NA,"Pesimis",0.9
2025-02-01,"TB-JAS-BES-KAC","Teh Botol","Minuman","Jasmin","Besar",3,"Botol Kaca","1.000 ml",18000,6,4000,"Pabrik B",2,"Februari",0.737844567734044,"Riwayat",417,NA,"Normal",1
2025-02-01,"TB-JAS-BES-KAC","Teh Botol","Minuman","Jasmin","Besar",3,"Botol Kaca","1.000 ml",18000,6,4000,"Pabrik B",2,"Februari",0.737844567734044,"Riwayat",417,NA,"Optimis",1.1
2025-02-01,"TB-JAS-BES-KAC","Teh Botol","Minuman","Jasmin","Besar",3,"Botol Kaca","1.000 ml",18000,6,4000,"Pabrik B",2,"Februari",0.737844567734044,"Riwayat",417,NA,"Pesimis",0.9
2025-03-01,"TB-JAS-BES-KAC","Teh Botol","Minuman","Jasmin","Besar",3,"Botol Kaca","1.000 ml",18000,6,4000,"Pabrik B",3,"Maret",0.879210169935783,"Riwayat",448,NA,"Normal",1
2025-03-01,"TB-JAS-BES-KAC","Teh Botol","Minuman","Jasmin","Besar",3,"Botol Kaca","1.000 ml",18000,6,4000,"Pabrik B",3,"Maret",0.879210169935783,"Riwayat",448,NA,"Optimis",1.1
2025-03-01,"TB-JAS-BES-KAC","Teh Botol","Minuman","Jasmin","Besar",3,"Botol Kaca","1.000 ml",18000,6,4000,"Pabrik B",3,"Maret",0.879210169935783,"Riwayat",448,NA,"Pesimis",0.9
2025-04-01,"TB-JAS-BES-KAC","Teh Botol","Minuman","Jasmin","Besar",3,"Botol Kaca","1.000 ml",18000,6,4000,"Pabrik B",4,"April",0.90769297977371,"Riwayat",567,NA,"Normal",1
2025-04-01,"TB-JAS-BES-KAC","Teh Botol","Minuman","Jasmin","Besar",3,"Botol Kaca","1.000 ml",18000,6,4000,"Pabrik B",4,"April",0.90769297977371,"Riwayat",567,NA,"Optimis",1.1
2025-04-01,"TB-JAS-BES-KAC","Teh Botol","Minuman","Jasmin","Besar",3,"Botol Kaca","1.000 ml",18000,6,4000,"Pabrik B",4,"April",0.90769297977371,"Riwayat",567,NA,"Pesimis",0.9
2025-05-01,"TB-JAS-BES-KAC","Teh Botol","Minuman","Jasmin","Besar",3,"Botol Kaca","1.000 ml",18000,6,4000,"Pabrik B",5,"Mei",1.0194399545673,"Riwayat",489,NA,"Normal",1
2025-05-01,"TB-JAS-BES-KAC","Teh Botol","Minuman","Jasmin","Besar",3,"Botol Kaca","1.000 ml",18000,6,4000,"Pabrik B",5,"Mei",1.0194399545673,"Riwayat",489,NA,"Optimis",1.1
2025-05-01,"TB-JAS-BES-KAC","Teh Botol","Minuman","Jasmin","Besar",3,"Botol Kaca","1.000 ml",18000,6,4000,"Pabrik B",5,"Mei",1.0194399545673,"Riwayat",489,NA,"Pesimis",0.9
2025-06-01,"TB-JAS-BES-KAC","Teh Botol","Minuman","Jasmin","Besar",3,"Botol Kaca","1.000 ml",18000,6,4000,"Pabrik B",6,"Juni",1.05006334367219,"Riwayat",706,NA,"Normal",1
2025-06-01,"TB-JAS-BES-KAC","Teh Botol","Minuman","Jasmin","Besar",3,"Botol Kaca","1.000 ml",18000,6,4000,"Pabrik B",6,"Juni",1.05006334367219,"Riwayat",706,NA,"Optimis",1.1
2025-06-01,"TB-JAS-BES-KAC","Teh Botol","Minuman","Jasmin","Besar",3,"Botol Kaca","1.000 ml",18000,6,4000,"Pabrik B",6,"Juni",1.05006334367219,"Riwayat",706,NA,"Pesimis",0.9
2025-07-01,"TB-JAS-BES-KAC","Teh Botol","Minuman","Jasmin","Besar",3,"Botol Kaca","1.000 ml",18000,6,4000,"Pabrik B",7,"Juli",1.01712463413569,"Riwayat",553,NA,"Normal",1
2025-07-01,"TB-JAS-BES-KAC","Teh Botol","Minuman","Jasmin","Besar",3,"Botol Kaca","1.000 ml",18000,6,4000,"Pabrik B",7,"Juli",1.01712463413569,"Riwayat",553,NA,"Optimis",1.1
2025-07-01,"TB-JAS-BES-KAC","Teh Botol","Minuman","Jasmin","Besar",3,"Botol Kaca","1.000 ml",18000,6,4000,"Pabrik B",7,"Juli",1.01712463413569,"Riwayat",553,NA,"Pesimis",0.9
2025-08-01,"TB-JAS-BES-KAC","Teh Botol","Minuman","Jasmin","Besar",3,"Botol Kaca","1.000 ml",18000,6,4000,"Pabrik B",8,"Agustus",0.925822375606133,"Riwayat",604,NA,"Normal",1
2025-08-01,"TB-JAS-BES-KAC","Teh Botol","Minuman","Jasmin","Besar",3,"Botol Kaca","1.000 ml",18000,6,4000,"Pabrik B",8,"Agustus",0.925822375606133,"Riwayat",604,NA,"Optimis",1.1
2025-08-01,"TB-JAS-BES-KAC","Teh Botol","Minuman","Jasmin","Besar",3,"Botol Kaca","1.000 ml",18000,6,4000,"Pabrik B",8,"Agustus",0.925822375606133,"Riwayat",604,NA,"Pesimis",0.9
2025-09-01,"TB-JAS-BES-KAC","Teh Botol","Minuman","Jasmin","Besar",3,"Botol Kaca","1.000 ml",18000,6,4000,"Pabrik B",9,"September",0.982875365864313,"Riwayat",596,NA,"Normal",1
2025-09-01,"TB-JAS-BES-KAC","Teh Botol","Minuman","Jasmin","Besar",3,"Botol Kaca","1.000 ml",18000,6,4000,"Pabrik B",9,"September",0.982875365864313,"Riwayat",596,NA,"Optimis",1.1
2025-09-01,"TB-JAS-BES-KAC","Teh Botol","Minuman","Jasmin","Besar",3,"Botol Kaca","1.000 ml",18000,6,4000,"Pabrik B",9,"September",0.982875365864313,"Riwayat",596,NA,"Pesimis",0.9
2025-10-01,"TB-JAS-BES-KAC","Teh Botol","Minuman","Jasmin","Besar",3,"Botol Kaca","1.000 ml",18000,6,4000,"Pabrik B",10,"Oktober",1.10231095190249,"Riwayat",344,NA,"Normal",1
2025-10-01,"TB-JAS-BES-KAC","Teh Botol","Minuman","Jasmin","Besar",3,"Botol Kaca","1.000 ml",18000,6,4000,"Pabrik B",10,"Oktober",1.10231095190249,"Riwayat",344,NA,"Optimis",1.1
2025-10-01,"TB-JAS-BES-KAC","Teh Botol","Minuman","Jasmin","Besar",3,"Botol Kaca","1.000 ml",18000,6,4000,"Pabrik B",10,"Oktober",1.10231095190249,"Riwayat",344,NA,"Pesimis",0.9
2025-11-01,"TB-JAS-BES-KAC","Teh Botol","Minuman","Jasmin","Besar",3,"Botol Kaca","1.000 ml",18000,6,4000,"Pabrik B",11,"November",1.22930409331178,"Riwayat",891,NA,"Normal",1
2025-11-01,"TB-JAS-BES-KAC","Teh Botol","Minuman","Jasmin","Besar",3,"Botol Kaca","1.000 ml",18000,6,4000,"Pabrik B",11,"November",1.22930409331178,"Riwayat",891,NA,"Optimis",1.1
2025-11-01,"TB-JAS-BES-KAC","Teh Botol","Minuman","Jasmin","Besar",3,"Botol Kaca","1.000 ml",18000,6,4000,"Pabrik B",11,"November",1.22930409331178,"Riwayat",891,NA,"Pesimis",0.9
2025-12-01,"TB-JAS-BES-KAC","Teh Botol","Minuman","Jasmin","Besar",3,"Botol Kaca","1.000 ml",18000,6,4000,"Pabrik B",12,"Desember",1.43313966187585,"Riwayat",784,NA,"Normal",1
2025-12-01,"TB-JAS-BES-KAC","Teh Botol","Minuman","Jasmin","Besar",3,"Botol Kaca","1.000 ml",18000,6,4000,"Pabrik B",12,"Desember",1.43313966187585,"Riwayat",784,NA,"Optimis",1.1
2025-12-01,"TB-JAS-BES-KAC","Teh Botol","Minuman","Jasmin","Besar",3,"Botol Kaca","1.000 ml",18000,6,4000,"Pabrik B",12,"Desember",1.43313966187585,"Riwayat",784,NA,"Pesimis",0.9
2026-01-01,"TB-JAS-BES-KAC","Teh Botol","Minuman","Jasmin","Besar",3,"Botol Kaca","1.000 ml",18000,6,4000,"Pabrik B",1,"Januari",0.760954086758988,"Plan",NA,596.588004019047,"Normal",1
2026-01-01,"TB-JAS-BES-KAC","Teh Botol","Minuman","Jasmin","Besar",3,"Botol Kaca","1.000 ml",18000,6,4000,"Pabrik B",1,"Januari",0.760954086758988,"Plan",NA,656.246804420952,"Optimis",1.1
2026-01-01,"TB-JAS-BES-KAC","Teh Botol","Minuman","Jasmin","Besar",3,"Botol Kaca","1.000 ml",18000,6,4000,"Pabrik B",1,"Januari",0.760954086758988,"Plan",NA,536.929203617142,"Pesimis",0.9
2026-02-01,"TB-JAS-BES-KAC","Teh Botol","Minuman","Jasmin","Besar",3,"Botol Kaca","1.000 ml",18000,6,4000,"Pabrik B",2,"Februari",0.737844567734044,"Plan",NA,578.47014110349,"Normal",1
2026-02-01,"TB-JAS-BES-KAC","Teh Botol","Minuman","Jasmin","Besar",3,"Botol Kaca","1.000 ml",18000,6,4000,"Pabrik B",2,"Februari",0.737844567734044,"Plan",NA,636.31715521384,"Optimis",1.1
2026-02-01,"TB-JAS-BES-KAC","Teh Botol","Minuman","Jasmin","Besar",3,"Botol Kaca","1.000 ml",18000,6,4000,"Pabrik B",2,"Februari",0.737844567734044,"Plan",NA,520.623126993141,"Pesimis",0.9
2026-03-01,"TB-JAS-BES-KAC","Teh Botol","Minuman","Jasmin","Besar",3,"Botol Kaca","1.000 ml",18000,6,4000,"Pabrik B",3,"Maret",0.879210169935783,"Plan",NA,689.300773229654,"Normal",1
2026-03-01,"TB-JAS-BES-KAC","Teh Botol","Minuman","Jasmin","Besar",3,"Botol Kaca","1.000 ml",18000,6,4000,"Pabrik B",3,"Maret",0.879210169935783,"Plan",NA,758.230850552619,"Optimis",1.1
2026-03-01,"TB-JAS-BES-KAC","Teh Botol","Minuman","Jasmin","Besar",3,"Botol Kaca","1.000 ml",18000,6,4000,"Pabrik B",3,"Maret",0.879210169935783,"Plan",NA,620.370695906688,"Pesimis",0.9
2026-04-01,"TB-JAS-BES-KAC","Teh Botol","Minuman","Jasmin","Besar",3,"Botol Kaca","1.000 ml",18000,6,4000,"Pabrik B",4,"April",0.90769297977371,"Plan",NA,711.631296142589,"Normal",1
2026-04-01,"TB-JAS-BES-KAC","Teh Botol","Minuman","Jasmin","Besar",3,"Botol Kaca","1.000 ml",18000,6,4000,"Pabrik B",4,"April",0.90769297977371,"Plan",NA,782.794425756848,"Optimis",1.1
2026-04-01,"TB-JAS-BES-KAC","Teh Botol","Minuman","Jasmin","Besar",3,"Botol Kaca","1.000 ml",18000,6,4000,"Pabrik B",4,"April",0.90769297977371,"Plan",NA,640.46816652833,"Pesimis",0.9
2026-05-01,"TB-JAS-BES-KAC","Teh Botol","Minuman","Jasmin","Besar",3,"Botol Kaca","1.000 ml",18000,6,4000,"Pabrik B",5,"Mei",1.0194399545673,"Plan",NA,799.240924380761,"Normal",1
2026-05-01,"TB-JAS-BES-KAC","Teh Botol","Minuman","Jasmin","Besar",3,"Botol Kaca","1.000 ml",18000,6,4000,"Pabrik B",5,"Mei",1.0194399545673,"Plan",NA,879.165016818837,"Optimis",1.1
2026-05-01,"TB-JAS-BES-KAC","Teh Botol","Minuman","Jasmin","Besar",3,"Botol Kaca","1.000 ml",18000,6,4000,"Pabrik B",5,"Mei",1.0194399545673,"Plan",NA,719.316831942685,"Pesimis",0.9
2026-06-01,"TB-JAS-BES-KAC","Teh Botol","Minuman","Jasmin","Besar",3,"Botol Kaca","1.000 ml",18000,6,4000,"Pabrik B",6,"Juni",1.05006334367219,"Plan",NA,823.249661438993,"Normal",1
2026-06-01,"TB-JAS-BES-KAC","Teh Botol","Minuman","Jasmin","Besar",3,"Botol Kaca","1.000 ml",18000,6,4000,"Pabrik B",6,"Juni",1.05006334367219,"Plan",NA,905.574627582893,"Optimis",1.1
2026-06-01,"TB-JAS-BES-KAC","Teh Botol","Minuman","Jasmin","Besar",3,"Botol Kaca","1.000 ml",18000,6,4000,"Pabrik B",6,"Juni",1.05006334367219,"Plan",NA,740.924695295094,"Pesimis",0.9
2023-01-01,"TB-JAS-KEC-PET","Teh Botol","Minuman","Jasmin","Kecil",1,"Botol PET","250 ml",6000,24,4000,"Pabrik A",1,"Januari",0.760954086758988,"Riwayat",465,NA,"Normal",1
2023-01-01,"TB-JAS-KEC-PET","Teh Botol","Minuman","Jasmin","Kecil",1,"Botol PET","250 ml",6000,24,4000,"Pabrik A",1,"Januari",0.760954086758988,"Riwayat",465,NA,"Optimis",1.1
2023-01-01,"TB-JAS-KEC-PET","Teh Botol","Minuman","Jasmin","Kecil",1,"Botol PET","250 ml",6000,24,4000,"Pabrik A",1,"Januari",0.760954086758988,"Riwayat",465,NA,"Pesimis",0.9
2023-02-01,"TB-JAS-KEC-PET","Teh Botol","Minuman","Jasmin","Kecil",1,"Botol PET","250 ml",6000,24,4000,"Pabrik A",2,"Februari",0.737844567734044,"Riwayat",467,NA,"Normal",1
2023-02-01,"TB-JAS-KEC-PET","Teh Botol","Minuman","Jasmin","Kecil",1,"Botol PET","250 ml",6000,24,4000,"Pabrik A",2,"Februari",0.737844567734044,"Riwayat",467,NA,"Optimis",1.1
2023-02-01,"TB-JAS-KEC-PET","Teh Botol","Minuman","Jasmin","Kecil",1,"Botol PET","250 ml",6000,24,4000,"Pabrik A",2,"Februari",0.737844567734044,"Riwayat",467,NA,"Pesimis",0.9
2023-03-01,"TB-JAS-KEC-PET","Teh Botol","Minuman","Jasmin","Kecil",1,"Botol PET","250 ml",6000,24,4000,"Pabrik A",3,"Maret",0.879210169935783,"Riwayat",509,NA,"Normal",1
2023-03-01,"TB-JAS-KEC-PET","Teh Botol","Minuman","Jasmin","Kecil",1,"Botol PET","250 ml",6000,24,4000,"Pabrik A",3,"Maret",0.879210169935783,"Riwayat",509,NA,"Optimis",1.1
2023-03-01,"TB-JAS-KEC-PET","Teh Botol","Minuman","Jasmin","Kecil",1,"Botol PET","250 ml",6000,24,4000,"Pabrik A",3,"Maret",0.879210169935783,"Riwayat",509,NA,"Pesimis",0.9
2023-04-01,"TB-JAS-KEC-PET","Teh Botol","Minuman","Jasmin","Kecil",1,"Botol PET","250 ml",6000,24,4000,"Pabrik A",4,"April",0.90769297977371,"Riwayat",173,NA,"Normal",1
2023-04-01,"TB-JAS-KEC-PET","Teh Botol","Minuman","Jasmin","Kecil",1,"Botol PET","250 ml",6000,24,4000,"Pabrik A",4,"April",0.90769297977371,"Riwayat",173,NA,"Optimis",1.1
2023-04-01,"TB-JAS-KEC-PET","Teh Botol","Minuman","Jasmin","Kecil",1,"Botol PET","250 ml",6000,24,4000,"Pabrik A",4,"April",0.90769297977371,"Riwayat",173,NA,"Pesimis",0.9
2023-05-01,"TB-JAS-KEC-PET","Teh Botol","Minuman","Jasmin","Kecil",1,"Botol PET","250 ml",6000,24,4000,"Pabrik A",5,"Mei",1.0194399545673,"Riwayat",563,NA,"Normal",1
2023-05-01,"TB-JAS-KEC-PET","Teh Botol","Minuman","Jasmin","Kecil",1,"Botol PET","250 ml",6000,24,4000,"Pabrik A",5,"Mei",1.0194399545673,"Riwayat",563,NA,"Optimis",1.1
2023-05-01,"TB-JAS-KEC-PET","Teh Botol","Minuman","Jasmin","Kecil",1,"Botol PET","250 ml",6000,24,4000,"Pabrik A",5,"Mei",1.0194399545673,"Riwayat",563,NA,"Pesimis",0.9
2023-06-01,"TB-JAS-KEC-PET","Teh Botol","Minuman","Jasmin","Kecil",1,"Botol PET","250 ml",6000,24,4000,"Pabrik A",6,"Juni",1.05006334367219,"Riwayat",633,NA,"Normal",1
2023-06-01,"TB-JAS-KEC-PET","Teh Botol","Minuman","Jasmin","Kecil",1,"Botol PET","250 ml",6000,24,4000,"Pabrik A",6,"Juni",1.05006334367219,"Riwayat",633,NA,"Optimis",1.1
2023-06-01,"TB-JAS-KEC-PET","Teh Botol","Minuman","Jasmin","Kecil",1,"Botol PET","250 ml",6000,24,4000,"Pabrik A",6,"Juni",1.05006334367219,"Riwayat",633,NA,"Pesimis",0.9
2023-07-01,"TB-JAS-KEC-PET","Teh Botol","Minuman","Jasmin","Kecil",1,"Botol PET","250 ml",6000,24,4000,"Pabrik A",7,"Juli",1.01712463413569,"Riwayat",557,NA,"Normal",1
2023-07-01,"TB-JAS-KEC-PET","Teh Botol","Minuman","Jasmin","Kecil",1,"Botol PET","250 ml",6000,24,4000,"Pabrik A",7,"Juli",1.01712463413569,"Riwayat",557,NA,"Optimis",1.1
2023-07-01,"TB-JAS-KEC-PET","Teh Botol","Minuman","Jasmin","Kecil",1,"Botol PET","250 ml",6000,24,4000,"Pabrik A",7,"Juli",1.01712463413569,"Riwayat",557,NA,"Pesimis",0.9
2023-08-01,"TB-JAS-KEC-PET","Teh Botol","Minuman","Jasmin","Kecil",1,"Botol PET","250 ml",6000,24,4000,"Pabrik A",8,"Agustus",0.925822375606133,"Riwayat",578,NA,"Normal",1
2023-08-01,"TB-JAS-KEC-PET","Teh Botol","Minuman","Jasmin","Kecil",1,"Botol PET","250 ml",6000,24,4000,"Pabrik A",8,"Agustus",0.925822375606133,"Riwayat",578,NA,"Optimis",1.1
2023-08-01,"TB-JAS-KEC-PET","Teh Botol","Minuman","Jasmin","Kecil",1,"Botol PET","250 ml",6000,24,4000,"Pabrik A",8,"Agustus",0.925822375606133,"Riwayat",578,NA,"Pesimis",0.9
2023-09-01,"TB-JAS-KEC-PET","Teh Botol","Minuman","Jasmin","Kecil",1,"Botol PET","250 ml",6000,24,4000,"Pabrik A",9,"September",0.982875365864313,"Riwayat",287,NA,"Normal",1
2023-09-01,"TB-JAS-KEC-PET","Teh Botol","Minuman","Jasmin","Kecil",1,"Botol PET","250 ml",6000,24,4000,"Pabrik A",9,"September",0.982875365864313,"Riwayat",287,NA,"Optimis",1.1
2023-09-01,"TB-JAS-KEC-PET","Teh Botol","Minuman","Jasmin","Kecil",1,"Botol PET","250 ml",6000,24,4000,"Pabrik A",9,"September",0.982875365864313,"Riwayat",287,NA,"Pesimis",0.9
2023-10-01,"TB-JAS-KEC-PET","Teh Botol","Minuman","Jasmin","Kecil",1,"Botol PET","250 ml",6000,24,4000,"Pabrik A",10,"Oktober",1.10231095190249,"Riwayat",598,NA,"Normal",1
2023-10-01,"TB-JAS-KEC-PET","Teh Botol","Minuman","Jasmin","Kecil",1,"Botol PET","250 ml",6000,24,4000,"Pabrik A",10,"Oktober",1.10231095190249,"Riwayat",598,NA,"Optimis",1.1
2023-10-01,"TB-JAS-KEC-PET","Teh Botol","Minuman","Jasmin","Kecil",1,"Botol PET","250 ml",6000,24,4000,"Pabrik A",10,"Oktober",1.10231095190249,"Riwayat",598,NA,"Pesimis",0.9
2023-11-01,"TB-JAS-KEC-PET","Teh Botol","Minuman","Jasmin","Kecil",1,"Botol PET","250 ml",6000,24,4000,"Pabrik A",11,"November",1.22930409331178,"Riwayat",761,NA,"Normal",1
2023-11-01,"TB-JAS-KEC-PET","Teh Botol","Minuman","Jasmin","Kecil",1,"Botol PET","250 ml",6000,24,4000,"Pabrik A",11,"November",1.22930409331178,"Riwayat",761,NA,"Optimis",1.1
2023-11-01,"TB-JAS-KEC-PET","Teh Botol","Minuman","Jasmin","Kecil",1,"Botol PET","250 ml",6000,24,4000,"Pabrik A",11,"November",1.22930409331178,"Riwayat",761,NA,"Pesimis",0.9
2023-12-01,"TB-JAS-KEC-PET","Teh Botol","Minuman","Jasmin","Kecil",1,"Botol PET","250 ml",6000,24,4000,"Pabrik A",12,"Desember",1.43313966187585,"Riwayat",760,NA,"Normal",1
2023-12-01,"TB-JAS-KEC-PET","Teh Botol","Minuman","Jasmin","Kecil",1,"Botol PET","250 ml",6000,24,4000,"Pabrik A",12,"Desember",1.43313966187585,"Riwayat",760,NA,"Optimis",1.1
2023-12-01,"TB-JAS-KEC-PET","Teh Botol","Minuman","Jasmin","Kecil",1,"Botol PET","250 ml",6000,24,4000,"Pabrik A",12,"Desember",1.43313966187585,"Riwayat",760,NA,"Pesimis",0.9
2024-01-01,"TB-JAS-KEC-PET","Teh Botol","Minuman","Jasmin","Kecil",1,"Botol PET","250 ml",6000,24,4000,"Pabrik A",1,"Januari",0.760954086758988,"Riwayat",406,NA,"Normal",1
2024-01-01,"TB-JAS-KEC-PET","Teh Botol","Minuman","Jasmin","Kecil",1,"Botol PET","250 ml",6000,24,4000,"Pabrik A",1,"Januari",0.760954086758988,"Riwayat",406,NA,"Optimis",1.1
2024-01-01,"TB-JAS-KEC-PET","Teh Botol","Minuman","Jasmin","Kecil",1,"Botol PET","250 ml",6000,24,4000,"Pabrik A",1,"Januari",0.760954086758988,"Riwayat",406,NA,"Pesimis",0.9
2024-02-01,"TB-JAS-KEC-PET","Teh Botol","Minuman","Jasmin","Kecil",1,"Botol PET","250 ml",6000,24,4000,"Pabrik A",2,"Februari",0.737844567734044,"Riwayat",424,NA,"Normal",1
2024-02-01,"TB-JAS-KEC-PET","Teh Botol","Minuman","Jasmin","Kecil",1,"Botol PET","250 ml",6000,24,4000,"Pabrik A",2,"Februari",0.737844567734044,"Riwayat",424,NA,"Optimis",1.1
2024-02-01,"TB-JAS-KEC-PET","Teh Botol","Minuman","Jasmin","Kecil",1,"Botol PET","250 ml",6000,24,4000,"Pabrik A",2,"Februari",0.737844567734044,"Riwayat",424,NA,"Pesimis",0.9
2024-03-01,"TB-JAS-KEC-PET","Teh Botol","Minuman","Jasmin","Kecil",1,"Botol PET","250 ml",6000,24,4000,"Pabrik A",3,"Maret",0.879210169935783,"Riwayat",525,NA,"Normal",1
2024-03-01,"TB-JAS-KEC-PET","Teh Botol","Minuman","Jasmin","Kecil",1,"Botol PET","250 ml",6000,24,4000,"Pabrik A",3,"Maret",0.879210169935783,"Riwayat",525,NA,"Optimis",1.1
2024-03-01,"TB-JAS-KEC-PET","Teh Botol","Minuman","Jasmin","Kecil",1,"Botol PET","250 ml",6000,24,4000,"Pabrik A",3,"Maret",0.879210169935783,"Riwayat",525,NA,"Pesimis",0.9
2024-04-01,"TB-JAS-KEC-PET","Teh Botol","Minuman","Jasmin","Kecil",1,"Botol PET","250 ml",6000,24,4000,"Pabrik A",4,"April",0.90769297977371,"Riwayat",505,NA,"Normal",1
2024-04-01,"TB-JAS-KEC-PET","Teh Botol","Minuman","Jasmin","Kecil",1,"Botol PET","250 ml",6000,24,4000,"Pabrik A",4,"April",0.90769297977371,"Riwayat",505,NA,"Optimis",1.1
2024-04-01,"TB-JAS-KEC-PET","Teh Botol","Minuman","Jasmin","Kecil",1,"Botol PET","250 ml",6000,24,4000,"Pabrik A",4,"April",0.90769297977371,"Riwayat",505,NA,"Pesimis",0.9
2024-05-01,"TB-JAS-KEC-PET","Teh Botol","Minuman","Jasmin","Kecil",1,"Botol PET","250 ml",6000,24,4000,"Pabrik A",5,"Mei",1.0194399545673,"Riwayat",594,NA,"Normal",1
2024-05-01,"TB-JAS-KEC-PET","Teh Botol","Minuman","Jasmin","Kecil",1,"Botol PET","250 ml",6000,24,4000,"Pabrik A",5,"Mei",1.0194399545673,"Riwayat",594,NA,"Optimis",1.1
2024-05-01,"TB-JAS-KEC-PET","Teh Botol","Minuman","Jasmin","Kecil",1,"Botol PET","250 ml",6000,24,4000,"Pabrik A",5,"Mei",1.0194399545673,"Riwayat",594,NA,"Pesimis",0.9
2024-06-01,"TB-JAS-KEC-PET","Teh Botol","Minuman","Jasmin","Kecil",1,"Botol PET","250 ml",6000,24,4000,"Pabrik A",6,"Juni",1.05006334367219,"Riwayat",632,NA,"Normal",1
2024-06-01,"TB-JAS-KEC-PET","Teh Botol","Minuman","Jasmin","Kecil",1,"Botol PET","250 ml",6000,24,4000,"Pabrik A",6,"Juni",1.05006334367219,"Riwayat",632,NA,"Optimis",1.1
2024-06-01,"TB-JAS-KEC-PET","Teh Botol","Minuman","Jasmin","Kecil",1,"Botol PET","250 ml",6000,24,4000,"Pabrik A",6,"Juni",1.05006334367219,"Riwayat",632,NA,"Pesimis",0.9
2024-07-01,"TB-JAS-KEC-PET","Teh Botol","Minuman","Jasmin","Kecil",1,"Botol PET","250 ml",6000,24,4000,"Pabrik A",7,"Juli",1.01712463413569,"Riwayat",651,NA,"Normal",1
2024-07-01,"TB-JAS-KEC-PET","Teh Botol","Minuman","Jasmin","Kecil",1,"Botol PET","250 ml",6000,24,4000,"Pabrik A",7,"Juli",1.01712463413569,"Riwayat",651,NA,"Optimis",1.1
2024-07-01,"TB-JAS-KEC-PET","Teh Botol","Minuman","Jasmin","Kecil",1,"Botol PET","250 ml",6000,24,4000,"Pabrik A",7,"Juli",1.01712463413569,"Riwayat",651,NA,"Pesimis",0.9
2024-08-01,"TB-JAS-KEC-PET","Teh Botol","Minuman","Jasmin","Kecil",1,"Botol PET","250 ml",6000,24,4000,"Pabrik A",8,"Agustus",0.925822375606133,"Riwayat",603,NA,"Normal",1
2024-08-01,"TB-JAS-KEC-PET","Teh Botol","Minuman","Jasmin","Kecil",1,"Botol PET","250 ml",6000,24,4000,"Pabrik A",8,"Agustus",0.925822375606133,"Riwayat",603,NA,"Optimis",1.1
2024-08-01,"TB-JAS-KEC-PET","Teh Botol","Minuman","Jasmin","Kecil",1,"Botol PET","250 ml",6000,24,4000,"Pabrik A",8,"Agustus",0.925822375606133,"Riwayat",603,NA,"Pesimis",0.9
2024-09-01,"TB-JAS-KEC-PET","Teh Botol","Minuman","Jasmin","Kecil",1,"Botol PET","250 ml",6000,24,4000,"Pabrik A",9,"September",0.982875365864313,"Riwayat",597,NA,"Normal",1
2024-09-01,"TB-JAS-KEC-PET","Teh Botol","Minuman","Jasmin","Kecil",1,"Botol PET","250 ml",6000,24,4000,"Pabrik A",9,"September",0.982875365864313,"Riwayat",597,NA,"Optimis",1.1
2024-09-01,"TB-JAS-KEC-PET","Teh Botol","Minuman","Jasmin","Kecil",1,"Botol PET","250 ml",6000,24,4000,"Pabrik A",9,"September",0.982875365864313,"Riwayat",597,NA,"Pesimis",0.9
2024-10-01,"TB-JAS-KEC-PET","Teh Botol","Minuman","Jasmin","Kecil",1,"Botol PET","250 ml",6000,24,4000,"Pabrik A",10,"Oktober",1.10231095190249,"Riwayat",599,NA,"Normal",1
2024-10-01,"TB-JAS-KEC-PET","Teh Botol","Minuman","Jasmin","Kecil",1,"Botol PET","250 ml",6000,24,4000,"Pabrik A",10,"Oktober",1.10231095190249,"Riwayat",599,NA,"Optimis",1.1
2024-10-01,"TB-JAS-KEC-PET","Teh Botol","Minuman","Jasmin","Kecil",1,"Botol PET","250 ml",6000,24,4000,"Pabrik A",10,"Oktober",1.10231095190249,"Riwayat",599,NA,"Pesimis",0.9
2024-11-01,"TB-JAS-KEC-PET","Teh Botol","Minuman","Jasmin","Kecil",1,"Botol PET","250 ml",6000,24,4000,"Pabrik A",11,"November",1.22930409331178,"Riwayat",1047,NA,"Normal",1
2024-11-01,"TB-JAS-KEC-PET","Teh Botol","Minuman","Jasmin","Kecil",1,"Botol PET","250 ml",6000,24,4000,"Pabrik A",11,"November",1.22930409331178,"Riwayat",1047,NA,"Optimis",1.1
2024-11-01,"TB-JAS-KEC-PET","Teh Botol","Minuman","Jasmin","Kecil",1,"Botol PET","250 ml",6000,24,4000,"Pabrik A",11,"November",1.22930409331178,"Riwayat",1047,NA,"Pesimis",0.9
2024-12-01,"TB-JAS-KEC-PET","Teh Botol","Minuman","Jasmin","Kecil",1,"Botol PET","250 ml",6000,24,4000,"Pabrik A",12,"Desember",1.43313966187585,"Riwayat",785,NA,"Normal",1
2024-12-01,"TB-JAS-KEC-PET","Teh Botol","Minuman","Jasmin","Kecil",1,"Botol PET","250 ml",6000,24,4000,"Pabrik A",12,"Desember",1.43313966187585,"Riwayat",785,NA,"Optimis",1.1
2024-12-01,"TB-JAS-KEC-PET","Teh Botol","Minuman","Jasmin","Kecil",1,"Botol PET","250 ml",6000,24,4000,"Pabrik A",12,"Desember",1.43313966187585,"Riwayat",785,NA,"Pesimis",0.9
2025-01-01,"TB-JAS-KEC-PET","Teh Botol","Minuman","Jasmin","Kecil",1,"Botol PET","250 ml",6000,24,4000,"Pabrik A",1,"Januari",0.760954086758988,"Riwayat",500,NA,"Normal",1
2025-01-01,"TB-JAS-KEC-PET","Teh Botol","Minuman","Jasmin","Kecil",1,"Botol PET","250 ml",6000,24,4000,"Pabrik A",1,"Januari",0.760954086758988,"Riwayat",500,NA,"Optimis",1.1
2025-01-01,"TB-JAS-KEC-PET","Teh Botol","Minuman","Jasmin","Kecil",1,"Botol PET","250 ml",6000,24,4000,"Pabrik A",1,"Januari",0.760954086758988,"Riwayat",500,NA,"Pesimis",0.9
2025-02-01,"TB-JAS-KEC-PET","Teh Botol","Minuman","Jasmin","Kecil",1,"Botol PET","250 ml",6000,24,4000,"Pabrik A",2,"Februari",0.737844567734044,"Riwayat",445,NA,"Normal",1
2025-02-01,"TB-JAS-KEC-PET","Teh Botol","Minuman","Jasmin","Kecil",1,"Botol PET","250 ml",6000,24,4000,"Pabrik A",2,"Februari",0.737844567734044,"Riwayat",445,NA,"Optimis",1.1
2025-02-01,"TB-JAS-KEC-PET","Teh Botol","Minuman","Jasmin","Kecil",1,"Botol PET","250 ml",6000,24,4000,"Pabrik A",2,"Februari",0.737844567734044,"Riwayat",445,NA,"Pesimis",0.9
2025-03-01,"TB-JAS-KEC-PET","Teh Botol","Minuman","Jasmin","Kecil",1,"Botol PET","250 ml",6000,24,4000,"Pabrik A",3,"Maret",0.879210169935783,"Riwayat",468,NA,"Normal",1
2025-03-01,"TB-JAS-KEC-PET","Teh Botol","Minuman","Jasmin","Kecil",1,"Botol PET","250 ml",6000,24,4000,"Pabrik A",3,"Maret",0.879210169935783,"Riwayat",468,NA,"Optimis",1.1
2025-03-01,"TB-JAS-KEC-PET","Teh Botol","Minuman","Jasmin","Kecil",1,"Botol PET","250 ml",6000,24,4000,"Pabrik A",3,"Maret",0.879210169935783,"Riwayat",468,NA,"Pesimis",0.9
2025-04-01,"TB-JAS-KEC-PET","Teh Botol","Minuman","Jasmin","Kecil",1,"Botol PET","250 ml",6000,24,4000,"Pabrik A",4,"April",0.90769297977371,"Riwayat",578,NA,"Normal",1
2025-04-01,"TB-JAS-KEC-PET","Teh Botol","Minuman","Jasmin","Kecil",1,"Botol PET","250 ml",6000,24,4000,"Pabrik A",4,"April",0.90769297977371,"Riwayat",578,NA,"Optimis",1.1
2025-04-01,"TB-JAS-KEC-PET","Teh Botol","Minuman","Jasmin","Kecil",1,"Botol PET","250 ml",6000,24,4000,"Pabrik A",4,"April",0.90769297977371,"Riwayat",578,NA,"Pesimis",0.9
2025-05-01,"TB-JAS-KEC-PET","Teh Botol","Minuman","Jasmin","Kecil",1,"Botol PET","250 ml",6000,24,4000,"Pabrik A",5,"Mei",1.0194399545673,"Riwayat",606,NA,"Normal",1
2025-05-01,"TB-JAS-KEC-PET","Teh Botol","Minuman","Jasmin","Kecil",1,"Botol PET","250 ml",6000,24,4000,"Pabrik A",5,"Mei",1.0194399545673,"Riwayat",606,NA,"Optimis",1.1
2025-05-01,"TB-JAS-KEC-PET","Teh Botol","Minuman","Jasmin","Kecil",1,"Botol PET","250 ml",6000,24,4000,"Pabrik A",5,"Mei",1.0194399545673,"Riwayat",606,NA,"Pesimis",0.9
2025-06-01,"TB-JAS-KEC-PET","Teh Botol","Minuman","Jasmin","Kecil",1,"Botol PET","250 ml",6000,24,4000,"Pabrik A",6,"Juni",1.05006334367219,"Riwayat",582,NA,"Normal",1
2025-06-01,"TB-JAS-KEC-PET","Teh Botol","Minuman","Jasmin","Kecil",1,"Botol PET","250 ml",6000,24,4000,"Pabrik A",6,"Juni",1.05006334367219,"Riwayat",582,NA,"Optimis",1.1
2025-06-01,"TB-JAS-KEC-PET","Teh Botol","Minuman","Jasmin","Kecil",1,"Botol PET","250 ml",6000,24,4000,"Pabrik A",6,"Juni",1.05006334367219,"Riwayat",582,NA,"Pesimis",0.9
2025-07-01,"TB-JAS-KEC-PET","Teh Botol","Minuman","Jasmin","Kecil",1,"Botol PET","250 ml",6000,24,4000,"Pabrik A",7,"Juli",1.01712463413569,"Riwayat",695,NA,"Normal",1
2025-07-01,"TB-JAS-KEC-PET","Teh Botol","Minuman","Jasmin","Kecil",1,"Botol PET","250 ml",6000,24,4000,"Pabrik A",7,"Juli",1.01712463413569,"Riwayat",695,NA,"Optimis",1.1
2025-07-01,"TB-JAS-KEC-PET","Teh Botol","Minuman","Jasmin","Kecil",1,"Botol PET","250 ml",6000,24,4000,"Pabrik A",7,"Juli",1.01712463413569,"Riwayat",695,NA,"Pesimis",0.9
2025-08-01,"TB-JAS-KEC-PET","Teh Botol","Minuman","Jasmin","Kecil",1,"Botol PET","250 ml",6000,24,4000,"Pabrik A",8,"Agustus",0.925822375606133,"Riwayat",302,NA,"Normal",1
2025-08-01,"TB-JAS-KEC-PET","Teh Botol","Minuman","Jasmin","Kecil",1,"Botol PET","250 ml",6000,24,4000,"Pabrik A",8,"Agustus",0.925822375606133,"Riwayat",302,NA,"Optimis",1.1
2025-08-01,"TB-JAS-KEC-PET","Teh Botol","Minuman","Jasmin","Kecil",1,"Botol PET","250 ml",6000,24,4000,"Pabrik A",8,"Agustus",0.925822375606133,"Riwayat",302,NA,"Pesimis",0.9
2025-09-01,"TB-JAS-KEC-PET","Teh Botol","Minuman","Jasmin","Kecil",1,"Botol PET","250 ml",6000,24,4000,"Pabrik A",9,"September",0.982875365864313,"Riwayat",549,NA,"Normal",1
2025-09-01,"TB-JAS-KEC-PET","Teh Botol","Minuman","Jasmin","Kecil",1,"Botol PET","250 ml",6000,24,4000,"Pabrik A",9,"September",0.982875365864313,"Riwayat",549,NA,"Optimis",1.1
2025-09-01,"TB-JAS-KEC-PET","Teh Botol","Minuman","Jasmin","Kecil",1,"Botol PET","250 ml",6000,24,4000,"Pabrik A",9,"September",0.982875365864313,"Riwayat",549,NA,"Pesimis",0.9
2025-10-01,"TB-JAS-KEC-PET","Teh Botol","Minuman","Jasmin","Kecil",1,"Botol PET","250 ml",6000,24,4000,"Pabrik A",10,"Oktober",1.10231095190249,"Riwayat",533,NA,"Normal",1
2025-10-01,"TB-JAS-KEC-PET","Teh Botol","Minuman","Jasmin","Kecil",1,"Botol PET","250 ml",6000,24,4000,"Pabrik A",10,"Oktober",1.10231095190249,"Riwayat",533,NA,"Optimis",1.1
2025-10-01,"TB-JAS-KEC-PET","Teh Botol","Minuman","Jasmin","Kecil",1,"Botol PET","250 ml",6000,24,4000,"Pabrik A",10,"Oktober",1.10231095190249,"Riwayat",533,NA,"Pesimis",0.9
2025-11-01,"TB-JAS-KEC-PET","Teh Botol","Minuman","Jasmin","Kecil",1,"Botol PET","250 ml",6000,24,4000,"Pabrik A",11,"November",1.22930409331178,"Riwayat",680,NA,"Normal",1
2025-11-01,"TB-JAS-KEC-PET","Teh Botol","Minuman","Jasmin","Kecil",1,"Botol PET","250 ml",6000,24,4000,"Pabrik A",11,"November",1.22930409331178,"Riwayat",680,NA,"Optimis",1.1
2025-11-01,"TB-JAS-KEC-PET","Teh Botol","Minuman","Jasmin","Kecil",1,"Botol PET","250 ml",6000,24,4000,"Pabrik A",11,"November",1.22930409331178,"Riwayat",680,NA,"Pesimis",0.9
2025-12-01,"TB-JAS-KEC-PET","Teh Botol","Minuman","Jasmin","Kecil",1,"Botol PET","250 ml",6000,24,4000,"Pabrik A",12,"Desember",1.43313966187585,"Riwayat",751,NA,"Normal",1
2025-12-01,"TB-JAS-KEC-PET","Teh Botol","Minuman","Jasmin","Kecil",1,"Botol PET","250 ml",6000,24,4000,"Pabrik A",12,"Desember",1.43313966187585,"Riwayat",751,NA,"Optimis",1.1
2025-12-01,"TB-JAS-KEC-PET","Teh Botol","Minuman","Jasmin","Kecil",1,"Botol PET","250 ml",6000,24,4000,"Pabrik A",12,"Desember",1.43313966187585,"Riwayat",751,NA,"Pesimis",0.9
2026-01-01,"TB-JAS-KEC-PET","Teh Botol","Minuman","Jasmin","Kecil",1,"Botol PET","250 ml",6000,24,4000,"Pabrik A",1,"Januari",0.760954086758988,"Plan",NA,517.448778996112,"Normal",1
2026-01-01,"TB-JAS-KEC-PET","Teh Botol","Minuman","Jasmin","Kecil",1,"Botol PET","250 ml",6000,24,4000,"Pabrik A",1,"Januari",0.760954086758988,"Plan",NA,569.193656895723,"Optimis",1.1
2026-01-01,"TB-JAS-KEC-PET","Teh Botol","Minuman","Jasmin","Kecil",1,"Botol PET","250 ml",6000,24,4000,"Pabrik A",1,"Januari",0.760954086758988,"Plan",NA,465.703901096501,"Pesimis",0.9
2026-02-01,"TB-JAS-KEC-PET","Teh Botol","Minuman","Jasmin","Kecil",1,"Botol PET","250 ml",6000,24,4000,"Pabrik A",2,"Februari",0.737844567734044,"Plan",NA,501.73430605915,"Normal",1
2026-02-01,"TB-JAS-KEC-PET","Teh Botol","Minuman","Jasmin","Kecil",1,"Botol PET","250 ml",6000,24,4000,"Pabrik A",2,"Februari",0.737844567734044,"Plan",NA,551.907736665065,"Optimis",1.1
2026-02-01,"TB-JAS-KEC-PET","Teh Botol","Minuman","Jasmin","Kecil",1,"Botol PET","250 ml",6000,24,4000,"Pabrik A",2,"Februari",0.737844567734044,"Plan",NA,451.560875453235,"Pesimis",0.9
2026-03-01,"TB-JAS-KEC-PET","Teh Botol","Minuman","Jasmin","Kecil",1,"Botol PET","250 ml",6000,24,4000,"Pabrik A",3,"Maret",0.879210169935783,"Plan",NA,597.862915556332,"Normal",1
2026-03-01,"TB-JAS-KEC-PET","Teh Botol","Minuman","Jasmin","Kecil",1,"Botol PET","250 ml",6000,24,4000,"Pabrik A",3,"Maret",0.879210169935783,"Plan",NA,657.649207111965,"Optimis",1.1
2026-03-01,"TB-JAS-KEC-PET","Teh Botol","Minuman","Jasmin","Kecil",1,"Botol PET","250 ml",6000,24,4000,"Pabrik A",3,"Maret",0.879210169935783,"Plan",NA,538.076624000699,"Pesimis",0.9
2026-04-01,"TB-JAS-KEC-PET","Teh Botol","Minuman","Jasmin","Kecil",1,"Botol PET","250 ml",6000,24,4000,"Pabrik A",4,"April",0.90769297977371,"Plan",NA,617.231226246123,"Normal",1
2026-04-01,"TB-JAS-KEC-PET","Teh Botol","Minuman","Jasmin","Kecil",1,"Botol PET","250 ml",6000,24,4000,"Pabrik A",4,"April",0.90769297977371,"Plan",NA,678.954348870735,"Optimis",1.1
2026-04-01,"TB-JAS-KEC-PET","Teh Botol","Minuman","Jasmin","Kecil",1,"Botol PET","250 ml",6000,24,4000,"Pabrik A",4,"April",0.90769297977371,"Plan",NA,555.508103621511,"Pesimis",0.9
2026-05-01,"TB-JAS-KEC-PET","Teh Botol","Minuman","Jasmin","Kecil",1,"Botol PET","250 ml",6000,24,4000,"Pabrik A",5,"Mei",1.0194399545673,"Plan",NA,693.219169105762,"Normal",1
2026-05-01,"TB-JAS-KEC-PET","Teh Botol","Minuman","Jasmin","Kecil",1,"Botol PET","250 ml",6000,24,4000,"Pabrik A",5,"Mei",1.0194399545673,"Plan",NA,762.541086016338,"Optimis",1.1
2026-05-01,"TB-JAS-KEC-PET","Teh Botol","Minuman","Jasmin","Kecil",1,"Botol PET","250 ml",6000,24,4000,"Pabrik A",5,"Mei",1.0194399545673,"Plan",NA,623.897252195186,"Pesimis",0.9
2026-06-01,"TB-JAS-KEC-PET","Teh Botol","Minuman","Jasmin","Kecil",1,"Botol PET","250 ml",6000,24,4000,"Pabrik A",6,"Juni",1.05006334367219,"Plan",NA,714.043073697086,"Normal",1
2026-06-01,"TB-JAS-KEC-PET","Teh Botol","Minuman","Jasmin","Kecil",1,"Botol PET","250 ml",6000,24,4000,"Pabrik A",6,"Juni",1.05006334367219,"Plan",NA,785.447381066795,"Optimis",1.1
2026-06-01,"TB-JAS-KEC-PET","Teh Botol","Minuman","Jasmin","Kecil",1,"Botol PET","250 ml",6000,24,4000,"Pabrik A",6,"Juni",1.05006334367219,"Plan",NA,642.638766327378,"Pesimis",0.9
2023-01-01,"TB-JAS-KEC-PET","Teh Botol","Minuman","Jasmin","Kecil",1,"Botol PET","250 ml",6000,24,4000,"Pabrik B",1,"Januari",0.760954086758988,"Riwayat",332,NA,"Normal",1
2023-01-01,"TB-JAS-KEC-PET","Teh Botol","Minuman","Jasmin","Kecil",1,"Botol PET","250 ml",6000,24,4000,"Pabrik B",1,"Januari",0.760954086758988,"Riwayat",332,NA,"Optimis",1.1
2023-01-01,"TB-JAS-KEC-PET","Teh Botol","Minuman","Jasmin","Kecil",1,"Botol PET","250 ml",6000,24,4000,"Pabrik B",1,"Januari",0.760954086758988,"Riwayat",332,NA,"Pesimis",0.9
2023-02-01,"TB-JAS-KEC-PET","Teh Botol","Minuman","Jasmin","Kecil",1,"Botol PET","250 ml",6000,24,4000,"Pabrik B",2,"Februari",0.737844567734044,"Riwayat",347,NA,"Normal",1
2023-02-01,"TB-JAS-KEC-PET","Teh Botol","Minuman","Jasmin","Kecil",1,"Botol PET","250 ml",6000,24,4000,"Pabrik B",2,"Februari",0.737844567734044,"Riwayat",347,NA,"Optimis",1.1
2023-02-01,"TB-JAS-KEC-PET","Teh Botol","Minuman","Jasmin","Kecil",1,"Botol PET","250 ml",6000,24,4000,"Pabrik B",2,"Februari",0.737844567734044,"Riwayat",347,NA,"Pesimis",0.9
2023-03-01,"TB-JAS-KEC-PET","Teh Botol","Minuman","Jasmin","Kecil",1,"Botol PET","250 ml",6000,24,4000,"Pabrik B",3,"Maret",0.879210169935783,"Riwayat",358,NA,"Normal",1
2023-03-01,"TB-JAS-KEC-PET","Teh Botol","Minuman","Jasmin","Kecil",1,"Botol PET","250 ml",6000,24,4000,"Pabrik B",3,"Maret",0.879210169935783,"Riwayat",358,NA,"Optimis",1.1
2023-03-01,"TB-JAS-KEC-PET","Teh Botol","Minuman","Jasmin","Kecil",1,"Botol PET","250 ml",6000,24,4000,"Pabrik B",3,"Maret",0.879210169935783,"Riwayat",358,NA,"Pesimis",0.9
2023-04-01,"TB-JAS-KEC-PET","Teh Botol","Minuman","Jasmin","Kecil",1,"Botol PET","250 ml",6000,24,4000,"Pabrik B",4,"April",0.90769297977371,"Riwayat",396,NA,"Normal",1
2023-04-01,"TB-JAS-KEC-PET","Teh Botol","Minuman","Jasmin","Kecil",1,"Botol PET","250 ml",6000,24,4000,"Pabrik B",4,"April",0.90769297977371,"Riwayat",396,NA,"Optimis",1.1
2023-04-01,"TB-JAS-KEC-PET","Teh Botol","Minuman","Jasmin","Kecil",1,"Botol PET","250 ml",6000,24,4000,"Pabrik B",4,"April",0.90769297977371,"Riwayat",396,NA,"Pesimis",0.9
2023-05-01,"TB-JAS-KEC-PET","Teh Botol","Minuman","Jasmin","Kecil",1,"Botol PET","250 ml",6000,24,4000,"Pabrik B",5,"Mei",1.0194399545673,"Riwayat",367,NA,"Normal",1
2023-05-01,"TB-JAS-KEC-PET","Teh Botol","Minuman","Jasmin","Kecil",1,"Botol PET","250 ml",6000,24,4000,"Pabrik B",5,"Mei",1.0194399545673,"Riwayat",367,NA,"Optimis",1.1
2023-05-01,"TB-JAS-KEC-PET","Teh Botol","Minuman","Jasmin","Kecil",1,"Botol PET","250 ml",6000,24,4000,"Pabrik B",5,"Mei",1.0194399545673,"Riwayat",367,NA,"Pesimis",0.9
2023-06-01,"TB-JAS-KEC-PET","Teh Botol","Minuman","Jasmin","Kecil",1,"Botol PET","250 ml",6000,24,4000,"Pabrik B",6,"Juni",1.05006334367219,"Riwayat",419,NA,"Normal",1
2023-06-01,"TB-JAS-KEC-PET","Teh Botol","Minuman","Jasmin","Kecil",1,"Botol PET","250 ml",6000,24,4000,"Pabrik B",6,"Juni",1.05006334367219,"Riwayat",419,NA,"Optimis",1.1
2023-06-01,"TB-JAS-KEC-PET","Teh Botol","Minuman","Jasmin","Kecil",1,"Botol PET","250 ml",6000,24,4000,"Pabrik B",6,"Juni",1.05006334367219,"Riwayat",419,NA,"Pesimis",0.9
2023-07-01,"TB-JAS-KEC-PET","Teh Botol","Minuman","Jasmin","Kecil",1,"Botol PET","250 ml",6000,24,4000,"Pabrik B",7,"Juli",1.01712463413569,"Riwayat",402,NA,"Normal",1
2023-07-01,"TB-JAS-KEC-PET","Teh Botol","Minuman","Jasmin","Kecil",1,"Botol PET","250 ml",6000,24,4000,"Pabrik B",7,"Juli",1.01712463413569,"Riwayat",402,NA,"Optimis",1.1
2023-07-01,"TB-JAS-KEC-PET","Teh Botol","Minuman","Jasmin","Kecil",1,"Botol PET","250 ml",6000,24,4000,"Pabrik B",7,"Juli",1.01712463413569,"Riwayat",402,NA,"Pesimis",0.9
2023-08-01,"TB-JAS-KEC-PET","Teh Botol","Minuman","Jasmin","Kecil",1,"Botol PET","250 ml",6000,24,4000,"Pabrik B",8,"Agustus",0.925822375606133,"Riwayat",390,NA,"Normal",1
2023-08-01,"TB-JAS-KEC-PET","Teh Botol","Minuman","Jasmin","Kecil",1,"Botol PET","250 ml",6000,24,4000,"Pabrik B",8,"Agustus",0.925822375606133,"Riwayat",390,NA,"Optimis",1.1
2023-08-01,"TB-JAS-KEC-PET","Teh Botol","Minuman","Jasmin","Kecil",1,"Botol PET","250 ml",6000,24,4000,"Pabrik B",8,"Agustus",0.925822375606133,"Riwayat",390,NA,"Pesimis",0.9
2023-09-01,"TB-JAS-KEC-PET","Teh Botol","Minuman","Jasmin","Kecil",1,"Botol PET","250 ml",6000,24,4000,"Pabrik B",9,"September",0.982875365864313,"Riwayat",383,NA,"Normal",1
2023-09-01,"TB-JAS-KEC-PET","Teh Botol","Minuman","Jasmin","Kecil",1,"Botol PET","250 ml",6000,24,4000,"Pabrik B",9,"September",0.982875365864313,"Riwayat",383,NA,"Optimis",1.1
2023-09-01,"TB-JAS-KEC-PET","Teh Botol","Minuman","Jasmin","Kecil",1,"Botol PET","250 ml",6000,24,4000,"Pabrik B",9,"September",0.982875365864313,"Riwayat",383,NA,"Pesimis",0.9
2023-10-01,"TB-JAS-KEC-PET","Teh Botol","Minuman","Jasmin","Kecil",1,"Botol PET","250 ml",6000,24,4000,"Pabrik B",10,"Oktober",1.10231095190249,"Riwayat",440,NA,"Normal",1
2023-10-01,"TB-JAS-KEC-PET","Teh Botol","Minuman","Jasmin","Kecil",1,"Botol PET","250 ml",6000,24,4000,"Pabrik B",10,"Oktober",1.10231095190249,"Riwayat",440,NA,"Optimis",1.1
2023-10-01,"TB-JAS-KEC-PET","Teh Botol","Minuman","Jasmin","Kecil",1,"Botol PET","250 ml",6000,24,4000,"Pabrik B",10,"Oktober",1.10231095190249,"Riwayat",440,NA,"Pesimis",0.9
2023-11-01,"TB-JAS-KEC-PET","Teh Botol","Minuman","Jasmin","Kecil",1,"Botol PET","250 ml",6000,24,4000,"Pabrik B",11,"November",1.22930409331178,"Riwayat",440,NA,"Normal",1
2023-11-01,"TB-JAS-KEC-PET","Teh Botol","Minuman","Jasmin","Kecil",1,"Botol PET","250 ml",6000,24,4000,"Pabrik B",11,"November",1.22930409331178,"Riwayat",440,NA,"Optimis",1.1
2023-11-01,"TB-JAS-KEC-PET","Teh Botol","Minuman","Jasmin","Kecil",1,"Botol PET","250 ml",6000,24,4000,"Pabrik B",11,"November",1.22930409331178,"Riwayat",440,NA,"Pesimis",0.9
2023-12-01,"TB-JAS-KEC-PET","Teh Botol","Minuman","Jasmin","Kecil",1,"Botol PET","250 ml",6000,24,4000,"Pabrik B",12,"Desember",1.43313966187585,"Riwayat",553,NA,"Normal",1
2023-12-01,"TB-JAS-KEC-PET","Teh Botol","Minuman","Jasmin","Kecil",1,"Botol PET","250 ml",6000,24,4000,"Pabrik B",12,"Desember",1.43313966187585,"Riwayat",553,NA,"Optimis",1.1
2023-12-01,"TB-JAS-KEC-PET","Teh Botol","Minuman","Jasmin","Kecil",1,"Botol PET","250 ml",6000,24,4000,"Pabrik B",12,"Desember",1.43313966187585,"Riwayat",553,NA,"Pesimis",0.9
2024-01-01,"TB-JAS-KEC-PET","Teh Botol","Minuman","Jasmin","Kecil",1,"Botol PET","250 ml",6000,24,4000,"Pabrik B",1,"Januari",0.760954086758988,"Riwayat",902,NA,"Normal",1
2024-01-01,"TB-JAS-KEC-PET","Teh Botol","Minuman","Jasmin","Kecil",1,"Botol PET","250 ml",6000,24,4000,"Pabrik B",1,"Januari",0.760954086758988,"Riwayat",902,NA,"Optimis",1.1
2024-01-01,"TB-JAS-KEC-PET","Teh Botol","Minuman","Jasmin","Kecil",1,"Botol PET","250 ml",6000,24,4000,"Pabrik B",1,"Januari",0.760954086758988,"Riwayat",902,NA,"Pesimis",0.9
2024-02-01,"TB-JAS-KEC-PET","Teh Botol","Minuman","Jasmin","Kecil",1,"Botol PET","250 ml",6000,24,4000,"Pabrik B",2,"Februari",0.737844567734044,"Riwayat",275,NA,"Normal",1
2024-02-01,"TB-JAS-KEC-PET","Teh Botol","Minuman","Jasmin","Kecil",1,"Botol PET","250 ml",6000,24,4000,"Pabrik B",2,"Februari",0.737844567734044,"Riwayat",275,NA,"Optimis",1.1
2024-02-01,"TB-JAS-KEC-PET","Teh Botol","Minuman","Jasmin","Kecil",1,"Botol PET","250 ml",6000,24,4000,"Pabrik B",2,"Februari",0.737844567734044,"Riwayat",275,NA,"Pesimis",0.9
2024-03-01,"TB-JAS-KEC-PET","Teh Botol","Minuman","Jasmin","Kecil",1,"Botol PET","250 ml",6000,24,4000,"Pabrik B",3,"Maret",0.879210169935783,"Riwayat",376,NA,"Normal",1
2024-03-01,"TB-JAS-KEC-PET","Teh Botol","Minuman","Jasmin","Kecil",1,"Botol PET","250 ml",6000,24,4000,"Pabrik B",3,"Maret",0.879210169935783,"Riwayat",376,NA,"Optimis",1.1
2024-03-01,"TB-JAS-KEC-PET","Teh Botol","Minuman","Jasmin","Kecil",1,"Botol PET","250 ml",6000,24,4000,"Pabrik B",3,"Maret",0.879210169935783,"Riwayat",376,NA,"Pesimis",0.9
2024-04-01,"TB-JAS-KEC-PET","Teh Botol","Minuman","Jasmin","Kecil",1,"Botol PET","250 ml",6000,24,4000,"Pabrik B",4,"April",0.90769297977371,"Riwayat",395,NA,"Normal",1
2024-04-01,"TB-JAS-KEC-PET","Teh Botol","Minuman","Jasmin","Kecil",1,"Botol PET","250 ml",6000,24,4000,"Pabrik B",4,"April",0.90769297977371,"Riwayat",395,NA,"Optimis",1.1
2024-04-01,"TB-JAS-KEC-PET","Teh Botol","Minuman","Jasmin","Kecil",1,"Botol PET","250 ml",6000,24,4000,"Pabrik B",4,"April",0.90769297977371,"Riwayat",395,NA,"Pesimis",0.9
2024-05-01,"TB-JAS-KEC-PET","Teh Botol","Minuman","Jasmin","Kecil",1,"Botol PET","250 ml",6000,24,4000,"Pabrik B",5,"Mei",1.0194399545673,"Riwayat",392,NA,"Normal",1
2024-05-01,"TB-JAS-KEC-PET","Teh Botol","Minuman","Jasmin","Kecil",1,"Botol PET","250 ml",6000,24,4000,"Pabrik B",5,"Mei",1.0194399545673,"Riwayat",392,NA,"Optimis",1.1
2024-05-01,"TB-JAS-KEC-PET","Teh Botol","Minuman","Jasmin","Kecil",1,"Botol PET","250 ml",6000,24,4000,"Pabrik B",5,"Mei",1.0194399545673,"Riwayat",392,NA,"Pesimis",0.9
2024-06-01,"TB-JAS-KEC-PET","Teh Botol","Minuman","Jasmin","Kecil",1,"Botol PET","250 ml",6000,24,4000,"Pabrik B",6,"Juni",1.05006334367219,"Riwayat",403,NA,"Normal",1
2024-06-01,"TB-JAS-KEC-PET","Teh Botol","Minuman","Jasmin","Kecil",1,"Botol PET","250 ml",6000,24,4000,"Pabrik B",6,"Juni",1.05006334367219,"Riwayat",403,NA,"Optimis",1.1
2024-06-01,"TB-JAS-KEC-PET","Teh Botol","Minuman","Jasmin","Kecil",1,"Botol PET","250 ml",6000,24,4000,"Pabrik B",6,"Juni",1.05006334367219,"Riwayat",403,NA,"Pesimis",0.9
2024-07-01,"TB-JAS-KEC-PET","Teh Botol","Minuman","Jasmin","Kecil",1,"Botol PET","250 ml",6000,24,4000,"Pabrik B",7,"Juli",1.01712463413569,"Riwayat",474,NA,"Normal",1
2024-07-01,"TB-JAS-KEC-PET","Teh Botol","Minuman","Jasmin","Kecil",1,"Botol PET","250 ml",6000,24,4000,"Pabrik B",7,"Juli",1.01712463413569,"Riwayat",474,NA,"Optimis",1.1
2024-07-01,"TB-JAS-KEC-PET","Teh Botol","Minuman","Jasmin","Kecil",1,"Botol PET","250 ml",6000,24,4000,"Pabrik B",7,"Juli",1.01712463413569,"Riwayat",474,NA,"Pesimis",0.9
2024-08-01,"TB-JAS-KEC-PET","Teh Botol","Minuman","Jasmin","Kecil",1,"Botol PET","250 ml",6000,24,4000,"Pabrik B",8,"Agustus",0.925822375606133,"Riwayat",370,NA,"Normal",1
2024-08-01,"TB-JAS-KEC-PET","Teh Botol","Minuman","Jasmin","Kecil",1,"Botol PET","250 ml",6000,24,4000,"Pabrik B",8,"Agustus",0.925822375606133,"Riwayat",370,NA,"Optimis",1.1
2024-08-01,"TB-JAS-KEC-PET","Teh Botol","Minuman","Jasmin","Kecil",1,"Botol PET","250 ml",6000,24,4000,"Pabrik B",8,"Agustus",0.925822375606133,"Riwayat",370,NA,"Pesimis",0.9
2024-09-01,"TB-JAS-KEC-PET","Teh Botol","Minuman","Jasmin","Kecil",1,"Botol PET","250 ml",6000,24,4000,"Pabrik B",9,"September",0.982875365864313,"Riwayat",334,NA,"Normal",1
2024-09-01,"TB-JAS-KEC-PET","Teh Botol","Minuman","Jasmin","Kecil",1,"Botol PET","250 ml",6000,24,4000,"Pabrik B",9,"September",0.982875365864313,"Riwayat",334,NA,"Optimis",1.1
2024-09-01,"TB-JAS-KEC-PET","Teh Botol","Minuman","Jasmin","Kecil",1,"Botol PET","250 ml",6000,24,4000,"Pabrik B",9,"September",0.982875365864313,"Riwayat",334,NA,"Pesimis",0.9
2024-10-01,"TB-JAS-KEC-PET","Teh Botol","Minuman","Jasmin","Kecil",1,"Botol PET","250 ml",6000,24,4000,"Pabrik B",10,"Oktober",1.10231095190249,"Riwayat",397,NA,"Normal",1
2024-10-01,"TB-JAS-KEC-PET","Teh Botol","Minuman","Jasmin","Kecil",1,"Botol PET","250 ml",6000,24,4000,"Pabrik B",10,"Oktober",1.10231095190249,"Riwayat",397,NA,"Optimis",1.1
2024-10-01,"TB-JAS-KEC-PET","Teh Botol","Minuman","Jasmin","Kecil",1,"Botol PET","250 ml",6000,24,4000,"Pabrik B",10,"Oktober",1.10231095190249,"Riwayat",397,NA,"Pesimis",0.9
2024-11-01,"TB-JAS-KEC-PET","Teh Botol","Minuman","Jasmin","Kecil",1,"Botol PET","250 ml",6000,24,4000,"Pabrik B",11,"November",1.22930409331178,"Riwayat",631,NA,"Normal",1
2024-11-01,"TB-JAS-KEC-PET","Teh Botol","Minuman","Jasmin","Kecil",1,"Botol PET","250 ml",6000,24,4000,"Pabrik B",11,"November",1.22930409331178,"Riwayat",631,NA,"Optimis",1.1
2024-11-01,"TB-JAS-KEC-PET","Teh Botol","Minuman","Jasmin","Kecil",1,"Botol PET","250 ml",6000,24,4000,"Pabrik B",11,"November",1.22930409331178,"Riwayat",631,NA,"Pesimis",0.9
2024-12-01,"TB-JAS-KEC-PET","Teh Botol","Minuman","Jasmin","Kecil",1,"Botol PET","250 ml",6000,24,4000,"Pabrik B",12,"Desember",1.43313966187585,"Riwayat",1240,NA,"Normal",1
2024-12-01,"TB-JAS-KEC-PET","Teh Botol","Minuman","Jasmin","Kecil",1,"Botol PET","250 ml",6000,24,4000,"Pabrik B",12,"Desember",1.43313966187585,"Riwayat",1240,NA,"Optimis",1.1
2024-12-01,"TB-JAS-KEC-PET","Teh Botol","Minuman","Jasmin","Kecil",1,"Botol PET","250 ml",6000,24,4000,"Pabrik B",12,"Desember",1.43313966187585,"Riwayat",1240,NA,"Pesimis",0.9
2025-01-01,"TB-JAS-KEC-PET","Teh Botol","Minuman","Jasmin","Kecil",1,"Botol PET","250 ml",6000,24,4000,"Pabrik B",1,"Januari",0.760954086758988,"Riwayat",322,NA,"Normal",1
2025-01-01,"TB-JAS-KEC-PET","Teh Botol","Minuman","Jasmin","Kecil",1,"Botol PET","250 ml",6000,24,4000,"Pabrik B",1,"Januari",0.760954086758988,"Riwayat",322,NA,"Optimis",1.1
2025-01-01,"TB-JAS-KEC-PET","Teh Botol","Minuman","Jasmin","Kecil",1,"Botol PET","250 ml",6000,24,4000,"Pabrik B",1,"Januari",0.760954086758988,"Riwayat",322,NA,"Pesimis",0.9
2025-02-01,"TB-JAS-KEC-PET","Teh Botol","Minuman","Jasmin","Kecil",1,"Botol PET","250 ml",6000,24,4000,"Pabrik B",2,"Februari",0.737844567734044,"Riwayat",337,NA,"Normal",1
2025-02-01,"TB-JAS-KEC-PET","Teh Botol","Minuman","Jasmin","Kecil",1,"Botol PET","250 ml",6000,24,4000,"Pabrik B",2,"Februari",0.737844567734044,"Riwayat",337,NA,"Optimis",1.1
2025-02-01,"TB-JAS-KEC-PET","Teh Botol","Minuman","Jasmin","Kecil",1,"Botol PET","250 ml",6000,24,4000,"Pabrik B",2,"Februari",0.737844567734044,"Riwayat",337,NA,"Pesimis",0.9
2025-03-01,"TB-JAS-KEC-PET","Teh Botol","Minuman","Jasmin","Kecil",1,"Botol PET","250 ml",6000,24,4000,"Pabrik B",3,"Maret",0.879210169935783,"Riwayat",355,NA,"Normal",1
2025-03-01,"TB-JAS-KEC-PET","Teh Botol","Minuman","Jasmin","Kecil",1,"Botol PET","250 ml",6000,24,4000,"Pabrik B",3,"Maret",0.879210169935783,"Riwayat",355,NA,"Optimis",1.1
2025-03-01,"TB-JAS-KEC-PET","Teh Botol","Minuman","Jasmin","Kecil",1,"Botol PET","250 ml",6000,24,4000,"Pabrik B",3,"Maret",0.879210169935783,"Riwayat",355,NA,"Pesimis",0.9
2025-04-01,"TB-JAS-KEC-PET","Teh Botol","Minuman","Jasmin","Kecil",1,"Botol PET","250 ml",6000,24,4000,"Pabrik B",4,"April",0.90769297977371,"Riwayat",350,NA,"Normal",1
2025-04-01,"TB-JAS-KEC-PET","Teh Botol","Minuman","Jasmin","Kecil",1,"Botol PET","250 ml",6000,24,4000,"Pabrik B",4,"April",0.90769297977371,"Riwayat",350,NA,"Optimis",1.1
2025-04-01,"TB-JAS-KEC-PET","Teh Botol","Minuman","Jasmin","Kecil",1,"Botol PET","250 ml",6000,24,4000,"Pabrik B",4,"April",0.90769297977371,"Riwayat",350,NA,"Pesimis",0.9
2025-05-01,"TB-JAS-KEC-PET","Teh Botol","Minuman","Jasmin","Kecil",1,"Botol PET","250 ml",6000,24,4000,"Pabrik B",5,"Mei",1.0194399545673,"Riwayat",400,NA,"Normal",1
2025-05-01,"TB-JAS-KEC-PET","Teh Botol","Minuman","Jasmin","Kecil",1,"Botol PET","250 ml",6000,24,4000,"Pabrik B",5,"Mei",1.0194399545673,"Riwayat",400,NA,"Optimis",1.1
2025-05-01,"TB-JAS-KEC-PET","Teh Botol","Minuman","Jasmin","Kecil",1,"Botol PET","250 ml",6000,24,4000,"Pabrik B",5,"Mei",1.0194399545673,"Riwayat",400,NA,"Pesimis",0.9
2025-06-01,"TB-JAS-KEC-PET","Teh Botol","Minuman","Jasmin","Kecil",1,"Botol PET","250 ml",6000,24,4000,"Pabrik B",6,"Juni",1.05006334367219,"Riwayat",425,NA,"Normal",1
2025-06-01,"TB-JAS-KEC-PET","Teh Botol","Minuman","Jasmin","Kecil",1,"Botol PET","250 ml",6000,24,4000,"Pabrik B",6,"Juni",1.05006334367219,"Riwayat",425,NA,"Optimis",1.1
2025-06-01,"TB-JAS-KEC-PET","Teh Botol","Minuman","Jasmin","Kecil",1,"Botol PET","250 ml",6000,24,4000,"Pabrik B",6,"Juni",1.05006334367219,"Riwayat",425,NA,"Pesimis",0.9
2025-07-01,"TB-JAS-KEC-PET","Teh Botol","Minuman","Jasmin","Kecil",1,"Botol PET","250 ml",6000,24,4000,"Pabrik B",7,"Juli",1.01712463413569,"Riwayat",397,NA,"Normal",1
2025-07-01,"TB-JAS-KEC-PET","Teh Botol","Minuman","Jasmin","Kecil",1,"Botol PET","250 ml",6000,24,4000,"Pabrik B",7,"Juli",1.01712463413569,"Riwayat",397,NA,"Optimis",1.1
2025-07-01,"TB-JAS-KEC-PET","Teh Botol","Minuman","Jasmin","Kecil",1,"Botol PET","250 ml",6000,24,4000,"Pabrik B",7,"Juli",1.01712463413569,"Riwayat",397,NA,"Pesimis",0.9
2025-08-01,"TB-JAS-KEC-PET","Teh Botol","Minuman","Jasmin","Kecil",1,"Botol PET","250 ml",6000,24,4000,"Pabrik B",8,"Agustus",0.925822375606133,"Riwayat",391,NA,"Normal",1
2025-08-01,"TB-JAS-KEC-PET","Teh Botol","Minuman","Jasmin","Kecil",1,"Botol PET","250 ml",6000,24,4000,"Pabrik B",8,"Agustus",0.925822375606133,"Riwayat",391,NA,"Optimis",1.1
2025-08-01,"TB-JAS-KEC-PET","Teh Botol","Minuman","Jasmin","Kecil",1,"Botol PET","250 ml",6000,24,4000,"Pabrik B",8,"Agustus",0.925822375606133,"Riwayat",391,NA,"Pesimis",0.9
2025-09-01,"TB-JAS-KEC-PET","Teh Botol","Minuman","Jasmin","Kecil",1,"Botol PET","250 ml",6000,24,4000,"Pabrik B",9,"September",0.982875365864313,"Riwayat",353,NA,"Normal",1
2025-09-01,"TB-JAS-KEC-PET","Teh Botol","Minuman","Jasmin","Kecil",1,"Botol PET","250 ml",6000,24,4000,"Pabrik B",9,"September",0.982875365864313,"Riwayat",353,NA,"Optimis",1.1
2025-09-01,"TB-JAS-KEC-PET","Teh Botol","Minuman","Jasmin","Kecil",1,"Botol PET","250 ml",6000,24,4000,"Pabrik B",9,"September",0.982875365864313,"Riwayat",353,NA,"Pesimis",0.9
2025-10-01,"TB-JAS-KEC-PET","Teh Botol","Minuman","Jasmin","Kecil",1,"Botol PET","250 ml",6000,24,4000,"Pabrik B",10,"Oktober",1.10231095190249,"Riwayat",403,NA,"Normal",1
2025-10-01,"TB-JAS-KEC-PET","Teh Botol","Minuman","Jasmin","Kecil",1,"Botol PET","250 ml",6000,24,4000,"Pabrik B",10,"Oktober",1.10231095190249,"Riwayat",403,NA,"Optimis",1.1
2025-10-01,"TB-JAS-KEC-PET","Teh Botol","Minuman","Jasmin","Kecil",1,"Botol PET","250 ml",6000,24,4000,"Pabrik B",10,"Oktober",1.10231095190249,"Riwayat",403,NA,"Pesimis",0.9
2025-11-01,"TB-JAS-KEC-PET","Teh Botol","Minuman","Jasmin","Kecil",1,"Botol PET","250 ml",6000,24,4000,"Pabrik B",11,"November",1.22930409331178,"Riwayat",482,NA,"Normal",1
2025-11-01,"TB-JAS-KEC-PET","Teh Botol","Minuman","Jasmin","Kecil",1,"Botol PET","250 ml",6000,24,4000,"Pabrik B",11,"November",1.22930409331178,"Riwayat",482,NA,"Optimis",1.1
2025-11-01,"TB-JAS-KEC-PET","Teh Botol","Minuman","Jasmin","Kecil",1,"Botol PET","250 ml",6000,24,4000,"Pabrik B",11,"November",1.22930409331178,"Riwayat",482,NA,"Pesimis",0.9
2025-12-01,"TB-JAS-KEC-PET","Teh Botol","Minuman","Jasmin","Kecil",1,"Botol PET","250 ml",6000,24,4000,"Pabrik B",12,"Desember",1.43313966187585,"Riwayat",441,NA,"Normal",1
2025-12-01,"TB-JAS-KEC-PET","Teh Botol","Minuman","Jasmin","Kecil",1,"Botol PET","250 ml",6000,24,4000,"Pabrik B",12,"Desember",1.43313966187585,"Riwayat",441,NA,"Optimis",1.1
2025-12-01,"TB-JAS-KEC-PET","Teh Botol","Minuman","Jasmin","Kecil",1,"Botol PET","250 ml",6000,24,4000,"Pabrik B",12,"Desember",1.43313966187585,"Riwayat",441,NA,"Pesimis",0.9
2026-01-01,"TB-JAS-KEC-PET","Teh Botol","Minuman","Jasmin","Kecil",1,"Botol PET","250 ml",6000,24,4000,"Pabrik B",1,"Januari",0.760954086758988,"Plan",NA,335.580752260714,"Normal",1
2026-01-01,"TB-JAS-KEC-PET","Teh Botol","Minuman","Jasmin","Kecil",1,"Botol PET","250 ml",6000,24,4000,"Pabrik B",1,"Januari",0.760954086758988,"Plan",NA,369.138827486785,"Optimis",1.1
2026-01-01,"TB-JAS-KEC-PET","Teh Botol","Minuman","Jasmin","Kecil",1,"Botol PET","250 ml",6000,24,4000,"Pabrik B",1,"Januari",0.760954086758988,"Plan",NA,302.022677034642,"Pesimis",0.9
2026-02-01,"TB-JAS-KEC-PET","Teh Botol","Minuman","Jasmin","Kecil",1,"Botol PET","250 ml",6000,24,4000,"Pabrik B",2,"Februari",0.737844567734044,"Plan",NA,325.389454370713,"Normal",1
2026-02-01,"TB-JAS-KEC-PET","Teh Botol","Minuman","Jasmin","Kecil",1,"Botol PET","250 ml",6000,24,4000,"Pabrik B",2,"Februari",0.737844567734044,"Plan",NA,357.928399807785,"Optimis",1.1
2026-02-01,"TB-JAS-KEC-PET","Teh Botol","Minuman","Jasmin","Kecil",1,"Botol PET","250 ml",6000,24,4000,"Pabrik B",2,"Februari",0.737844567734044,"Plan",NA,292.850508933642,"Pesimis",0.9
2026-03-01,"TB-JAS-KEC-PET","Teh Botol","Minuman","Jasmin","Kecil",1,"Botol PET","250 ml",6000,24,4000,"Pabrik B",3,"Maret",0.879210169935783,"Plan",NA,387.73168494168,"Normal",1
2026-03-01,"TB-JAS-KEC-PET","Teh Botol","Minuman","Jasmin","Kecil",1,"Botol PET","250 ml",6000,24,4000,"Pabrik B",3,"Maret",0.879210169935783,"Plan",NA,426.504853435848,"Optimis",1.1
2026-03-01,"TB-JAS-KEC-PET","Teh Botol","Minuman","Jasmin","Kecil",1,"Botol PET","250 ml",6000,24,4000,"Pabrik B",3,"Maret",0.879210169935783,"Plan",NA,348.958516447512,"Pesimis",0.9
2026-04-01,"TB-JAS-KEC-PET","Teh Botol","Minuman","Jasmin","Kecil",1,"Botol PET","250 ml",6000,24,4000,"Pabrik B",4,"April",0.90769297977371,"Plan",NA,400.292604080206,"Normal",1
2026-04-01,"TB-JAS-KEC-PET","Teh Botol","Minuman","Jasmin","Kecil",1,"Botol PET","250 ml",6000,24,4000,"Pabrik B",4,"April",0.90769297977371,"Plan",NA,440.321864488227,"Optimis",1.1
2026-04-01,"TB-JAS-KEC-PET","Teh Botol","Minuman","Jasmin","Kecil",1,"Botol PET","250 ml",6000,24,4000,"Pabrik B",4,"April",0.90769297977371,"Plan",NA,360.263343672186,"Pesimis",0.9
2026-05-01,"TB-JAS-KEC-PET","Teh Botol","Minuman","Jasmin","Kecil",1,"Botol PET","250 ml",6000,24,4000,"Pabrik B",5,"Mei",1.0194399545673,"Plan",NA,449.573019964178,"Normal",1
2026-05-01,"TB-JAS-KEC-PET","Teh Botol","Minuman","Jasmin","Kecil",1,"Botol PET","250 ml",6000,24,4000,"Pabrik B",5,"Mei",1.0194399545673,"Plan",NA,494.530321960596,"Optimis",1.1
2026-05-01,"TB-JAS-KEC-PET","Teh Botol","Minuman","Jasmin","Kecil",1,"Botol PET","250 ml",6000,24,4000,"Pabrik B",5,"Mei",1.0194399545673,"Plan",NA,404.61571796776,"Pesimis",0.9
2026-06-01,"TB-JAS-KEC-PET","Teh Botol","Minuman","Jasmin","Kecil",1,"Botol PET","250 ml",6000,24,4000,"Pabrik B",6,"Juni",1.05006334367219,"Plan",NA,463.077934559434,"Normal",1
2026-06-01,"TB-JAS-KEC-PET","Teh Botol","Minuman","Jasmin","Kecil",1,"Botol PET","250 ml",6000,24,4000,"Pabrik B",6,"Juni",1.05006334367219,"Plan",NA,509.385728015377,"Optimis",1.1
2026-06-01,"TB-JAS-KEC-PET","Teh Botol","Minuman","Jasmin","Kecil",1,"Botol PET","250 ml",6000,24,4000,"Pabrik B",6,"Juni",1.05006334367219,"Plan",NA,416.77014110349,"Pesimis",0.9
2023-01-01,"TB-JAS-SED-KAC","Teh Botol","Minuman","Jasmin","Sedang",2,"Botol Kaca","450 ml",12000,12,4000,"Pabrik A",1,"Januari",0.760954086758988,"Riwayat",316,NA,"Normal",1
2023-01-01,"TB-JAS-SED-KAC","Teh Botol","Minuman","Jasmin","Sedang",2,"Botol Kaca","450 ml",12000,12,4000,"Pabrik A",1,"Januari",0.760954086758988,"Riwayat",316,NA,"Optimis",1.1
2023-01-01,"TB-JAS-SED-KAC","Teh Botol","Minuman","Jasmin","Sedang",2,"Botol Kaca","450 ml",12000,12,4000,"Pabrik A",1,"Januari",0.760954086758988,"Riwayat",316,NA,"Pesimis",0.9
2023-02-01,"TB-JAS-SED-KAC","Teh Botol","Minuman","Jasmin","Sedang",2,"Botol Kaca","450 ml",12000,12,4000,"Pabrik A",2,"Februari",0.737844567734044,"Riwayat",347,NA,"Normal",1
2023-02-01,"TB-JAS-SED-KAC","Teh Botol","Minuman","Jasmin","Sedang",2,"Botol Kaca","450 ml",12000,12,4000,"Pabrik A",2,"Februari",0.737844567734044,"Riwayat",347,NA,"Optimis",1.1
2023-02-01,"TB-JAS-SED-KAC","Teh Botol","Minuman","Jasmin","Sedang",2,"Botol Kaca","450 ml",12000,12,4000,"Pabrik A",2,"Februari",0.737844567734044,"Riwayat",347,NA,"Pesimis",0.9
2023-03-01,"TB-JAS-SED-KAC","Teh Botol","Minuman","Jasmin","Sedang",2,"Botol Kaca","450 ml",12000,12,4000,"Pabrik A",3,"Maret",0.879210169935783,"Riwayat",319,NA,"Normal",1
2023-03-01,"TB-JAS-SED-KAC","Teh Botol","Minuman","Jasmin","Sedang",2,"Botol Kaca","450 ml",12000,12,4000,"Pabrik A",3,"Maret",0.879210169935783,"Riwayat",319,NA,"Optimis",1.1
2023-03-01,"TB-JAS-SED-KAC","Teh Botol","Minuman","Jasmin","Sedang",2,"Botol Kaca","450 ml",12000,12,4000,"Pabrik A",3,"Maret",0.879210169935783,"Riwayat",319,NA,"Pesimis",0.9
2023-04-01,"TB-JAS-SED-KAC","Teh Botol","Minuman","Jasmin","Sedang",2,"Botol Kaca","450 ml",12000,12,4000,"Pabrik A",4,"April",0.90769297977371,"Riwayat",382,NA,"Normal",1
2023-04-01,"TB-JAS-SED-KAC","Teh Botol","Minuman","Jasmin","Sedang",2,"Botol Kaca","450 ml",12000,12,4000,"Pabrik A",4,"April",0.90769297977371,"Riwayat",382,NA,"Optimis",1.1
2023-04-01,"TB-JAS-SED-KAC","Teh Botol","Minuman","Jasmin","Sedang",2,"Botol Kaca","450 ml",12000,12,4000,"Pabrik A",4,"April",0.90769297977371,"Riwayat",382,NA,"Pesimis",0.9
2023-05-01,"TB-JAS-SED-KAC","Teh Botol","Minuman","Jasmin","Sedang",2,"Botol Kaca","450 ml",12000,12,4000,"Pabrik A",5,"Mei",1.0194399545673,"Riwayat",460,NA,"Normal",1
2023-05-01,"TB-JAS-SED-KAC","Teh Botol","Minuman","Jasmin","Sedang",2,"Botol Kaca","450 ml",12000,12,4000,"Pabrik A",5,"Mei",1.0194399545673,"Riwayat",460,NA,"Optimis",1.1
2023-05-01,"TB-JAS-SED-KAC","Teh Botol","Minuman","Jasmin","Sedang",2,"Botol Kaca","450 ml",12000,12,4000,"Pabrik A",5,"Mei",1.0194399545673,"Riwayat",460,NA,"Pesimis",0.9
2023-06-01,"TB-JAS-SED-KAC","Teh Botol","Minuman","Jasmin","Sedang",2,"Botol Kaca","450 ml",12000,12,4000,"Pabrik A",6,"Juni",1.05006334367219,"Riwayat",463,NA,"Normal",1
2023-06-01,"TB-JAS-SED-KAC","Teh Botol","Minuman","Jasmin","Sedang",2,"Botol Kaca","450 ml",12000,12,4000,"Pabrik A",6,"Juni",1.05006334367219,"Riwayat",463,NA,"Optimis",1.1
2023-06-01,"TB-JAS-SED-KAC","Teh Botol","Minuman","Jasmin","Sedang",2,"Botol Kaca","450 ml",12000,12,4000,"Pabrik A",6,"Juni",1.05006334367219,"Riwayat",463,NA,"Pesimis",0.9
2023-07-01,"TB-JAS-SED-KAC","Teh Botol","Minuman","Jasmin","Sedang",2,"Botol Kaca","450 ml",12000,12,4000,"Pabrik A",7,"Juli",1.01712463413569,"Riwayat",447,NA,"Normal",1
2023-07-01,"TB-JAS-SED-KAC","Teh Botol","Minuman","Jasmin","Sedang",2,"Botol Kaca","450 ml",12000,12,4000,"Pabrik A",7,"Juli",1.01712463413569,"Riwayat",447,NA,"Optimis",1.1
2023-07-01,"TB-JAS-SED-KAC","Teh Botol","Minuman","Jasmin","Sedang",2,"Botol Kaca","450 ml",12000,12,4000,"Pabrik A",7,"Juli",1.01712463413569,"Riwayat",447,NA,"Pesimis",0.9
2023-08-01,"TB-JAS-SED-KAC","Teh Botol","Minuman","Jasmin","Sedang",2,"Botol Kaca","450 ml",12000,12,4000,"Pabrik A",8,"Agustus",0.925822375606133,"Riwayat",412,NA,"Normal",1
2023-08-01,"TB-JAS-SED-KAC","Teh Botol","Minuman","Jasmin","Sedang",2,"Botol Kaca","450 ml",12000,12,4000,"Pabrik A",8,"Agustus",0.925822375606133,"Riwayat",412,NA,"Optimis",1.1
2023-08-01,"TB-JAS-SED-KAC","Teh Botol","Minuman","Jasmin","Sedang",2,"Botol Kaca","450 ml",12000,12,4000,"Pabrik A",8,"Agustus",0.925822375606133,"Riwayat",412,NA,"Pesimis",0.9
2023-09-01,"TB-JAS-SED-KAC","Teh Botol","Minuman","Jasmin","Sedang",2,"Botol Kaca","450 ml",12000,12,4000,"Pabrik A",9,"September",0.982875365864313,"Riwayat",456,NA,"Normal",1
2023-09-01,"TB-JAS-SED-KAC","Teh Botol","Minuman","Jasmin","Sedang",2,"Botol Kaca","450 ml",12000,12,4000,"Pabrik A",9,"September",0.982875365864313,"Riwayat",456,NA,"Optimis",1.1
2023-09-01,"TB-JAS-SED-KAC","Teh Botol","Minuman","Jasmin","Sedang",2,"Botol Kaca","450 ml",12000,12,4000,"Pabrik A",9,"September",0.982875365864313,"Riwayat",456,NA,"Pesimis",0.9
2023-10-01,"TB-JAS-SED-KAC","Teh Botol","Minuman","Jasmin","Sedang",2,"Botol Kaca","450 ml",12000,12,4000,"Pabrik A",10,"Oktober",1.10231095190249,"Riwayat",1309,NA,"Normal",1
2023-10-01,"TB-JAS-SED-KAC","Teh Botol","Minuman","Jasmin","Sedang",2,"Botol Kaca","450 ml",12000,12,4000,"Pabrik A",10,"Oktober",1.10231095190249,"Riwayat",1309,NA,"Optimis",1.1
2023-10-01,"TB-JAS-SED-KAC","Teh Botol","Minuman","Jasmin","Sedang",2,"Botol Kaca","450 ml",12000,12,4000,"Pabrik A",10,"Oktober",1.10231095190249,"Riwayat",1309,NA,"Pesimis",0.9
2023-11-01,"TB-JAS-SED-KAC","Teh Botol","Minuman","Jasmin","Sedang",2,"Botol Kaca","450 ml",12000,12,4000,"Pabrik A",11,"November",1.22930409331178,"Riwayat",544,NA,"Normal",1
2023-11-01,"TB-JAS-SED-KAC","Teh Botol","Minuman","Jasmin","Sedang",2,"Botol Kaca","450 ml",12000,12,4000,"Pabrik A",11,"November",1.22930409331178,"Riwayat",544,NA,"Optimis",1.1
2023-11-01,"TB-JAS-SED-KAC","Teh Botol","Minuman","Jasmin","Sedang",2,"Botol Kaca","450 ml",12000,12,4000,"Pabrik A",11,"November",1.22930409331178,"Riwayat",544,NA,"Pesimis",0.9
2023-12-01,"TB-JAS-SED-KAC","Teh Botol","Minuman","Jasmin","Sedang",2,"Botol Kaca","450 ml",12000,12,4000,"Pabrik A",12,"Desember",1.43313966187585,"Riwayat",510,NA,"Normal",1
2023-12-01,"TB-JAS-SED-KAC","Teh Botol","Minuman","Jasmin","Sedang",2,"Botol Kaca","450 ml",12000,12,4000,"Pabrik A",12,"Desember",1.43313966187585,"Riwayat",510,NA,"Optimis",1.1
2023-12-01,"TB-JAS-SED-KAC","Teh Botol","Minuman","Jasmin","Sedang",2,"Botol Kaca","450 ml",12000,12,4000,"Pabrik A",12,"Desember",1.43313966187585,"Riwayat",510,NA,"Pesimis",0.9
2024-01-01,"TB-JAS-SED-KAC","Teh Botol","Minuman","Jasmin","Sedang",2,"Botol Kaca","450 ml",12000,12,4000,"Pabrik A",1,"Januari",0.760954086758988,"Riwayat",373,NA,"Normal",1
2024-01-01,"TB-JAS-SED-KAC","Teh Botol","Minuman","Jasmin","Sedang",2,"Botol Kaca","450 ml",12000,12,4000,"Pabrik A",1,"Januari",0.760954086758988,"Riwayat",373,NA,"Optimis",1.1
2024-01-01,"TB-JAS-SED-KAC","Teh Botol","Minuman","Jasmin","Sedang",2,"Botol Kaca","450 ml",12000,12,4000,"Pabrik A",1,"Januari",0.760954086758988,"Riwayat",373,NA,"Pesimis",0.9
2024-02-01,"TB-JAS-SED-KAC","Teh Botol","Minuman","Jasmin","Sedang",2,"Botol Kaca","450 ml",12000,12,4000,"Pabrik A",2,"Februari",0.737844567734044,"Riwayat",376,NA,"Normal",1
2024-02-01,"TB-JAS-SED-KAC","Teh Botol","Minuman","Jasmin","Sedang",2,"Botol Kaca","450 ml",12000,12,4000,"Pabrik A",2,"Februari",0.737844567734044,"Riwayat",376,NA,"Optimis",1.1
2024-02-01,"TB-JAS-SED-KAC","Teh Botol","Minuman","Jasmin","Sedang",2,"Botol Kaca","450 ml",12000,12,4000,"Pabrik A",2,"Februari",0.737844567734044,"Riwayat",376,NA,"Pesimis",0.9
2024-03-01,"TB-JAS-SED-KAC","Teh Botol","Minuman","Jasmin","Sedang",2,"Botol Kaca","450 ml",12000,12,4000,"Pabrik A",3,"Maret",0.879210169935783,"Riwayat",448,NA,"Normal",1
2024-03-01,"TB-JAS-SED-KAC","Teh Botol","Minuman","Jasmin","Sedang",2,"Botol Kaca","450 ml",12000,12,4000,"Pabrik A",3,"Maret",0.879210169935783,"Riwayat",448,NA,"Optimis",1.1
2024-03-01,"TB-JAS-SED-KAC","Teh Botol","Minuman","Jasmin","Sedang",2,"Botol Kaca","450 ml",12000,12,4000,"Pabrik A",3,"Maret",0.879210169935783,"Riwayat",448,NA,"Pesimis",0.9
2024-04-01,"TB-JAS-SED-KAC","Teh Botol","Minuman","Jasmin","Sedang",2,"Botol Kaca","450 ml",12000,12,4000,"Pabrik A",4,"April",0.90769297977371,"Riwayat",509,NA,"Normal",1
2024-04-01,"TB-JAS-SED-KAC","Teh Botol","Minuman","Jasmin","Sedang",2,"Botol Kaca","450 ml",12000,12,4000,"Pabrik A",4,"April",0.90769297977371,"Riwayat",509,NA,"Optimis",1.1
2024-04-01,"TB-JAS-SED-KAC","Teh Botol","Minuman","Jasmin","Sedang",2,"Botol Kaca","450 ml",12000,12,4000,"Pabrik A",4,"April",0.90769297977371,"Riwayat",509,NA,"Pesimis",0.9
2024-05-01,"TB-JAS-SED-KAC","Teh Botol","Minuman","Jasmin","Sedang",2,"Botol Kaca","450 ml",12000,12,4000,"Pabrik A",5,"Mei",1.0194399545673,"Riwayat",539,NA,"Normal",1
2024-05-01,"TB-JAS-SED-KAC","Teh Botol","Minuman","Jasmin","Sedang",2,"Botol Kaca","450 ml",12000,12,4000,"Pabrik A",5,"Mei",1.0194399545673,"Riwayat",539,NA,"Optimis",1.1
2024-05-01,"TB-JAS-SED-KAC","Teh Botol","Minuman","Jasmin","Sedang",2,"Botol Kaca","450 ml",12000,12,4000,"Pabrik A",5,"Mei",1.0194399545673,"Riwayat",539,NA,"Pesimis",0.9
2024-06-01,"TB-JAS-SED-KAC","Teh Botol","Minuman","Jasmin","Sedang",2,"Botol Kaca","450 ml",12000,12,4000,"Pabrik A",6,"Juni",1.05006334367219,"Riwayat",492,NA,"Normal",1
2024-06-01,"TB-JAS-SED-KAC","Teh Botol","Minuman","Jasmin","Sedang",2,"Botol Kaca","450 ml",12000,12,4000,"Pabrik A",6,"Juni",1.05006334367219,"Riwayat",492,NA,"Optimis",1.1
2024-06-01,"TB-JAS-SED-KAC","Teh Botol","Minuman","Jasmin","Sedang",2,"Botol Kaca","450 ml",12000,12,4000,"Pabrik A",6,"Juni",1.05006334367219,"Riwayat",492,NA,"Pesimis",0.9
2024-07-01,"TB-JAS-SED-KAC","Teh Botol","Minuman","Jasmin","Sedang",2,"Botol Kaca","450 ml",12000,12,4000,"Pabrik A",7,"Juli",1.01712463413569,"Riwayat",507,NA,"Normal",1
2024-07-01,"TB-JAS-SED-KAC","Teh Botol","Minuman","Jasmin","Sedang",2,"Botol Kaca","450 ml",12000,12,4000,"Pabrik A",7,"Juli",1.01712463413569,"Riwayat",507,NA,"Optimis",1.1
2024-07-01,"TB-JAS-SED-KAC","Teh Botol","Minuman","Jasmin","Sedang",2,"Botol Kaca","450 ml",12000,12,4000,"Pabrik A",7,"Juli",1.01712463413569,"Riwayat",507,NA,"Pesimis",0.9
2024-08-01,"TB-JAS-SED-KAC","Teh Botol","Minuman","Jasmin","Sedang",2,"Botol Kaca","450 ml",12000,12,4000,"Pabrik A",8,"Agustus",0.925822375606133,"Riwayat",470,NA,"Normal",1
2024-08-01,"TB-JAS-SED-KAC","Teh Botol","Minuman","Jasmin","Sedang",2,"Botol Kaca","450 ml",12000,12,4000,"Pabrik A",8,"Agustus",0.925822375606133,"Riwayat",470,NA,"Optimis",1.1
2024-08-01,"TB-JAS-SED-KAC","Teh Botol","Minuman","Jasmin","Sedang",2,"Botol Kaca","450 ml",12000,12,4000,"Pabrik A",8,"Agustus",0.925822375606133,"Riwayat",470,NA,"Pesimis",0.9
2024-09-01,"TB-JAS-SED-KAC","Teh Botol","Minuman","Jasmin","Sedang",2,"Botol Kaca","450 ml",12000,12,4000,"Pabrik A",9,"September",0.982875365864313,"Riwayat",568,NA,"Normal",1
2024-09-01,"TB-JAS-SED-KAC","Teh Botol","Minuman","Jasmin","Sedang",2,"Botol Kaca","450 ml",12000,12,4000,"Pabrik A",9,"September",0.982875365864313,"Riwayat",568,NA,"Optimis",1.1
2024-09-01,"TB-JAS-SED-KAC","Teh Botol","Minuman","Jasmin","Sedang",2,"Botol Kaca","450 ml",12000,12,4000,"Pabrik A",9,"September",0.982875365864313,"Riwayat",568,NA,"Pesimis",0.9
2024-10-01,"TB-JAS-SED-KAC","Teh Botol","Minuman","Jasmin","Sedang",2,"Botol Kaca","450 ml",12000,12,4000,"Pabrik A",10,"Oktober",1.10231095190249,"Riwayat",577,NA,"Normal",1
2024-10-01,"TB-JAS-SED-KAC","Teh Botol","Minuman","Jasmin","Sedang",2,"Botol Kaca","450 ml",12000,12,4000,"Pabrik A",10,"Oktober",1.10231095190249,"Riwayat",577,NA,"Optimis",1.1
2024-10-01,"TB-JAS-SED-KAC","Teh Botol","Minuman","Jasmin","Sedang",2,"Botol Kaca","450 ml",12000,12,4000,"Pabrik A",10,"Oktober",1.10231095190249,"Riwayat",577,NA,"Pesimis",0.9
2024-11-01,"TB-JAS-SED-KAC","Teh Botol","Minuman","Jasmin","Sedang",2,"Botol Kaca","450 ml",12000,12,4000,"Pabrik A",11,"November",1.22930409331178,"Riwayat",723,NA,"Normal",1
2024-11-01,"TB-JAS-SED-KAC","Teh Botol","Minuman","Jasmin","Sedang",2,"Botol Kaca","450 ml",12000,12,4000,"Pabrik A",11,"November",1.22930409331178,"Riwayat",723,NA,"Optimis",1.1
2024-11-01,"TB-JAS-SED-KAC","Teh Botol","Minuman","Jasmin","Sedang",2,"Botol Kaca","450 ml",12000,12,4000,"Pabrik A",11,"November",1.22930409331178,"Riwayat",723,NA,"Pesimis",0.9
2024-12-01,"TB-JAS-SED-KAC","Teh Botol","Minuman","Jasmin","Sedang",2,"Botol Kaca","450 ml",12000,12,4000,"Pabrik A",12,"Desember",1.43313966187585,"Riwayat",651,NA,"Normal",1
2024-12-01,"TB-JAS-SED-KAC","Teh Botol","Minuman","Jasmin","Sedang",2,"Botol Kaca","450 ml",12000,12,4000,"Pabrik A",12,"Desember",1.43313966187585,"Riwayat",651,NA,"Optimis",1.1
2024-12-01,"TB-JAS-SED-KAC","Teh Botol","Minuman","Jasmin","Sedang",2,"Botol Kaca","450 ml",12000,12,4000,"Pabrik A",12,"Desember",1.43313966187585,"Riwayat",651,NA,"Pesimis",0.9
2025-01-01,"TB-JAS-SED-KAC","Teh Botol","Minuman","Jasmin","Sedang",2,"Botol Kaca","450 ml",12000,12,4000,"Pabrik A",1,"Januari",0.760954086758988,"Riwayat",465,NA,"Normal",1
2025-01-01,"TB-JAS-SED-KAC","Teh Botol","Minuman","Jasmin","Sedang",2,"Botol Kaca","450 ml",12000,12,4000,"Pabrik A",1,"Januari",0.760954086758988,"Riwayat",465,NA,"Optimis",1.1
2025-01-01,"TB-JAS-SED-KAC","Teh Botol","Minuman","Jasmin","Sedang",2,"Botol Kaca","450 ml",12000,12,4000,"Pabrik A",1,"Januari",0.760954086758988,"Riwayat",465,NA,"Pesimis",0.9
2025-02-01,"TB-JAS-SED-KAC","Teh Botol","Minuman","Jasmin","Sedang",2,"Botol Kaca","450 ml",12000,12,4000,"Pabrik A",2,"Februari",0.737844567734044,"Riwayat",481,NA,"Normal",1
2025-02-01,"TB-JAS-SED-KAC","Teh Botol","Minuman","Jasmin","Sedang",2,"Botol Kaca","450 ml",12000,12,4000,"Pabrik A",2,"Februari",0.737844567734044,"Riwayat",481,NA,"Optimis",1.1
2025-02-01,"TB-JAS-SED-KAC","Teh Botol","Minuman","Jasmin","Sedang",2,"Botol Kaca","450 ml",12000,12,4000,"Pabrik A",2,"Februari",0.737844567734044,"Riwayat",481,NA,"Pesimis",0.9
2025-03-01,"TB-JAS-SED-KAC","Teh Botol","Minuman","Jasmin","Sedang",2,"Botol Kaca","450 ml",12000,12,4000,"Pabrik A",3,"Maret",0.879210169935783,"Riwayat",405,NA,"Normal",1
2025-03-01,"TB-JAS-SED-KAC","Teh Botol","Minuman","Jasmin","Sedang",2,"Botol Kaca","450 ml",12000,12,4000,"Pabrik A",3,"Maret",0.879210169935783,"Riwayat",405,NA,"Optimis",1.1
2025-03-01,"TB-JAS-SED-KAC","Teh Botol","Minuman","Jasmin","Sedang",2,"Botol Kaca","450 ml",12000,12,4000,"Pabrik A",3,"Maret",0.879210169935783,"Riwayat",405,NA,"Pesimis",0.9
2025-04-01,"TB-JAS-SED-KAC","Teh Botol","Minuman","Jasmin","Sedang",2,"Botol Kaca","450 ml",12000,12,4000,"Pabrik A",4,"April",0.90769297977371,"Riwayat",521,NA,"Normal",1
2025-04-01,"TB-JAS-SED-KAC","Teh Botol","Minuman","Jasmin","Sedang",2,"Botol Kaca","450 ml",12000,12,4000,"Pabrik A",4,"April",0.90769297977371,"Riwayat",521,NA,"Optimis",1.1
2025-04-01,"TB-JAS-SED-KAC","Teh Botol","Minuman","Jasmin","Sedang",2,"Botol Kaca","450 ml",12000,12,4000,"Pabrik A",4,"April",0.90769297977371,"Riwayat",521,NA,"Pesimis",0.9
2025-05-01,"TB-JAS-SED-KAC","Teh Botol","Minuman","Jasmin","Sedang",2,"Botol Kaca","450 ml",12000,12,4000,"Pabrik A",5,"Mei",1.0194399545673,"Riwayat",572,NA,"Normal",1
2025-05-01,"TB-JAS-SED-KAC","Teh Botol","Minuman","Jasmin","Sedang",2,"Botol Kaca","450 ml",12000,12,4000,"Pabrik A",5,"Mei",1.0194399545673,"Riwayat",572,NA,"Optimis",1.1
2025-05-01,"TB-JAS-SED-KAC","Teh Botol","Minuman","Jasmin","Sedang",2,"Botol Kaca","450 ml",12000,12,4000,"Pabrik A",5,"Mei",1.0194399545673,"Riwayat",572,NA,"Pesimis",0.9
2025-06-01,"TB-JAS-SED-KAC","Teh Botol","Minuman","Jasmin","Sedang",2,"Botol Kaca","450 ml",12000,12,4000,"Pabrik A",6,"Juni",1.05006334367219,"Riwayat",571,NA,"Normal",1
2025-06-01,"TB-JAS-SED-KAC","Teh Botol","Minuman","Jasmin","Sedang",2,"Botol Kaca","450 ml",12000,12,4000,"Pabrik A",6,"Juni",1.05006334367219,"Riwayat",571,NA,"Optimis",1.1
2025-06-01,"TB-JAS-SED-KAC","Teh Botol","Minuman","Jasmin","Sedang",2,"Botol Kaca","450 ml",12000,12,4000,"Pabrik A",6,"Juni",1.05006334367219,"Riwayat",571,NA,"Pesimis",0.9
2025-07-01,"TB-JAS-SED-KAC","Teh Botol","Minuman","Jasmin","Sedang",2,"Botol Kaca","450 ml",12000,12,4000,"Pabrik A",7,"Juli",1.01712463413569,"Riwayat",584,NA,"Normal",1
2025-07-01,"TB-JAS-SED-KAC","Teh Botol","Minuman","Jasmin","Sedang",2,"Botol Kaca","450 ml",12000,12,4000,"Pabrik A",7,"Juli",1.01712463413569,"Riwayat",584,NA,"Optimis",1.1
2025-07-01,"TB-JAS-SED-KAC","Teh Botol","Minuman","Jasmin","Sedang",2,"Botol Kaca","450 ml",12000,12,4000,"Pabrik A",7,"Juli",1.01712463413569,"Riwayat",584,NA,"Pesimis",0.9
2025-08-01,"TB-JAS-SED-KAC","Teh Botol","Minuman","Jasmin","Sedang",2,"Botol Kaca","450 ml",12000,12,4000,"Pabrik A",8,"Agustus",0.925822375606133,"Riwayat",549,NA,"Normal",1
2025-08-01,"TB-JAS-SED-KAC","Teh Botol","Minuman","Jasmin","Sedang",2,"Botol Kaca","450 ml",12000,12,4000,"Pabrik A",8,"Agustus",0.925822375606133,"Riwayat",549,NA,"Optimis",1.1
2025-08-01,"TB-JAS-SED-KAC","Teh Botol","Minuman","Jasmin","Sedang",2,"Botol Kaca","450 ml",12000,12,4000,"Pabrik A",8,"Agustus",0.925822375606133,"Riwayat",549,NA,"Pesimis",0.9
2025-09-01,"TB-JAS-SED-KAC","Teh Botol","Minuman","Jasmin","Sedang",2,"Botol Kaca","450 ml",12000,12,4000,"Pabrik A",9,"September",0.982875365864313,"Riwayat",595,NA,"Normal",1
2025-09-01,"TB-JAS-SED-KAC","Teh Botol","Minuman","Jasmin","Sedang",2,"Botol Kaca","450 ml",12000,12,4000,"Pabrik A",9,"September",0.982875365864313,"Riwayat",595,NA,"Optimis",1.1
2025-09-01,"TB-JAS-SED-KAC","Teh Botol","Minuman","Jasmin","Sedang",2,"Botol Kaca","450 ml",12000,12,4000,"Pabrik A",9,"September",0.982875365864313,"Riwayat",595,NA,"Pesimis",0.9
2025-10-01,"TB-JAS-SED-KAC","Teh Botol","Minuman","Jasmin","Sedang",2,"Botol Kaca","450 ml",12000,12,4000,"Pabrik A",10,"Oktober",1.10231095190249,"Riwayat",656,NA,"Normal",1
2025-10-01,"TB-JAS-SED-KAC","Teh Botol","Minuman","Jasmin","Sedang",2,"Botol Kaca","450 ml",12000,12,4000,"Pabrik A",10,"Oktober",1.10231095190249,"Riwayat",656,NA,"Optimis",1.1
2025-10-01,"TB-JAS-SED-KAC","Teh Botol","Minuman","Jasmin","Sedang",2,"Botol Kaca","450 ml",12000,12,4000,"Pabrik A",10,"Oktober",1.10231095190249,"Riwayat",656,NA,"Pesimis",0.9
2025-11-01,"TB-JAS-SED-KAC","Teh Botol","Minuman","Jasmin","Sedang",2,"Botol Kaca","450 ml",12000,12,4000,"Pabrik A",11,"November",1.22930409331178,"Riwayat",686,NA,"Normal",1
2025-11-01,"TB-JAS-SED-KAC","Teh Botol","Minuman","Jasmin","Sedang",2,"Botol Kaca","450 ml",12000,12,4000,"Pabrik A",11,"November",1.22930409331178,"Riwayat",686,NA,"Optimis",1.1
2025-11-01,"TB-JAS-SED-KAC","Teh Botol","Minuman","Jasmin","Sedang",2,"Botol Kaca","450 ml",12000,12,4000,"Pabrik A",11,"November",1.22930409331178,"Riwayat",686,NA,"Pesimis",0.9
2025-12-01,"TB-JAS-SED-KAC","Teh Botol","Minuman","Jasmin","Sedang",2,"Botol Kaca","450 ml",12000,12,4000,"Pabrik A",12,"Desember",1.43313966187585,"Riwayat",898,NA,"Normal",1
2025-12-01,"TB-JAS-SED-KAC","Teh Botol","Minuman","Jasmin","Sedang",2,"Botol Kaca","450 ml",12000,12,4000,"Pabrik A",12,"Desember",1.43313966187585,"Riwayat",898,NA,"Optimis",1.1
2025-12-01,"TB-JAS-SED-KAC","Teh Botol","Minuman","Jasmin","Sedang",2,"Botol Kaca","450 ml",12000,12,4000,"Pabrik A",12,"Desember",1.43313966187585,"Riwayat",898,NA,"Pesimis",0.9
2026-01-01,"TB-JAS-SED-KAC","Teh Botol","Minuman","Jasmin","Sedang",2,"Botol Kaca","450 ml",12000,12,4000,"Pabrik A",1,"Januari",0.760954086758988,"Plan",NA,522.014503516666,"Normal",1
2026-01-01,"TB-JAS-SED-KAC","Teh Botol","Minuman","Jasmin","Sedang",2,"Botol Kaca","450 ml",12000,12,4000,"Pabrik A",1,"Januari",0.760954086758988,"Plan",NA,574.215953868333,"Optimis",1.1
2026-01-01,"TB-JAS-SED-KAC","Teh Botol","Minuman","Jasmin","Sedang",2,"Botol Kaca","450 ml",12000,12,4000,"Pabrik A",1,"Januari",0.760954086758988,"Plan",NA,469.813053164999,"Pesimis",0.9
2026-02-01,"TB-JAS-SED-KAC","Teh Botol","Minuman","Jasmin","Sedang",2,"Botol Kaca","450 ml",12000,12,4000,"Pabrik A",2,"Februari",0.737844567734044,"Plan",NA,506.161373465554,"Normal",1
2026-02-01,"TB-JAS-SED-KAC","Teh Botol","Minuman","Jasmin","Sedang",2,"Botol Kaca","450 ml",12000,12,4000,"Pabrik A",2,"Februari",0.737844567734044,"Plan",NA,556.77751081211,"Optimis",1.1
2026-02-01,"TB-JAS-SED-KAC","Teh Botol","Minuman","Jasmin","Sedang",2,"Botol Kaca","450 ml",12000,12,4000,"Pabrik A",2,"Februari",0.737844567734044,"Plan",NA,455.545236118999,"Pesimis",0.9
2026-03-01,"TB-JAS-SED-KAC","Teh Botol","Minuman","Jasmin","Sedang",2,"Botol Kaca","450 ml",12000,12,4000,"Pabrik A",3,"Maret",0.879210169935783,"Plan",NA,603.138176575947,"Normal",1
2026-03-01,"TB-JAS-SED-KAC","Teh Botol","Minuman","Jasmin","Sedang",2,"Botol Kaca","450 ml",12000,12,4000,"Pabrik A",3,"Maret",0.879210169935783,"Plan",NA,663.451994233542,"Optimis",1.1
2026-03-01,"TB-JAS-SED-KAC","Teh Botol","Minuman","Jasmin","Sedang",2,"Botol Kaca","450 ml",12000,12,4000,"Pabrik A",3,"Maret",0.879210169935783,"Plan",NA,542.824358918352,"Pesimis",0.9
2026-04-01,"TB-JAS-SED-KAC","Teh Botol","Minuman","Jasmin","Sedang",2,"Botol Kaca","450 ml",12000,12,4000,"Pabrik A",4,"April",0.90769297977371,"Plan",NA,622.677384124765,"Normal",1
2026-04-01,"TB-JAS-SED-KAC","Teh Botol","Minuman","Jasmin","Sedang",2,"Botol Kaca","450 ml",12000,12,4000,"Pabrik A",4,"April",0.90769297977371,"Plan",NA,684.945122537242,"Optimis",1.1
2026-04-01,"TB-JAS-SED-KAC","Teh Botol","Minuman","Jasmin","Sedang",2,"Botol Kaca","450 ml",12000,12,4000,"Pabrik A",4,"April",0.90769297977371,"Plan",NA,560.409645712289,"Pesimis",0.9
2026-05-01,"TB-JAS-SED-KAC","Teh Botol","Minuman","Jasmin","Sedang",2,"Botol Kaca","450 ml",12000,12,4000,"Pabrik A",5,"Mei",1.0194399545673,"Plan",NA,699.335808833166,"Normal",1
2026-05-01,"TB-JAS-SED-KAC","Teh Botol","Minuman","Jasmin","Sedang",2,"Botol Kaca","450 ml",12000,12,4000,"Pabrik A",5,"Mei",1.0194399545673,"Plan",NA,769.269389716482,"Optimis",1.1
2026-05-01,"TB-JAS-SED-KAC","Teh Botol","Minuman","Jasmin","Sedang",2,"Botol Kaca","450 ml",12000,12,4000,"Pabrik A",5,"Mei",1.0194399545673,"Plan",NA,629.402227949849,"Pesimis",0.9
2026-06-01,"TB-JAS-SED-KAC","Teh Botol","Minuman","Jasmin","Sedang",2,"Botol Kaca","450 ml",12000,12,4000,"Pabrik A",6,"Juni",1.05006334367219,"Plan",NA,720.343453759119,"Normal",1
2026-06-01,"TB-JAS-SED-KAC","Teh Botol","Minuman","Jasmin","Sedang",2,"Botol Kaca","450 ml",12000,12,4000,"Pabrik A",6,"Juni",1.05006334367219,"Plan",NA,792.377799135031,"Optimis",1.1
2026-06-01,"TB-JAS-SED-KAC","Teh Botol","Minuman","Jasmin","Sedang",2,"Botol Kaca","450 ml",12000,12,4000,"Pabrik A",6,"Juni",1.05006334367219,"Plan",NA,648.309108383207,"Pesimis",0.9
2023-01-01,"TB-JAS-SED-KAC","Teh Botol","Minuman","Jasmin","Sedang",2,"Botol Kaca","450 ml",12000,12,4000,"Pabrik B",1,"Januari",0.760954086758988,"Riwayat",206,NA,"Normal",1
2023-01-01,"TB-JAS-SED-KAC","Teh Botol","Minuman","Jasmin","Sedang",2,"Botol Kaca","450 ml",12000,12,4000,"Pabrik B",1,"Januari",0.760954086758988,"Riwayat",206,NA,"Optimis",1.1
2023-01-01,"TB-JAS-SED-KAC","Teh Botol","Minuman","Jasmin","Sedang",2,"Botol Kaca","450 ml",12000,12,4000,"Pabrik B",1,"Januari",0.760954086758988,"Riwayat",206,NA,"Pesimis",0.9
2023-02-01,"TB-JAS-SED-KAC","Teh Botol","Minuman","Jasmin","Sedang",2,"Botol Kaca","450 ml",12000,12,4000,"Pabrik B",2,"Februari",0.737844567734044,"Riwayat",223,NA,"Normal",1
2023-02-01,"TB-JAS-SED-KAC","Teh Botol","Minuman","Jasmin","Sedang",2,"Botol Kaca","450 ml",12000,12,4000,"Pabrik B",2,"Februari",0.737844567734044,"Riwayat",223,NA,"Optimis",1.1
2023-02-01,"TB-JAS-SED-KAC","Teh Botol","Minuman","Jasmin","Sedang",2,"Botol Kaca","450 ml",12000,12,4000,"Pabrik B",2,"Februari",0.737844567734044,"Riwayat",223,NA,"Pesimis",0.9
2023-03-01,"TB-JAS-SED-KAC","Teh Botol","Minuman","Jasmin","Sedang",2,"Botol Kaca","450 ml",12000,12,4000,"Pabrik B",3,"Maret",0.879210169935783,"Riwayat",249,NA,"Normal",1
2023-03-01,"TB-JAS-SED-KAC","Teh Botol","Minuman","Jasmin","Sedang",2,"Botol Kaca","450 ml",12000,12,4000,"Pabrik B",3,"Maret",0.879210169935783,"Riwayat",249,NA,"Optimis",1.1
2023-03-01,"TB-JAS-SED-KAC","Teh Botol","Minuman","Jasmin","Sedang",2,"Botol Kaca","450 ml",12000,12,4000,"Pabrik B",3,"Maret",0.879210169935783,"Riwayat",249,NA,"Pesimis",0.9
2023-04-01,"TB-JAS-SED-KAC","Teh Botol","Minuman","Jasmin","Sedang",2,"Botol Kaca","450 ml",12000,12,4000,"Pabrik B",4,"April",0.90769297977371,"Riwayat",241,NA,"Normal",1
2023-04-01,"TB-JAS-SED-KAC","Teh Botol","Minuman","Jasmin","Sedang",2,"Botol Kaca","450 ml",12000,12,4000,"Pabrik B",4,"April",0.90769297977371,"Riwayat",241,NA,"Optimis",1.1
2023-04-01,"TB-JAS-SED-KAC","Teh Botol","Minuman","Jasmin","Sedang",2,"Botol Kaca","450 ml",12000,12,4000,"Pabrik B",4,"April",0.90769297977371,"Riwayat",241,NA,"Pesimis",0.9
2023-05-01,"TB-JAS-SED-KAC","Teh Botol","Minuman","Jasmin","Sedang",2,"Botol Kaca","450 ml",12000,12,4000,"Pabrik B",5,"Mei",1.0194399545673,"Riwayat",326,NA,"Normal",1
2023-05-01,"TB-JAS-SED-KAC","Teh Botol","Minuman","Jasmin","Sedang",2,"Botol Kaca","450 ml",12000,12,4000,"Pabrik B",5,"Mei",1.0194399545673,"Riwayat",326,NA,"Optimis",1.1
2023-05-01,"TB-JAS-SED-KAC","Teh Botol","Minuman","Jasmin","Sedang",2,"Botol Kaca","450 ml",12000,12,4000,"Pabrik B",5,"Mei",1.0194399545673,"Riwayat",326,NA,"Pesimis",0.9
2023-06-01,"TB-JAS-SED-KAC","Teh Botol","Minuman","Jasmin","Sedang",2,"Botol Kaca","450 ml",12000,12,4000,"Pabrik B",6,"Juni",1.05006334367219,"Riwayat",292,NA,"Normal",1
2023-06-01,"TB-JAS-SED-KAC","Teh Botol","Minuman","Jasmin","Sedang",2,"Botol Kaca","450 ml",12000,12,4000,"Pabrik B",6,"Juni",1.05006334367219,"Riwayat",292,NA,"Optimis",1.1
2023-06-01,"TB-JAS-SED-KAC","Teh Botol","Minuman","Jasmin","Sedang",2,"Botol Kaca","450 ml",12000,12,4000,"Pabrik B",6,"Juni",1.05006334367219,"Riwayat",292,NA,"Pesimis",0.9
2023-07-01,"TB-JAS-SED-KAC","Teh Botol","Minuman","Jasmin","Sedang",2,"Botol Kaca","450 ml",12000,12,4000,"Pabrik B",7,"Juli",1.01712463413569,"Riwayat",296,NA,"Normal",1
2023-07-01,"TB-JAS-SED-KAC","Teh Botol","Minuman","Jasmin","Sedang",2,"Botol Kaca","450 ml",12000,12,4000,"Pabrik B",7,"Juli",1.01712463413569,"Riwayat",296,NA,"Optimis",1.1
2023-07-01,"TB-JAS-SED-KAC","Teh Botol","Minuman","Jasmin","Sedang",2,"Botol Kaca","450 ml",12000,12,4000,"Pabrik B",7,"Juli",1.01712463413569,"Riwayat",296,NA,"Pesimis",0.9
2023-08-01,"TB-JAS-SED-KAC","Teh Botol","Minuman","Jasmin","Sedang",2,"Botol Kaca","450 ml",12000,12,4000,"Pabrik B",8,"Agustus",0.925822375606133,"Riwayat",297,NA,"Normal",1
2023-08-01,"TB-JAS-SED-KAC","Teh Botol","Minuman","Jasmin","Sedang",2,"Botol Kaca","450 ml",12000,12,4000,"Pabrik B",8,"Agustus",0.925822375606133,"Riwayat",297,NA,"Optimis",1.1
2023-08-01,"TB-JAS-SED-KAC","Teh Botol","Minuman","Jasmin","Sedang",2,"Botol Kaca","450 ml",12000,12,4000,"Pabrik B",8,"Agustus",0.925822375606133,"Riwayat",297,NA,"Pesimis",0.9
2023-09-01,"TB-JAS-SED-KAC","Teh Botol","Minuman","Jasmin","Sedang",2,"Botol Kaca","450 ml",12000,12,4000,"Pabrik B",9,"September",0.982875365864313,"Riwayat",311,NA,"Normal",1
2023-09-01,"TB-JAS-SED-KAC","Teh Botol","Minuman","Jasmin","Sedang",2,"Botol Kaca","450 ml",12000,12,4000,"Pabrik B",9,"September",0.982875365864313,"Riwayat",311,NA,"Optimis",1.1
2023-09-01,"TB-JAS-SED-KAC","Teh Botol","Minuman","Jasmin","Sedang",2,"Botol Kaca","450 ml",12000,12,4000,"Pabrik B",9,"September",0.982875365864313,"Riwayat",311,NA,"Pesimis",0.9
2023-10-01,"TB-JAS-SED-KAC","Teh Botol","Minuman","Jasmin","Sedang",2,"Botol Kaca","450 ml",12000,12,4000,"Pabrik B",10,"Oktober",1.10231095190249,"Riwayat",301,NA,"Normal",1
2023-10-01,"TB-JAS-SED-KAC","Teh Botol","Minuman","Jasmin","Sedang",2,"Botol Kaca","450 ml",12000,12,4000,"Pabrik B",10,"Oktober",1.10231095190249,"Riwayat",301,NA,"Optimis",1.1
2023-10-01,"TB-JAS-SED-KAC","Teh Botol","Minuman","Jasmin","Sedang",2,"Botol Kaca","450 ml",12000,12,4000,"Pabrik B",10,"Oktober",1.10231095190249,"Riwayat",301,NA,"Pesimis",0.9
2023-11-01,"TB-JAS-SED-KAC","Teh Botol","Minuman","Jasmin","Sedang",2,"Botol Kaca","450 ml",12000,12,4000,"Pabrik B",11,"November",1.22930409331178,"Riwayat",364,NA,"Normal",1
2023-11-01,"TB-JAS-SED-KAC","Teh Botol","Minuman","Jasmin","Sedang",2,"Botol Kaca","450 ml",12000,12,4000,"Pabrik B",11,"November",1.22930409331178,"Riwayat",364,NA,"Optimis",1.1
2023-11-01,"TB-JAS-SED-KAC","Teh Botol","Minuman","Jasmin","Sedang",2,"Botol Kaca","450 ml",12000,12,4000,"Pabrik B",11,"November",1.22930409331178,"Riwayat",364,NA,"Pesimis",0.9
2023-12-01,"TB-JAS-SED-KAC","Teh Botol","Minuman","Jasmin","Sedang",2,"Botol Kaca","450 ml",12000,12,4000,"Pabrik B",12,"Desember",1.43313966187585,"Riwayat",381,NA,"Normal",1
2023-12-01,"TB-JAS-SED-KAC","Teh Botol","Minuman","Jasmin","Sedang",2,"Botol Kaca","450 ml",12000,12,4000,"Pabrik B",12,"Desember",1.43313966187585,"Riwayat",381,NA,"Optimis",1.1
2023-12-01,"TB-JAS-SED-KAC","Teh Botol","Minuman","Jasmin","Sedang",2,"Botol Kaca","450 ml",12000,12,4000,"Pabrik B",12,"Desember",1.43313966187585,"Riwayat",381,NA,"Pesimis",0.9
2024-01-01,"TB-JAS-SED-KAC","Teh Botol","Minuman","Jasmin","Sedang",2,"Botol Kaca","450 ml",12000,12,4000,"Pabrik B",1,"Januari",0.760954086758988,"Riwayat",231,NA,"Normal",1
2024-01-01,"TB-JAS-SED-KAC","Teh Botol","Minuman","Jasmin","Sedang",2,"Botol Kaca","450 ml",12000,12,4000,"Pabrik B",1,"Januari",0.760954086758988,"Riwayat",231,NA,"Optimis",1.1
2024-01-01,"TB-JAS-SED-KAC","Teh Botol","Minuman","Jasmin","Sedang",2,"Botol Kaca","450 ml",12000,12,4000,"Pabrik B",1,"Januari",0.760954086758988,"Riwayat",231,NA,"Pesimis",0.9
2024-02-01,"TB-JAS-SED-KAC","Teh Botol","Minuman","Jasmin","Sedang",2,"Botol Kaca","450 ml",12000,12,4000,"Pabrik B",2,"Februari",0.737844567734044,"Riwayat",236,NA,"Normal",1
2024-02-01,"TB-JAS-SED-KAC","Teh Botol","Minuman","Jasmin","Sedang",2,"Botol Kaca","450 ml",12000,12,4000,"Pabrik B",2,"Februari",0.737844567734044,"Riwayat",236,NA,"Optimis",1.1
2024-02-01,"TB-JAS-SED-KAC","Teh Botol","Minuman","Jasmin","Sedang",2,"Botol Kaca","450 ml",12000,12,4000,"Pabrik B",2,"Februari",0.737844567734044,"Riwayat",236,NA,"Pesimis",0.9
2024-03-01,"TB-JAS-SED-KAC","Teh Botol","Minuman","Jasmin","Sedang",2,"Botol Kaca","450 ml",12000,12,4000,"Pabrik B",3,"Maret",0.879210169935783,"Riwayat",579,NA,"Normal",1
2024-03-01,"TB-JAS-SED-KAC","Teh Botol","Minuman","Jasmin","Sedang",2,"Botol Kaca","450 ml",12000,12,4000,"Pabrik B",3,"Maret",0.879210169935783,"Riwayat",579,NA,"Optimis",1.1
2024-03-01,"TB-JAS-SED-KAC","Teh Botol","Minuman","Jasmin","Sedang",2,"Botol Kaca","450 ml",12000,12,4000,"Pabrik B",3,"Maret",0.879210169935783,"Riwayat",579,NA,"Pesimis",0.9
2024-04-01,"TB-JAS-SED-KAC","Teh Botol","Minuman","Jasmin","Sedang",2,"Botol Kaca","450 ml",12000,12,4000,"Pabrik B",4,"April",0.90769297977371,"Riwayat",292,NA,"Normal",1
2024-04-01,"TB-JAS-SED-KAC","Teh Botol","Minuman","Jasmin","Sedang",2,"Botol Kaca","450 ml",12000,12,4000,"Pabrik B",4,"April",0.90769297977371,"Riwayat",292,NA,"Optimis",1.1
2024-04-01,"TB-JAS-SED-KAC","Teh Botol","Minuman","Jasmin","Sedang",2,"Botol Kaca","450 ml",12000,12,4000,"Pabrik B",4,"April",0.90769297977371,"Riwayat",292,NA,"Pesimis",0.9
2024-05-01,"TB-JAS-SED-KAC","Teh Botol","Minuman","Jasmin","Sedang",2,"Botol Kaca","450 ml",12000,12,4000,"Pabrik B",5,"Mei",1.0194399545673,"Riwayat",365,NA,"Normal",1
2024-05-01,"TB-JAS-SED-KAC","Teh Botol","Minuman","Jasmin","Sedang",2,"Botol Kaca","450 ml",12000,12,4000,"Pabrik B",5,"Mei",1.0194399545673,"Riwayat",365,NA,"Optimis",1.1
2024-05-01,"TB-JAS-SED-KAC","Teh Botol","Minuman","Jasmin","Sedang",2,"Botol Kaca","450 ml",12000,12,4000,"Pabrik B",5,"Mei",1.0194399545673,"Riwayat",365,NA,"Pesimis",0.9
2024-06-01,"TB-JAS-SED-KAC","Teh Botol","Minuman","Jasmin","Sedang",2,"Botol Kaca","450 ml",12000,12,4000,"Pabrik B",6,"Juni",1.05006334367219,"Riwayat",422,NA,"Normal",1
2024-06-01,"TB-JAS-SED-KAC","Teh Botol","Minuman","Jasmin","Sedang",2,"Botol Kaca","450 ml",12000,12,4000,"Pabrik B",6,"Juni",1.05006334367219,"Riwayat",422,NA,"Optimis",1.1
2024-06-01,"TB-JAS-SED-KAC","Teh Botol","Minuman","Jasmin","Sedang",2,"Botol Kaca","450 ml",12000,12,4000,"Pabrik B",6,"Juni",1.05006334367219,"Riwayat",422,NA,"Pesimis",0.9
2024-07-01,"TB-JAS-SED-KAC","Teh Botol","Minuman","Jasmin","Sedang",2,"Botol Kaca","450 ml",12000,12,4000,"Pabrik B",7,"Juli",1.01712463413569,"Riwayat",328,NA,"Normal",1
2024-07-01,"TB-JAS-SED-KAC","Teh Botol","Minuman","Jasmin","Sedang",2,"Botol Kaca","450 ml",12000,12,4000,"Pabrik B",7,"Juli",1.01712463413569,"Riwayat",328,NA,"Optimis",1.1
2024-07-01,"TB-JAS-SED-KAC","Teh Botol","Minuman","Jasmin","Sedang",2,"Botol Kaca","450 ml",12000,12,4000,"Pabrik B",7,"Juli",1.01712463413569,"Riwayat",328,NA,"Pesimis",0.9
2024-08-01,"TB-JAS-SED-KAC","Teh Botol","Minuman","Jasmin","Sedang",2,"Botol Kaca","450 ml",12000,12,4000,"Pabrik B",8,"Agustus",0.925822375606133,"Riwayat",353,NA,"Normal",1
2024-08-01,"TB-JAS-SED-KAC","Teh Botol","Minuman","Jasmin","Sedang",2,"Botol Kaca","450 ml",12000,12,4000,"Pabrik B",8,"Agustus",0.925822375606133,"Riwayat",353,NA,"Optimis",1.1
2024-08-01,"TB-JAS-SED-KAC","Teh Botol","Minuman","Jasmin","Sedang",2,"Botol Kaca","450 ml",12000,12,4000,"Pabrik B",8,"Agustus",0.925822375606133,"Riwayat",353,NA,"Pesimis",0.9
2024-09-01,"TB-JAS-SED-KAC","Teh Botol","Minuman","Jasmin","Sedang",2,"Botol Kaca","450 ml",12000,12,4000,"Pabrik B",9,"September",0.982875365864313,"Riwayat",359,NA,"Normal",1
2024-09-01,"TB-JAS-SED-KAC","Teh Botol","Minuman","Jasmin","Sedang",2,"Botol Kaca","450 ml",12000,12,4000,"Pabrik B",9,"September",0.982875365864313,"Riwayat",359,NA,"Optimis",1.1
2024-09-01,"TB-JAS-SED-KAC","Teh Botol","Minuman","Jasmin","Sedang",2,"Botol Kaca","450 ml",12000,12,4000,"Pabrik B",9,"September",0.982875365864313,"Riwayat",359,NA,"Pesimis",0.9
2024-10-01,"TB-JAS-SED-KAC","Teh Botol","Minuman","Jasmin","Sedang",2,"Botol Kaca","450 ml",12000,12,4000,"Pabrik B",10,"Oktober",1.10231095190249,"Riwayat",397,NA,"Normal",1
2024-10-01,"TB-JAS-SED-KAC","Teh Botol","Minuman","Jasmin","Sedang",2,"Botol Kaca","450 ml",12000,12,4000,"Pabrik B",10,"Oktober",1.10231095190249,"Riwayat",397,NA,"Optimis",1.1
2024-10-01,"TB-JAS-SED-KAC","Teh Botol","Minuman","Jasmin","Sedang",2,"Botol Kaca","450 ml",12000,12,4000,"Pabrik B",10,"Oktober",1.10231095190249,"Riwayat",397,NA,"Pesimis",0.9
2024-11-01,"TB-JAS-SED-KAC","Teh Botol","Minuman","Jasmin","Sedang",2,"Botol Kaca","450 ml",12000,12,4000,"Pabrik B",11,"November",1.22930409331178,"Riwayat",419,NA,"Normal",1
2024-11-01,"TB-JAS-SED-KAC","Teh Botol","Minuman","Jasmin","Sedang",2,"Botol Kaca","450 ml",12000,12,4000,"Pabrik B",11,"November",1.22930409331178,"Riwayat",419,NA,"Optimis",1.1
2024-11-01,"TB-JAS-SED-KAC","Teh Botol","Minuman","Jasmin","Sedang",2,"Botol Kaca","450 ml",12000,12,4000,"Pabrik B",11,"November",1.22930409331178,"Riwayat",419,NA,"Pesimis",0.9
2024-12-01,"TB-JAS-SED-KAC","Teh Botol","Minuman","Jasmin","Sedang",2,"Botol Kaca","450 ml",12000,12,4000,"Pabrik B",12,"Desember",1.43313966187585,"Riwayat",460,NA,"Normal",1
2024-12-01,"TB-JAS-SED-KAC","Teh Botol","Minuman","Jasmin","Sedang",2,"Botol Kaca","450 ml",12000,12,4000,"Pabrik B",12,"Desember",1.43313966187585,"Riwayat",460,NA,"Optimis",1.1
2024-12-01,"TB-JAS-SED-KAC","Teh Botol","Minuman","Jasmin","Sedang",2,"Botol Kaca","450 ml",12000,12,4000,"Pabrik B",12,"Desember",1.43313966187585,"Riwayat",460,NA,"Pesimis",0.9
2025-01-01,"TB-JAS-SED-KAC","Teh Botol","Minuman","Jasmin","Sedang",2,"Botol Kaca","450 ml",12000,12,4000,"Pabrik B",1,"Januari",0.760954086758988,"Riwayat",292,NA,"Normal",1
2025-01-01,"TB-JAS-SED-KAC","Teh Botol","Minuman","Jasmin","Sedang",2,"Botol Kaca","450 ml",12000,12,4000,"Pabrik B",1,"Januari",0.760954086758988,"Riwayat",292,NA,"Optimis",1.1
2025-01-01,"TB-JAS-SED-KAC","Teh Botol","Minuman","Jasmin","Sedang",2,"Botol Kaca","450 ml",12000,12,4000,"Pabrik B",1,"Januari",0.760954086758988,"Riwayat",292,NA,"Pesimis",0.9
2025-02-01,"TB-JAS-SED-KAC","Teh Botol","Minuman","Jasmin","Sedang",2,"Botol Kaca","450 ml",12000,12,4000,"Pabrik B",2,"Februari",0.737844567734044,"Riwayat",277,NA,"Normal",1
2025-02-01,"TB-JAS-SED-KAC","Teh Botol","Minuman","Jasmin","Sedang",2,"Botol Kaca","450 ml",12000,12,4000,"Pabrik B",2,"Februari",0.737844567734044,"Riwayat",277,NA,"Optimis",1.1
2025-02-01,"TB-JAS-SED-KAC","Teh Botol","Minuman","Jasmin","Sedang",2,"Botol Kaca","450 ml",12000,12,4000,"Pabrik B",2,"Februari",0.737844567734044,"Riwayat",277,NA,"Pesimis",0.9
2025-03-01,"TB-JAS-SED-KAC","Teh Botol","Minuman","Jasmin","Sedang",2,"Botol Kaca","450 ml",12000,12,4000,"Pabrik B",3,"Maret",0.879210169935783,"Riwayat",345,NA,"Normal",1
2025-03-01,"TB-JAS-SED-KAC","Teh Botol","Minuman","Jasmin","Sedang",2,"Botol Kaca","450 ml",12000,12,4000,"Pabrik B",3,"Maret",0.879210169935783,"Riwayat",345,NA,"Optimis",1.1
2025-03-01,"TB-JAS-SED-KAC","Teh Botol","Minuman","Jasmin","Sedang",2,"Botol Kaca","450 ml",12000,12,4000,"Pabrik B",3,"Maret",0.879210169935783,"Riwayat",345,NA,"Pesimis",0.9
2025-04-01,"TB-JAS-SED-KAC","Teh Botol","Minuman","Jasmin","Sedang",2,"Botol Kaca","450 ml",12000,12,4000,"Pabrik B",4,"April",0.90769297977371,"Riwayat",395,NA,"Normal",1
2025-04-01,"TB-JAS-SED-KAC","Teh Botol","Minuman","Jasmin","Sedang",2,"Botol Kaca","450 ml",12000,12,4000,"Pabrik B",4,"April",0.90769297977371,"Riwayat",395,NA,"Optimis",1.1
2025-04-01,"TB-JAS-SED-KAC","Teh Botol","Minuman","Jasmin","Sedang",2,"Botol Kaca","450 ml",12000,12,4000,"Pabrik B",4,"April",0.90769297977371,"Riwayat",395,NA,"Pesimis",0.9
2025-05-01,"TB-JAS-SED-KAC","Teh Botol","Minuman","Jasmin","Sedang",2,"Botol Kaca","450 ml",12000,12,4000,"Pabrik B",5,"Mei",1.0194399545673,"Riwayat",375,NA,"Normal",1
2025-05-01,"TB-JAS-SED-KAC","Teh Botol","Minuman","Jasmin","Sedang",2,"Botol Kaca","450 ml",12000,12,4000,"Pabrik B",5,"Mei",1.0194399545673,"Riwayat",375,NA,"Optimis",1.1
2025-05-01,"TB-JAS-SED-KAC","Teh Botol","Minuman","Jasmin","Sedang",2,"Botol Kaca","450 ml",12000,12,4000,"Pabrik B",5,"Mei",1.0194399545673,"Riwayat",375,NA,"Pesimis",0.9
2025-06-01,"TB-JAS-SED-KAC","Teh Botol","Minuman","Jasmin","Sedang",2,"Botol Kaca","450 ml",12000,12,4000,"Pabrik B",6,"Juni",1.05006334367219,"Riwayat",435,NA,"Normal",1
2025-06-01,"TB-JAS-SED-KAC","Teh Botol","Minuman","Jasmin","Sedang",2,"Botol Kaca","450 ml",12000,12,4000,"Pabrik B",6,"Juni",1.05006334367219,"Riwayat",435,NA,"Optimis",1.1
2025-06-01,"TB-JAS-SED-KAC","Teh Botol","Minuman","Jasmin","Sedang",2,"Botol Kaca","450 ml",12000,12,4000,"Pabrik B",6,"Juni",1.05006334367219,"Riwayat",435,NA,"Pesimis",0.9
2025-07-01,"TB-JAS-SED-KAC","Teh Botol","Minuman","Jasmin","Sedang",2,"Botol Kaca","450 ml",12000,12,4000,"Pabrik B",7,"Juli",1.01712463413569,"Riwayat",430,NA,"Normal",1
2025-07-01,"TB-JAS-SED-KAC","Teh Botol","Minuman","Jasmin","Sedang",2,"Botol Kaca","450 ml",12000,12,4000,"Pabrik B",7,"Juli",1.01712463413569,"Riwayat",430,NA,"Optimis",1.1
2025-07-01,"TB-JAS-SED-KAC","Teh Botol","Minuman","Jasmin","Sedang",2,"Botol Kaca","450 ml",12000,12,4000,"Pabrik B",7,"Juli",1.01712463413569,"Riwayat",430,NA,"Pesimis",0.9
2025-08-01,"TB-JAS-SED-KAC","Teh Botol","Minuman","Jasmin","Sedang",2,"Botol Kaca","450 ml",12000,12,4000,"Pabrik B",8,"Agustus",0.925822375606133,"Riwayat",368,NA,"Normal",1
2025-08-01,"TB-JAS-SED-KAC","Teh Botol","Minuman","Jasmin","Sedang",2,"Botol Kaca","450 ml",12000,12,4000,"Pabrik B",8,"Agustus",0.925822375606133,"Riwayat",368,NA,"Optimis",1.1
2025-08-01,"TB-JAS-SED-KAC","Teh Botol","Minuman","Jasmin","Sedang",2,"Botol Kaca","450 ml",12000,12,4000,"Pabrik B",8,"Agustus",0.925822375606133,"Riwayat",368,NA,"Pesimis",0.9
2025-09-01,"TB-JAS-SED-KAC","Teh Botol","Minuman","Jasmin","Sedang",2,"Botol Kaca","450 ml",12000,12,4000,"Pabrik B",9,"September",0.982875365864313,"Riwayat",767,NA,"Normal",1
2025-09-01,"TB-JAS-SED-KAC","Teh Botol","Minuman","Jasmin","Sedang",2,"Botol Kaca","450 ml",12000,12,4000,"Pabrik B",9,"September",0.982875365864313,"Riwayat",767,NA,"Optimis",1.1
2025-09-01,"TB-JAS-SED-KAC","Teh Botol","Minuman","Jasmin","Sedang",2,"Botol Kaca","450 ml",12000,12,4000,"Pabrik B",9,"September",0.982875365864313,"Riwayat",767,NA,"Pesimis",0.9
2025-10-01,"TB-JAS-SED-KAC","Teh Botol","Minuman","Jasmin","Sedang",2,"Botol Kaca","450 ml",12000,12,4000,"Pabrik B",10,"Oktober",1.10231095190249,"Riwayat",483,NA,"Normal",1
2025-10-01,"TB-JAS-SED-KAC","Teh Botol","Minuman","Jasmin","Sedang",2,"Botol Kaca","450 ml",12000,12,4000,"Pabrik B",10,"Oktober",1.10231095190249,"Riwayat",483,NA,"Optimis",1.1
2025-10-01,"TB-JAS-SED-KAC","Teh Botol","Minuman","Jasmin","Sedang",2,"Botol Kaca","450 ml",12000,12,4000,"Pabrik B",10,"Oktober",1.10231095190249,"Riwayat",483,NA,"Pesimis",0.9
2025-11-01,"TB-JAS-SED-KAC","Teh Botol","Minuman","Jasmin","Sedang",2,"Botol Kaca","450 ml",12000,12,4000,"Pabrik B",11,"November",1.22930409331178,"Riwayat",508,NA,"Normal",1
2025-11-01,"TB-JAS-SED-KAC","Teh Botol","Minuman","Jasmin","Sedang",2,"Botol Kaca","450 ml",12000,12,4000,"Pabrik B",11,"November",1.22930409331178,"Riwayat",508,NA,"Optimis",1.1
2025-11-01,"TB-JAS-SED-KAC","Teh Botol","Minuman","Jasmin","Sedang",2,"Botol Kaca","450 ml",12000,12,4000,"Pabrik B",11,"November",1.22930409331178,"Riwayat",508,NA,"Pesimis",0.9
2025-12-01,"TB-JAS-SED-KAC","Teh Botol","Minuman","Jasmin","Sedang",2,"Botol Kaca","450 ml",12000,12,4000,"Pabrik B",12,"Desember",1.43313966187585,"Riwayat",593,NA,"Normal",1
2025-12-01,"TB-JAS-SED-KAC","Teh Botol","Minuman","Jasmin","Sedang",2,"Botol Kaca","450 ml",12000,12,4000,"Pabrik B",12,"Desember",1.43313966187585,"Riwayat",593,NA,"Optimis",1.1
2025-12-01,"TB-JAS-SED-KAC","Teh Botol","Minuman","Jasmin","Sedang",2,"Botol Kaca","450 ml",12000,12,4000,"Pabrik B",12,"Desember",1.43313966187585,"Riwayat",593,NA,"Pesimis",0.9
2026-01-01,"TB-JAS-SED-KAC","Teh Botol","Minuman","Jasmin","Sedang",2,"Botol Kaca","450 ml",12000,12,4000,"Pabrik B",1,"Januari",0.760954086758988,"Plan",NA,386.564676073566,"Normal",1
2026-01-01,"TB-JAS-SED-KAC","Teh Botol","Minuman","Jasmin","Sedang",2,"Botol Kaca","450 ml",12000,12,4000,"Pabrik B",1,"Januari",0.760954086758988,"Plan",NA,425.221143680923,"Optimis",1.1
2026-01-01,"TB-JAS-SED-KAC","Teh Botol","Minuman","Jasmin","Sedang",2,"Botol Kaca","450 ml",12000,12,4000,"Pabrik B",1,"Januari",0.760954086758988,"Plan",NA,347.908208466209,"Pesimis",0.9
2026-02-01,"TB-JAS-SED-KAC","Teh Botol","Minuman","Jasmin","Sedang",2,"Botol Kaca","450 ml",12000,12,4000,"Pabrik B",2,"Februari",0.737844567734044,"Plan",NA,374.825040408894,"Normal",1
2026-02-01,"TB-JAS-SED-KAC","Teh Botol","Minuman","Jasmin","Sedang",2,"Botol Kaca","450 ml",12000,12,4000,"Pabrik B",2,"Februari",0.737844567734044,"Plan",NA,412.307544449784,"Optimis",1.1
2026-02-01,"TB-JAS-SED-KAC","Teh Botol","Minuman","Jasmin","Sedang",2,"Botol Kaca","450 ml",12000,12,4000,"Pabrik B",2,"Februari",0.737844567734044,"Plan",NA,337.342536368005,"Pesimis",0.9
2026-03-01,"TB-JAS-SED-KAC","Teh Botol","Minuman","Jasmin","Sedang",2,"Botol Kaca","450 ml",12000,12,4000,"Pabrik B",3,"Maret",0.879210169935783,"Plan",NA,446.638766327378,"Normal",1
2026-03-01,"TB-JAS-SED-KAC","Teh Botol","Minuman","Jasmin","Sedang",2,"Botol Kaca","450 ml",12000,12,4000,"Pabrik B",3,"Maret",0.879210169935783,"Plan",NA,491.302642960115,"Optimis",1.1
2026-03-01,"TB-JAS-SED-KAC","Teh Botol","Minuman","Jasmin","Sedang",2,"Botol Kaca","450 ml",12000,12,4000,"Pabrik B",3,"Maret",0.879210169935783,"Plan",NA,401.97488969464,"Pesimis",0.9
2026-04-01,"TB-JAS-SED-KAC","Teh Botol","Minuman","Jasmin","Sedang",2,"Botol Kaca","450 ml",12000,12,4000,"Pabrik B",4,"April",0.90769297977371,"Plan",NA,461.108033725045,"Normal",1
2026-04-01,"TB-JAS-SED-KAC","Teh Botol","Minuman","Jasmin","Sedang",2,"Botol Kaca","450 ml",12000,12,4000,"Pabrik B",4,"April",0.90769297977371,"Plan",NA,507.218837097549,"Optimis",1.1
2026-04-01,"TB-JAS-SED-KAC","Teh Botol","Minuman","Jasmin","Sedang",2,"Botol Kaca","450 ml",12000,12,4000,"Pabrik B",4,"April",0.90769297977371,"Plan",NA,414.99723035254,"Pesimis",0.9
2026-05-01,"TB-JAS-SED-KAC","Teh Botol","Minuman","Jasmin","Sedang",2,"Botol Kaca","450 ml",12000,12,4000,"Pabrik B",5,"Mei",1.0194399545673,"Plan",NA,517.875496920187,"Normal",1
2026-05-01,"TB-JAS-SED-KAC","Teh Botol","Minuman","Jasmin","Sedang",2,"Botol Kaca","450 ml",12000,12,4000,"Pabrik B",5,"Mei",1.0194399545673,"Plan",NA,569.663046612206,"Optimis",1.1
2026-05-01,"TB-JAS-SED-KAC","Teh Botol","Minuman","Jasmin","Sedang",2,"Botol Kaca","450 ml",12000,12,4000,"Pabrik B",5,"Mei",1.0194399545673,"Plan",NA,466.087947228168,"Pesimis",0.9
2026-06-01,"TB-JAS-SED-KAC","Teh Botol","Minuman","Jasmin","Sedang",2,"Botol Kaca","450 ml",12000,12,4000,"Pabrik B",6,"Juni",1.05006334367219,"Plan",NA,533.43217858547,"Normal",1
2026-06-01,"TB-JAS-SED-KAC","Teh Botol","Minuman","Jasmin","Sedang",2,"Botol Kaca","450 ml",12000,12,4000,"Pabrik B",6,"Juni",1.05006334367219,"Plan",NA,586.775396444017,"Optimis",1.1
2026-06-01,"TB-JAS-SED-KAC","Teh Botol","Minuman","Jasmin","Sedang",2,"Botol Kaca","450 ml",12000,12,4000,"Pabrik B",6,"Juni",1.05006334367219,"Plan",NA,480.088960726923,"Pesimis",0.9
2023-01-01,"TB-JAS-SED-PET","Teh Botol","Minuman","Jasmin","Sedang",2,"Botol PET","450 ml",9000,12,4000,"Pabrik A",1,"Januari",0.760954086758988,"Riwayat",609,NA,"Normal",1
2023-01-01,"TB-JAS-SED-PET","Teh Botol","Minuman","Jasmin","Sedang",2,"Botol PET","450 ml",9000,12,4000,"Pabrik A",1,"Januari",0.760954086758988,"Riwayat",609,NA,"Optimis",1.1
2023-01-01,"TB-JAS-SED-PET","Teh Botol","Minuman","Jasmin","Sedang",2,"Botol PET","450 ml",9000,12,4000,"Pabrik A",1,"Januari",0.760954086758988,"Riwayat",609,NA,"Pesimis",0.9
2023-02-01,"TB-JAS-SED-PET","Teh Botol","Minuman","Jasmin","Sedang",2,"Botol PET","450 ml",9000,12,4000,"Pabrik A",2,"Februari",0.737844567734044,"Riwayat",661,NA,"Normal",1
2023-02-01,"TB-JAS-SED-PET","Teh Botol","Minuman","Jasmin","Sedang",2,"Botol PET","450 ml",9000,12,4000,"Pabrik A",2,"Februari",0.737844567734044,"Riwayat",661,NA,"Optimis",1.1
2023-02-01,"TB-JAS-SED-PET","Teh Botol","Minuman","Jasmin","Sedang",2,"Botol PET","450 ml",9000,12,4000,"Pabrik A",2,"Februari",0.737844567734044,"Riwayat",661,NA,"Pesimis",0.9
2023-03-01,"TB-JAS-SED-PET","Teh Botol","Minuman","Jasmin","Sedang",2,"Botol PET","450 ml",9000,12,4000,"Pabrik A",3,"Maret",0.879210169935783,"Riwayat",720,NA,"Normal",1
2023-03-01,"TB-JAS-SED-PET","Teh Botol","Minuman","Jasmin","Sedang",2,"Botol PET","450 ml",9000,12,4000,"Pabrik A",3,"Maret",0.879210169935783,"Riwayat",720,NA,"Optimis",1.1
2023-03-01,"TB-JAS-SED-PET","Teh Botol","Minuman","Jasmin","Sedang",2,"Botol PET","450 ml",9000,12,4000,"Pabrik A",3,"Maret",0.879210169935783,"Riwayat",720,NA,"Pesimis",0.9
2023-04-01,"TB-JAS-SED-PET","Teh Botol","Minuman","Jasmin","Sedang",2,"Botol PET","450 ml",9000,12,4000,"Pabrik A",4,"April",0.90769297977371,"Riwayat",698,NA,"Normal",1
2023-04-01,"TB-JAS-SED-PET","Teh Botol","Minuman","Jasmin","Sedang",2,"Botol PET","450 ml",9000,12,4000,"Pabrik A",4,"April",0.90769297977371,"Riwayat",698,NA,"Optimis",1.1
2023-04-01,"TB-JAS-SED-PET","Teh Botol","Minuman","Jasmin","Sedang",2,"Botol PET","450 ml",9000,12,4000,"Pabrik A",4,"April",0.90769297977371,"Riwayat",698,NA,"Pesimis",0.9
2023-05-01,"TB-JAS-SED-PET","Teh Botol","Minuman","Jasmin","Sedang",2,"Botol PET","450 ml",9000,12,4000,"Pabrik A",5,"Mei",1.0194399545673,"Riwayat",760,NA,"Normal",1
2023-05-01,"TB-JAS-SED-PET","Teh Botol","Minuman","Jasmin","Sedang",2,"Botol PET","450 ml",9000,12,4000,"Pabrik A",5,"Mei",1.0194399545673,"Riwayat",760,NA,"Optimis",1.1
2023-05-01,"TB-JAS-SED-PET","Teh Botol","Minuman","Jasmin","Sedang",2,"Botol PET","450 ml",9000,12,4000,"Pabrik A",5,"Mei",1.0194399545673,"Riwayat",760,NA,"Pesimis",0.9
2023-06-01,"TB-JAS-SED-PET","Teh Botol","Minuman","Jasmin","Sedang",2,"Botol PET","450 ml",9000,12,4000,"Pabrik A",6,"Juni",1.05006334367219,"Riwayat",887,NA,"Normal",1
2023-06-01,"TB-JAS-SED-PET","Teh Botol","Minuman","Jasmin","Sedang",2,"Botol PET","450 ml",9000,12,4000,"Pabrik A",6,"Juni",1.05006334367219,"Riwayat",887,NA,"Optimis",1.1
2023-06-01,"TB-JAS-SED-PET","Teh Botol","Minuman","Jasmin","Sedang",2,"Botol PET","450 ml",9000,12,4000,"Pabrik A",6,"Juni",1.05006334367219,"Riwayat",887,NA,"Pesimis",0.9
2023-07-01,"TB-JAS-SED-PET","Teh Botol","Minuman","Jasmin","Sedang",2,"Botol PET","450 ml",9000,12,4000,"Pabrik A",7,"Juli",1.01712463413569,"Riwayat",783,NA,"Normal",1
2023-07-01,"TB-JAS-SED-PET","Teh Botol","Minuman","Jasmin","Sedang",2,"Botol PET","450 ml",9000,12,4000,"Pabrik A",7,"Juli",1.01712463413569,"Riwayat",783,NA,"Optimis",1.1
2023-07-01,"TB-JAS-SED-PET","Teh Botol","Minuman","Jasmin","Sedang",2,"Botol PET","450 ml",9000,12,4000,"Pabrik A",7,"Juli",1.01712463413569,"Riwayat",783,NA,"Pesimis",0.9
2023-08-01,"TB-JAS-SED-PET","Teh Botol","Minuman","Jasmin","Sedang",2,"Botol PET","450 ml",9000,12,4000,"Pabrik A",8,"Agustus",0.925822375606133,"Riwayat",751,NA,"Normal",1
2023-08-01,"TB-JAS-SED-PET","Teh Botol","Minuman","Jasmin","Sedang",2,"Botol PET","450 ml",9000,12,4000,"Pabrik A",8,"Agustus",0.925822375606133,"Riwayat",751,NA,"Optimis",1.1
2023-08-01,"TB-JAS-SED-PET","Teh Botol","Minuman","Jasmin","Sedang",2,"Botol PET","450 ml",9000,12,4000,"Pabrik A",8,"Agustus",0.925822375606133,"Riwayat",751,NA,"Pesimis",0.9
2023-09-01,"TB-JAS-SED-PET","Teh Botol","Minuman","Jasmin","Sedang",2,"Botol PET","450 ml",9000,12,4000,"Pabrik A",9,"September",0.982875365864313,"Riwayat",798,NA,"Normal",1
2023-09-01,"TB-JAS-SED-PET","Teh Botol","Minuman","Jasmin","Sedang",2,"Botol PET","450 ml",9000,12,4000,"Pabrik A",9,"September",0.982875365864313,"Riwayat",798,NA,"Optimis",1.1
2023-09-01,"TB-JAS-SED-PET","Teh Botol","Minuman","Jasmin","Sedang",2,"Botol PET","450 ml",9000,12,4000,"Pabrik A",9,"September",0.982875365864313,"Riwayat",798,NA,"Pesimis",0.9
2023-10-01,"TB-JAS-SED-PET","Teh Botol","Minuman","Jasmin","Sedang",2,"Botol PET","450 ml",9000,12,4000,"Pabrik A",10,"Oktober",1.10231095190249,"Riwayat",910,NA,"Normal",1
2023-10-01,"TB-JAS-SED-PET","Teh Botol","Minuman","Jasmin","Sedang",2,"Botol PET","450 ml",9000,12,4000,"Pabrik A",10,"Oktober",1.10231095190249,"Riwayat",910,NA,"Optimis",1.1
2023-10-01,"TB-JAS-SED-PET","Teh Botol","Minuman","Jasmin","Sedang",2,"Botol PET","450 ml",9000,12,4000,"Pabrik A",10,"Oktober",1.10231095190249,"Riwayat",910,NA,"Pesimis",0.9
2023-11-01,"TB-JAS-SED-PET","Teh Botol","Minuman","Jasmin","Sedang",2,"Botol PET","450 ml",9000,12,4000,"Pabrik A",11,"November",1.22930409331178,"Riwayat",999,NA,"Normal",1
2023-11-01,"TB-JAS-SED-PET","Teh Botol","Minuman","Jasmin","Sedang",2,"Botol PET","450 ml",9000,12,4000,"Pabrik A",11,"November",1.22930409331178,"Riwayat",999,NA,"Optimis",1.1
2023-11-01,"TB-JAS-SED-PET","Teh Botol","Minuman","Jasmin","Sedang",2,"Botol PET","450 ml",9000,12,4000,"Pabrik A",11,"November",1.22930409331178,"Riwayat",999,NA,"Pesimis",0.9
2023-12-01,"TB-JAS-SED-PET","Teh Botol","Minuman","Jasmin","Sedang",2,"Botol PET","450 ml",9000,12,4000,"Pabrik A",12,"Desember",1.43313966187585,"Riwayat",1051,NA,"Normal",1
2023-12-01,"TB-JAS-SED-PET","Teh Botol","Minuman","Jasmin","Sedang",2,"Botol PET","450 ml",9000,12,4000,"Pabrik A",12,"Desember",1.43313966187585,"Riwayat",1051,NA,"Optimis",1.1
2023-12-01,"TB-JAS-SED-PET","Teh Botol","Minuman","Jasmin","Sedang",2,"Botol PET","450 ml",9000,12,4000,"Pabrik A",12,"Desember",1.43313966187585,"Riwayat",1051,NA,"Pesimis",0.9
2024-01-01,"TB-JAS-SED-PET","Teh Botol","Minuman","Jasmin","Sedang",2,"Botol PET","450 ml",9000,12,4000,"Pabrik A",1,"Januari",0.760954086758988,"Riwayat",705,NA,"Normal",1
2024-01-01,"TB-JAS-SED-PET","Teh Botol","Minuman","Jasmin","Sedang",2,"Botol PET","450 ml",9000,12,4000,"Pabrik A",1,"Januari",0.760954086758988,"Riwayat",705,NA,"Optimis",1.1
2024-01-01,"TB-JAS-SED-PET","Teh Botol","Minuman","Jasmin","Sedang",2,"Botol PET","450 ml",9000,12,4000,"Pabrik A",1,"Januari",0.760954086758988,"Riwayat",705,NA,"Pesimis",0.9
2024-02-01,"TB-JAS-SED-PET","Teh Botol","Minuman","Jasmin","Sedang",2,"Botol PET","450 ml",9000,12,4000,"Pabrik A",2,"Februari",0.737844567734044,"Riwayat",717,NA,"Normal",1
2024-02-01,"TB-JAS-SED-PET","Teh Botol","Minuman","Jasmin","Sedang",2,"Botol PET","450 ml",9000,12,4000,"Pabrik A",2,"Februari",0.737844567734044,"Riwayat",717,NA,"Optimis",1.1
2024-02-01,"TB-JAS-SED-PET","Teh Botol","Minuman","Jasmin","Sedang",2,"Botol PET","450 ml",9000,12,4000,"Pabrik A",2,"Februari",0.737844567734044,"Riwayat",717,NA,"Pesimis",0.9
2024-03-01,"TB-JAS-SED-PET","Teh Botol","Minuman","Jasmin","Sedang",2,"Botol PET","450 ml",9000,12,4000,"Pabrik A",3,"Maret",0.879210169935783,"Riwayat",688,NA,"Normal",1
2024-03-01,"TB-JAS-SED-PET","Teh Botol","Minuman","Jasmin","Sedang",2,"Botol PET","450 ml",9000,12,4000,"Pabrik A",3,"Maret",0.879210169935783,"Riwayat",688,NA,"Optimis",1.1
2024-03-01,"TB-JAS-SED-PET","Teh Botol","Minuman","Jasmin","Sedang",2,"Botol PET","450 ml",9000,12,4000,"Pabrik A",3,"Maret",0.879210169935783,"Riwayat",688,NA,"Pesimis",0.9
2024-04-01,"TB-JAS-SED-PET","Teh Botol","Minuman","Jasmin","Sedang",2,"Botol PET","450 ml",9000,12,4000,"Pabrik A",4,"April",0.90769297977371,"Riwayat",909,NA,"Normal",1
2024-04-01,"TB-JAS-SED-PET","Teh Botol","Minuman","Jasmin","Sedang",2,"Botol PET","450 ml",9000,12,4000,"Pabrik A",4,"April",0.90769297977371,"Riwayat",909,NA,"Optimis",1.1
2024-04-01,"TB-JAS-SED-PET","Teh Botol","Minuman","Jasmin","Sedang",2,"Botol PET","450 ml",9000,12,4000,"Pabrik A",4,"April",0.90769297977371,"Riwayat",909,NA,"Pesimis",0.9
2024-05-01,"TB-JAS-SED-PET","Teh Botol","Minuman","Jasmin","Sedang",2,"Botol PET","450 ml",9000,12,4000,"Pabrik A",5,"Mei",1.0194399545673,"Riwayat",846,NA,"Normal",1
2024-05-01,"TB-JAS-SED-PET","Teh Botol","Minuman","Jasmin","Sedang",2,"Botol PET","450 ml",9000,12,4000,"Pabrik A",5,"Mei",1.0194399545673,"Riwayat",846,NA,"Optimis",1.1
2024-05-01,"TB-JAS-SED-PET","Teh Botol","Minuman","Jasmin","Sedang",2,"Botol PET","450 ml",9000,12,4000,"Pabrik A",5,"Mei",1.0194399545673,"Riwayat",846,NA,"Pesimis",0.9
2024-06-01,"TB-JAS-SED-PET","Teh Botol","Minuman","Jasmin","Sedang",2,"Botol PET","450 ml",9000,12,4000,"Pabrik A",6,"Juni",1.05006334367219,"Riwayat",978,NA,"Normal",1
2024-06-01,"TB-JAS-SED-PET","Teh Botol","Minuman","Jasmin","Sedang",2,"Botol PET","450 ml",9000,12,4000,"Pabrik A",6,"Juni",1.05006334367219,"Riwayat",978,NA,"Optimis",1.1
2024-06-01,"TB-JAS-SED-PET","Teh Botol","Minuman","Jasmin","Sedang",2,"Botol PET","450 ml",9000,12,4000,"Pabrik A",6,"Juni",1.05006334367219,"Riwayat",978,NA,"Pesimis",0.9
2024-07-01,"TB-JAS-SED-PET","Teh Botol","Minuman","Jasmin","Sedang",2,"Botol PET","450 ml",9000,12,4000,"Pabrik A",7,"Juli",1.01712463413569,"Riwayat",816,NA,"Normal",1
2024-07-01,"TB-JAS-SED-PET","Teh Botol","Minuman","Jasmin","Sedang",2,"Botol PET","450 ml",9000,12,4000,"Pabrik A",7,"Juli",1.01712463413569,"Riwayat",816,NA,"Optimis",1.1
2024-07-01,"TB-JAS-SED-PET","Teh Botol","Minuman","Jasmin","Sedang",2,"Botol PET","450 ml",9000,12,4000,"Pabrik A",7,"Juli",1.01712463413569,"Riwayat",816,NA,"Pesimis",0.9
2024-08-01,"TB-JAS-SED-PET","Teh Botol","Minuman","Jasmin","Sedang",2,"Botol PET","450 ml",9000,12,4000,"Pabrik A",8,"Agustus",0.925822375606133,"Riwayat",882,NA,"Normal",1
2024-08-01,"TB-JAS-SED-PET","Teh Botol","Minuman","Jasmin","Sedang",2,"Botol PET","450 ml",9000,12,4000,"Pabrik A",8,"Agustus",0.925822375606133,"Riwayat",882,NA,"Optimis",1.1
2024-08-01,"TB-JAS-SED-PET","Teh Botol","Minuman","Jasmin","Sedang",2,"Botol PET","450 ml",9000,12,4000,"Pabrik A",8,"Agustus",0.925822375606133,"Riwayat",882,NA,"Pesimis",0.9
2024-09-01,"TB-JAS-SED-PET","Teh Botol","Minuman","Jasmin","Sedang",2,"Botol PET","450 ml",9000,12,4000,"Pabrik A",9,"September",0.982875365864313,"Riwayat",487,NA,"Normal",1
2024-09-01,"TB-JAS-SED-PET","Teh Botol","Minuman","Jasmin","Sedang",2,"Botol PET","450 ml",9000,12,4000,"Pabrik A",9,"September",0.982875365864313,"Riwayat",487,NA,"Optimis",1.1
2024-09-01,"TB-JAS-SED-PET","Teh Botol","Minuman","Jasmin","Sedang",2,"Botol PET","450 ml",9000,12,4000,"Pabrik A",9,"September",0.982875365864313,"Riwayat",487,NA,"Pesimis",0.9
2024-10-01,"TB-JAS-SED-PET","Teh Botol","Minuman","Jasmin","Sedang",2,"Botol PET","450 ml",9000,12,4000,"Pabrik A",10,"Oktober",1.10231095190249,"Riwayat",880,NA,"Normal",1
2024-10-01,"TB-JAS-SED-PET","Teh Botol","Minuman","Jasmin","Sedang",2,"Botol PET","450 ml",9000,12,4000,"Pabrik A",10,"Oktober",1.10231095190249,"Riwayat",880,NA,"Optimis",1.1
2024-10-01,"TB-JAS-SED-PET","Teh Botol","Minuman","Jasmin","Sedang",2,"Botol PET","450 ml",9000,12,4000,"Pabrik A",10,"Oktober",1.10231095190249,"Riwayat",880,NA,"Pesimis",0.9
2024-11-01,"TB-JAS-SED-PET","Teh Botol","Minuman","Jasmin","Sedang",2,"Botol PET","450 ml",9000,12,4000,"Pabrik A",11,"November",1.22930409331178,"Riwayat",1066,NA,"Normal",1
2024-11-01,"TB-JAS-SED-PET","Teh Botol","Minuman","Jasmin","Sedang",2,"Botol PET","450 ml",9000,12,4000,"Pabrik A",11,"November",1.22930409331178,"Riwayat",1066,NA,"Optimis",1.1
2024-11-01,"TB-JAS-SED-PET","Teh Botol","Minuman","Jasmin","Sedang",2,"Botol PET","450 ml",9000,12,4000,"Pabrik A",11,"November",1.22930409331178,"Riwayat",1066,NA,"Pesimis",0.9
2024-12-01,"TB-JAS-SED-PET","Teh Botol","Minuman","Jasmin","Sedang",2,"Botol PET","450 ml",9000,12,4000,"Pabrik A",12,"Desember",1.43313966187585,"Riwayat",1123,NA,"Normal",1
2024-12-01,"TB-JAS-SED-PET","Teh Botol","Minuman","Jasmin","Sedang",2,"Botol PET","450 ml",9000,12,4000,"Pabrik A",12,"Desember",1.43313966187585,"Riwayat",1123,NA,"Optimis",1.1
2024-12-01,"TB-JAS-SED-PET","Teh Botol","Minuman","Jasmin","Sedang",2,"Botol PET","450 ml",9000,12,4000,"Pabrik A",12,"Desember",1.43313966187585,"Riwayat",1123,NA,"Pesimis",0.9
2025-01-01,"TB-JAS-SED-PET","Teh Botol","Minuman","Jasmin","Sedang",2,"Botol PET","450 ml",9000,12,4000,"Pabrik A",1,"Januari",0.760954086758988,"Riwayat",844,NA,"Normal",1
2025-01-01,"TB-JAS-SED-PET","Teh Botol","Minuman","Jasmin","Sedang",2,"Botol PET","450 ml",9000,12,4000,"Pabrik A",1,"Januari",0.760954086758988,"Riwayat",844,NA,"Optimis",1.1
2025-01-01,"TB-JAS-SED-PET","Teh Botol","Minuman","Jasmin","Sedang",2,"Botol PET","450 ml",9000,12,4000,"Pabrik A",1,"Januari",0.760954086758988,"Riwayat",844,NA,"Pesimis",0.9
2025-02-01,"TB-JAS-SED-PET","Teh Botol","Minuman","Jasmin","Sedang",2,"Botol PET","450 ml",9000,12,4000,"Pabrik A",2,"Februari",0.737844567734044,"Riwayat",638,NA,"Normal",1
2025-02-01,"TB-JAS-SED-PET","Teh Botol","Minuman","Jasmin","Sedang",2,"Botol PET","450 ml",9000,12,4000,"Pabrik A",2,"Februari",0.737844567734044,"Riwayat",638,NA,"Optimis",1.1
2025-02-01,"TB-JAS-SED-PET","Teh Botol","Minuman","Jasmin","Sedang",2,"Botol PET","450 ml",9000,12,4000,"Pabrik A",2,"Februari",0.737844567734044,"Riwayat",638,NA,"Pesimis",0.9
2025-03-01,"TB-JAS-SED-PET","Teh Botol","Minuman","Jasmin","Sedang",2,"Botol PET","450 ml",9000,12,4000,"Pabrik A",3,"Maret",0.879210169935783,"Riwayat",815,NA,"Normal",1
2025-03-01,"TB-JAS-SED-PET","Teh Botol","Minuman","Jasmin","Sedang",2,"Botol PET","450 ml",9000,12,4000,"Pabrik A",3,"Maret",0.879210169935783,"Riwayat",815,NA,"Optimis",1.1
2025-03-01,"TB-JAS-SED-PET","Teh Botol","Minuman","Jasmin","Sedang",2,"Botol PET","450 ml",9000,12,4000,"Pabrik A",3,"Maret",0.879210169935783,"Riwayat",815,NA,"Pesimis",0.9
2025-04-01,"TB-JAS-SED-PET","Teh Botol","Minuman","Jasmin","Sedang",2,"Botol PET","450 ml",9000,12,4000,"Pabrik A",4,"April",0.90769297977371,"Riwayat",923,NA,"Normal",1
2025-04-01,"TB-JAS-SED-PET","Teh Botol","Minuman","Jasmin","Sedang",2,"Botol PET","450 ml",9000,12,4000,"Pabrik A",4,"April",0.90769297977371,"Riwayat",923,NA,"Optimis",1.1
2025-04-01,"TB-JAS-SED-PET","Teh Botol","Minuman","Jasmin","Sedang",2,"Botol PET","450 ml",9000,12,4000,"Pabrik A",4,"April",0.90769297977371,"Riwayat",923,NA,"Pesimis",0.9
2025-05-01,"TB-JAS-SED-PET","Teh Botol","Minuman","Jasmin","Sedang",2,"Botol PET","450 ml",9000,12,4000,"Pabrik A",5,"Mei",1.0194399545673,"Riwayat",955,NA,"Normal",1
2025-05-01,"TB-JAS-SED-PET","Teh Botol","Minuman","Jasmin","Sedang",2,"Botol PET","450 ml",9000,12,4000,"Pabrik A",5,"Mei",1.0194399545673,"Riwayat",955,NA,"Optimis",1.1
2025-05-01,"TB-JAS-SED-PET","Teh Botol","Minuman","Jasmin","Sedang",2,"Botol PET","450 ml",9000,12,4000,"Pabrik A",5,"Mei",1.0194399545673,"Riwayat",955,NA,"Pesimis",0.9
2025-06-01,"TB-JAS-SED-PET","Teh Botol","Minuman","Jasmin","Sedang",2,"Botol PET","450 ml",9000,12,4000,"Pabrik A",6,"Juni",1.05006334367219,"Riwayat",1044,NA,"Normal",1
2025-06-01,"TB-JAS-SED-PET","Teh Botol","Minuman","Jasmin","Sedang",2,"Botol PET","450 ml",9000,12,4000,"Pabrik A",6,"Juni",1.05006334367219,"Riwayat",1044,NA,"Optimis",1.1
2025-06-01,"TB-JAS-SED-PET","Teh Botol","Minuman","Jasmin","Sedang",2,"Botol PET","450 ml",9000,12,4000,"Pabrik A",6,"Juni",1.05006334367219,"Riwayat",1044,NA,"Pesimis",0.9
2025-07-01,"TB-JAS-SED-PET","Teh Botol","Minuman","Jasmin","Sedang",2,"Botol PET","450 ml",9000,12,4000,"Pabrik A",7,"Juli",1.01712463413569,"Riwayat",949,NA,"Normal",1
2025-07-01,"TB-JAS-SED-PET","Teh Botol","Minuman","Jasmin","Sedang",2,"Botol PET","450 ml",9000,12,4000,"Pabrik A",7,"Juli",1.01712463413569,"Riwayat",949,NA,"Optimis",1.1
2025-07-01,"TB-JAS-SED-PET","Teh Botol","Minuman","Jasmin","Sedang",2,"Botol PET","450 ml",9000,12,4000,"Pabrik A",7,"Juli",1.01712463413569,"Riwayat",949,NA,"Pesimis",0.9
2025-08-01,"TB-JAS-SED-PET","Teh Botol","Minuman","Jasmin","Sedang",2,"Botol PET","450 ml",9000,12,4000,"Pabrik A",8,"Agustus",0.925822375606133,"Riwayat",859,NA,"Normal",1
2025-08-01,"TB-JAS-SED-PET","Teh Botol","Minuman","Jasmin","Sedang",2,"Botol PET","450 ml",9000,12,4000,"Pabrik A",8,"Agustus",0.925822375606133,"Riwayat",859,NA,"Optimis",1.1
2025-08-01,"TB-JAS-SED-PET","Teh Botol","Minuman","Jasmin","Sedang",2,"Botol PET","450 ml",9000,12,4000,"Pabrik A",8,"Agustus",0.925822375606133,"Riwayat",859,NA,"Pesimis",0.9
2025-09-01,"TB-JAS-SED-PET","Teh Botol","Minuman","Jasmin","Sedang",2,"Botol PET","450 ml",9000,12,4000,"Pabrik A",9,"September",0.982875365864313,"Riwayat",993,NA,"Normal",1
2025-09-01,"TB-JAS-SED-PET","Teh Botol","Minuman","Jasmin","Sedang",2,"Botol PET","450 ml",9000,12,4000,"Pabrik A",9,"September",0.982875365864313,"Riwayat",993,NA,"Optimis",1.1
2025-09-01,"TB-JAS-SED-PET","Teh Botol","Minuman","Jasmin","Sedang",2,"Botol PET","450 ml",9000,12,4000,"Pabrik A",9,"September",0.982875365864313,"Riwayat",993,NA,"Pesimis",0.9
2025-10-01,"TB-JAS-SED-PET","Teh Botol","Minuman","Jasmin","Sedang",2,"Botol PET","450 ml",9000,12,4000,"Pabrik A",10,"Oktober",1.10231095190249,"Riwayat",1126,NA,"Normal",1
2025-10-01,"TB-JAS-SED-PET","Teh Botol","Minuman","Jasmin","Sedang",2,"Botol PET","450 ml",9000,12,4000,"Pabrik A",10,"Oktober",1.10231095190249,"Riwayat",1126,NA,"Optimis",1.1
2025-10-01,"TB-JAS-SED-PET","Teh Botol","Minuman","Jasmin","Sedang",2,"Botol PET","450 ml",9000,12,4000,"Pabrik A",10,"Oktober",1.10231095190249,"Riwayat",1126,NA,"Pesimis",0.9
2025-11-01,"TB-JAS-SED-PET","Teh Botol","Minuman","Jasmin","Sedang",2,"Botol PET","450 ml",9000,12,4000,"Pabrik A",11,"November",1.22930409331178,"Riwayat",1185,NA,"Normal",1
2025-11-01,"TB-JAS-SED-PET","Teh Botol","Minuman","Jasmin","Sedang",2,"Botol PET","450 ml",9000,12,4000,"Pabrik A",11,"November",1.22930409331178,"Riwayat",1185,NA,"Optimis",1.1
2025-11-01,"TB-JAS-SED-PET","Teh Botol","Minuman","Jasmin","Sedang",2,"Botol PET","450 ml",9000,12,4000,"Pabrik A",11,"November",1.22930409331178,"Riwayat",1185,NA,"Pesimis",0.9
2025-12-01,"TB-JAS-SED-PET","Teh Botol","Minuman","Jasmin","Sedang",2,"Botol PET","450 ml",9000,12,4000,"Pabrik A",12,"Desember",1.43313966187585,"Riwayat",1413,NA,"Normal",1
2025-12-01,"TB-JAS-SED-PET","Teh Botol","Minuman","Jasmin","Sedang",2,"Botol PET","450 ml",9000,12,4000,"Pabrik A",12,"Desember",1.43313966187585,"Riwayat",1413,NA,"Optimis",1.1
2025-12-01,"TB-JAS-SED-PET","Teh Botol","Minuman","Jasmin","Sedang",2,"Botol PET","450 ml",9000,12,4000,"Pabrik A",12,"Desember",1.43313966187585,"Riwayat",1413,NA,"Pesimis",0.9
2026-01-01,"TB-JAS-SED-PET","Teh Botol","Minuman","Jasmin","Sedang",2,"Botol PET","450 ml",9000,12,4000,"Pabrik A",1,"Januari",0.760954086758988,"Plan",NA,901.730592809401,"Normal",1
2026-01-01,"TB-JAS-SED-PET","Teh Botol","Minuman","Jasmin","Sedang",2,"Botol PET","450 ml",9000,12,4000,"Pabrik A",1,"Januari",0.760954086758988,"Plan",NA,991.903652090341,"Optimis",1.1
2026-01-01,"TB-JAS-SED-PET","Teh Botol","Minuman","Jasmin","Sedang",2,"Botol PET","450 ml",9000,12,4000,"Pabrik A",1,"Januari",0.760954086758988,"Plan",NA,811.557533528461,"Pesimis",0.9
2026-02-01,"TB-JAS-SED-PET","Teh Botol","Minuman","Jasmin","Sedang",2,"Botol PET","450 ml",9000,12,4000,"Pabrik A",2,"Februari",0.737844567734044,"Plan",NA,874.345812764842,"Normal",1
2026-02-01,"TB-JAS-SED-PET","Teh Botol","Minuman","Jasmin","Sedang",2,"Botol PET","450 ml",9000,12,4000,"Pabrik A",2,"Februari",0.737844567734044,"Plan",NA,961.780394041326,"Optimis",1.1
2026-02-01,"TB-JAS-SED-PET","Teh Botol","Minuman","Jasmin","Sedang",2,"Botol PET","450 ml",9000,12,4000,"Pabrik A",2,"Februari",0.737844567734044,"Plan",NA,786.911231488358,"Pesimis",0.9
2026-03-01,"TB-JAS-SED-PET","Teh Botol","Minuman","Jasmin","Sedang",2,"Botol PET","450 ml",9000,12,4000,"Pabrik A",3,"Maret",0.879210169935783,"Plan",NA,1041.8640513739,"Normal",1
2026-03-01,"TB-JAS-SED-PET","Teh Botol","Minuman","Jasmin","Sedang",2,"Botol PET","450 ml",9000,12,4000,"Pabrik A",3,"Maret",0.879210169935783,"Plan",NA,1146.05045651129,"Optimis",1.1
2026-03-01,"TB-JAS-SED-PET","Teh Botol","Minuman","Jasmin","Sedang",2,"Botol PET","450 ml",9000,12,4000,"Pabrik A",3,"Maret",0.879210169935783,"Plan",NA,937.677646236512,"Pesimis",0.9
2026-04-01,"TB-JAS-SED-PET","Teh Botol","Minuman","Jasmin","Sedang",2,"Botol PET","450 ml",9000,12,4000,"Pabrik A",4,"April",0.90769297977371,"Plan",NA,1075.61618103185,"Normal",1
2026-04-01,"TB-JAS-SED-PET","Teh Botol","Minuman","Jasmin","Sedang",2,"Botol PET","450 ml",9000,12,4000,"Pabrik A",4,"April",0.90769297977371,"Plan",NA,1183.17779913503,"Optimis",1.1
2026-04-01,"TB-JAS-SED-PET","Teh Botol","Minuman","Jasmin","Sedang",2,"Botol PET","450 ml",9000,12,4000,"Pabrik A",4,"April",0.90769297977371,"Plan",NA,968.054562928662,"Pesimis",0.9
2026-05-01,"TB-JAS-SED-PET","Teh Botol","Minuman","Jasmin","Sedang",2,"Botol PET","450 ml",9000,12,4000,"Pabrik A",5,"Mei",1.0194399545673,"Plan",NA,1208.03634616225,"Normal",1
2026-05-01,"TB-JAS-SED-PET","Teh Botol","Minuman","Jasmin","Sedang",2,"Botol PET","450 ml",9000,12,4000,"Pabrik A",5,"Mei",1.0194399545673,"Plan",NA,1328.83998077847,"Optimis",1.1
2026-05-01,"TB-JAS-SED-PET","Teh Botol","Minuman","Jasmin","Sedang",2,"Botol PET","450 ml",9000,12,4000,"Pabrik A",5,"Mei",1.0194399545673,"Plan",NA,1087.23271154602,"Pesimis",0.9
2026-06-01,"TB-JAS-SED-PET","Teh Botol","Minuman","Jasmin","Sedang",2,"Botol PET","450 ml",9000,12,4000,"Pabrik A",6,"Juni",1.05006334367219,"Plan",NA,1244.32506225154,"Normal",1
2026-06-01,"TB-JAS-SED-PET","Teh Botol","Minuman","Jasmin","Sedang",2,"Botol PET","450 ml",9000,12,4000,"Pabrik A",6,"Juni",1.05006334367219,"Plan",NA,1368.75756847669,"Optimis",1.1
2026-06-01,"TB-JAS-SED-PET","Teh Botol","Minuman","Jasmin","Sedang",2,"Botol PET","450 ml",9000,12,4000,"Pabrik A",6,"Juni",1.05006334367219,"Plan",NA,1119.89255602639,"Pesimis",0.9
2023-01-01,"TB-JAS-SED-PET","Teh Botol","Minuman","Jasmin","Sedang",2,"Botol PET","450 ml",9000,12,4000,"Pabrik B",1,"Januari",0.760954086758988,"Riwayat",377,NA,"Normal",1
2023-01-01,"TB-JAS-SED-PET","Teh Botol","Minuman","Jasmin","Sedang",2,"Botol PET","450 ml",9000,12,4000,"Pabrik B",1,"Januari",0.760954086758988,"Riwayat",377,NA,"Optimis",1.1
2023-01-01,"TB-JAS-SED-PET","Teh Botol","Minuman","Jasmin","Sedang",2,"Botol PET","450 ml",9000,12,4000,"Pabrik B",1,"Januari",0.760954086758988,"Riwayat",377,NA,"Pesimis",0.9
2023-02-01,"TB-JAS-SED-PET","Teh Botol","Minuman","Jasmin","Sedang",2,"Botol PET","450 ml",9000,12,4000,"Pabrik B",2,"Februari",0.737844567734044,"Riwayat",480,NA,"Normal",1
2023-02-01,"TB-JAS-SED-PET","Teh Botol","Minuman","Jasmin","Sedang",2,"Botol PET","450 ml",9000,12,4000,"Pabrik B",2,"Februari",0.737844567734044,"Riwayat",480,NA,"Optimis",1.1
2023-02-01,"TB-JAS-SED-PET","Teh Botol","Minuman","Jasmin","Sedang",2,"Botol PET","450 ml",9000,12,4000,"Pabrik B",2,"Februari",0.737844567734044,"Riwayat",480,NA,"Pesimis",0.9
2023-03-01,"TB-JAS-SED-PET","Teh Botol","Minuman","Jasmin","Sedang",2,"Botol PET","450 ml",9000,12,4000,"Pabrik B",3,"Maret",0.879210169935783,"Riwayat",500,NA,"Normal",1
2023-03-01,"TB-JAS-SED-PET","Teh Botol","Minuman","Jasmin","Sedang",2,"Botol PET","450 ml",9000,12,4000,"Pabrik B",3,"Maret",0.879210169935783,"Riwayat",500,NA,"Optimis",1.1
2023-03-01,"TB-JAS-SED-PET","Teh Botol","Minuman","Jasmin","Sedang",2,"Botol PET","450 ml",9000,12,4000,"Pabrik B",3,"Maret",0.879210169935783,"Riwayat",500,NA,"Pesimis",0.9
2023-04-01,"TB-JAS-SED-PET","Teh Botol","Minuman","Jasmin","Sedang",2,"Botol PET","450 ml",9000,12,4000,"Pabrik B",4,"April",0.90769297977371,"Riwayat",516,NA,"Normal",1
2023-04-01,"TB-JAS-SED-PET","Teh Botol","Minuman","Jasmin","Sedang",2,"Botol PET","450 ml",9000,12,4000,"Pabrik B",4,"April",0.90769297977371,"Riwayat",516,NA,"Optimis",1.1
2023-04-01,"TB-JAS-SED-PET","Teh Botol","Minuman","Jasmin","Sedang",2,"Botol PET","450 ml",9000,12,4000,"Pabrik B",4,"April",0.90769297977371,"Riwayat",516,NA,"Pesimis",0.9
2023-05-01,"TB-JAS-SED-PET","Teh Botol","Minuman","Jasmin","Sedang",2,"Botol PET","450 ml",9000,12,4000,"Pabrik B",5,"Mei",1.0194399545673,"Riwayat",592,NA,"Normal",1
2023-05-01,"TB-JAS-SED-PET","Teh Botol","Minuman","Jasmin","Sedang",2,"Botol PET","450 ml",9000,12,4000,"Pabrik B",5,"Mei",1.0194399545673,"Riwayat",592,NA,"Optimis",1.1
2023-05-01,"TB-JAS-SED-PET","Teh Botol","Minuman","Jasmin","Sedang",2,"Botol PET","450 ml",9000,12,4000,"Pabrik B",5,"Mei",1.0194399545673,"Riwayat",592,NA,"Pesimis",0.9
2023-06-01,"TB-JAS-SED-PET","Teh Botol","Minuman","Jasmin","Sedang",2,"Botol PET","450 ml",9000,12,4000,"Pabrik B",6,"Juni",1.05006334367219,"Riwayat",617,NA,"Normal",1
2023-06-01,"TB-JAS-SED-PET","Teh Botol","Minuman","Jasmin","Sedang",2,"Botol PET","450 ml",9000,12,4000,"Pabrik B",6,"Juni",1.05006334367219,"Riwayat",617,NA,"Optimis",1.1
2023-06-01,"TB-JAS-SED-PET","Teh Botol","Minuman","Jasmin","Sedang",2,"Botol PET","450 ml",9000,12,4000,"Pabrik B",6,"Juni",1.05006334367219,"Riwayat",617,NA,"Pesimis",0.9
2023-07-01,"TB-JAS-SED-PET","Teh Botol","Minuman","Jasmin","Sedang",2,"Botol PET","450 ml",9000,12,4000,"Pabrik B",7,"Juli",1.01712463413569,"Riwayat",579,NA,"Normal",1
2023-07-01,"TB-JAS-SED-PET","Teh Botol","Minuman","Jasmin","Sedang",2,"Botol PET","450 ml",9000,12,4000,"Pabrik B",7,"Juli",1.01712463413569,"Riwayat",579,NA,"Optimis",1.1
2023-07-01,"TB-JAS-SED-PET","Teh Botol","Minuman","Jasmin","Sedang",2,"Botol PET","450 ml",9000,12,4000,"Pabrik B",7,"Juli",1.01712463413569,"Riwayat",579,NA,"Pesimis",0.9
2023-08-01,"TB-JAS-SED-PET","Teh Botol","Minuman","Jasmin","Sedang",2,"Botol PET","450 ml",9000,12,4000,"Pabrik B",8,"Agustus",0.925822375606133,"Riwayat",450,NA,"Normal",1
2023-08-01,"TB-JAS-SED-PET","Teh Botol","Minuman","Jasmin","Sedang",2,"Botol PET","450 ml",9000,12,4000,"Pabrik B",8,"Agustus",0.925822375606133,"Riwayat",450,NA,"Optimis",1.1
2023-08-01,"TB-JAS-SED-PET","Teh Botol","Minuman","Jasmin","Sedang",2,"Botol PET","450 ml",9000,12,4000,"Pabrik B",8,"Agustus",0.925822375606133,"Riwayat",450,NA,"Pesimis",0.9
2023-09-01,"TB-JAS-SED-PET","Teh Botol","Minuman","Jasmin","Sedang",2,"Botol PET","450 ml",9000,12,4000,"Pabrik B",9,"September",0.982875365864313,"Riwayat",528,NA,"Normal",1
2023-09-01,"TB-JAS-SED-PET","Teh Botol","Minuman","Jasmin","Sedang",2,"Botol PET","450 ml",9000,12,4000,"Pabrik B",9,"September",0.982875365864313,"Riwayat",528,NA,"Optimis",1.1
2023-09-01,"TB-JAS-SED-PET","Teh Botol","Minuman","Jasmin","Sedang",2,"Botol PET","450 ml",9000,12,4000,"Pabrik B",9,"September",0.982875365864313,"Riwayat",528,NA,"Pesimis",0.9
2023-10-01,"TB-JAS-SED-PET","Teh Botol","Minuman","Jasmin","Sedang",2,"Botol PET","450 ml",9000,12,4000,"Pabrik B",10,"Oktober",1.10231095190249,"Riwayat",572,NA,"Normal",1
2023-10-01,"TB-JAS-SED-PET","Teh Botol","Minuman","Jasmin","Sedang",2,"Botol PET","450 ml",9000,12,4000,"Pabrik B",10,"Oktober",1.10231095190249,"Riwayat",572,NA,"Optimis",1.1
2023-10-01,"TB-JAS-SED-PET","Teh Botol","Minuman","Jasmin","Sedang",2,"Botol PET","450 ml",9000,12,4000,"Pabrik B",10,"Oktober",1.10231095190249,"Riwayat",572,NA,"Pesimis",0.9
2023-11-01,"TB-JAS-SED-PET","Teh Botol","Minuman","Jasmin","Sedang",2,"Botol PET","450 ml",9000,12,4000,"Pabrik B",11,"November",1.22930409331178,"Riwayat",927,NA,"Normal",1
2023-11-01,"TB-JAS-SED-PET","Teh Botol","Minuman","Jasmin","Sedang",2,"Botol PET","450 ml",9000,12,4000,"Pabrik B",11,"November",1.22930409331178,"Riwayat",927,NA,"Optimis",1.1
2023-11-01,"TB-JAS-SED-PET","Teh Botol","Minuman","Jasmin","Sedang",2,"Botol PET","450 ml",9000,12,4000,"Pabrik B",11,"November",1.22930409331178,"Riwayat",927,NA,"Pesimis",0.9
2023-12-01,"TB-JAS-SED-PET","Teh Botol","Minuman","Jasmin","Sedang",2,"Botol PET","450 ml",9000,12,4000,"Pabrik B",12,"Desember",1.43313966187585,"Riwayat",641,NA,"Normal",1
2023-12-01,"TB-JAS-SED-PET","Teh Botol","Minuman","Jasmin","Sedang",2,"Botol PET","450 ml",9000,12,4000,"Pabrik B",12,"Desember",1.43313966187585,"Riwayat",641,NA,"Optimis",1.1
2023-12-01,"TB-JAS-SED-PET","Teh Botol","Minuman","Jasmin","Sedang",2,"Botol PET","450 ml",9000,12,4000,"Pabrik B",12,"Desember",1.43313966187585,"Riwayat",641,NA,"Pesimis",0.9
2024-01-01,"TB-JAS-SED-PET","Teh Botol","Minuman","Jasmin","Sedang",2,"Botol PET","450 ml",9000,12,4000,"Pabrik B",1,"Januari",0.760954086758988,"Riwayat",677,NA,"Normal",1
2024-01-01,"TB-JAS-SED-PET","Teh Botol","Minuman","Jasmin","Sedang",2,"Botol PET","450 ml",9000,12,4000,"Pabrik B",1,"Januari",0.760954086758988,"Riwayat",677,NA,"Optimis",1.1
2024-01-01,"TB-JAS-SED-PET","Teh Botol","Minuman","Jasmin","Sedang",2,"Botol PET","450 ml",9000,12,4000,"Pabrik B",1,"Januari",0.760954086758988,"Riwayat",677,NA,"Pesimis",0.9
2024-02-01,"TB-JAS-SED-PET","Teh Botol","Minuman","Jasmin","Sedang",2,"Botol PET","450 ml",9000,12,4000,"Pabrik B",2,"Februari",0.737844567734044,"Riwayat",433,NA,"Normal",1
2024-02-01,"TB-JAS-SED-PET","Teh Botol","Minuman","Jasmin","Sedang",2,"Botol PET","450 ml",9000,12,4000,"Pabrik B",2,"Februari",0.737844567734044,"Riwayat",433,NA,"Optimis",1.1
2024-02-01,"TB-JAS-SED-PET","Teh Botol","Minuman","Jasmin","Sedang",2,"Botol PET","450 ml",9000,12,4000,"Pabrik B",2,"Februari",0.737844567734044,"Riwayat",433,NA,"Pesimis",0.9
2024-03-01,"TB-JAS-SED-PET","Teh Botol","Minuman","Jasmin","Sedang",2,"Botol PET","450 ml",9000,12,4000,"Pabrik B",3,"Maret",0.879210169935783,"Riwayat",939,NA,"Normal",1
2024-03-01,"TB-JAS-SED-PET","Teh Botol","Minuman","Jasmin","Sedang",2,"Botol PET","450 ml",9000,12,4000,"Pabrik B",3,"Maret",0.879210169935783,"Riwayat",939,NA,"Optimis",1.1
2024-03-01,"TB-JAS-SED-PET","Teh Botol","Minuman","Jasmin","Sedang",2,"Botol PET","450 ml",9000,12,4000,"Pabrik B",3,"Maret",0.879210169935783,"Riwayat",939,NA,"Pesimis",0.9
2024-04-01,"TB-JAS-SED-PET","Teh Botol","Minuman","Jasmin","Sedang",2,"Botol PET","450 ml",9000,12,4000,"Pabrik B",4,"April",0.90769297977371,"Riwayat",538,NA,"Normal",1
2024-04-01,"TB-JAS-SED-PET","Teh Botol","Minuman","Jasmin","Sedang",2,"Botol PET","450 ml",9000,12,4000,"Pabrik B",4,"April",0.90769297977371,"Riwayat",538,NA,"Optimis",1.1
2024-04-01,"TB-JAS-SED-PET","Teh Botol","Minuman","Jasmin","Sedang",2,"Botol PET","450 ml",9000,12,4000,"Pabrik B",4,"April",0.90769297977371,"Riwayat",538,NA,"Pesimis",0.9
2024-05-01,"TB-JAS-SED-PET","Teh Botol","Minuman","Jasmin","Sedang",2,"Botol PET","450 ml",9000,12,4000,"Pabrik B",5,"Mei",1.0194399545673,"Riwayat",563,NA,"Normal",1
2024-05-01,"TB-JAS-SED-PET","Teh Botol","Minuman","Jasmin","Sedang",2,"Botol PET","450 ml",9000,12,4000,"Pabrik B",5,"Mei",1.0194399545673,"Riwayat",563,NA,"Optimis",1.1
2024-05-01,"TB-JAS-SED-PET","Teh Botol","Minuman","Jasmin","Sedang",2,"Botol PET","450 ml",9000,12,4000,"Pabrik B",5,"Mei",1.0194399545673,"Riwayat",563,NA,"Pesimis",0.9
2024-06-01,"TB-JAS-SED-PET","Teh Botol","Minuman","Jasmin","Sedang",2,"Botol PET","450 ml",9000,12,4000,"Pabrik B",6,"Juni",1.05006334367219,"Riwayat",597,NA,"Normal",1
2024-06-01,"TB-JAS-SED-PET","Teh Botol","Minuman","Jasmin","Sedang",2,"Botol PET","450 ml",9000,12,4000,"Pabrik B",6,"Juni",1.05006334367219,"Riwayat",597,NA,"Optimis",1.1
2024-06-01,"TB-JAS-SED-PET","Teh Botol","Minuman","Jasmin","Sedang",2,"Botol PET","450 ml",9000,12,4000,"Pabrik B",6,"Juni",1.05006334367219,"Riwayat",597,NA,"Pesimis",0.9
2024-07-01,"TB-JAS-SED-PET","Teh Botol","Minuman","Jasmin","Sedang",2,"Botol PET","450 ml",9000,12,4000,"Pabrik B",7,"Juli",1.01712463413569,"Riwayat",580,NA,"Normal",1
2024-07-01,"TB-JAS-SED-PET","Teh Botol","Minuman","Jasmin","Sedang",2,"Botol PET","450 ml",9000,12,4000,"Pabrik B",7,"Juli",1.01712463413569,"Riwayat",580,NA,"Optimis",1.1
2024-07-01,"TB-JAS-SED-PET","Teh Botol","Minuman","Jasmin","Sedang",2,"Botol PET","450 ml",9000,12,4000,"Pabrik B",7,"Juli",1.01712463413569,"Riwayat",580,NA,"Pesimis",0.9
2024-08-01,"TB-JAS-SED-PET","Teh Botol","Minuman","Jasmin","Sedang",2,"Botol PET","450 ml",9000,12,4000,"Pabrik B",8,"Agustus",0.925822375606133,"Riwayat",602,NA,"Normal",1
2024-08-01,"TB-JAS-SED-PET","Teh Botol","Minuman","Jasmin","Sedang",2,"Botol PET","450 ml",9000,12,4000,"Pabrik B",8,"Agustus",0.925822375606133,"Riwayat",602,NA,"Optimis",1.1
2024-08-01,"TB-JAS-SED-PET","Teh Botol","Minuman","Jasmin","Sedang",2,"Botol PET","450 ml",9000,12,4000,"Pabrik B",8,"Agustus",0.925822375606133,"Riwayat",602,NA,"Pesimis",0.9
2024-09-01,"TB-JAS-SED-PET","Teh Botol","Minuman","Jasmin","Sedang",2,"Botol PET","450 ml",9000,12,4000,"Pabrik B",9,"September",0.982875365864313,"Riwayat",645,NA,"Normal",1
2024-09-01,"TB-JAS-SED-PET","Teh Botol","Minuman","Jasmin","Sedang",2,"Botol PET","450 ml",9000,12,4000,"Pabrik B",9,"September",0.982875365864313,"Riwayat",645,NA,"Optimis",1.1
2024-09-01,"TB-JAS-SED-PET","Teh Botol","Minuman","Jasmin","Sedang",2,"Botol PET","450 ml",9000,12,4000,"Pabrik B",9,"September",0.982875365864313,"Riwayat",645,NA,"Pesimis",0.9
2024-10-01,"TB-JAS-SED-PET","Teh Botol","Minuman","Jasmin","Sedang",2,"Botol PET","450 ml",9000,12,4000,"Pabrik B",10,"Oktober",1.10231095190249,"Riwayat",697,NA,"Normal",1
2024-10-01,"TB-JAS-SED-PET","Teh Botol","Minuman","Jasmin","Sedang",2,"Botol PET","450 ml",9000,12,4000,"Pabrik B",10,"Oktober",1.10231095190249,"Riwayat",697,NA,"Optimis",1.1
2024-10-01,"TB-JAS-SED-PET","Teh Botol","Minuman","Jasmin","Sedang",2,"Botol PET","450 ml",9000,12,4000,"Pabrik B",10,"Oktober",1.10231095190249,"Riwayat",697,NA,"Pesimis",0.9
2024-11-01,"TB-JAS-SED-PET","Teh Botol","Minuman","Jasmin","Sedang",2,"Botol PET","450 ml",9000,12,4000,"Pabrik B",11,"November",1.22930409331178,"Riwayat",682,NA,"Normal",1
2024-11-01,"TB-JAS-SED-PET","Teh Botol","Minuman","Jasmin","Sedang",2,"Botol PET","450 ml",9000,12,4000,"Pabrik B",11,"November",1.22930409331178,"Riwayat",682,NA,"Optimis",1.1
2024-11-01,"TB-JAS-SED-PET","Teh Botol","Minuman","Jasmin","Sedang",2,"Botol PET","450 ml",9000,12,4000,"Pabrik B",11,"November",1.22930409331178,"Riwayat",682,NA,"Pesimis",0.9
2024-12-01,"TB-JAS-SED-PET","Teh Botol","Minuman","Jasmin","Sedang",2,"Botol PET","450 ml",9000,12,4000,"Pabrik B",12,"Desember",1.43313966187585,"Riwayat",800,NA,"Normal",1
2024-12-01,"TB-JAS-SED-PET","Teh Botol","Minuman","Jasmin","Sedang",2,"Botol PET","450 ml",9000,12,4000,"Pabrik B",12,"Desember",1.43313966187585,"Riwayat",800,NA,"Optimis",1.1
2024-12-01,"TB-JAS-SED-PET","Teh Botol","Minuman","Jasmin","Sedang",2,"Botol PET","450 ml",9000,12,4000,"Pabrik B",12,"Desember",1.43313966187585,"Riwayat",800,NA,"Pesimis",0.9
2025-01-01,"TB-JAS-SED-PET","Teh Botol","Minuman","Jasmin","Sedang",2,"Botol PET","450 ml",9000,12,4000,"Pabrik B",1,"Januari",0.760954086758988,"Riwayat",438,NA,"Normal",1
2025-01-01,"TB-JAS-SED-PET","Teh Botol","Minuman","Jasmin","Sedang",2,"Botol PET","450 ml",9000,12,4000,"Pabrik B",1,"Januari",0.760954086758988,"Riwayat",438,NA,"Optimis",1.1
2025-01-01,"TB-JAS-SED-PET","Teh Botol","Minuman","Jasmin","Sedang",2,"Botol PET","450 ml",9000,12,4000,"Pabrik B",1,"Januari",0.760954086758988,"Riwayat",438,NA,"Pesimis",0.9
2025-02-01,"TB-JAS-SED-PET","Teh Botol","Minuman","Jasmin","Sedang",2,"Botol PET","450 ml",9000,12,4000,"Pabrik B",2,"Februari",0.737844567734044,"Riwayat",460,NA,"Normal",1
2025-02-01,"TB-JAS-SED-PET","Teh Botol","Minuman","Jasmin","Sedang",2,"Botol PET","450 ml",9000,12,4000,"Pabrik B",2,"Februari",0.737844567734044,"Riwayat",460,NA,"Optimis",1.1
2025-02-01,"TB-JAS-SED-PET","Teh Botol","Minuman","Jasmin","Sedang",2,"Botol PET","450 ml",9000,12,4000,"Pabrik B",2,"Februari",0.737844567734044,"Riwayat",460,NA,"Pesimis",0.9
2025-03-01,"TB-JAS-SED-PET","Teh Botol","Minuman","Jasmin","Sedang",2,"Botol PET","450 ml",9000,12,4000,"Pabrik B",3,"Maret",0.879210169935783,"Riwayat",533,NA,"Normal",1
2025-03-01,"TB-JAS-SED-PET","Teh Botol","Minuman","Jasmin","Sedang",2,"Botol PET","450 ml",9000,12,4000,"Pabrik B",3,"Maret",0.879210169935783,"Riwayat",533,NA,"Optimis",1.1
2025-03-01,"TB-JAS-SED-PET","Teh Botol","Minuman","Jasmin","Sedang",2,"Botol PET","450 ml",9000,12,4000,"Pabrik B",3,"Maret",0.879210169935783,"Riwayat",533,NA,"Pesimis",0.9
2025-04-01,"TB-JAS-SED-PET","Teh Botol","Minuman","Jasmin","Sedang",2,"Botol PET","450 ml",9000,12,4000,"Pabrik B",4,"April",0.90769297977371,"Riwayat",614,NA,"Normal",1
2025-04-01,"TB-JAS-SED-PET","Teh Botol","Minuman","Jasmin","Sedang",2,"Botol PET","450 ml",9000,12,4000,"Pabrik B",4,"April",0.90769297977371,"Riwayat",614,NA,"Optimis",1.1
2025-04-01,"TB-JAS-SED-PET","Teh Botol","Minuman","Jasmin","Sedang",2,"Botol PET","450 ml",9000,12,4000,"Pabrik B",4,"April",0.90769297977371,"Riwayat",614,NA,"Pesimis",0.9
2025-05-01,"TB-JAS-SED-PET","Teh Botol","Minuman","Jasmin","Sedang",2,"Botol PET","450 ml",9000,12,4000,"Pabrik B",5,"Mei",1.0194399545673,"Riwayat",694,NA,"Normal",1
2025-05-01,"TB-JAS-SED-PET","Teh Botol","Minuman","Jasmin","Sedang",2,"Botol PET","450 ml",9000,12,4000,"Pabrik B",5,"Mei",1.0194399545673,"Riwayat",694,NA,"Optimis",1.1
2025-05-01,"TB-JAS-SED-PET","Teh Botol","Minuman","Jasmin","Sedang",2,"Botol PET","450 ml",9000,12,4000,"Pabrik B",5,"Mei",1.0194399545673,"Riwayat",694,NA,"Pesimis",0.9
2025-06-01,"TB-JAS-SED-PET","Teh Botol","Minuman","Jasmin","Sedang",2,"Botol PET","450 ml",9000,12,4000,"Pabrik B",6,"Juni",1.05006334367219,"Riwayat",688,NA,"Normal",1
2025-06-01,"TB-JAS-SED-PET","Teh Botol","Minuman","Jasmin","Sedang",2,"Botol PET","450 ml",9000,12,4000,"Pabrik B",6,"Juni",1.05006334367219,"Riwayat",688,NA,"Optimis",1.1
2025-06-01,"TB-JAS-SED-PET","Teh Botol","Minuman","Jasmin","Sedang",2,"Botol PET","450 ml",9000,12,4000,"Pabrik B",6,"Juni",1.05006334367219,"Riwayat",688,NA,"Pesimis",0.9
2025-07-01,"TB-JAS-SED-PET","Teh Botol","Minuman","Jasmin","Sedang",2,"Botol PET","450 ml",9000,12,4000,"Pabrik B",7,"Juli",1.01712463413569,"Riwayat",615,NA,"Normal",1
2025-07-01,"TB-JAS-SED-PET","Teh Botol","Minuman","Jasmin","Sedang",2,"Botol PET","450 ml",9000,12,4000,"Pabrik B",7,"Juli",1.01712463413569,"Riwayat",615,NA,"Optimis",1.1
2025-07-01,"TB-JAS-SED-PET","Teh Botol","Minuman","Jasmin","Sedang",2,"Botol PET","450 ml",9000,12,4000,"Pabrik B",7,"Juli",1.01712463413569,"Riwayat",615,NA,"Pesimis",0.9
2025-08-01,"TB-JAS-SED-PET","Teh Botol","Minuman","Jasmin","Sedang",2,"Botol PET","450 ml",9000,12,4000,"Pabrik B",8,"Agustus",0.925822375606133,"Riwayat",642,NA,"Normal",1
2025-08-01,"TB-JAS-SED-PET","Teh Botol","Minuman","Jasmin","Sedang",2,"Botol PET","450 ml",9000,12,4000,"Pabrik B",8,"Agustus",0.925822375606133,"Riwayat",642,NA,"Optimis",1.1
2025-08-01,"TB-JAS-SED-PET","Teh Botol","Minuman","Jasmin","Sedang",2,"Botol PET","450 ml",9000,12,4000,"Pabrik B",8,"Agustus",0.925822375606133,"Riwayat",642,NA,"Pesimis",0.9
2025-09-01,"TB-JAS-SED-PET","Teh Botol","Minuman","Jasmin","Sedang",2,"Botol PET","450 ml",9000,12,4000,"Pabrik B",9,"September",0.982875365864313,"Riwayat",798,NA,"Normal",1
2025-09-01,"TB-JAS-SED-PET","Teh Botol","Minuman","Jasmin","Sedang",2,"Botol PET","450 ml",9000,12,4000,"Pabrik B",9,"September",0.982875365864313,"Riwayat",798,NA,"Optimis",1.1
2025-09-01,"TB-JAS-SED-PET","Teh Botol","Minuman","Jasmin","Sedang",2,"Botol PET","450 ml",9000,12,4000,"Pabrik B",9,"September",0.982875365864313,"Riwayat",798,NA,"Pesimis",0.9
2025-10-01,"TB-JAS-SED-PET","Teh Botol","Minuman","Jasmin","Sedang",2,"Botol PET","450 ml",9000,12,4000,"Pabrik B",10,"Oktober",1.10231095190249,"Riwayat",714,NA,"Normal",1
2025-10-01,"TB-JAS-SED-PET","Teh Botol","Minuman","Jasmin","Sedang",2,"Botol PET","450 ml",9000,12,4000,"Pabrik B",10,"Oktober",1.10231095190249,"Riwayat",714,NA,"Optimis",1.1
2025-10-01,"TB-JAS-SED-PET","Teh Botol","Minuman","Jasmin","Sedang",2,"Botol PET","450 ml",9000,12,4000,"Pabrik B",10,"Oktober",1.10231095190249,"Riwayat",714,NA,"Pesimis",0.9
2025-11-01,"TB-JAS-SED-PET","Teh Botol","Minuman","Jasmin","Sedang",2,"Botol PET","450 ml",9000,12,4000,"Pabrik B",11,"November",1.22930409331178,"Riwayat",733,NA,"Normal",1
2025-11-01,"TB-JAS-SED-PET","Teh Botol","Minuman","Jasmin","Sedang",2,"Botol PET","450 ml",9000,12,4000,"Pabrik B",11,"November",1.22930409331178,"Riwayat",733,NA,"Optimis",1.1
2025-11-01,"TB-JAS-SED-PET","Teh Botol","Minuman","Jasmin","Sedang",2,"Botol PET","450 ml",9000,12,4000,"Pabrik B",11,"November",1.22930409331178,"Riwayat",733,NA,"Pesimis",0.9
2025-12-01,"TB-JAS-SED-PET","Teh Botol","Minuman","Jasmin","Sedang",2,"Botol PET","450 ml",9000,12,4000,"Pabrik B",12,"Desember",1.43313966187585,"Riwayat",848,NA,"Normal",1
2025-12-01,"TB-JAS-SED-PET","Teh Botol","Minuman","Jasmin","Sedang",2,"Botol PET","450 ml",9000,12,4000,"Pabrik B",12,"Desember",1.43313966187585,"Riwayat",848,NA,"Optimis",1.1
2025-12-01,"TB-JAS-SED-PET","Teh Botol","Minuman","Jasmin","Sedang",2,"Botol PET","450 ml",9000,12,4000,"Pabrik B",12,"Desember",1.43313966187585,"Riwayat",848,NA,"Pesimis",0.9
2026-01-01,"TB-JAS-SED-PET","Teh Botol","Minuman","Jasmin","Sedang",2,"Botol PET","450 ml",9000,12,4000,"Pabrik B",1,"Januari",0.760954086758988,"Plan",NA,557.779345594338,"Normal",1
2026-01-01,"TB-JAS-SED-PET","Teh Botol","Minuman","Jasmin","Sedang",2,"Botol PET","450 ml",9000,12,4000,"Pabrik B",1,"Januari",0.760954086758988,"Plan",NA,613.557280153772,"Optimis",1.1
2026-01-01,"TB-JAS-SED-PET","Teh Botol","Minuman","Jasmin","Sedang",2,"Botol PET","450 ml",9000,12,4000,"Pabrik B",1,"Januari",0.760954086758988,"Plan",NA,502.001411034904,"Pesimis",0.9
2026-02-01,"TB-JAS-SED-PET","Teh Botol","Minuman","Jasmin","Sedang",2,"Botol PET","450 ml",9000,12,4000,"Pabrik B",2,"Februari",0.737844567734044,"Plan",NA,540.840068149054,"Normal",1
2026-02-01,"TB-JAS-SED-PET","Teh Botol","Minuman","Jasmin","Sedang",2,"Botol PET","450 ml",9000,12,4000,"Pabrik B",2,"Februari",0.737844567734044,"Plan",NA,594.92407496396,"Optimis",1.1
2026-02-01,"TB-JAS-SED-PET","Teh Botol","Minuman","Jasmin","Sedang",2,"Botol PET","450 ml",9000,12,4000,"Pabrik B",2,"Februari",0.737844567734044,"Plan",NA,486.756061334149,"Pesimis",0.9
2026-03-01,"TB-JAS-SED-PET","Teh Botol","Minuman","Jasmin","Sedang",2,"Botol PET","450 ml",9000,12,4000,"Pabrik B",3,"Maret",0.879210169935783,"Plan",NA,644.461054562929,"Normal",1
2026-03-01,"TB-JAS-SED-PET","Teh Botol","Minuman","Jasmin","Sedang",2,"Botol PET","450 ml",9000,12,4000,"Pabrik B",3,"Maret",0.879210169935783,"Plan",NA,708.907160019222,"Optimis",1.1
2026-03-01,"TB-JAS-SED-PET","Teh Botol","Minuman","Jasmin","Sedang",2,"Botol PET","450 ml",9000,12,4000,"Pabrik B",3,"Maret",0.879210169935783,"Plan",NA,580.014949106636,"Pesimis",0.9
2026-04-01,"TB-JAS-SED-PET","Teh Botol","Minuman","Jasmin","Sedang",2,"Botol PET","450 ml",9000,12,4000,"Pabrik B",4,"April",0.90769297977371,"Plan",NA,665.33895417413,"Normal",1
2026-04-01,"TB-JAS-SED-PET","Teh Botol","Minuman","Jasmin","Sedang",2,"Botol PET","450 ml",9000,12,4000,"Pabrik B",4,"April",0.90769297977371,"Plan",NA,731.872849591543,"Optimis",1.1
2026-04-01,"TB-JAS-SED-PET","Teh Botol","Minuman","Jasmin","Sedang",2,"Botol PET","450 ml",9000,12,4000,"Pabrik B",4,"April",0.90769297977371,"Plan",NA,598.805058756717,"Pesimis",0.9
2026-05-01,"TB-JAS-SED-PET","Teh Botol","Minuman","Jasmin","Sedang",2,"Botol PET","450 ml",9000,12,4000,"Pabrik B",5,"Mei",1.0194399545673,"Plan",NA,747.249486697829,"Normal",1
2026-05-01,"TB-JAS-SED-PET","Teh Botol","Minuman","Jasmin","Sedang",2,"Botol PET","450 ml",9000,12,4000,"Pabrik B",5,"Mei",1.0194399545673,"Plan",NA,821.974435367612,"Optimis",1.1
2026-05-01,"TB-JAS-SED-PET","Teh Botol","Minuman","Jasmin","Sedang",2,"Botol PET","450 ml",9000,12,4000,"Pabrik B",5,"Mei",1.0194399545673,"Plan",NA,672.524538028046,"Pesimis",0.9
2026-06-01,"TB-JAS-SED-PET","Teh Botol","Minuman","Jasmin","Sedang",2,"Botol PET","450 ml",9000,12,4000,"Pabrik B",6,"Juni",1.05006334367219,"Plan",NA,769.696430911712,"Normal",1
2026-06-01,"TB-JAS-SED-PET","Teh Botol","Minuman","Jasmin","Sedang",2,"Botol PET","450 ml",9000,12,4000,"Pabrik B",6,"Juni",1.05006334367219,"Plan",NA,846.666074002883,"Optimis",1.1
2026-06-01,"TB-JAS-SED-PET","Teh Botol","Minuman","Jasmin","Sedang",2,"Botol PET","450 ml",9000,12,4000,"Pabrik B",6,"Juni",1.05006334367219,"Plan",NA,692.726787820541,"Pesimis",0.9
2023-01-01,"TB-PCH-BES-KAC","Teh Botol","Minuman","Peach","Besar",3,"Botol Kaca","1.000 ml",18000,6,4000,"Pabrik A",1,"Januari",0.760954086758988,"Riwayat",273,NA,"Normal",1
2023-01-01,"TB-PCH-BES-KAC","Teh Botol","Minuman","Peach","Besar",3,"Botol Kaca","1.000 ml",18000,6,4000,"Pabrik A",1,"Januari",0.760954086758988,"Riwayat",273,NA,"Optimis",1.1
2023-01-01,"TB-PCH-BES-KAC","Teh Botol","Minuman","Peach","Besar",3,"Botol Kaca","1.000 ml",18000,6,4000,"Pabrik A",1,"Januari",0.760954086758988,"Riwayat",273,NA,"Pesimis",0.9
2023-02-01,"TB-PCH-BES-KAC","Teh Botol","Minuman","Peach","Besar",3,"Botol Kaca","1.000 ml",18000,6,4000,"Pabrik A",2,"Februari",0.737844567734044,"Riwayat",286,NA,"Normal",1
2023-02-01,"TB-PCH-BES-KAC","Teh Botol","Minuman","Peach","Besar",3,"Botol Kaca","1.000 ml",18000,6,4000,"Pabrik A",2,"Februari",0.737844567734044,"Riwayat",286,NA,"Optimis",1.1
2023-02-01,"TB-PCH-BES-KAC","Teh Botol","Minuman","Peach","Besar",3,"Botol Kaca","1.000 ml",18000,6,4000,"Pabrik A",2,"Februari",0.737844567734044,"Riwayat",286,NA,"Pesimis",0.9
2023-03-01,"TB-PCH-BES-KAC","Teh Botol","Minuman","Peach","Besar",3,"Botol Kaca","1.000 ml",18000,6,4000,"Pabrik A",3,"Maret",0.879210169935783,"Riwayat",245,NA,"Normal",1
2023-03-01,"TB-PCH-BES-KAC","Teh Botol","Minuman","Peach","Besar",3,"Botol Kaca","1.000 ml",18000,6,4000,"Pabrik A",3,"Maret",0.879210169935783,"Riwayat",245,NA,"Optimis",1.1
2023-03-01,"TB-PCH-BES-KAC","Teh Botol","Minuman","Peach","Besar",3,"Botol Kaca","1.000 ml",18000,6,4000,"Pabrik A",3,"Maret",0.879210169935783,"Riwayat",245,NA,"Pesimis",0.9
2023-04-01,"TB-PCH-BES-KAC","Teh Botol","Minuman","Peach","Besar",3,"Botol Kaca","1.000 ml",18000,6,4000,"Pabrik A",4,"April",0.90769297977371,"Riwayat",333,NA,"Normal",1
2023-04-01,"TB-PCH-BES-KAC","Teh Botol","Minuman","Peach","Besar",3,"Botol Kaca","1.000 ml",18000,6,4000,"Pabrik A",4,"April",0.90769297977371,"Riwayat",333,NA,"Optimis",1.1
2023-04-01,"TB-PCH-BES-KAC","Teh Botol","Minuman","Peach","Besar",3,"Botol Kaca","1.000 ml",18000,6,4000,"Pabrik A",4,"April",0.90769297977371,"Riwayat",333,NA,"Pesimis",0.9
2023-05-01,"TB-PCH-BES-KAC","Teh Botol","Minuman","Peach","Besar",3,"Botol Kaca","1.000 ml",18000,6,4000,"Pabrik A",5,"Mei",1.0194399545673,"Riwayat",357,NA,"Normal",1
2023-05-01,"TB-PCH-BES-KAC","Teh Botol","Minuman","Peach","Besar",3,"Botol Kaca","1.000 ml",18000,6,4000,"Pabrik A",5,"Mei",1.0194399545673,"Riwayat",357,NA,"Optimis",1.1
2023-05-01,"TB-PCH-BES-KAC","Teh Botol","Minuman","Peach","Besar",3,"Botol Kaca","1.000 ml",18000,6,4000,"Pabrik A",5,"Mei",1.0194399545673,"Riwayat",357,NA,"Pesimis",0.9
2023-06-01,"TB-PCH-BES-KAC","Teh Botol","Minuman","Peach","Besar",3,"Botol Kaca","1.000 ml",18000,6,4000,"Pabrik A",6,"Juni",1.05006334367219,"Riwayat",390,NA,"Normal",1
2023-06-01,"TB-PCH-BES-KAC","Teh Botol","Minuman","Peach","Besar",3,"Botol Kaca","1.000 ml",18000,6,4000,"Pabrik A",6,"Juni",1.05006334367219,"Riwayat",390,NA,"Optimis",1.1
2023-06-01,"TB-PCH-BES-KAC","Teh Botol","Minuman","Peach","Besar",3,"Botol Kaca","1.000 ml",18000,6,4000,"Pabrik A",6,"Juni",1.05006334367219,"Riwayat",390,NA,"Pesimis",0.9
2023-07-01,"TB-PCH-BES-KAC","Teh Botol","Minuman","Peach","Besar",3,"Botol Kaca","1.000 ml",18000,6,4000,"Pabrik A",7,"Juli",1.01712463413569,"Riwayat",385,NA,"Normal",1
2023-07-01,"TB-PCH-BES-KAC","Teh Botol","Minuman","Peach","Besar",3,"Botol Kaca","1.000 ml",18000,6,4000,"Pabrik A",7,"Juli",1.01712463413569,"Riwayat",385,NA,"Optimis",1.1
2023-07-01,"TB-PCH-BES-KAC","Teh Botol","Minuman","Peach","Besar",3,"Botol Kaca","1.000 ml",18000,6,4000,"Pabrik A",7,"Juli",1.01712463413569,"Riwayat",385,NA,"Pesimis",0.9
2023-08-01,"TB-PCH-BES-KAC","Teh Botol","Minuman","Peach","Besar",3,"Botol Kaca","1.000 ml",18000,6,4000,"Pabrik A",8,"Agustus",0.925822375606133,"Riwayat",328,NA,"Normal",1
2023-08-01,"TB-PCH-BES-KAC","Teh Botol","Minuman","Peach","Besar",3,"Botol Kaca","1.000 ml",18000,6,4000,"Pabrik A",8,"Agustus",0.925822375606133,"Riwayat",328,NA,"Optimis",1.1
2023-08-01,"TB-PCH-BES-KAC","Teh Botol","Minuman","Peach","Besar",3,"Botol Kaca","1.000 ml",18000,6,4000,"Pabrik A",8,"Agustus",0.925822375606133,"Riwayat",328,NA,"Pesimis",0.9
2023-09-01,"TB-PCH-BES-KAC","Teh Botol","Minuman","Peach","Besar",3,"Botol Kaca","1.000 ml",18000,6,4000,"Pabrik A",9,"September",0.982875365864313,"Riwayat",368,NA,"Normal",1
2023-09-01,"TB-PCH-BES-KAC","Teh Botol","Minuman","Peach","Besar",3,"Botol Kaca","1.000 ml",18000,6,4000,"Pabrik A",9,"September",0.982875365864313,"Riwayat",368,NA,"Optimis",1.1
2023-09-01,"TB-PCH-BES-KAC","Teh Botol","Minuman","Peach","Besar",3,"Botol Kaca","1.000 ml",18000,6,4000,"Pabrik A",9,"September",0.982875365864313,"Riwayat",368,NA,"Pesimis",0.9
2023-10-01,"TB-PCH-BES-KAC","Teh Botol","Minuman","Peach","Besar",3,"Botol Kaca","1.000 ml",18000,6,4000,"Pabrik A",10,"Oktober",1.10231095190249,"Riwayat",437,NA,"Normal",1
2023-10-01,"TB-PCH-BES-KAC","Teh Botol","Minuman","Peach","Besar",3,"Botol Kaca","1.000 ml",18000,6,4000,"Pabrik A",10,"Oktober",1.10231095190249,"Riwayat",437,NA,"Optimis",1.1
2023-10-01,"TB-PCH-BES-KAC","Teh Botol","Minuman","Peach","Besar",3,"Botol Kaca","1.000 ml",18000,6,4000,"Pabrik A",10,"Oktober",1.10231095190249,"Riwayat",437,NA,"Pesimis",0.9
2023-11-01,"TB-PCH-BES-KAC","Teh Botol","Minuman","Peach","Besar",3,"Botol Kaca","1.000 ml",18000,6,4000,"Pabrik A",11,"November",1.22930409331178,"Riwayat",475,NA,"Normal",1
2023-11-01,"TB-PCH-BES-KAC","Teh Botol","Minuman","Peach","Besar",3,"Botol Kaca","1.000 ml",18000,6,4000,"Pabrik A",11,"November",1.22930409331178,"Riwayat",475,NA,"Optimis",1.1
2023-11-01,"TB-PCH-BES-KAC","Teh Botol","Minuman","Peach","Besar",3,"Botol Kaca","1.000 ml",18000,6,4000,"Pabrik A",11,"November",1.22930409331178,"Riwayat",475,NA,"Pesimis",0.9
2023-12-01,"TB-PCH-BES-KAC","Teh Botol","Minuman","Peach","Besar",3,"Botol Kaca","1.000 ml",18000,6,4000,"Pabrik A",12,"Desember",1.43313966187585,"Riwayat",508,NA,"Normal",1
2023-12-01,"TB-PCH-BES-KAC","Teh Botol","Minuman","Peach","Besar",3,"Botol Kaca","1.000 ml",18000,6,4000,"Pabrik A",12,"Desember",1.43313966187585,"Riwayat",508,NA,"Optimis",1.1
2023-12-01,"TB-PCH-BES-KAC","Teh Botol","Minuman","Peach","Besar",3,"Botol Kaca","1.000 ml",18000,6,4000,"Pabrik A",12,"Desember",1.43313966187585,"Riwayat",508,NA,"Pesimis",0.9
2024-01-01,"TB-PCH-BES-KAC","Teh Botol","Minuman","Peach","Besar",3,"Botol Kaca","1.000 ml",18000,6,4000,"Pabrik A",1,"Januari",0.760954086758988,"Riwayat",311,NA,"Normal",1
2024-01-01,"TB-PCH-BES-KAC","Teh Botol","Minuman","Peach","Besar",3,"Botol Kaca","1.000 ml",18000,6,4000,"Pabrik A",1,"Januari",0.760954086758988,"Riwayat",311,NA,"Optimis",1.1
2024-01-01,"TB-PCH-BES-KAC","Teh Botol","Minuman","Peach","Besar",3,"Botol Kaca","1.000 ml",18000,6,4000,"Pabrik A",1,"Januari",0.760954086758988,"Riwayat",311,NA,"Pesimis",0.9
2024-02-01,"TB-PCH-BES-KAC","Teh Botol","Minuman","Peach","Besar",3,"Botol Kaca","1.000 ml",18000,6,4000,"Pabrik A",2,"Februari",0.737844567734044,"Riwayat",323,NA,"Normal",1
2024-02-01,"TB-PCH-BES-KAC","Teh Botol","Minuman","Peach","Besar",3,"Botol Kaca","1.000 ml",18000,6,4000,"Pabrik A",2,"Februari",0.737844567734044,"Riwayat",323,NA,"Optimis",1.1
2024-02-01,"TB-PCH-BES-KAC","Teh Botol","Minuman","Peach","Besar",3,"Botol Kaca","1.000 ml",18000,6,4000,"Pabrik A",2,"Februari",0.737844567734044,"Riwayat",323,NA,"Pesimis",0.9
2024-03-01,"TB-PCH-BES-KAC","Teh Botol","Minuman","Peach","Besar",3,"Botol Kaca","1.000 ml",18000,6,4000,"Pabrik A",3,"Maret",0.879210169935783,"Riwayat",371,NA,"Normal",1
2024-03-01,"TB-PCH-BES-KAC","Teh Botol","Minuman","Peach","Besar",3,"Botol Kaca","1.000 ml",18000,6,4000,"Pabrik A",3,"Maret",0.879210169935783,"Riwayat",371,NA,"Optimis",1.1
2024-03-01,"TB-PCH-BES-KAC","Teh Botol","Minuman","Peach","Besar",3,"Botol Kaca","1.000 ml",18000,6,4000,"Pabrik A",3,"Maret",0.879210169935783,"Riwayat",371,NA,"Pesimis",0.9
2024-04-01,"TB-PCH-BES-KAC","Teh Botol","Minuman","Peach","Besar",3,"Botol Kaca","1.000 ml",18000,6,4000,"Pabrik A",4,"April",0.90769297977371,"Riwayat",438,NA,"Normal",1
2024-04-01,"TB-PCH-BES-KAC","Teh Botol","Minuman","Peach","Besar",3,"Botol Kaca","1.000 ml",18000,6,4000,"Pabrik A",4,"April",0.90769297977371,"Riwayat",438,NA,"Optimis",1.1
2024-04-01,"TB-PCH-BES-KAC","Teh Botol","Minuman","Peach","Besar",3,"Botol Kaca","1.000 ml",18000,6,4000,"Pabrik A",4,"April",0.90769297977371,"Riwayat",438,NA,"Pesimis",0.9
2024-05-01,"TB-PCH-BES-KAC","Teh Botol","Minuman","Peach","Besar",3,"Botol Kaca","1.000 ml",18000,6,4000,"Pabrik A",5,"Mei",1.0194399545673,"Riwayat",516,NA,"Normal",1
2024-05-01,"TB-PCH-BES-KAC","Teh Botol","Minuman","Peach","Besar",3,"Botol Kaca","1.000 ml",18000,6,4000,"Pabrik A",5,"Mei",1.0194399545673,"Riwayat",516,NA,"Optimis",1.1
2024-05-01,"TB-PCH-BES-KAC","Teh Botol","Minuman","Peach","Besar",3,"Botol Kaca","1.000 ml",18000,6,4000,"Pabrik A",5,"Mei",1.0194399545673,"Riwayat",516,NA,"Pesimis",0.9
2024-06-01,"TB-PCH-BES-KAC","Teh Botol","Minuman","Peach","Besar",3,"Botol Kaca","1.000 ml",18000,6,4000,"Pabrik A",6,"Juni",1.05006334367219,"Riwayat",513,NA,"Normal",1
2024-06-01,"TB-PCH-BES-KAC","Teh Botol","Minuman","Peach","Besar",3,"Botol Kaca","1.000 ml",18000,6,4000,"Pabrik A",6,"Juni",1.05006334367219,"Riwayat",513,NA,"Optimis",1.1
2024-06-01,"TB-PCH-BES-KAC","Teh Botol","Minuman","Peach","Besar",3,"Botol Kaca","1.000 ml",18000,6,4000,"Pabrik A",6,"Juni",1.05006334367219,"Riwayat",513,NA,"Pesimis",0.9
2024-07-01,"TB-PCH-BES-KAC","Teh Botol","Minuman","Peach","Besar",3,"Botol Kaca","1.000 ml",18000,6,4000,"Pabrik A",7,"Juli",1.01712463413569,"Riwayat",486,NA,"Normal",1
2024-07-01,"TB-PCH-BES-KAC","Teh Botol","Minuman","Peach","Besar",3,"Botol Kaca","1.000 ml",18000,6,4000,"Pabrik A",7,"Juli",1.01712463413569,"Riwayat",486,NA,"Optimis",1.1
2024-07-01,"TB-PCH-BES-KAC","Teh Botol","Minuman","Peach","Besar",3,"Botol Kaca","1.000 ml",18000,6,4000,"Pabrik A",7,"Juli",1.01712463413569,"Riwayat",486,NA,"Pesimis",0.9
2024-08-01,"TB-PCH-BES-KAC","Teh Botol","Minuman","Peach","Besar",3,"Botol Kaca","1.000 ml",18000,6,4000,"Pabrik A",8,"Agustus",0.925822375606133,"Riwayat",421,NA,"Normal",1
2024-08-01,"TB-PCH-BES-KAC","Teh Botol","Minuman","Peach","Besar",3,"Botol Kaca","1.000 ml",18000,6,4000,"Pabrik A",8,"Agustus",0.925822375606133,"Riwayat",421,NA,"Optimis",1.1
2024-08-01,"TB-PCH-BES-KAC","Teh Botol","Minuman","Peach","Besar",3,"Botol Kaca","1.000 ml",18000,6,4000,"Pabrik A",8,"Agustus",0.925822375606133,"Riwayat",421,NA,"Pesimis",0.9
2024-09-01,"TB-PCH-BES-KAC","Teh Botol","Minuman","Peach","Besar",3,"Botol Kaca","1.000 ml",18000,6,4000,"Pabrik A",9,"September",0.982875365864313,"Riwayat",509,NA,"Normal",1
2024-09-01,"TB-PCH-BES-KAC","Teh Botol","Minuman","Peach","Besar",3,"Botol Kaca","1.000 ml",18000,6,4000,"Pabrik A",9,"September",0.982875365864313,"Riwayat",509,NA,"Optimis",1.1
2024-09-01,"TB-PCH-BES-KAC","Teh Botol","Minuman","Peach","Besar",3,"Botol Kaca","1.000 ml",18000,6,4000,"Pabrik A",9,"September",0.982875365864313,"Riwayat",509,NA,"Pesimis",0.9
2024-10-01,"TB-PCH-BES-KAC","Teh Botol","Minuman","Peach","Besar",3,"Botol Kaca","1.000 ml",18000,6,4000,"Pabrik A",10,"Oktober",1.10231095190249,"Riwayat",526,NA,"Normal",1
2024-10-01,"TB-PCH-BES-KAC","Teh Botol","Minuman","Peach","Besar",3,"Botol Kaca","1.000 ml",18000,6,4000,"Pabrik A",10,"Oktober",1.10231095190249,"Riwayat",526,NA,"Optimis",1.1
2024-10-01,"TB-PCH-BES-KAC","Teh Botol","Minuman","Peach","Besar",3,"Botol Kaca","1.000 ml",18000,6,4000,"Pabrik A",10,"Oktober",1.10231095190249,"Riwayat",526,NA,"Pesimis",0.9
2024-11-01,"TB-PCH-BES-KAC","Teh Botol","Minuman","Peach","Besar",3,"Botol Kaca","1.000 ml",18000,6,4000,"Pabrik A",11,"November",1.22930409331178,"Riwayat",595,NA,"Normal",1
2024-11-01,"TB-PCH-BES-KAC","Teh Botol","Minuman","Peach","Besar",3,"Botol Kaca","1.000 ml",18000,6,4000,"Pabrik A",11,"November",1.22930409331178,"Riwayat",595,NA,"Optimis",1.1
2024-11-01,"TB-PCH-BES-KAC","Teh Botol","Minuman","Peach","Besar",3,"Botol Kaca","1.000 ml",18000,6,4000,"Pabrik A",11,"November",1.22930409331178,"Riwayat",595,NA,"Pesimis",0.9
2024-12-01,"TB-PCH-BES-KAC","Teh Botol","Minuman","Peach","Besar",3,"Botol Kaca","1.000 ml",18000,6,4000,"Pabrik A",12,"Desember",1.43313966187585,"Riwayat",1065,NA,"Normal",1
2024-12-01,"TB-PCH-BES-KAC","Teh Botol","Minuman","Peach","Besar",3,"Botol Kaca","1.000 ml",18000,6,4000,"Pabrik A",12,"Desember",1.43313966187585,"Riwayat",1065,NA,"Optimis",1.1
2024-12-01,"TB-PCH-BES-KAC","Teh Botol","Minuman","Peach","Besar",3,"Botol Kaca","1.000 ml",18000,6,4000,"Pabrik A",12,"Desember",1.43313966187585,"Riwayat",1065,NA,"Pesimis",0.9
2025-01-01,"TB-PCH-BES-KAC","Teh Botol","Minuman","Peach","Besar",3,"Botol Kaca","1.000 ml",18000,6,4000,"Pabrik A",1,"Januari",0.760954086758988,"Riwayat",429,NA,"Normal",1
2025-01-01,"TB-PCH-BES-KAC","Teh Botol","Minuman","Peach","Besar",3,"Botol Kaca","1.000 ml",18000,6,4000,"Pabrik A",1,"Januari",0.760954086758988,"Riwayat",429,NA,"Optimis",1.1
2025-01-01,"TB-PCH-BES-KAC","Teh Botol","Minuman","Peach","Besar",3,"Botol Kaca","1.000 ml",18000,6,4000,"Pabrik A",1,"Januari",0.760954086758988,"Riwayat",429,NA,"Pesimis",0.9
2025-02-01,"TB-PCH-BES-KAC","Teh Botol","Minuman","Peach","Besar",3,"Botol Kaca","1.000 ml",18000,6,4000,"Pabrik A",2,"Februari",0.737844567734044,"Riwayat",451,NA,"Normal",1
2025-02-01,"TB-PCH-BES-KAC","Teh Botol","Minuman","Peach","Besar",3,"Botol Kaca","1.000 ml",18000,6,4000,"Pabrik A",2,"Februari",0.737844567734044,"Riwayat",451,NA,"Optimis",1.1
2025-02-01,"TB-PCH-BES-KAC","Teh Botol","Minuman","Peach","Besar",3,"Botol Kaca","1.000 ml",18000,6,4000,"Pabrik A",2,"Februari",0.737844567734044,"Riwayat",451,NA,"Pesimis",0.9
2025-03-01,"TB-PCH-BES-KAC","Teh Botol","Minuman","Peach","Besar",3,"Botol Kaca","1.000 ml",18000,6,4000,"Pabrik A",3,"Maret",0.879210169935783,"Riwayat",522,NA,"Normal",1
2025-03-01,"TB-PCH-BES-KAC","Teh Botol","Minuman","Peach","Besar",3,"Botol Kaca","1.000 ml",18000,6,4000,"Pabrik A",3,"Maret",0.879210169935783,"Riwayat",522,NA,"Optimis",1.1
2025-03-01,"TB-PCH-BES-KAC","Teh Botol","Minuman","Peach","Besar",3,"Botol Kaca","1.000 ml",18000,6,4000,"Pabrik A",3,"Maret",0.879210169935783,"Riwayat",522,NA,"Pesimis",0.9
2025-04-01,"TB-PCH-BES-KAC","Teh Botol","Minuman","Peach","Besar",3,"Botol Kaca","1.000 ml",18000,6,4000,"Pabrik A",4,"April",0.90769297977371,"Riwayat",504,NA,"Normal",1
2025-04-01,"TB-PCH-BES-KAC","Teh Botol","Minuman","Peach","Besar",3,"Botol Kaca","1.000 ml",18000,6,4000,"Pabrik A",4,"April",0.90769297977371,"Riwayat",504,NA,"Optimis",1.1
2025-04-01,"TB-PCH-BES-KAC","Teh Botol","Minuman","Peach","Besar",3,"Botol Kaca","1.000 ml",18000,6,4000,"Pabrik A",4,"April",0.90769297977371,"Riwayat",504,NA,"Pesimis",0.9
2025-05-01,"TB-PCH-BES-KAC","Teh Botol","Minuman","Peach","Besar",3,"Botol Kaca","1.000 ml",18000,6,4000,"Pabrik A",5,"Mei",1.0194399545673,"Riwayat",584,NA,"Normal",1
2025-05-01,"TB-PCH-BES-KAC","Teh Botol","Minuman","Peach","Besar",3,"Botol Kaca","1.000 ml",18000,6,4000,"Pabrik A",5,"Mei",1.0194399545673,"Riwayat",584,NA,"Optimis",1.1
2025-05-01,"TB-PCH-BES-KAC","Teh Botol","Minuman","Peach","Besar",3,"Botol Kaca","1.000 ml",18000,6,4000,"Pabrik A",5,"Mei",1.0194399545673,"Riwayat",584,NA,"Pesimis",0.9
2025-06-01,"TB-PCH-BES-KAC","Teh Botol","Minuman","Peach","Besar",3,"Botol Kaca","1.000 ml",18000,6,4000,"Pabrik A",6,"Juni",1.05006334367219,"Riwayat",622,NA,"Normal",1
2025-06-01,"TB-PCH-BES-KAC","Teh Botol","Minuman","Peach","Besar",3,"Botol Kaca","1.000 ml",18000,6,4000,"Pabrik A",6,"Juni",1.05006334367219,"Riwayat",622,NA,"Optimis",1.1
2025-06-01,"TB-PCH-BES-KAC","Teh Botol","Minuman","Peach","Besar",3,"Botol Kaca","1.000 ml",18000,6,4000,"Pabrik A",6,"Juni",1.05006334367219,"Riwayat",622,NA,"Pesimis",0.9
2025-07-01,"TB-PCH-BES-KAC","Teh Botol","Minuman","Peach","Besar",3,"Botol Kaca","1.000 ml",18000,6,4000,"Pabrik A",7,"Juli",1.01712463413569,"Riwayat",599,NA,"Normal",1
2025-07-01,"TB-PCH-BES-KAC","Teh Botol","Minuman","Peach","Besar",3,"Botol Kaca","1.000 ml",18000,6,4000,"Pabrik A",7,"Juli",1.01712463413569,"Riwayat",599,NA,"Optimis",1.1
2025-07-01,"TB-PCH-BES-KAC","Teh Botol","Minuman","Peach","Besar",3,"Botol Kaca","1.000 ml",18000,6,4000,"Pabrik A",7,"Juli",1.01712463413569,"Riwayat",599,NA,"Pesimis",0.9
2025-08-01,"TB-PCH-BES-KAC","Teh Botol","Minuman","Peach","Besar",3,"Botol Kaca","1.000 ml",18000,6,4000,"Pabrik A",8,"Agustus",0.925822375606133,"Riwayat",649,NA,"Normal",1
2025-08-01,"TB-PCH-BES-KAC","Teh Botol","Minuman","Peach","Besar",3,"Botol Kaca","1.000 ml",18000,6,4000,"Pabrik A",8,"Agustus",0.925822375606133,"Riwayat",649,NA,"Optimis",1.1
2025-08-01,"TB-PCH-BES-KAC","Teh Botol","Minuman","Peach","Besar",3,"Botol Kaca","1.000 ml",18000,6,4000,"Pabrik A",8,"Agustus",0.925822375606133,"Riwayat",649,NA,"Pesimis",0.9
2025-09-01,"TB-PCH-BES-KAC","Teh Botol","Minuman","Peach","Besar",3,"Botol Kaca","1.000 ml",18000,6,4000,"Pabrik A",9,"September",0.982875365864313,"Riwayat",586,NA,"Normal",1
2025-09-01,"TB-PCH-BES-KAC","Teh Botol","Minuman","Peach","Besar",3,"Botol Kaca","1.000 ml",18000,6,4000,"Pabrik A",9,"September",0.982875365864313,"Riwayat",586,NA,"Optimis",1.1
2025-09-01,"TB-PCH-BES-KAC","Teh Botol","Minuman","Peach","Besar",3,"Botol Kaca","1.000 ml",18000,6,4000,"Pabrik A",9,"September",0.982875365864313,"Riwayat",586,NA,"Pesimis",0.9
2025-10-01,"TB-PCH-BES-KAC","Teh Botol","Minuman","Peach","Besar",3,"Botol Kaca","1.000 ml",18000,6,4000,"Pabrik A",10,"Oktober",1.10231095190249,"Riwayat",576,NA,"Normal",1
2025-10-01,"TB-PCH-BES-KAC","Teh Botol","Minuman","Peach","Besar",3,"Botol Kaca","1.000 ml",18000,6,4000,"Pabrik A",10,"Oktober",1.10231095190249,"Riwayat",576,NA,"Optimis",1.1
2025-10-01,"TB-PCH-BES-KAC","Teh Botol","Minuman","Peach","Besar",3,"Botol Kaca","1.000 ml",18000,6,4000,"Pabrik A",10,"Oktober",1.10231095190249,"Riwayat",576,NA,"Pesimis",0.9
2025-11-01,"TB-PCH-BES-KAC","Teh Botol","Minuman","Peach","Besar",3,"Botol Kaca","1.000 ml",18000,6,4000,"Pabrik A",11,"November",1.22930409331178,"Riwayat",793,NA,"Normal",1
2025-11-01,"TB-PCH-BES-KAC","Teh Botol","Minuman","Peach","Besar",3,"Botol Kaca","1.000 ml",18000,6,4000,"Pabrik A",11,"November",1.22930409331178,"Riwayat",793,NA,"Optimis",1.1
2025-11-01,"TB-PCH-BES-KAC","Teh Botol","Minuman","Peach","Besar",3,"Botol Kaca","1.000 ml",18000,6,4000,"Pabrik A",11,"November",1.22930409331178,"Riwayat",793,NA,"Pesimis",0.9
2025-12-01,"TB-PCH-BES-KAC","Teh Botol","Minuman","Peach","Besar",3,"Botol Kaca","1.000 ml",18000,6,4000,"Pabrik A",12,"Desember",1.43313966187585,"Riwayat",820,NA,"Normal",1
2025-12-01,"TB-PCH-BES-KAC","Teh Botol","Minuman","Peach","Besar",3,"Botol Kaca","1.000 ml",18000,6,4000,"Pabrik A",12,"Desember",1.43313966187585,"Riwayat",820,NA,"Optimis",1.1
2025-12-01,"TB-PCH-BES-KAC","Teh Botol","Minuman","Peach","Besar",3,"Botol Kaca","1.000 ml",18000,6,4000,"Pabrik A",12,"Desember",1.43313966187585,"Riwayat",820,NA,"Pesimis",0.9
2026-01-01,"TB-PCH-BES-KAC","Teh Botol","Minuman","Peach","Besar",3,"Botol Kaca","1.000 ml",18000,6,4000,"Pabrik A",1,"Januari",0.760954086758988,"Plan",NA,603.436590799878,"Normal",1
2026-01-01,"TB-PCH-BES-KAC","Teh Botol","Minuman","Peach","Besar",3,"Botol Kaca","1.000 ml",18000,6,4000,"Pabrik A",1,"Januari",0.760954086758988,"Plan",NA,663.780249879865,"Optimis",1.1
2026-01-01,"TB-PCH-BES-KAC","Teh Botol","Minuman","Peach","Besar",3,"Botol Kaca","1.000 ml",18000,6,4000,"Pabrik A",1,"Januari",0.760954086758988,"Plan",NA,543.09293171989,"Pesimis",0.9
2026-02-01,"TB-PCH-BES-KAC","Teh Botol","Minuman","Peach","Besar",3,"Botol Kaca","1.000 ml",18000,6,4000,"Pabrik A",2,"Februari",0.737844567734044,"Plan",NA,585.110742213097,"Normal",1
2026-02-01,"TB-PCH-BES-KAC","Teh Botol","Minuman","Peach","Besar",3,"Botol Kaca","1.000 ml",18000,6,4000,"Pabrik A",2,"Februari",0.737844567734044,"Plan",NA,643.621816434407,"Optimis",1.1
2026-02-01,"TB-PCH-BES-KAC","Teh Botol","Minuman","Peach","Besar",3,"Botol Kaca","1.000 ml",18000,6,4000,"Pabrik A",2,"Februari",0.737844567734044,"Plan",NA,526.599667991787,"Pesimis",0.9
2026-03-01,"TB-PCH-BES-KAC","Teh Botol","Minuman","Peach","Besar",3,"Botol Kaca","1.000 ml",18000,6,4000,"Pabrik A",3,"Maret",0.879210169935783,"Plan",NA,697.213664759076,"Normal",1
2026-03-01,"TB-PCH-BES-KAC","Teh Botol","Minuman","Peach","Besar",3,"Botol Kaca","1.000 ml",18000,6,4000,"Pabrik A",3,"Maret",0.879210169935783,"Plan",NA,766.935031234983,"Optimis",1.1
2026-03-01,"TB-PCH-BES-KAC","Teh Botol","Minuman","Peach","Besar",3,"Botol Kaca","1.000 ml",18000,6,4000,"Pabrik A",3,"Maret",0.879210169935783,"Plan",NA,627.492298283168,"Pesimis",0.9
2026-04-01,"TB-PCH-BES-KAC","Teh Botol","Minuman","Peach","Besar",3,"Botol Kaca","1.000 ml",18000,6,4000,"Pabrik A",4,"April",0.90769297977371,"Plan",NA,719.800532960552,"Normal",1
2026-04-01,"TB-PCH-BES-KAC","Teh Botol","Minuman","Peach","Besar",3,"Botol Kaca","1.000 ml",18000,6,4000,"Pabrik A",4,"April",0.90769297977371,"Plan",NA,791.780586256608,"Optimis",1.1
2026-04-01,"TB-PCH-BES-KAC","Teh Botol","Minuman","Peach","Besar",3,"Botol Kaca","1.000 ml",18000,6,4000,"Pabrik A",4,"April",0.90769297977371,"Plan",NA,647.820479664497,"Pesimis",0.9
2026-05-01,"TB-PCH-BES-KAC","Teh Botol","Minuman","Peach","Besar",3,"Botol Kaca","1.000 ml",18000,6,4000,"Pabrik A",5,"Mei",1.0194399545673,"Plan",NA,808.415883971867,"Normal",1
2026-05-01,"TB-PCH-BES-KAC","Teh Botol","Minuman","Peach","Besar",3,"Botol Kaca","1.000 ml",18000,6,4000,"Pabrik A",5,"Mei",1.0194399545673,"Plan",NA,889.257472369054,"Optimis",1.1
2026-05-01,"TB-PCH-BES-KAC","Teh Botol","Minuman","Peach","Besar",3,"Botol Kaca","1.000 ml",18000,6,4000,"Pabrik A",5,"Mei",1.0194399545673,"Plan",NA,727.57429557468,"Pesimis",0.9
2026-06-01,"TB-PCH-BES-KAC","Teh Botol","Minuman","Peach","Besar",3,"Botol Kaca","1.000 ml",18000,6,4000,"Pabrik A",6,"Juni",1.05006334367219,"Plan",NA,832.700231532043,"Normal",1
2026-06-01,"TB-PCH-BES-KAC","Teh Botol","Minuman","Peach","Besar",3,"Botol Kaca","1.000 ml",18000,6,4000,"Pabrik A",6,"Juni",1.05006334367219,"Plan",NA,915.970254685248,"Optimis",1.1
2026-06-01,"TB-PCH-BES-KAC","Teh Botol","Minuman","Peach","Besar",3,"Botol Kaca","1.000 ml",18000,6,4000,"Pabrik A",6,"Juni",1.05006334367219,"Plan",NA,749.430208378839,"Pesimis",0.9
2023-01-01,"TB-PCH-BES-KAC","Teh Botol","Minuman","Peach","Besar",3,"Botol Kaca","1.000 ml",18000,6,4000,"Pabrik B",1,"Januari",0.760954086758988,"Riwayat",195,NA,"Normal",1
2023-01-01,"TB-PCH-BES-KAC","Teh Botol","Minuman","Peach","Besar",3,"Botol Kaca","1.000 ml",18000,6,4000,"Pabrik B",1,"Januari",0.760954086758988,"Riwayat",195,NA,"Optimis",1.1
2023-01-01,"TB-PCH-BES-KAC","Teh Botol","Minuman","Peach","Besar",3,"Botol Kaca","1.000 ml",18000,6,4000,"Pabrik B",1,"Januari",0.760954086758988,"Riwayat",195,NA,"Pesimis",0.9
2023-02-01,"TB-PCH-BES-KAC","Teh Botol","Minuman","Peach","Besar",3,"Botol Kaca","1.000 ml",18000,6,4000,"Pabrik B",2,"Februari",0.737844567734044,"Riwayat",172,NA,"Normal",1
2023-02-01,"TB-PCH-BES-KAC","Teh Botol","Minuman","Peach","Besar",3,"Botol Kaca","1.000 ml",18000,6,4000,"Pabrik B",2,"Februari",0.737844567734044,"Riwayat",172,NA,"Optimis",1.1
2023-02-01,"TB-PCH-BES-KAC","Teh Botol","Minuman","Peach","Besar",3,"Botol Kaca","1.000 ml",18000,6,4000,"Pabrik B",2,"Februari",0.737844567734044,"Riwayat",172,NA,"Pesimis",0.9
2023-03-01,"TB-PCH-BES-KAC","Teh Botol","Minuman","Peach","Besar",3,"Botol Kaca","1.000 ml",18000,6,4000,"Pabrik B",3,"Maret",0.879210169935783,"Riwayat",208,NA,"Normal",1
2023-03-01,"TB-PCH-BES-KAC","Teh Botol","Minuman","Peach","Besar",3,"Botol Kaca","1.000 ml",18000,6,4000,"Pabrik B",3,"Maret",0.879210169935783,"Riwayat",208,NA,"Optimis",1.1
2023-03-01,"TB-PCH-BES-KAC","Teh Botol","Minuman","Peach","Besar",3,"Botol Kaca","1.000 ml",18000,6,4000,"Pabrik B",3,"Maret",0.879210169935783,"Riwayat",208,NA,"Pesimis",0.9
2023-04-01,"TB-PCH-BES-KAC","Teh Botol","Minuman","Peach","Besar",3,"Botol Kaca","1.000 ml",18000,6,4000,"Pabrik B",4,"April",0.90769297977371,"Riwayat",232,NA,"Normal",1
2023-04-01,"TB-PCH-BES-KAC","Teh Botol","Minuman","Peach","Besar",3,"Botol Kaca","1.000 ml",18000,6,4000,"Pabrik B",4,"April",0.90769297977371,"Riwayat",232,NA,"Optimis",1.1
2023-04-01,"TB-PCH-BES-KAC","Teh Botol","Minuman","Peach","Besar",3,"Botol Kaca","1.000 ml",18000,6,4000,"Pabrik B",4,"April",0.90769297977371,"Riwayat",232,NA,"Pesimis",0.9
2023-05-01,"TB-PCH-BES-KAC","Teh Botol","Minuman","Peach","Besar",3,"Botol Kaca","1.000 ml",18000,6,4000,"Pabrik B",5,"Mei",1.0194399545673,"Riwayat",240,NA,"Normal",1
2023-05-01,"TB-PCH-BES-KAC","Teh Botol","Minuman","Peach","Besar",3,"Botol Kaca","1.000 ml",18000,6,4000,"Pabrik B",5,"Mei",1.0194399545673,"Riwayat",240,NA,"Optimis",1.1
2023-05-01,"TB-PCH-BES-KAC","Teh Botol","Minuman","Peach","Besar",3,"Botol Kaca","1.000 ml",18000,6,4000,"Pabrik B",5,"Mei",1.0194399545673,"Riwayat",240,NA,"Pesimis",0.9
2023-06-01,"TB-PCH-BES-KAC","Teh Botol","Minuman","Peach","Besar",3,"Botol Kaca","1.000 ml",18000,6,4000,"Pabrik B",6,"Juni",1.05006334367219,"Riwayat",267,NA,"Normal",1
2023-06-01,"TB-PCH-BES-KAC","Teh Botol","Minuman","Peach","Besar",3,"Botol Kaca","1.000 ml",18000,6,4000,"Pabrik B",6,"Juni",1.05006334367219,"Riwayat",267,NA,"Optimis",1.1
2023-06-01,"TB-PCH-BES-KAC","Teh Botol","Minuman","Peach","Besar",3,"Botol Kaca","1.000 ml",18000,6,4000,"Pabrik B",6,"Juni",1.05006334367219,"Riwayat",267,NA,"Pesimis",0.9
2023-07-01,"TB-PCH-BES-KAC","Teh Botol","Minuman","Peach","Besar",3,"Botol Kaca","1.000 ml",18000,6,4000,"Pabrik B",7,"Juli",1.01712463413569,"Riwayat",255,NA,"Normal",1
2023-07-01,"TB-PCH-BES-KAC","Teh Botol","Minuman","Peach","Besar",3,"Botol Kaca","1.000 ml",18000,6,4000,"Pabrik B",7,"Juli",1.01712463413569,"Riwayat",255,NA,"Optimis",1.1
2023-07-01,"TB-PCH-BES-KAC","Teh Botol","Minuman","Peach","Besar",3,"Botol Kaca","1.000 ml",18000,6,4000,"Pabrik B",7,"Juli",1.01712463413569,"Riwayat",255,NA,"Pesimis",0.9
2023-08-01,"TB-PCH-BES-KAC","Teh Botol","Minuman","Peach","Besar",3,"Botol Kaca","1.000 ml",18000,6,4000,"Pabrik B",8,"Agustus",0.925822375606133,"Riwayat",252,NA,"Normal",1
2023-08-01,"TB-PCH-BES-KAC","Teh Botol","Minuman","Peach","Besar",3,"Botol Kaca","1.000 ml",18000,6,4000,"Pabrik B",8,"Agustus",0.925822375606133,"Riwayat",252,NA,"Optimis",1.1
2023-08-01,"TB-PCH-BES-KAC","Teh Botol","Minuman","Peach","Besar",3,"Botol Kaca","1.000 ml",18000,6,4000,"Pabrik B",8,"Agustus",0.925822375606133,"Riwayat",252,NA,"Pesimis",0.9
2023-09-01,"TB-PCH-BES-KAC","Teh Botol","Minuman","Peach","Besar",3,"Botol Kaca","1.000 ml",18000,6,4000,"Pabrik B",9,"September",0.982875365864313,"Riwayat",270,NA,"Normal",1
2023-09-01,"TB-PCH-BES-KAC","Teh Botol","Minuman","Peach","Besar",3,"Botol Kaca","1.000 ml",18000,6,4000,"Pabrik B",9,"September",0.982875365864313,"Riwayat",270,NA,"Optimis",1.1
2023-09-01,"TB-PCH-BES-KAC","Teh Botol","Minuman","Peach","Besar",3,"Botol Kaca","1.000 ml",18000,6,4000,"Pabrik B",9,"September",0.982875365864313,"Riwayat",270,NA,"Pesimis",0.9
2023-10-01,"TB-PCH-BES-KAC","Teh Botol","Minuman","Peach","Besar",3,"Botol Kaca","1.000 ml",18000,6,4000,"Pabrik B",10,"Oktober",1.10231095190249,"Riwayat",256,NA,"Normal",1
2023-10-01,"TB-PCH-BES-KAC","Teh Botol","Minuman","Peach","Besar",3,"Botol Kaca","1.000 ml",18000,6,4000,"Pabrik B",10,"Oktober",1.10231095190249,"Riwayat",256,NA,"Optimis",1.1
2023-10-01,"TB-PCH-BES-KAC","Teh Botol","Minuman","Peach","Besar",3,"Botol Kaca","1.000 ml",18000,6,4000,"Pabrik B",10,"Oktober",1.10231095190249,"Riwayat",256,NA,"Pesimis",0.9
2023-11-01,"TB-PCH-BES-KAC","Teh Botol","Minuman","Peach","Besar",3,"Botol Kaca","1.000 ml",18000,6,4000,"Pabrik B",11,"November",1.22930409331178,"Riwayat",326,NA,"Normal",1
2023-11-01,"TB-PCH-BES-KAC","Teh Botol","Minuman","Peach","Besar",3,"Botol Kaca","1.000 ml",18000,6,4000,"Pabrik B",11,"November",1.22930409331178,"Riwayat",326,NA,"Optimis",1.1
2023-11-01,"TB-PCH-BES-KAC","Teh Botol","Minuman","Peach","Besar",3,"Botol Kaca","1.000 ml",18000,6,4000,"Pabrik B",11,"November",1.22930409331178,"Riwayat",326,NA,"Pesimis",0.9
2023-12-01,"TB-PCH-BES-KAC","Teh Botol","Minuman","Peach","Besar",3,"Botol Kaca","1.000 ml",18000,6,4000,"Pabrik B",12,"Desember",1.43313966187585,"Riwayat",304,NA,"Normal",1
2023-12-01,"TB-PCH-BES-KAC","Teh Botol","Minuman","Peach","Besar",3,"Botol Kaca","1.000 ml",18000,6,4000,"Pabrik B",12,"Desember",1.43313966187585,"Riwayat",304,NA,"Optimis",1.1
2023-12-01,"TB-PCH-BES-KAC","Teh Botol","Minuman","Peach","Besar",3,"Botol Kaca","1.000 ml",18000,6,4000,"Pabrik B",12,"Desember",1.43313966187585,"Riwayat",304,NA,"Pesimis",0.9
2024-01-01,"TB-PCH-BES-KAC","Teh Botol","Minuman","Peach","Besar",3,"Botol Kaca","1.000 ml",18000,6,4000,"Pabrik B",1,"Januari",0.760954086758988,"Riwayat",239,NA,"Normal",1
2024-01-01,"TB-PCH-BES-KAC","Teh Botol","Minuman","Peach","Besar",3,"Botol Kaca","1.000 ml",18000,6,4000,"Pabrik B",1,"Januari",0.760954086758988,"Riwayat",239,NA,"Optimis",1.1
2024-01-01,"TB-PCH-BES-KAC","Teh Botol","Minuman","Peach","Besar",3,"Botol Kaca","1.000 ml",18000,6,4000,"Pabrik B",1,"Januari",0.760954086758988,"Riwayat",239,NA,"Pesimis",0.9
2024-02-01,"TB-PCH-BES-KAC","Teh Botol","Minuman","Peach","Besar",3,"Botol Kaca","1.000 ml",18000,6,4000,"Pabrik B",2,"Februari",0.737844567734044,"Riwayat",219,NA,"Normal",1
2024-02-01,"TB-PCH-BES-KAC","Teh Botol","Minuman","Peach","Besar",3,"Botol Kaca","1.000 ml",18000,6,4000,"Pabrik B",2,"Februari",0.737844567734044,"Riwayat",219,NA,"Optimis",1.1
2024-02-01,"TB-PCH-BES-KAC","Teh Botol","Minuman","Peach","Besar",3,"Botol Kaca","1.000 ml",18000,6,4000,"Pabrik B",2,"Februari",0.737844567734044,"Riwayat",219,NA,"Pesimis",0.9
2024-03-01,"TB-PCH-BES-KAC","Teh Botol","Minuman","Peach","Besar",3,"Botol Kaca","1.000 ml",18000,6,4000,"Pabrik B",3,"Maret",0.879210169935783,"Riwayat",271,NA,"Normal",1
2024-03-01,"TB-PCH-BES-KAC","Teh Botol","Minuman","Peach","Besar",3,"Botol Kaca","1.000 ml",18000,6,4000,"Pabrik B",3,"Maret",0.879210169935783,"Riwayat",271,NA,"Optimis",1.1
2024-03-01,"TB-PCH-BES-KAC","Teh Botol","Minuman","Peach","Besar",3,"Botol Kaca","1.000 ml",18000,6,4000,"Pabrik B",3,"Maret",0.879210169935783,"Riwayat",271,NA,"Pesimis",0.9
2024-04-01,"TB-PCH-BES-KAC","Teh Botol","Minuman","Peach","Besar",3,"Botol Kaca","1.000 ml",18000,6,4000,"Pabrik B",4,"April",0.90769297977371,"Riwayat",318,NA,"Normal",1
2024-04-01,"TB-PCH-BES-KAC","Teh Botol","Minuman","Peach","Besar",3,"Botol Kaca","1.000 ml",18000,6,4000,"Pabrik B",4,"April",0.90769297977371,"Riwayat",318,NA,"Optimis",1.1
2024-04-01,"TB-PCH-BES-KAC","Teh Botol","Minuman","Peach","Besar",3,"Botol Kaca","1.000 ml",18000,6,4000,"Pabrik B",4,"April",0.90769297977371,"Riwayat",318,NA,"Pesimis",0.9
2024-05-01,"TB-PCH-BES-KAC","Teh Botol","Minuman","Peach","Besar",3,"Botol Kaca","1.000 ml",18000,6,4000,"Pabrik B",5,"Mei",1.0194399545673,"Riwayat",290,NA,"Normal",1
2024-05-01,"TB-PCH-BES-KAC","Teh Botol","Minuman","Peach","Besar",3,"Botol Kaca","1.000 ml",18000,6,4000,"Pabrik B",5,"Mei",1.0194399545673,"Riwayat",290,NA,"Optimis",1.1
2024-05-01,"TB-PCH-BES-KAC","Teh Botol","Minuman","Peach","Besar",3,"Botol Kaca","1.000 ml",18000,6,4000,"Pabrik B",5,"Mei",1.0194399545673,"Riwayat",290,NA,"Pesimis",0.9
2024-06-01,"TB-PCH-BES-KAC","Teh Botol","Minuman","Peach","Besar",3,"Botol Kaca","1.000 ml",18000,6,4000,"Pabrik B",6,"Juni",1.05006334367219,"Riwayat",354,NA,"Normal",1
2024-06-01,"TB-PCH-BES-KAC","Teh Botol","Minuman","Peach","Besar",3,"Botol Kaca","1.000 ml",18000,6,4000,"Pabrik B",6,"Juni",1.05006334367219,"Riwayat",354,NA,"Optimis",1.1
2024-06-01,"TB-PCH-BES-KAC","Teh Botol","Minuman","Peach","Besar",3,"Botol Kaca","1.000 ml",18000,6,4000,"Pabrik B",6,"Juni",1.05006334367219,"Riwayat",354,NA,"Pesimis",0.9
2024-07-01,"TB-PCH-BES-KAC","Teh Botol","Minuman","Peach","Besar",3,"Botol Kaca","1.000 ml",18000,6,4000,"Pabrik B",7,"Juli",1.01712463413569,"Riwayat",365,NA,"Normal",1
2024-07-01,"TB-PCH-BES-KAC","Teh Botol","Minuman","Peach","Besar",3,"Botol Kaca","1.000 ml",18000,6,4000,"Pabrik B",7,"Juli",1.01712463413569,"Riwayat",365,NA,"Optimis",1.1
2024-07-01,"TB-PCH-BES-KAC","Teh Botol","Minuman","Peach","Besar",3,"Botol Kaca","1.000 ml",18000,6,4000,"Pabrik B",7,"Juli",1.01712463413569,"Riwayat",365,NA,"Pesimis",0.9
2024-08-01,"TB-PCH-BES-KAC","Teh Botol","Minuman","Peach","Besar",3,"Botol Kaca","1.000 ml",18000,6,4000,"Pabrik B",8,"Agustus",0.925822375606133,"Riwayat",323,NA,"Normal",1
2024-08-01,"TB-PCH-BES-KAC","Teh Botol","Minuman","Peach","Besar",3,"Botol Kaca","1.000 ml",18000,6,4000,"Pabrik B",8,"Agustus",0.925822375606133,"Riwayat",323,NA,"Optimis",1.1
2024-08-01,"TB-PCH-BES-KAC","Teh Botol","Minuman","Peach","Besar",3,"Botol Kaca","1.000 ml",18000,6,4000,"Pabrik B",8,"Agustus",0.925822375606133,"Riwayat",323,NA,"Pesimis",0.9
2024-09-01,"TB-PCH-BES-KAC","Teh Botol","Minuman","Peach","Besar",3,"Botol Kaca","1.000 ml",18000,6,4000,"Pabrik B",9,"September",0.982875365864313,"Riwayat",318,NA,"Normal",1
2024-09-01,"TB-PCH-BES-KAC","Teh Botol","Minuman","Peach","Besar",3,"Botol Kaca","1.000 ml",18000,6,4000,"Pabrik B",9,"September",0.982875365864313,"Riwayat",318,NA,"Optimis",1.1
2024-09-01,"TB-PCH-BES-KAC","Teh Botol","Minuman","Peach","Besar",3,"Botol Kaca","1.000 ml",18000,6,4000,"Pabrik B",9,"September",0.982875365864313,"Riwayat",318,NA,"Pesimis",0.9
2024-10-01,"TB-PCH-BES-KAC","Teh Botol","Minuman","Peach","Besar",3,"Botol Kaca","1.000 ml",18000,6,4000,"Pabrik B",10,"Oktober",1.10231095190249,"Riwayat",346,NA,"Normal",1
2024-10-01,"TB-PCH-BES-KAC","Teh Botol","Minuman","Peach","Besar",3,"Botol Kaca","1.000 ml",18000,6,4000,"Pabrik B",10,"Oktober",1.10231095190249,"Riwayat",346,NA,"Optimis",1.1
2024-10-01,"TB-PCH-BES-KAC","Teh Botol","Minuman","Peach","Besar",3,"Botol Kaca","1.000 ml",18000,6,4000,"Pabrik B",10,"Oktober",1.10231095190249,"Riwayat",346,NA,"Pesimis",0.9
2024-11-01,"TB-PCH-BES-KAC","Teh Botol","Minuman","Peach","Besar",3,"Botol Kaca","1.000 ml",18000,6,4000,"Pabrik B",11,"November",1.22930409331178,"Riwayat",156,NA,"Normal",1
2024-11-01,"TB-PCH-BES-KAC","Teh Botol","Minuman","Peach","Besar",3,"Botol Kaca","1.000 ml",18000,6,4000,"Pabrik B",11,"November",1.22930409331178,"Riwayat",156,NA,"Optimis",1.1
2024-11-01,"TB-PCH-BES-KAC","Teh Botol","Minuman","Peach","Besar",3,"Botol Kaca","1.000 ml",18000,6,4000,"Pabrik B",11,"November",1.22930409331178,"Riwayat",156,NA,"Pesimis",0.9
2024-12-01,"TB-PCH-BES-KAC","Teh Botol","Minuman","Peach","Besar",3,"Botol Kaca","1.000 ml",18000,6,4000,"Pabrik B",12,"Desember",1.43313966187585,"Riwayat",502,NA,"Normal",1
2024-12-01,"TB-PCH-BES-KAC","Teh Botol","Minuman","Peach","Besar",3,"Botol Kaca","1.000 ml",18000,6,4000,"Pabrik B",12,"Desember",1.43313966187585,"Riwayat",502,NA,"Optimis",1.1
2024-12-01,"TB-PCH-BES-KAC","Teh Botol","Minuman","Peach","Besar",3,"Botol Kaca","1.000 ml",18000,6,4000,"Pabrik B",12,"Desember",1.43313966187585,"Riwayat",502,NA,"Pesimis",0.9
2025-01-01,"TB-PCH-BES-KAC","Teh Botol","Minuman","Peach","Besar",3,"Botol Kaca","1.000 ml",18000,6,4000,"Pabrik B",1,"Januari",0.760954086758988,"Riwayat",237,NA,"Normal",1
2025-01-01,"TB-PCH-BES-KAC","Teh Botol","Minuman","Peach","Besar",3,"Botol Kaca","1.000 ml",18000,6,4000,"Pabrik B",1,"Januari",0.760954086758988,"Riwayat",237,NA,"Optimis",1.1
2025-01-01,"TB-PCH-BES-KAC","Teh Botol","Minuman","Peach","Besar",3,"Botol Kaca","1.000 ml",18000,6,4000,"Pabrik B",1,"Januari",0.760954086758988,"Riwayat",237,NA,"Pesimis",0.9
2025-02-01,"TB-PCH-BES-KAC","Teh Botol","Minuman","Peach","Besar",3,"Botol Kaca","1.000 ml",18000,6,4000,"Pabrik B",2,"Februari",0.737844567734044,"Riwayat",297,NA,"Normal",1
2025-02-01,"TB-PCH-BES-KAC","Teh Botol","Minuman","Peach","Besar",3,"Botol Kaca","1.000 ml",18000,6,4000,"Pabrik B",2,"Februari",0.737844567734044,"Riwayat",297,NA,"Optimis",1.1
2025-02-01,"TB-PCH-BES-KAC","Teh Botol","Minuman","Peach","Besar",3,"Botol Kaca","1.000 ml",18000,6,4000,"Pabrik B",2,"Februari",0.737844567734044,"Riwayat",297,NA,"Pesimis",0.9
2025-03-01,"TB-PCH-BES-KAC","Teh Botol","Minuman","Peach","Besar",3,"Botol Kaca","1.000 ml",18000,6,4000,"Pabrik B",3,"Maret",0.879210169935783,"Riwayat",344,NA,"Normal",1
2025-03-01,"TB-PCH-BES-KAC","Teh Botol","Minuman","Peach","Besar",3,"Botol Kaca","1.000 ml",18000,6,4000,"Pabrik B",3,"Maret",0.879210169935783,"Riwayat",344,NA,"Optimis",1.1
2025-03-01,"TB-PCH-BES-KAC","Teh Botol","Minuman","Peach","Besar",3,"Botol Kaca","1.000 ml",18000,6,4000,"Pabrik B",3,"Maret",0.879210169935783,"Riwayat",344,NA,"Pesimis",0.9
2025-04-01,"TB-PCH-BES-KAC","Teh Botol","Minuman","Peach","Besar",3,"Botol Kaca","1.000 ml",18000,6,4000,"Pabrik B",4,"April",0.90769297977371,"Riwayat",367,NA,"Normal",1
2025-04-01,"TB-PCH-BES-KAC","Teh Botol","Minuman","Peach","Besar",3,"Botol Kaca","1.000 ml",18000,6,4000,"Pabrik B",4,"April",0.90769297977371,"Riwayat",367,NA,"Optimis",1.1
2025-04-01,"TB-PCH-BES-KAC","Teh Botol","Minuman","Peach","Besar",3,"Botol Kaca","1.000 ml",18000,6,4000,"Pabrik B",4,"April",0.90769297977371,"Riwayat",367,NA,"Pesimis",0.9
2025-05-01,"TB-PCH-BES-KAC","Teh Botol","Minuman","Peach","Besar",3,"Botol Kaca","1.000 ml",18000,6,4000,"Pabrik B",5,"Mei",1.0194399545673,"Riwayat",410,NA,"Normal",1
2025-05-01,"TB-PCH-BES-KAC","Teh Botol","Minuman","Peach","Besar",3,"Botol Kaca","1.000 ml",18000,6,4000,"Pabrik B",5,"Mei",1.0194399545673,"Riwayat",410,NA,"Optimis",1.1
2025-05-01,"TB-PCH-BES-KAC","Teh Botol","Minuman","Peach","Besar",3,"Botol Kaca","1.000 ml",18000,6,4000,"Pabrik B",5,"Mei",1.0194399545673,"Riwayat",410,NA,"Pesimis",0.9
2025-06-01,"TB-PCH-BES-KAC","Teh Botol","Minuman","Peach","Besar",3,"Botol Kaca","1.000 ml",18000,6,4000,"Pabrik B",6,"Juni",1.05006334367219,"Riwayat",371,NA,"Normal",1
2025-06-01,"TB-PCH-BES-KAC","Teh Botol","Minuman","Peach","Besar",3,"Botol Kaca","1.000 ml",18000,6,4000,"Pabrik B",6,"Juni",1.05006334367219,"Riwayat",371,NA,"Optimis",1.1
2025-06-01,"TB-PCH-BES-KAC","Teh Botol","Minuman","Peach","Besar",3,"Botol Kaca","1.000 ml",18000,6,4000,"Pabrik B",6,"Juni",1.05006334367219,"Riwayat",371,NA,"Pesimis",0.9
2025-07-01,"TB-PCH-BES-KAC","Teh Botol","Minuman","Peach","Besar",3,"Botol Kaca","1.000 ml",18000,6,4000,"Pabrik B",7,"Juli",1.01712463413569,"Riwayat",409,NA,"Normal",1
2025-07-01,"TB-PCH-BES-KAC","Teh Botol","Minuman","Peach","Besar",3,"Botol Kaca","1.000 ml",18000,6,4000,"Pabrik B",7,"Juli",1.01712463413569,"Riwayat",409,NA,"Optimis",1.1
2025-07-01,"TB-PCH-BES-KAC","Teh Botol","Minuman","Peach","Besar",3,"Botol Kaca","1.000 ml",18000,6,4000,"Pabrik B",7,"Juli",1.01712463413569,"Riwayat",409,NA,"Pesimis",0.9
2025-08-01,"TB-PCH-BES-KAC","Teh Botol","Minuman","Peach","Besar",3,"Botol Kaca","1.000 ml",18000,6,4000,"Pabrik B",8,"Agustus",0.925822375606133,"Riwayat",388,NA,"Normal",1
2025-08-01,"TB-PCH-BES-KAC","Teh Botol","Minuman","Peach","Besar",3,"Botol Kaca","1.000 ml",18000,6,4000,"Pabrik B",8,"Agustus",0.925822375606133,"Riwayat",388,NA,"Optimis",1.1
2025-08-01,"TB-PCH-BES-KAC","Teh Botol","Minuman","Peach","Besar",3,"Botol Kaca","1.000 ml",18000,6,4000,"Pabrik B",8,"Agustus",0.925822375606133,"Riwayat",388,NA,"Pesimis",0.9
2025-09-01,"TB-PCH-BES-KAC","Teh Botol","Minuman","Peach","Besar",3,"Botol Kaca","1.000 ml",18000,6,4000,"Pabrik B",9,"September",0.982875365864313,"Riwayat",397,NA,"Normal",1
2025-09-01,"TB-PCH-BES-KAC","Teh Botol","Minuman","Peach","Besar",3,"Botol Kaca","1.000 ml",18000,6,4000,"Pabrik B",9,"September",0.982875365864313,"Riwayat",397,NA,"Optimis",1.1
2025-09-01,"TB-PCH-BES-KAC","Teh Botol","Minuman","Peach","Besar",3,"Botol Kaca","1.000 ml",18000,6,4000,"Pabrik B",9,"September",0.982875365864313,"Riwayat",397,NA,"Pesimis",0.9
2025-10-01,"TB-PCH-BES-KAC","Teh Botol","Minuman","Peach","Besar",3,"Botol Kaca","1.000 ml",18000,6,4000,"Pabrik B",10,"Oktober",1.10231095190249,"Riwayat",476,NA,"Normal",1
2025-10-01,"TB-PCH-BES-KAC","Teh Botol","Minuman","Peach","Besar",3,"Botol Kaca","1.000 ml",18000,6,4000,"Pabrik B",10,"Oktober",1.10231095190249,"Riwayat",476,NA,"Optimis",1.1
2025-10-01,"TB-PCH-BES-KAC","Teh Botol","Minuman","Peach","Besar",3,"Botol Kaca","1.000 ml",18000,6,4000,"Pabrik B",10,"Oktober",1.10231095190249,"Riwayat",476,NA,"Pesimis",0.9
2025-11-01,"TB-PCH-BES-KAC","Teh Botol","Minuman","Peach","Besar",3,"Botol Kaca","1.000 ml",18000,6,4000,"Pabrik B",11,"November",1.22930409331178,"Riwayat",426,NA,"Normal",1
2025-11-01,"TB-PCH-BES-KAC","Teh Botol","Minuman","Peach","Besar",3,"Botol Kaca","1.000 ml",18000,6,4000,"Pabrik B",11,"November",1.22930409331178,"Riwayat",426,NA,"Optimis",1.1
2025-11-01,"TB-PCH-BES-KAC","Teh Botol","Minuman","Peach","Besar",3,"Botol Kaca","1.000 ml",18000,6,4000,"Pabrik B",11,"November",1.22930409331178,"Riwayat",426,NA,"Pesimis",0.9
2025-12-01,"TB-PCH-BES-KAC","Teh Botol","Minuman","Peach","Besar",3,"Botol Kaca","1.000 ml",18000,6,4000,"Pabrik B",12,"Desember",1.43313966187585,"Riwayat",549,NA,"Normal",1
2025-12-01,"TB-PCH-BES-KAC","Teh Botol","Minuman","Peach","Besar",3,"Botol Kaca","1.000 ml",18000,6,4000,"Pabrik B",12,"Desember",1.43313966187585,"Riwayat",549,NA,"Optimis",1.1
2025-12-01,"TB-PCH-BES-KAC","Teh Botol","Minuman","Peach","Besar",3,"Botol Kaca","1.000 ml",18000,6,4000,"Pabrik B",12,"Desember",1.43313966187585,"Riwayat",549,NA,"Pesimis",0.9
2026-01-01,"TB-PCH-BES-KAC","Teh Botol","Minuman","Peach","Besar",3,"Botol Kaca","1.000 ml",18000,6,4000,"Pabrik B",1,"Januari",0.760954086758988,"Plan",NA,362.214145297278,"Normal",1
2026-01-01,"TB-PCH-BES-KAC","Teh Botol","Minuman","Peach","Besar",3,"Botol Kaca","1.000 ml",18000,6,4000,"Pabrik B",1,"Januari",0.760954086758988,"Plan",NA,398.435559827006,"Optimis",1.1
2026-01-01,"TB-PCH-BES-KAC","Teh Botol","Minuman","Peach","Besar",3,"Botol Kaca","1.000 ml",18000,6,4000,"Pabrik B",1,"Januari",0.760954086758988,"Plan",NA,325.992730767551,"Pesimis",0.9
2026-02-01,"TB-PCH-BES-KAC","Teh Botol","Minuman","Peach","Besar",3,"Botol Kaca","1.000 ml",18000,6,4000,"Pabrik B",2,"Februari",0.737844567734044,"Plan",NA,351.214014241405,"Normal",1
2026-02-01,"TB-PCH-BES-KAC","Teh Botol","Minuman","Peach","Besar",3,"Botol Kaca","1.000 ml",18000,6,4000,"Pabrik B",2,"Februari",0.737844567734044,"Plan",NA,386.335415665545,"Optimis",1.1
2026-02-01,"TB-PCH-BES-KAC","Teh Botol","Minuman","Peach","Besar",3,"Botol Kaca","1.000 ml",18000,6,4000,"Pabrik B",2,"Februari",0.737844567734044,"Plan",NA,316.092612817264,"Pesimis",0.9
2026-03-01,"TB-PCH-BES-KAC","Teh Botol","Minuman","Peach","Besar",3,"Botol Kaca","1.000 ml",18000,6,4000,"Pabrik B",3,"Maret",0.879210169935783,"Plan",NA,418.504040889433,"Normal",1
2026-03-01,"TB-PCH-BES-KAC","Teh Botol","Minuman","Peach","Besar",3,"Botol Kaca","1.000 ml",18000,6,4000,"Pabrik B",3,"Maret",0.879210169935783,"Plan",NA,460.354444978376,"Optimis",1.1
2026-03-01,"TB-PCH-BES-KAC","Teh Botol","Minuman","Peach","Besar",3,"Botol Kaca","1.000 ml",18000,6,4000,"Pabrik B",3,"Maret",0.879210169935783,"Plan",NA,376.653636800489,"Pesimis",0.9
2026-04-01,"TB-PCH-BES-KAC","Teh Botol","Minuman","Peach","Besar",3,"Botol Kaca","1.000 ml",18000,6,4000,"Pabrik B",4,"April",0.90769297977371,"Plan",NA,432.061858372286,"Normal",1
2026-04-01,"TB-PCH-BES-KAC","Teh Botol","Minuman","Peach","Besar",3,"Botol Kaca","1.000 ml",18000,6,4000,"Pabrik B",4,"April",0.90769297977371,"Plan",NA,475.268044209515,"Optimis",1.1
2026-04-01,"TB-PCH-BES-KAC","Teh Botol","Minuman","Peach","Besar",3,"Botol Kaca","1.000 ml",18000,6,4000,"Pabrik B",4,"April",0.90769297977371,"Plan",NA,388.855672535057,"Pesimis",0.9
2026-05-01,"TB-PCH-BES-KAC","Teh Botol","Minuman","Peach","Besar",3,"Botol Kaca","1.000 ml",18000,6,4000,"Pabrik B",5,"Mei",1.0194399545673,"Plan",NA,485.253418374033,"Normal",1
2026-05-01,"TB-PCH-BES-KAC","Teh Botol","Minuman","Peach","Besar",3,"Botol Kaca","1.000 ml",18000,6,4000,"Pabrik B",5,"Mei",1.0194399545673,"Plan",NA,533.778760211437,"Optimis",1.1
2026-05-01,"TB-PCH-BES-KAC","Teh Botol","Minuman","Peach","Besar",3,"Botol Kaca","1.000 ml",18000,6,4000,"Pabrik B",5,"Mei",1.0194399545673,"Plan",NA,436.72807653663,"Pesimis",0.9
2026-06-01,"TB-PCH-BES-KAC","Teh Botol","Minuman","Peach","Besar",3,"Botol Kaca","1.000 ml",18000,6,4000,"Pabrik B",6,"Juni",1.05006334367219,"Plan",NA,499.83015158796,"Normal",1
2026-06-01,"TB-PCH-BES-KAC","Teh Botol","Minuman","Peach","Besar",3,"Botol Kaca","1.000 ml",18000,6,4000,"Pabrik B",6,"Juni",1.05006334367219,"Plan",NA,549.813166746756,"Optimis",1.1
2026-06-01,"TB-PCH-BES-KAC","Teh Botol","Minuman","Peach","Besar",3,"Botol Kaca","1.000 ml",18000,6,4000,"Pabrik B",6,"Juni",1.05006334367219,"Plan",NA,449.847136429164,"Pesimis",0.9
2023-01-01,"TB-PCH-KEC-PET","Teh Botol","Minuman","Peach","Kecil",1,"Botol PET","250 ml",6000,24,4000,"Pabrik A",1,"Januari",0.760954086758988,"Riwayat",303,NA,"Normal",1
2023-01-01,"TB-PCH-KEC-PET","Teh Botol","Minuman","Peach","Kecil",1,"Botol PET","250 ml",6000,24,4000,"Pabrik A",1,"Januari",0.760954086758988,"Riwayat",303,NA,"Optimis",1.1
2023-01-01,"TB-PCH-KEC-PET","Teh Botol","Minuman","Peach","Kecil",1,"Botol PET","250 ml",6000,24,4000,"Pabrik A",1,"Januari",0.760954086758988,"Riwayat",303,NA,"Pesimis",0.9
2023-02-01,"TB-PCH-KEC-PET","Teh Botol","Minuman","Peach","Kecil",1,"Botol PET","250 ml",6000,24,4000,"Pabrik A",2,"Februari",0.737844567734044,"Riwayat",297,NA,"Normal",1
2023-02-01,"TB-PCH-KEC-PET","Teh Botol","Minuman","Peach","Kecil",1,"Botol PET","250 ml",6000,24,4000,"Pabrik A",2,"Februari",0.737844567734044,"Riwayat",297,NA,"Optimis",1.1
2023-02-01,"TB-PCH-KEC-PET","Teh Botol","Minuman","Peach","Kecil",1,"Botol PET","250 ml",6000,24,4000,"Pabrik A",2,"Februari",0.737844567734044,"Riwayat",297,NA,"Pesimis",0.9
2023-03-01,"TB-PCH-KEC-PET","Teh Botol","Minuman","Peach","Kecil",1,"Botol PET","250 ml",6000,24,4000,"Pabrik A",3,"Maret",0.879210169935783,"Riwayat",392,NA,"Normal",1
2023-03-01,"TB-PCH-KEC-PET","Teh Botol","Minuman","Peach","Kecil",1,"Botol PET","250 ml",6000,24,4000,"Pabrik A",3,"Maret",0.879210169935783,"Riwayat",392,NA,"Optimis",1.1
2023-03-01,"TB-PCH-KEC-PET","Teh Botol","Minuman","Peach","Kecil",1,"Botol PET","250 ml",6000,24,4000,"Pabrik A",3,"Maret",0.879210169935783,"Riwayat",392,NA,"Pesimis",0.9
2023-04-01,"TB-PCH-KEC-PET","Teh Botol","Minuman","Peach","Kecil",1,"Botol PET","250 ml",6000,24,4000,"Pabrik A",4,"April",0.90769297977371,"Riwayat",361,NA,"Normal",1
2023-04-01,"TB-PCH-KEC-PET","Teh Botol","Minuman","Peach","Kecil",1,"Botol PET","250 ml",6000,24,4000,"Pabrik A",4,"April",0.90769297977371,"Riwayat",361,NA,"Optimis",1.1
2023-04-01,"TB-PCH-KEC-PET","Teh Botol","Minuman","Peach","Kecil",1,"Botol PET","250 ml",6000,24,4000,"Pabrik A",4,"April",0.90769297977371,"Riwayat",361,NA,"Pesimis",0.9
2023-05-01,"TB-PCH-KEC-PET","Teh Botol","Minuman","Peach","Kecil",1,"Botol PET","250 ml",6000,24,4000,"Pabrik A",5,"Mei",1.0194399545673,"Riwayat",368,NA,"Normal",1
2023-05-01,"TB-PCH-KEC-PET","Teh Botol","Minuman","Peach","Kecil",1,"Botol PET","250 ml",6000,24,4000,"Pabrik A",5,"Mei",1.0194399545673,"Riwayat",368,NA,"Optimis",1.1
2023-05-01,"TB-PCH-KEC-PET","Teh Botol","Minuman","Peach","Kecil",1,"Botol PET","250 ml",6000,24,4000,"Pabrik A",5,"Mei",1.0194399545673,"Riwayat",368,NA,"Pesimis",0.9
2023-06-01,"TB-PCH-KEC-PET","Teh Botol","Minuman","Peach","Kecil",1,"Botol PET","250 ml",6000,24,4000,"Pabrik A",6,"Juni",1.05006334367219,"Riwayat",449,NA,"Normal",1
2023-06-01,"TB-PCH-KEC-PET","Teh Botol","Minuman","Peach","Kecil",1,"Botol PET","250 ml",6000,24,4000,"Pabrik A",6,"Juni",1.05006334367219,"Riwayat",449,NA,"Optimis",1.1
2023-06-01,"TB-PCH-KEC-PET","Teh Botol","Minuman","Peach","Kecil",1,"Botol PET","250 ml",6000,24,4000,"Pabrik A",6,"Juni",1.05006334367219,"Riwayat",449,NA,"Pesimis",0.9
2023-07-01,"TB-PCH-KEC-PET","Teh Botol","Minuman","Peach","Kecil",1,"Botol PET","250 ml",6000,24,4000,"Pabrik A",7,"Juli",1.01712463413569,"Riwayat",692,NA,"Normal",1
2023-07-01,"TB-PCH-KEC-PET","Teh Botol","Minuman","Peach","Kecil",1,"Botol PET","250 ml",6000,24,4000,"Pabrik A",7,"Juli",1.01712463413569,"Riwayat",692,NA,"Optimis",1.1
2023-07-01,"TB-PCH-KEC-PET","Teh Botol","Minuman","Peach","Kecil",1,"Botol PET","250 ml",6000,24,4000,"Pabrik A",7,"Juli",1.01712463413569,"Riwayat",692,NA,"Pesimis",0.9
2023-08-01,"TB-PCH-KEC-PET","Teh Botol","Minuman","Peach","Kecil",1,"Botol PET","250 ml",6000,24,4000,"Pabrik A",8,"Agustus",0.925822375606133,"Riwayat",377,NA,"Normal",1
2023-08-01,"TB-PCH-KEC-PET","Teh Botol","Minuman","Peach","Kecil",1,"Botol PET","250 ml",6000,24,4000,"Pabrik A",8,"Agustus",0.925822375606133,"Riwayat",377,NA,"Optimis",1.1
2023-08-01,"TB-PCH-KEC-PET","Teh Botol","Minuman","Peach","Kecil",1,"Botol PET","250 ml",6000,24,4000,"Pabrik A",8,"Agustus",0.925822375606133,"Riwayat",377,NA,"Pesimis",0.9
2023-09-01,"TB-PCH-KEC-PET","Teh Botol","Minuman","Peach","Kecil",1,"Botol PET","250 ml",6000,24,4000,"Pabrik A",9,"September",0.982875365864313,"Riwayat",400,NA,"Normal",1
2023-09-01,"TB-PCH-KEC-PET","Teh Botol","Minuman","Peach","Kecil",1,"Botol PET","250 ml",6000,24,4000,"Pabrik A",9,"September",0.982875365864313,"Riwayat",400,NA,"Optimis",1.1
2023-09-01,"TB-PCH-KEC-PET","Teh Botol","Minuman","Peach","Kecil",1,"Botol PET","250 ml",6000,24,4000,"Pabrik A",9,"September",0.982875365864313,"Riwayat",400,NA,"Pesimis",0.9
2023-10-01,"TB-PCH-KEC-PET","Teh Botol","Minuman","Peach","Kecil",1,"Botol PET","250 ml",6000,24,4000,"Pabrik A",10,"Oktober",1.10231095190249,"Riwayat",696,NA,"Normal",1
2023-10-01,"TB-PCH-KEC-PET","Teh Botol","Minuman","Peach","Kecil",1,"Botol PET","250 ml",6000,24,4000,"Pabrik A",10,"Oktober",1.10231095190249,"Riwayat",696,NA,"Optimis",1.1
2023-10-01,"TB-PCH-KEC-PET","Teh Botol","Minuman","Peach","Kecil",1,"Botol PET","250 ml",6000,24,4000,"Pabrik A",10,"Oktober",1.10231095190249,"Riwayat",696,NA,"Pesimis",0.9
2023-11-01,"TB-PCH-KEC-PET","Teh Botol","Minuman","Peach","Kecil",1,"Botol PET","250 ml",6000,24,4000,"Pabrik A",11,"November",1.22930409331178,"Riwayat",471,NA,"Normal",1
2023-11-01,"TB-PCH-KEC-PET","Teh Botol","Minuman","Peach","Kecil",1,"Botol PET","250 ml",6000,24,4000,"Pabrik A",11,"November",1.22930409331178,"Riwayat",471,NA,"Optimis",1.1
2023-11-01,"TB-PCH-KEC-PET","Teh Botol","Minuman","Peach","Kecil",1,"Botol PET","250 ml",6000,24,4000,"Pabrik A",11,"November",1.22930409331178,"Riwayat",471,NA,"Pesimis",0.9
2023-12-01,"TB-PCH-KEC-PET","Teh Botol","Minuman","Peach","Kecil",1,"Botol PET","250 ml",6000,24,4000,"Pabrik A",12,"Desember",1.43313966187585,"Riwayat",480,NA,"Normal",1
2023-12-01,"TB-PCH-KEC-PET","Teh Botol","Minuman","Peach","Kecil",1,"Botol PET","250 ml",6000,24,4000,"Pabrik A",12,"Desember",1.43313966187585,"Riwayat",480,NA,"Optimis",1.1
2023-12-01,"TB-PCH-KEC-PET","Teh Botol","Minuman","Peach","Kecil",1,"Botol PET","250 ml",6000,24,4000,"Pabrik A",12,"Desember",1.43313966187585,"Riwayat",480,NA,"Pesimis",0.9
2024-01-01,"TB-PCH-KEC-PET","Teh Botol","Minuman","Peach","Kecil",1,"Botol PET","250 ml",6000,24,4000,"Pabrik A",1,"Januari",0.760954086758988,"Riwayat",342,NA,"Normal",1
2024-01-01,"TB-PCH-KEC-PET","Teh Botol","Minuman","Peach","Kecil",1,"Botol PET","250 ml",6000,24,4000,"Pabrik A",1,"Januari",0.760954086758988,"Riwayat",342,NA,"Optimis",1.1
2024-01-01,"TB-PCH-KEC-PET","Teh Botol","Minuman","Peach","Kecil",1,"Botol PET","250 ml",6000,24,4000,"Pabrik A",1,"Januari",0.760954086758988,"Riwayat",342,NA,"Pesimis",0.9
2024-02-01,"TB-PCH-KEC-PET","Teh Botol","Minuman","Peach","Kecil",1,"Botol PET","250 ml",6000,24,4000,"Pabrik A",2,"Februari",0.737844567734044,"Riwayat",327,NA,"Normal",1
2024-02-01,"TB-PCH-KEC-PET","Teh Botol","Minuman","Peach","Kecil",1,"Botol PET","250 ml",6000,24,4000,"Pabrik A",2,"Februari",0.737844567734044,"Riwayat",327,NA,"Optimis",1.1
2024-02-01,"TB-PCH-KEC-PET","Teh Botol","Minuman","Peach","Kecil",1,"Botol PET","250 ml",6000,24,4000,"Pabrik A",2,"Februari",0.737844567734044,"Riwayat",327,NA,"Pesimis",0.9
2024-03-01,"TB-PCH-KEC-PET","Teh Botol","Minuman","Peach","Kecil",1,"Botol PET","250 ml",6000,24,4000,"Pabrik A",3,"Maret",0.879210169935783,"Riwayat",371,NA,"Normal",1
2024-03-01,"TB-PCH-KEC-PET","Teh Botol","Minuman","Peach","Kecil",1,"Botol PET","250 ml",6000,24,4000,"Pabrik A",3,"Maret",0.879210169935783,"Riwayat",371,NA,"Optimis",1.1
2024-03-01,"TB-PCH-KEC-PET","Teh Botol","Minuman","Peach","Kecil",1,"Botol PET","250 ml",6000,24,4000,"Pabrik A",3,"Maret",0.879210169935783,"Riwayat",371,NA,"Pesimis",0.9
2024-04-01,"TB-PCH-KEC-PET","Teh Botol","Minuman","Peach","Kecil",1,"Botol PET","250 ml",6000,24,4000,"Pabrik A",4,"April",0.90769297977371,"Riwayat",417,NA,"Normal",1
2024-04-01,"TB-PCH-KEC-PET","Teh Botol","Minuman","Peach","Kecil",1,"Botol PET","250 ml",6000,24,4000,"Pabrik A",4,"April",0.90769297977371,"Riwayat",417,NA,"Optimis",1.1
2024-04-01,"TB-PCH-KEC-PET","Teh Botol","Minuman","Peach","Kecil",1,"Botol PET","250 ml",6000,24,4000,"Pabrik A",4,"April",0.90769297977371,"Riwayat",417,NA,"Pesimis",0.9
2024-05-01,"TB-PCH-KEC-PET","Teh Botol","Minuman","Peach","Kecil",1,"Botol PET","250 ml",6000,24,4000,"Pabrik A",5,"Mei",1.0194399545673,"Riwayat",361,NA,"Normal",1
2024-05-01,"TB-PCH-KEC-PET","Teh Botol","Minuman","Peach","Kecil",1,"Botol PET","250 ml",6000,24,4000,"Pabrik A",5,"Mei",1.0194399545673,"Riwayat",361,NA,"Optimis",1.1
2024-05-01,"TB-PCH-KEC-PET","Teh Botol","Minuman","Peach","Kecil",1,"Botol PET","250 ml",6000,24,4000,"Pabrik A",5,"Mei",1.0194399545673,"Riwayat",361,NA,"Pesimis",0.9
2024-06-01,"TB-PCH-KEC-PET","Teh Botol","Minuman","Peach","Kecil",1,"Botol PET","250 ml",6000,24,4000,"Pabrik A",6,"Juni",1.05006334367219,"Riwayat",422,NA,"Normal",1
2024-06-01,"TB-PCH-KEC-PET","Teh Botol","Minuman","Peach","Kecil",1,"Botol PET","250 ml",6000,24,4000,"Pabrik A",6,"Juni",1.05006334367219,"Riwayat",422,NA,"Optimis",1.1
2024-06-01,"TB-PCH-KEC-PET","Teh Botol","Minuman","Peach","Kecil",1,"Botol PET","250 ml",6000,24,4000,"Pabrik A",6,"Juni",1.05006334367219,"Riwayat",422,NA,"Pesimis",0.9
2024-07-01,"TB-PCH-KEC-PET","Teh Botol","Minuman","Peach","Kecil",1,"Botol PET","250 ml",6000,24,4000,"Pabrik A",7,"Juli",1.01712463413569,"Riwayat",393,NA,"Normal",1
2024-07-01,"TB-PCH-KEC-PET","Teh Botol","Minuman","Peach","Kecil",1,"Botol PET","250 ml",6000,24,4000,"Pabrik A",7,"Juli",1.01712463413569,"Riwayat",393,NA,"Optimis",1.1
2024-07-01,"TB-PCH-KEC-PET","Teh Botol","Minuman","Peach","Kecil",1,"Botol PET","250 ml",6000,24,4000,"Pabrik A",7,"Juli",1.01712463413569,"Riwayat",393,NA,"Pesimis",0.9
2024-08-01,"TB-PCH-KEC-PET","Teh Botol","Minuman","Peach","Kecil",1,"Botol PET","250 ml",6000,24,4000,"Pabrik A",8,"Agustus",0.925822375606133,"Riwayat",121,NA,"Normal",1
2024-08-01,"TB-PCH-KEC-PET","Teh Botol","Minuman","Peach","Kecil",1,"Botol PET","250 ml",6000,24,4000,"Pabrik A",8,"Agustus",0.925822375606133,"Riwayat",121,NA,"Optimis",1.1
2024-08-01,"TB-PCH-KEC-PET","Teh Botol","Minuman","Peach","Kecil",1,"Botol PET","250 ml",6000,24,4000,"Pabrik A",8,"Agustus",0.925822375606133,"Riwayat",121,NA,"Pesimis",0.9
2024-09-01,"TB-PCH-KEC-PET","Teh Botol","Minuman","Peach","Kecil",1,"Botol PET","250 ml",6000,24,4000,"Pabrik A",9,"September",0.982875365864313,"Riwayat",393,NA,"Normal",1
2024-09-01,"TB-PCH-KEC-PET","Teh Botol","Minuman","Peach","Kecil",1,"Botol PET","250 ml",6000,24,4000,"Pabrik A",9,"September",0.982875365864313,"Riwayat",393,NA,"Optimis",1.1
2024-09-01,"TB-PCH-KEC-PET","Teh Botol","Minuman","Peach","Kecil",1,"Botol PET","250 ml",6000,24,4000,"Pabrik A",9,"September",0.982875365864313,"Riwayat",393,NA,"Pesimis",0.9
2024-10-01,"TB-PCH-KEC-PET","Teh Botol","Minuman","Peach","Kecil",1,"Botol PET","250 ml",6000,24,4000,"Pabrik A",10,"Oktober",1.10231095190249,"Riwayat",469,NA,"Normal",1
2024-10-01,"TB-PCH-KEC-PET","Teh Botol","Minuman","Peach","Kecil",1,"Botol PET","250 ml",6000,24,4000,"Pabrik A",10,"Oktober",1.10231095190249,"Riwayat",469,NA,"Optimis",1.1
2024-10-01,"TB-PCH-KEC-PET","Teh Botol","Minuman","Peach","Kecil",1,"Botol PET","250 ml",6000,24,4000,"Pabrik A",10,"Oktober",1.10231095190249,"Riwayat",469,NA,"Pesimis",0.9
2024-11-01,"TB-PCH-KEC-PET","Teh Botol","Minuman","Peach","Kecil",1,"Botol PET","250 ml",6000,24,4000,"Pabrik A",11,"November",1.22930409331178,"Riwayat",520,NA,"Normal",1
2024-11-01,"TB-PCH-KEC-PET","Teh Botol","Minuman","Peach","Kecil",1,"Botol PET","250 ml",6000,24,4000,"Pabrik A",11,"November",1.22930409331178,"Riwayat",520,NA,"Optimis",1.1
2024-11-01,"TB-PCH-KEC-PET","Teh Botol","Minuman","Peach","Kecil",1,"Botol PET","250 ml",6000,24,4000,"Pabrik A",11,"November",1.22930409331178,"Riwayat",520,NA,"Pesimis",0.9
2024-12-01,"TB-PCH-KEC-PET","Teh Botol","Minuman","Peach","Kecil",1,"Botol PET","250 ml",6000,24,4000,"Pabrik A",12,"Desember",1.43313966187585,"Riwayat",544,NA,"Normal",1
2024-12-01,"TB-PCH-KEC-PET","Teh Botol","Minuman","Peach","Kecil",1,"Botol PET","250 ml",6000,24,4000,"Pabrik A",12,"Desember",1.43313966187585,"Riwayat",544,NA,"Optimis",1.1
2024-12-01,"TB-PCH-KEC-PET","Teh Botol","Minuman","Peach","Kecil",1,"Botol PET","250 ml",6000,24,4000,"Pabrik A",12,"Desember",1.43313966187585,"Riwayat",544,NA,"Pesimis",0.9
2025-01-01,"TB-PCH-KEC-PET","Teh Botol","Minuman","Peach","Kecil",1,"Botol PET","250 ml",6000,24,4000,"Pabrik A",1,"Januari",0.760954086758988,"Riwayat",285,NA,"Normal",1
2025-01-01,"TB-PCH-KEC-PET","Teh Botol","Minuman","Peach","Kecil",1,"Botol PET","250 ml",6000,24,4000,"Pabrik A",1,"Januari",0.760954086758988,"Riwayat",285,NA,"Optimis",1.1
2025-01-01,"TB-PCH-KEC-PET","Teh Botol","Minuman","Peach","Kecil",1,"Botol PET","250 ml",6000,24,4000,"Pabrik A",1,"Januari",0.760954086758988,"Riwayat",285,NA,"Pesimis",0.9
2025-02-01,"TB-PCH-KEC-PET","Teh Botol","Minuman","Peach","Kecil",1,"Botol PET","250 ml",6000,24,4000,"Pabrik A",2,"Februari",0.737844567734044,"Riwayat",269,NA,"Normal",1
2025-02-01,"TB-PCH-KEC-PET","Teh Botol","Minuman","Peach","Kecil",1,"Botol PET","250 ml",6000,24,4000,"Pabrik A",2,"Februari",0.737844567734044,"Riwayat",269,NA,"Optimis",1.1
2025-02-01,"TB-PCH-KEC-PET","Teh Botol","Minuman","Peach","Kecil",1,"Botol PET","250 ml",6000,24,4000,"Pabrik A",2,"Februari",0.737844567734044,"Riwayat",269,NA,"Pesimis",0.9
2025-03-01,"TB-PCH-KEC-PET","Teh Botol","Minuman","Peach","Kecil",1,"Botol PET","250 ml",6000,24,4000,"Pabrik A",3,"Maret",0.879210169935783,"Riwayat",350,NA,"Normal",1
2025-03-01,"TB-PCH-KEC-PET","Teh Botol","Minuman","Peach","Kecil",1,"Botol PET","250 ml",6000,24,4000,"Pabrik A",3,"Maret",0.879210169935783,"Riwayat",350,NA,"Optimis",1.1
2025-03-01,"TB-PCH-KEC-PET","Teh Botol","Minuman","Peach","Kecil",1,"Botol PET","250 ml",6000,24,4000,"Pabrik A",3,"Maret",0.879210169935783,"Riwayat",350,NA,"Pesimis",0.9
2025-04-01,"TB-PCH-KEC-PET","Teh Botol","Minuman","Peach","Kecil",1,"Botol PET","250 ml",6000,24,4000,"Pabrik A",4,"April",0.90769297977371,"Riwayat",396,NA,"Normal",1
2025-04-01,"TB-PCH-KEC-PET","Teh Botol","Minuman","Peach","Kecil",1,"Botol PET","250 ml",6000,24,4000,"Pabrik A",4,"April",0.90769297977371,"Riwayat",396,NA,"Optimis",1.1
2025-04-01,"TB-PCH-KEC-PET","Teh Botol","Minuman","Peach","Kecil",1,"Botol PET","250 ml",6000,24,4000,"Pabrik A",4,"April",0.90769297977371,"Riwayat",396,NA,"Pesimis",0.9
2025-05-01,"TB-PCH-KEC-PET","Teh Botol","Minuman","Peach","Kecil",1,"Botol PET","250 ml",6000,24,4000,"Pabrik A",5,"Mei",1.0194399545673,"Riwayat",425,NA,"Normal",1
2025-05-01,"TB-PCH-KEC-PET","Teh Botol","Minuman","Peach","Kecil",1,"Botol PET","250 ml",6000,24,4000,"Pabrik A",5,"Mei",1.0194399545673,"Riwayat",425,NA,"Optimis",1.1
2025-05-01,"TB-PCH-KEC-PET","Teh Botol","Minuman","Peach","Kecil",1,"Botol PET","250 ml",6000,24,4000,"Pabrik A",5,"Mei",1.0194399545673,"Riwayat",425,NA,"Pesimis",0.9
2025-06-01,"TB-PCH-KEC-PET","Teh Botol","Minuman","Peach","Kecil",1,"Botol PET","250 ml",6000,24,4000,"Pabrik A",6,"Juni",1.05006334367219,"Riwayat",414,NA,"Normal",1
2025-06-01,"TB-PCH-KEC-PET","Teh Botol","Minuman","Peach","Kecil",1,"Botol PET","250 ml",6000,24,4000,"Pabrik A",6,"Juni",1.05006334367219,"Riwayat",414,NA,"Optimis",1.1
2025-06-01,"TB-PCH-KEC-PET","Teh Botol","Minuman","Peach","Kecil",1,"Botol PET","250 ml",6000,24,4000,"Pabrik A",6,"Juni",1.05006334367219,"Riwayat",414,NA,"Pesimis",0.9
2025-07-01,"TB-PCH-KEC-PET","Teh Botol","Minuman","Peach","Kecil",1,"Botol PET","250 ml",6000,24,4000,"Pabrik A",7,"Juli",1.01712463413569,"Riwayat",372,NA,"Normal",1
2025-07-01,"TB-PCH-KEC-PET","Teh Botol","Minuman","Peach","Kecil",1,"Botol PET","250 ml",6000,24,4000,"Pabrik A",7,"Juli",1.01712463413569,"Riwayat",372,NA,"Optimis",1.1
2025-07-01,"TB-PCH-KEC-PET","Teh Botol","Minuman","Peach","Kecil",1,"Botol PET","250 ml",6000,24,4000,"Pabrik A",7,"Juli",1.01712463413569,"Riwayat",372,NA,"Pesimis",0.9
2025-08-01,"TB-PCH-KEC-PET","Teh Botol","Minuman","Peach","Kecil",1,"Botol PET","250 ml",6000,24,4000,"Pabrik A",8,"Agustus",0.925822375606133,"Riwayat",368,NA,"Normal",1
2025-08-01,"TB-PCH-KEC-PET","Teh Botol","Minuman","Peach","Kecil",1,"Botol PET","250 ml",6000,24,4000,"Pabrik A",8,"Agustus",0.925822375606133,"Riwayat",368,NA,"Optimis",1.1
2025-08-01,"TB-PCH-KEC-PET","Teh Botol","Minuman","Peach","Kecil",1,"Botol PET","250 ml",6000,24,4000,"Pabrik A",8,"Agustus",0.925822375606133,"Riwayat",368,NA,"Pesimis",0.9
2025-09-01,"TB-PCH-KEC-PET","Teh Botol","Minuman","Peach","Kecil",1,"Botol PET","250 ml",6000,24,4000,"Pabrik A",9,"September",0.982875365864313,"Riwayat",315,NA,"Normal",1
2025-09-01,"TB-PCH-KEC-PET","Teh Botol","Minuman","Peach","Kecil",1,"Botol PET","250 ml",6000,24,4000,"Pabrik A",9,"September",0.982875365864313,"Riwayat",315,NA,"Optimis",1.1
2025-09-01,"TB-PCH-KEC-PET","Teh Botol","Minuman","Peach","Kecil",1,"Botol PET","250 ml",6000,24,4000,"Pabrik A",9,"September",0.982875365864313,"Riwayat",315,NA,"Pesimis",0.9
2025-10-01,"TB-PCH-KEC-PET","Teh Botol","Minuman","Peach","Kecil",1,"Botol PET","250 ml",6000,24,4000,"Pabrik A",10,"Oktober",1.10231095190249,"Riwayat",426,NA,"Normal",1
2025-10-01,"TB-PCH-KEC-PET","Teh Botol","Minuman","Peach","Kecil",1,"Botol PET","250 ml",6000,24,4000,"Pabrik A",10,"Oktober",1.10231095190249,"Riwayat",426,NA,"Optimis",1.1
2025-10-01,"TB-PCH-KEC-PET","Teh Botol","Minuman","Peach","Kecil",1,"Botol PET","250 ml",6000,24,4000,"Pabrik A",10,"Oktober",1.10231095190249,"Riwayat",426,NA,"Pesimis",0.9
2025-11-01,"TB-PCH-KEC-PET","Teh Botol","Minuman","Peach","Kecil",1,"Botol PET","250 ml",6000,24,4000,"Pabrik A",11,"November",1.22930409331178,"Riwayat",472,NA,"Normal",1
2025-11-01,"TB-PCH-KEC-PET","Teh Botol","Minuman","Peach","Kecil",1,"Botol PET","250 ml",6000,24,4000,"Pabrik A",11,"November",1.22930409331178,"Riwayat",472,NA,"Optimis",1.1
2025-11-01,"TB-PCH-KEC-PET","Teh Botol","Minuman","Peach","Kecil",1,"Botol PET","250 ml",6000,24,4000,"Pabrik A",11,"November",1.22930409331178,"Riwayat",472,NA,"Pesimis",0.9
2025-12-01,"TB-PCH-KEC-PET","Teh Botol","Minuman","Peach","Kecil",1,"Botol PET","250 ml",6000,24,4000,"Pabrik A",12,"Desember",1.43313966187585,"Riwayat",504,NA,"Normal",1
2025-12-01,"TB-PCH-KEC-PET","Teh Botol","Minuman","Peach","Kecil",1,"Botol PET","250 ml",6000,24,4000,"Pabrik A",12,"Desember",1.43313966187585,"Riwayat",504,NA,"Optimis",1.1
2025-12-01,"TB-PCH-KEC-PET","Teh Botol","Minuman","Peach","Kecil",1,"Botol PET","250 ml",6000,24,4000,"Pabrik A",12,"Desember",1.43313966187585,"Riwayat",504,NA,"Pesimis",0.9
2026-01-01,"TB-PCH-KEC-PET","Teh Botol","Minuman","Peach","Kecil",1,"Botol PET","250 ml",6000,24,4000,"Pabrik A",1,"Januari",0.760954086758988,"Plan",NA,359.170328950242,"Normal",1
2026-01-01,"TB-PCH-KEC-PET","Teh Botol","Minuman","Peach","Kecil",1,"Botol PET","250 ml",6000,24,4000,"Pabrik A",1,"Januari",0.760954086758988,"Plan",NA,395.087361845267,"Optimis",1.1
2026-01-01,"TB-PCH-KEC-PET","Teh Botol","Minuman","Peach","Kecil",1,"Botol PET","250 ml",6000,24,4000,"Pabrik A",1,"Januari",0.760954086758988,"Plan",NA,323.253296055218,"Pesimis",0.9
2026-02-01,"TB-PCH-KEC-PET","Teh Botol","Minuman","Peach","Kecil",1,"Botol PET","250 ml",6000,24,4000,"Pabrik A",2,"Februari",0.737844567734044,"Plan",NA,348.262635970469,"Normal",1
2026-02-01,"TB-PCH-KEC-PET","Teh Botol","Minuman","Peach","Kecil",1,"Botol PET","250 ml",6000,24,4000,"Pabrik A",2,"Februari",0.737844567734044,"Plan",NA,383.088899567516,"Optimis",1.1
2026-02-01,"TB-PCH-KEC-PET","Teh Botol","Minuman","Peach","Kecil",1,"Botol PET","250 ml",6000,24,4000,"Pabrik A",2,"Februari",0.737844567734044,"Plan",NA,313.436372373422,"Pesimis",0.9
2026-03-01,"TB-PCH-KEC-PET","Teh Botol","Minuman","Peach","Kecil",1,"Botol PET","250 ml",6000,24,4000,"Pabrik A",3,"Maret",0.879210169935783,"Plan",NA,414.987200209689,"Normal",1
2026-03-01,"TB-PCH-KEC-PET","Teh Botol","Minuman","Peach","Kecil",1,"Botol PET","250 ml",6000,24,4000,"Pabrik A",3,"Maret",0.879210169935783,"Plan",NA,456.485920230658,"Optimis",1.1
2026-03-01,"TB-PCH-KEC-PET","Teh Botol","Minuman","Peach","Kecil",1,"Botol PET","250 ml",6000,24,4000,"Pabrik A",3,"Maret",0.879210169935783,"Plan",NA,373.48848018872,"Pesimis",0.9
2026-04-01,"TB-PCH-KEC-PET","Teh Botol","Minuman","Peach","Kecil",1,"Botol PET","250 ml",6000,24,4000,"Pabrik A",4,"April",0.90769297977371,"Plan",NA,428.431086453191,"Normal",1
2026-04-01,"TB-PCH-KEC-PET","Teh Botol","Minuman","Peach","Kecil",1,"Botol PET","250 ml",6000,24,4000,"Pabrik A",4,"April",0.90769297977371,"Plan",NA,471.27419509851,"Optimis",1.1
2026-04-01,"TB-PCH-KEC-PET","Teh Botol","Minuman","Peach","Kecil",1,"Botol PET","250 ml",6000,24,4000,"Pabrik A",4,"April",0.90769297977371,"Plan",NA,385.587977807872,"Pesimis",0.9
2026-05-01,"TB-PCH-KEC-PET","Teh Botol","Minuman","Peach","Kecil",1,"Botol PET","250 ml",6000,24,4000,"Pabrik A",5,"Mei",1.0194399545673,"Plan",NA,481.175658555764,"Normal",1
2026-05-01,"TB-PCH-KEC-PET","Teh Botol","Minuman","Peach","Kecil",1,"Botol PET","250 ml",6000,24,4000,"Pabrik A",5,"Mei",1.0194399545673,"Plan",NA,529.293224411341,"Optimis",1.1
2026-05-01,"TB-PCH-KEC-PET","Teh Botol","Minuman","Peach","Kecil",1,"Botol PET","250 ml",6000,24,4000,"Pabrik A",5,"Mei",1.0194399545673,"Plan",NA,433.058092700188,"Pesimis",0.9
2026-06-01,"TB-PCH-KEC-PET","Teh Botol","Minuman","Peach","Kecil",1,"Botol PET","250 ml",6000,24,4000,"Pabrik A",6,"Juni",1.05006334367219,"Plan",NA,495.629898213272,"Normal",1
2026-06-01,"TB-PCH-KEC-PET","Teh Botol","Minuman","Peach","Kecil",1,"Botol PET","250 ml",6000,24,4000,"Pabrik A",6,"Juni",1.05006334367219,"Plan",NA,545.192888034599,"Optimis",1.1
2026-06-01,"TB-PCH-KEC-PET","Teh Botol","Minuman","Peach","Kecil",1,"Botol PET","250 ml",6000,24,4000,"Pabrik A",6,"Juni",1.05006334367219,"Plan",NA,446.066908391944,"Pesimis",0.9
2023-01-01,"TB-PCH-KEC-PET","Teh Botol","Minuman","Peach","Kecil",1,"Botol PET","250 ml",6000,24,4000,"Pabrik B",1,"Januari",0.760954086758988,"Riwayat",190,NA,"Normal",1
2023-01-01,"TB-PCH-KEC-PET","Teh Botol","Minuman","Peach","Kecil",1,"Botol PET","250 ml",6000,24,4000,"Pabrik B",1,"Januari",0.760954086758988,"Riwayat",190,NA,"Optimis",1.1
2023-01-01,"TB-PCH-KEC-PET","Teh Botol","Minuman","Peach","Kecil",1,"Botol PET","250 ml",6000,24,4000,"Pabrik B",1,"Januari",0.760954086758988,"Riwayat",190,NA,"Pesimis",0.9
2023-02-01,"TB-PCH-KEC-PET","Teh Botol","Minuman","Peach","Kecil",1,"Botol PET","250 ml",6000,24,4000,"Pabrik B",2,"Februari",0.737844567734044,"Riwayat",196,NA,"Normal",1
2023-02-01,"TB-PCH-KEC-PET","Teh Botol","Minuman","Peach","Kecil",1,"Botol PET","250 ml",6000,24,4000,"Pabrik B",2,"Februari",0.737844567734044,"Riwayat",196,NA,"Optimis",1.1
2023-02-01,"TB-PCH-KEC-PET","Teh Botol","Minuman","Peach","Kecil",1,"Botol PET","250 ml",6000,24,4000,"Pabrik B",2,"Februari",0.737844567734044,"Riwayat",196,NA,"Pesimis",0.9
2023-03-01,"TB-PCH-KEC-PET","Teh Botol","Minuman","Peach","Kecil",1,"Botol PET","250 ml",6000,24,4000,"Pabrik B",3,"Maret",0.879210169935783,"Riwayat",227,NA,"Normal",1
2023-03-01,"TB-PCH-KEC-PET","Teh Botol","Minuman","Peach","Kecil",1,"Botol PET","250 ml",6000,24,4000,"Pabrik B",3,"Maret",0.879210169935783,"Riwayat",227,NA,"Optimis",1.1
2023-03-01,"TB-PCH-KEC-PET","Teh Botol","Minuman","Peach","Kecil",1,"Botol PET","250 ml",6000,24,4000,"Pabrik B",3,"Maret",0.879210169935783,"Riwayat",227,NA,"Pesimis",0.9
2023-04-01,"TB-PCH-KEC-PET","Teh Botol","Minuman","Peach","Kecil",1,"Botol PET","250 ml",6000,24,4000,"Pabrik B",4,"April",0.90769297977371,"Riwayat",251,NA,"Normal",1
2023-04-01,"TB-PCH-KEC-PET","Teh Botol","Minuman","Peach","Kecil",1,"Botol PET","250 ml",6000,24,4000,"Pabrik B",4,"April",0.90769297977371,"Riwayat",251,NA,"Optimis",1.1
2023-04-01,"TB-PCH-KEC-PET","Teh Botol","Minuman","Peach","Kecil",1,"Botol PET","250 ml",6000,24,4000,"Pabrik B",4,"April",0.90769297977371,"Riwayat",251,NA,"Pesimis",0.9
2023-05-01,"TB-PCH-KEC-PET","Teh Botol","Minuman","Peach","Kecil",1,"Botol PET","250 ml",6000,24,4000,"Pabrik B",5,"Mei",1.0194399545673,"Riwayat",258,NA,"Normal",1
2023-05-01,"TB-PCH-KEC-PET","Teh Botol","Minuman","Peach","Kecil",1,"Botol PET","250 ml",6000,24,4000,"Pabrik B",5,"Mei",1.0194399545673,"Riwayat",258,NA,"Optimis",1.1
2023-05-01,"TB-PCH-KEC-PET","Teh Botol","Minuman","Peach","Kecil",1,"Botol PET","250 ml",6000,24,4000,"Pabrik B",5,"Mei",1.0194399545673,"Riwayat",258,NA,"Pesimis",0.9
2023-06-01,"TB-PCH-KEC-PET","Teh Botol","Minuman","Peach","Kecil",1,"Botol PET","250 ml",6000,24,4000,"Pabrik B",6,"Juni",1.05006334367219,"Riwayat",257,NA,"Normal",1
2023-06-01,"TB-PCH-KEC-PET","Teh Botol","Minuman","Peach","Kecil",1,"Botol PET","250 ml",6000,24,4000,"Pabrik B",6,"Juni",1.05006334367219,"Riwayat",257,NA,"Optimis",1.1
2023-06-01,"TB-PCH-KEC-PET","Teh Botol","Minuman","Peach","Kecil",1,"Botol PET","250 ml",6000,24,4000,"Pabrik B",6,"Juni",1.05006334367219,"Riwayat",257,NA,"Pesimis",0.9
2023-07-01,"TB-PCH-KEC-PET","Teh Botol","Minuman","Peach","Kecil",1,"Botol PET","250 ml",6000,24,4000,"Pabrik B",7,"Juli",1.01712463413569,"Riwayat",256,NA,"Normal",1
2023-07-01,"TB-PCH-KEC-PET","Teh Botol","Minuman","Peach","Kecil",1,"Botol PET","250 ml",6000,24,4000,"Pabrik B",7,"Juli",1.01712463413569,"Riwayat",256,NA,"Optimis",1.1
2023-07-01,"TB-PCH-KEC-PET","Teh Botol","Minuman","Peach","Kecil",1,"Botol PET","250 ml",6000,24,4000,"Pabrik B",7,"Juli",1.01712463413569,"Riwayat",256,NA,"Pesimis",0.9
2023-08-01,"TB-PCH-KEC-PET","Teh Botol","Minuman","Peach","Kecil",1,"Botol PET","250 ml",6000,24,4000,"Pabrik B",8,"Agustus",0.925822375606133,"Riwayat",245,NA,"Normal",1
2023-08-01,"TB-PCH-KEC-PET","Teh Botol","Minuman","Peach","Kecil",1,"Botol PET","250 ml",6000,24,4000,"Pabrik B",8,"Agustus",0.925822375606133,"Riwayat",245,NA,"Optimis",1.1
2023-08-01,"TB-PCH-KEC-PET","Teh Botol","Minuman","Peach","Kecil",1,"Botol PET","250 ml",6000,24,4000,"Pabrik B",8,"Agustus",0.925822375606133,"Riwayat",245,NA,"Pesimis",0.9
2023-09-01,"TB-PCH-KEC-PET","Teh Botol","Minuman","Peach","Kecil",1,"Botol PET","250 ml",6000,24,4000,"Pabrik B",9,"September",0.982875365864313,"Riwayat",264,NA,"Normal",1
2023-09-01,"TB-PCH-KEC-PET","Teh Botol","Minuman","Peach","Kecil",1,"Botol PET","250 ml",6000,24,4000,"Pabrik B",9,"September",0.982875365864313,"Riwayat",264,NA,"Optimis",1.1
2023-09-01,"TB-PCH-KEC-PET","Teh Botol","Minuman","Peach","Kecil",1,"Botol PET","250 ml",6000,24,4000,"Pabrik B",9,"September",0.982875365864313,"Riwayat",264,NA,"Pesimis",0.9
2023-10-01,"TB-PCH-KEC-PET","Teh Botol","Minuman","Peach","Kecil",1,"Botol PET","250 ml",6000,24,4000,"Pabrik B",10,"Oktober",1.10231095190249,"Riwayat",276,NA,"Normal",1
2023-10-01,"TB-PCH-KEC-PET","Teh Botol","Minuman","Peach","Kecil",1,"Botol PET","250 ml",6000,24,4000,"Pabrik B",10,"Oktober",1.10231095190249,"Riwayat",276,NA,"Optimis",1.1
2023-10-01,"TB-PCH-KEC-PET","Teh Botol","Minuman","Peach","Kecil",1,"Botol PET","250 ml",6000,24,4000,"Pabrik B",10,"Oktober",1.10231095190249,"Riwayat",276,NA,"Pesimis",0.9
2023-11-01,"TB-PCH-KEC-PET","Teh Botol","Minuman","Peach","Kecil",1,"Botol PET","250 ml",6000,24,4000,"Pabrik B",11,"November",1.22930409331178,"Riwayat",185,NA,"Normal",1
2023-11-01,"TB-PCH-KEC-PET","Teh Botol","Minuman","Peach","Kecil",1,"Botol PET","250 ml",6000,24,4000,"Pabrik B",11,"November",1.22930409331178,"Riwayat",185,NA,"Optimis",1.1
2023-11-01,"TB-PCH-KEC-PET","Teh Botol","Minuman","Peach","Kecil",1,"Botol PET","250 ml",6000,24,4000,"Pabrik B",11,"November",1.22930409331178,"Riwayat",185,NA,"Pesimis",0.9
2023-12-01,"TB-PCH-KEC-PET","Teh Botol","Minuman","Peach","Kecil",1,"Botol PET","250 ml",6000,24,4000,"Pabrik B",12,"Desember",1.43313966187585,"Riwayat",366,NA,"Normal",1
2023-12-01,"TB-PCH-KEC-PET","Teh Botol","Minuman","Peach","Kecil",1,"Botol PET","250 ml",6000,24,4000,"Pabrik B",12,"Desember",1.43313966187585,"Riwayat",366,NA,"Optimis",1.1
2023-12-01,"TB-PCH-KEC-PET","Teh Botol","Minuman","Peach","Kecil",1,"Botol PET","250 ml",6000,24,4000,"Pabrik B",12,"Desember",1.43313966187585,"Riwayat",366,NA,"Pesimis",0.9
2024-01-01,"TB-PCH-KEC-PET","Teh Botol","Minuman","Peach","Kecil",1,"Botol PET","250 ml",6000,24,4000,"Pabrik B",1,"Januari",0.760954086758988,"Riwayat",209,NA,"Normal",1
2024-01-01,"TB-PCH-KEC-PET","Teh Botol","Minuman","Peach","Kecil",1,"Botol PET","250 ml",6000,24,4000,"Pabrik B",1,"Januari",0.760954086758988,"Riwayat",209,NA,"Optimis",1.1
2024-01-01,"TB-PCH-KEC-PET","Teh Botol","Minuman","Peach","Kecil",1,"Botol PET","250 ml",6000,24,4000,"Pabrik B",1,"Januari",0.760954086758988,"Riwayat",209,NA,"Pesimis",0.9
2024-02-01,"TB-PCH-KEC-PET","Teh Botol","Minuman","Peach","Kecil",1,"Botol PET","250 ml",6000,24,4000,"Pabrik B",2,"Februari",0.737844567734044,"Riwayat",216,NA,"Normal",1
2024-02-01,"TB-PCH-KEC-PET","Teh Botol","Minuman","Peach","Kecil",1,"Botol PET","250 ml",6000,24,4000,"Pabrik B",2,"Februari",0.737844567734044,"Riwayat",216,NA,"Optimis",1.1
2024-02-01,"TB-PCH-KEC-PET","Teh Botol","Minuman","Peach","Kecil",1,"Botol PET","250 ml",6000,24,4000,"Pabrik B",2,"Februari",0.737844567734044,"Riwayat",216,NA,"Pesimis",0.9
2024-03-01,"TB-PCH-KEC-PET","Teh Botol","Minuman","Peach","Kecil",1,"Botol PET","250 ml",6000,24,4000,"Pabrik B",3,"Maret",0.879210169935783,"Riwayat",232,NA,"Normal",1
2024-03-01,"TB-PCH-KEC-PET","Teh Botol","Minuman","Peach","Kecil",1,"Botol PET","250 ml",6000,24,4000,"Pabrik B",3,"Maret",0.879210169935783,"Riwayat",232,NA,"Optimis",1.1
2024-03-01,"TB-PCH-KEC-PET","Teh Botol","Minuman","Peach","Kecil",1,"Botol PET","250 ml",6000,24,4000,"Pabrik B",3,"Maret",0.879210169935783,"Riwayat",232,NA,"Pesimis",0.9
2024-04-01,"TB-PCH-KEC-PET","Teh Botol","Minuman","Peach","Kecil",1,"Botol PET","250 ml",6000,24,4000,"Pabrik B",4,"April",0.90769297977371,"Riwayat",235,NA,"Normal",1
2024-04-01,"TB-PCH-KEC-PET","Teh Botol","Minuman","Peach","Kecil",1,"Botol PET","250 ml",6000,24,4000,"Pabrik B",4,"April",0.90769297977371,"Riwayat",235,NA,"Optimis",1.1
2024-04-01,"TB-PCH-KEC-PET","Teh Botol","Minuman","Peach","Kecil",1,"Botol PET","250 ml",6000,24,4000,"Pabrik B",4,"April",0.90769297977371,"Riwayat",235,NA,"Pesimis",0.9
2024-05-01,"TB-PCH-KEC-PET","Teh Botol","Minuman","Peach","Kecil",1,"Botol PET","250 ml",6000,24,4000,"Pabrik B",5,"Mei",1.0194399545673,"Riwayat",243,NA,"Normal",1
2024-05-01,"TB-PCH-KEC-PET","Teh Botol","Minuman","Peach","Kecil",1,"Botol PET","250 ml",6000,24,4000,"Pabrik B",5,"Mei",1.0194399545673,"Riwayat",243,NA,"Optimis",1.1
2024-05-01,"TB-PCH-KEC-PET","Teh Botol","Minuman","Peach","Kecil",1,"Botol PET","250 ml",6000,24,4000,"Pabrik B",5,"Mei",1.0194399545673,"Riwayat",243,NA,"Pesimis",0.9
2024-06-01,"TB-PCH-KEC-PET","Teh Botol","Minuman","Peach","Kecil",1,"Botol PET","250 ml",6000,24,4000,"Pabrik B",6,"Juni",1.05006334367219,"Riwayat",314,NA,"Normal",1
2024-06-01,"TB-PCH-KEC-PET","Teh Botol","Minuman","Peach","Kecil",1,"Botol PET","250 ml",6000,24,4000,"Pabrik B",6,"Juni",1.05006334367219,"Riwayat",314,NA,"Optimis",1.1
2024-06-01,"TB-PCH-KEC-PET","Teh Botol","Minuman","Peach","Kecil",1,"Botol PET","250 ml",6000,24,4000,"Pabrik B",6,"Juni",1.05006334367219,"Riwayat",314,NA,"Pesimis",0.9
2024-07-01,"TB-PCH-KEC-PET","Teh Botol","Minuman","Peach","Kecil",1,"Botol PET","250 ml",6000,24,4000,"Pabrik B",7,"Juli",1.01712463413569,"Riwayat",282,NA,"Normal",1
2024-07-01,"TB-PCH-KEC-PET","Teh Botol","Minuman","Peach","Kecil",1,"Botol PET","250 ml",6000,24,4000,"Pabrik B",7,"Juli",1.01712463413569,"Riwayat",282,NA,"Optimis",1.1
2024-07-01,"TB-PCH-KEC-PET","Teh Botol","Minuman","Peach","Kecil",1,"Botol PET","250 ml",6000,24,4000,"Pabrik B",7,"Juli",1.01712463413569,"Riwayat",282,NA,"Pesimis",0.9
2024-08-01,"TB-PCH-KEC-PET","Teh Botol","Minuman","Peach","Kecil",1,"Botol PET","250 ml",6000,24,4000,"Pabrik B",8,"Agustus",0.925822375606133,"Riwayat",252,NA,"Normal",1
2024-08-01,"TB-PCH-KEC-PET","Teh Botol","Minuman","Peach","Kecil",1,"Botol PET","250 ml",6000,24,4000,"Pabrik B",8,"Agustus",0.925822375606133,"Riwayat",252,NA,"Optimis",1.1
2024-08-01,"TB-PCH-KEC-PET","Teh Botol","Minuman","Peach","Kecil",1,"Botol PET","250 ml",6000,24,4000,"Pabrik B",8,"Agustus",0.925822375606133,"Riwayat",252,NA,"Pesimis",0.9
2024-09-01,"TB-PCH-KEC-PET","Teh Botol","Minuman","Peach","Kecil",1,"Botol PET","250 ml",6000,24,4000,"Pabrik B",9,"September",0.982875365864313,"Riwayat",235,NA,"Normal",1
2024-09-01,"TB-PCH-KEC-PET","Teh Botol","Minuman","Peach","Kecil",1,"Botol PET","250 ml",6000,24,4000,"Pabrik B",9,"September",0.982875365864313,"Riwayat",235,NA,"Optimis",1.1
2024-09-01,"TB-PCH-KEC-PET","Teh Botol","Minuman","Peach","Kecil",1,"Botol PET","250 ml",6000,24,4000,"Pabrik B",9,"September",0.982875365864313,"Riwayat",235,NA,"Pesimis",0.9
2024-10-01,"TB-PCH-KEC-PET","Teh Botol","Minuman","Peach","Kecil",1,"Botol PET","250 ml",6000,24,4000,"Pabrik B",10,"Oktober",1.10231095190249,"Riwayat",260,NA,"Normal",1
2024-10-01,"TB-PCH-KEC-PET","Teh Botol","Minuman","Peach","Kecil",1,"Botol PET","250 ml",6000,24,4000,"Pabrik B",10,"Oktober",1.10231095190249,"Riwayat",260,NA,"Optimis",1.1
2024-10-01,"TB-PCH-KEC-PET","Teh Botol","Minuman","Peach","Kecil",1,"Botol PET","250 ml",6000,24,4000,"Pabrik B",10,"Oktober",1.10231095190249,"Riwayat",260,NA,"Pesimis",0.9
2024-11-01,"TB-PCH-KEC-PET","Teh Botol","Minuman","Peach","Kecil",1,"Botol PET","250 ml",6000,24,4000,"Pabrik B",11,"November",1.22930409331178,"Riwayat",317,NA,"Normal",1
2024-11-01,"TB-PCH-KEC-PET","Teh Botol","Minuman","Peach","Kecil",1,"Botol PET","250 ml",6000,24,4000,"Pabrik B",11,"November",1.22930409331178,"Riwayat",317,NA,"Optimis",1.1
2024-11-01,"TB-PCH-KEC-PET","Teh Botol","Minuman","Peach","Kecil",1,"Botol PET","250 ml",6000,24,4000,"Pabrik B",11,"November",1.22930409331178,"Riwayat",317,NA,"Pesimis",0.9
2024-12-01,"TB-PCH-KEC-PET","Teh Botol","Minuman","Peach","Kecil",1,"Botol PET","250 ml",6000,24,4000,"Pabrik B",12,"Desember",1.43313966187585,"Riwayat",389,NA,"Normal",1
2024-12-01,"TB-PCH-KEC-PET","Teh Botol","Minuman","Peach","Kecil",1,"Botol PET","250 ml",6000,24,4000,"Pabrik B",12,"Desember",1.43313966187585,"Riwayat",389,NA,"Optimis",1.1
2024-12-01,"TB-PCH-KEC-PET","Teh Botol","Minuman","Peach","Kecil",1,"Botol PET","250 ml",6000,24,4000,"Pabrik B",12,"Desember",1.43313966187585,"Riwayat",389,NA,"Pesimis",0.9
2025-01-01,"TB-PCH-KEC-PET","Teh Botol","Minuman","Peach","Kecil",1,"Botol PET","250 ml",6000,24,4000,"Pabrik B",1,"Januari",0.760954086758988,"Riwayat",212,NA,"Normal",1
2025-01-01,"TB-PCH-KEC-PET","Teh Botol","Minuman","Peach","Kecil",1,"Botol PET","250 ml",6000,24,4000,"Pabrik B",1,"Januari",0.760954086758988,"Riwayat",212,NA,"Optimis",1.1
2025-01-01,"TB-PCH-KEC-PET","Teh Botol","Minuman","Peach","Kecil",1,"Botol PET","250 ml",6000,24,4000,"Pabrik B",1,"Januari",0.760954086758988,"Riwayat",212,NA,"Pesimis",0.9
2025-02-01,"TB-PCH-KEC-PET","Teh Botol","Minuman","Peach","Kecil",1,"Botol PET","250 ml",6000,24,4000,"Pabrik B",2,"Februari",0.737844567734044,"Riwayat",207,NA,"Normal",1
2025-02-01,"TB-PCH-KEC-PET","Teh Botol","Minuman","Peach","Kecil",1,"Botol PET","250 ml",6000,24,4000,"Pabrik B",2,"Februari",0.737844567734044,"Riwayat",207,NA,"Optimis",1.1
2025-02-01,"TB-PCH-KEC-PET","Teh Botol","Minuman","Peach","Kecil",1,"Botol PET","250 ml",6000,24,4000,"Pabrik B",2,"Februari",0.737844567734044,"Riwayat",207,NA,"Pesimis",0.9
2025-03-01,"TB-PCH-KEC-PET","Teh Botol","Minuman","Peach","Kecil",1,"Botol PET","250 ml",6000,24,4000,"Pabrik B",3,"Maret",0.879210169935783,"Riwayat",396,NA,"Normal",1
2025-03-01,"TB-PCH-KEC-PET","Teh Botol","Minuman","Peach","Kecil",1,"Botol PET","250 ml",6000,24,4000,"Pabrik B",3,"Maret",0.879210169935783,"Riwayat",396,NA,"Optimis",1.1
2025-03-01,"TB-PCH-KEC-PET","Teh Botol","Minuman","Peach","Kecil",1,"Botol PET","250 ml",6000,24,4000,"Pabrik B",3,"Maret",0.879210169935783,"Riwayat",396,NA,"Pesimis",0.9
2025-04-01,"TB-PCH-KEC-PET","Teh Botol","Minuman","Peach","Kecil",1,"Botol PET","250 ml",6000,24,4000,"Pabrik B",4,"April",0.90769297977371,"Riwayat",270,NA,"Normal",1
2025-04-01,"TB-PCH-KEC-PET","Teh Botol","Minuman","Peach","Kecil",1,"Botol PET","250 ml",6000,24,4000,"Pabrik B",4,"April",0.90769297977371,"Riwayat",270,NA,"Optimis",1.1
2025-04-01,"TB-PCH-KEC-PET","Teh Botol","Minuman","Peach","Kecil",1,"Botol PET","250 ml",6000,24,4000,"Pabrik B",4,"April",0.90769297977371,"Riwayat",270,NA,"Pesimis",0.9
2025-05-01,"TB-PCH-KEC-PET","Teh Botol","Minuman","Peach","Kecil",1,"Botol PET","250 ml",6000,24,4000,"Pabrik B",5,"Mei",1.0194399545673,"Riwayat",273,NA,"Normal",1
2025-05-01,"TB-PCH-KEC-PET","Teh Botol","Minuman","Peach","Kecil",1,"Botol PET","250 ml",6000,24,4000,"Pabrik B",5,"Mei",1.0194399545673,"Riwayat",273,NA,"Optimis",1.1
2025-05-01,"TB-PCH-KEC-PET","Teh Botol","Minuman","Peach","Kecil",1,"Botol PET","250 ml",6000,24,4000,"Pabrik B",5,"Mei",1.0194399545673,"Riwayat",273,NA,"Pesimis",0.9
2025-06-01,"TB-PCH-KEC-PET","Teh Botol","Minuman","Peach","Kecil",1,"Botol PET","250 ml",6000,24,4000,"Pabrik B",6,"Juni",1.05006334367219,"Riwayat",323,NA,"Normal",1
2025-06-01,"TB-PCH-KEC-PET","Teh Botol","Minuman","Peach","Kecil",1,"Botol PET","250 ml",6000,24,4000,"Pabrik B",6,"Juni",1.05006334367219,"Riwayat",323,NA,"Optimis",1.1
2025-06-01,"TB-PCH-KEC-PET","Teh Botol","Minuman","Peach","Kecil",1,"Botol PET","250 ml",6000,24,4000,"Pabrik B",6,"Juni",1.05006334367219,"Riwayat",323,NA,"Pesimis",0.9
2025-07-01,"TB-PCH-KEC-PET","Teh Botol","Minuman","Peach","Kecil",1,"Botol PET","250 ml",6000,24,4000,"Pabrik B",7,"Juli",1.01712463413569,"Riwayat",274,NA,"Normal",1
2025-07-01,"TB-PCH-KEC-PET","Teh Botol","Minuman","Peach","Kecil",1,"Botol PET","250 ml",6000,24,4000,"Pabrik B",7,"Juli",1.01712463413569,"Riwayat",274,NA,"Optimis",1.1
2025-07-01,"TB-PCH-KEC-PET","Teh Botol","Minuman","Peach","Kecil",1,"Botol PET","250 ml",6000,24,4000,"Pabrik B",7,"Juli",1.01712463413569,"Riwayat",274,NA,"Pesimis",0.9
2025-08-01,"TB-PCH-KEC-PET","Teh Botol","Minuman","Peach","Kecil",1,"Botol PET","250 ml",6000,24,4000,"Pabrik B",8,"Agustus",0.925822375606133,"Riwayat",220,NA,"Normal",1
2025-08-01,"TB-PCH-KEC-PET","Teh Botol","Minuman","Peach","Kecil",1,"Botol PET","250 ml",6000,24,4000,"Pabrik B",8,"Agustus",0.925822375606133,"Riwayat",220,NA,"Optimis",1.1
2025-08-01,"TB-PCH-KEC-PET","Teh Botol","Minuman","Peach","Kecil",1,"Botol PET","250 ml",6000,24,4000,"Pabrik B",8,"Agustus",0.925822375606133,"Riwayat",220,NA,"Pesimis",0.9
2025-09-01,"TB-PCH-KEC-PET","Teh Botol","Minuman","Peach","Kecil",1,"Botol PET","250 ml",6000,24,4000,"Pabrik B",9,"September",0.982875365864313,"Riwayat",264,NA,"Normal",1
2025-09-01,"TB-PCH-KEC-PET","Teh Botol","Minuman","Peach","Kecil",1,"Botol PET","250 ml",6000,24,4000,"Pabrik B",9,"September",0.982875365864313,"Riwayat",264,NA,"Optimis",1.1
2025-09-01,"TB-PCH-KEC-PET","Teh Botol","Minuman","Peach","Kecil",1,"Botol PET","250 ml",6000,24,4000,"Pabrik B",9,"September",0.982875365864313,"Riwayat",264,NA,"Pesimis",0.9
2025-10-01,"TB-PCH-KEC-PET","Teh Botol","Minuman","Peach","Kecil",1,"Botol PET","250 ml",6000,24,4000,"Pabrik B",10,"Oktober",1.10231095190249,"Riwayat",260,NA,"Normal",1
2025-10-01,"TB-PCH-KEC-PET","Teh Botol","Minuman","Peach","Kecil",1,"Botol PET","250 ml",6000,24,4000,"Pabrik B",10,"Oktober",1.10231095190249,"Riwayat",260,NA,"Optimis",1.1
2025-10-01,"TB-PCH-KEC-PET","Teh Botol","Minuman","Peach","Kecil",1,"Botol PET","250 ml",6000,24,4000,"Pabrik B",10,"Oktober",1.10231095190249,"Riwayat",260,NA,"Pesimis",0.9
2025-11-01,"TB-PCH-KEC-PET","Teh Botol","Minuman","Peach","Kecil",1,"Botol PET","250 ml",6000,24,4000,"Pabrik B",11,"November",1.22930409331178,"Riwayat",339,NA,"Normal",1
2025-11-01,"TB-PCH-KEC-PET","Teh Botol","Minuman","Peach","Kecil",1,"Botol PET","250 ml",6000,24,4000,"Pabrik B",11,"November",1.22930409331178,"Riwayat",339,NA,"Optimis",1.1
2025-11-01,"TB-PCH-KEC-PET","Teh Botol","Minuman","Peach","Kecil",1,"Botol PET","250 ml",6000,24,4000,"Pabrik B",11,"November",1.22930409331178,"Riwayat",339,NA,"Pesimis",0.9
2025-12-01,"TB-PCH-KEC-PET","Teh Botol","Minuman","Peach","Kecil",1,"Botol PET","250 ml",6000,24,4000,"Pabrik B",12,"Desember",1.43313966187585,"Riwayat",333,NA,"Normal",1
2025-12-01,"TB-PCH-KEC-PET","Teh Botol","Minuman","Peach","Kecil",1,"Botol PET","250 ml",6000,24,4000,"Pabrik B",12,"Desember",1.43313966187585,"Riwayat",333,NA,"Optimis",1.1
2025-12-01,"TB-PCH-KEC-PET","Teh Botol","Minuman","Peach","Kecil",1,"Botol PET","250 ml",6000,24,4000,"Pabrik B",12,"Desember",1.43313966187585,"Riwayat",333,NA,"Pesimis",0.9
2026-01-01,"TB-PCH-KEC-PET","Teh Botol","Minuman","Peach","Kecil",1,"Botol PET","250 ml",6000,24,4000,"Pabrik B",1,"Januari",0.760954086758988,"Plan",NA,253.397710890743,"Normal",1
2026-01-01,"TB-PCH-KEC-PET","Teh Botol","Minuman","Peach","Kecil",1,"Botol PET","250 ml",6000,24,4000,"Pabrik B",1,"Januari",0.760954086758988,"Plan",NA,278.737481979817,"Optimis",1.1
2026-01-01,"TB-PCH-KEC-PET","Teh Botol","Minuman","Peach","Kecil",1,"Botol PET","250 ml",6000,24,4000,"Pabrik B",1,"Januari",0.760954086758988,"Plan",NA,228.057939801669,"Pesimis",0.9
2026-02-01,"TB-PCH-KEC-PET","Teh Botol","Minuman","Peach","Kecil",1,"Botol PET","250 ml",6000,24,4000,"Pabrik B",2,"Februari",0.737844567734044,"Plan",NA,245.702241055437,"Normal",1
2026-02-01,"TB-PCH-KEC-PET","Teh Botol","Minuman","Peach","Kecil",1,"Botol PET","250 ml",6000,24,4000,"Pabrik B",2,"Februari",0.737844567734044,"Plan",NA,270.27246516098,"Optimis",1.1
2026-02-01,"TB-PCH-KEC-PET","Teh Botol","Minuman","Peach","Kecil",1,"Botol PET","250 ml",6000,24,4000,"Pabrik B",2,"Februari",0.737844567734044,"Plan",NA,221.132016949893,"Pesimis",0.9
2026-03-01,"TB-PCH-KEC-PET","Teh Botol","Minuman","Peach","Kecil",1,"Botol PET","250 ml",6000,24,4000,"Pabrik B",3,"Maret",0.879210169935783,"Plan",NA,292.776986588616,"Normal",1
2026-03-01,"TB-PCH-KEC-PET","Teh Botol","Minuman","Peach","Kecil",1,"Botol PET","250 ml",6000,24,4000,"Pabrik B",3,"Maret",0.879210169935783,"Plan",NA,322.054685247477,"Optimis",1.1
2026-03-01,"TB-PCH-KEC-PET","Teh Botol","Minuman","Peach","Kecil",1,"Botol PET","250 ml",6000,24,4000,"Pabrik B",3,"Maret",0.879210169935783,"Plan",NA,263.499287929754,"Pesimis",0.9
2026-04-01,"TB-PCH-KEC-PET","Teh Botol","Minuman","Peach","Kecil",1,"Botol PET","250 ml",6000,24,4000,"Pabrik B",4,"April",0.90769297977371,"Plan",NA,302.261762264645,"Normal",1
2026-04-01,"TB-PCH-KEC-PET","Teh Botol","Minuman","Peach","Kecil",1,"Botol PET","250 ml",6000,24,4000,"Pabrik B",4,"April",0.90769297977371,"Plan",NA,332.48793849111,"Optimis",1.1
2026-04-01,"TB-PCH-KEC-PET","Teh Botol","Minuman","Peach","Kecil",1,"Botol PET","250 ml",6000,24,4000,"Pabrik B",4,"April",0.90769297977371,"Plan",NA,272.035586038181,"Pesimis",0.9
2026-05-01,"TB-PCH-KEC-PET","Teh Botol","Minuman","Peach","Kecil",1,"Botol PET","250 ml",6000,24,4000,"Pabrik B",5,"Mei",1.0194399545673,"Plan",NA,339.47350487091,"Normal",1
2026-05-01,"TB-PCH-KEC-PET","Teh Botol","Minuman","Peach","Kecil",1,"Botol PET","250 ml",6000,24,4000,"Pabrik B",5,"Mei",1.0194399545673,"Plan",NA,373.420855358001,"Optimis",1.1
2026-05-01,"TB-PCH-KEC-PET","Teh Botol","Minuman","Peach","Kecil",1,"Botol PET","250 ml",6000,24,4000,"Pabrik B",5,"Mei",1.0194399545673,"Plan",NA,305.526154383819,"Pesimis",0.9
2026-06-01,"TB-PCH-KEC-PET","Teh Botol","Minuman","Peach","Kecil",1,"Botol PET","250 ml",6000,24,4000,"Pabrik B",6,"Juni",1.05006334367219,"Plan",NA,349.671093442838,"Normal",1
2026-06-01,"TB-PCH-KEC-PET","Teh Botol","Minuman","Peach","Kecil",1,"Botol PET","250 ml",6000,24,4000,"Pabrik B",6,"Juni",1.05006334367219,"Plan",NA,384.638202787122,"Optimis",1.1
2026-06-01,"TB-PCH-KEC-PET","Teh Botol","Minuman","Peach","Kecil",1,"Botol PET","250 ml",6000,24,4000,"Pabrik B",6,"Juni",1.05006334367219,"Plan",NA,314.703984098554,"Pesimis",0.9
2023-01-01,"TB-PCH-SED-KAC","Teh Botol","Minuman","Peach","Sedang",2,"Botol Kaca","450 ml",12000,12,4000,"Pabrik A",1,"Januari",0.760954086758988,"Riwayat",205,NA,"Normal",1
2023-01-01,"TB-PCH-SED-KAC","Teh Botol","Minuman","Peach","Sedang",2,"Botol Kaca","450 ml",12000,12,4000,"Pabrik A",1,"Januari",0.760954086758988,"Riwayat",205,NA,"Optimis",1.1
2023-01-01,"TB-PCH-SED-KAC","Teh Botol","Minuman","Peach","Sedang",2,"Botol Kaca","450 ml",12000,12,4000,"Pabrik A",1,"Januari",0.760954086758988,"Riwayat",205,NA,"Pesimis",0.9
2023-02-01,"TB-PCH-SED-KAC","Teh Botol","Minuman","Peach","Sedang",2,"Botol Kaca","450 ml",12000,12,4000,"Pabrik A",2,"Februari",0.737844567734044,"Riwayat",192,NA,"Normal",1
2023-02-01,"TB-PCH-SED-KAC","Teh Botol","Minuman","Peach","Sedang",2,"Botol Kaca","450 ml",12000,12,4000,"Pabrik A",2,"Februari",0.737844567734044,"Riwayat",192,NA,"Optimis",1.1
2023-02-01,"TB-PCH-SED-KAC","Teh Botol","Minuman","Peach","Sedang",2,"Botol Kaca","450 ml",12000,12,4000,"Pabrik A",2,"Februari",0.737844567734044,"Riwayat",192,NA,"Pesimis",0.9
2023-03-01,"TB-PCH-SED-KAC","Teh Botol","Minuman","Peach","Sedang",2,"Botol Kaca","450 ml",12000,12,4000,"Pabrik A",3,"Maret",0.879210169935783,"Riwayat",289,NA,"Normal",1
2023-03-01,"TB-PCH-SED-KAC","Teh Botol","Minuman","Peach","Sedang",2,"Botol Kaca","450 ml",12000,12,4000,"Pabrik A",3,"Maret",0.879210169935783,"Riwayat",289,NA,"Optimis",1.1
2023-03-01,"TB-PCH-SED-KAC","Teh Botol","Minuman","Peach","Sedang",2,"Botol Kaca","450 ml",12000,12,4000,"Pabrik A",3,"Maret",0.879210169935783,"Riwayat",289,NA,"Pesimis",0.9
2023-04-01,"TB-PCH-SED-KAC","Teh Botol","Minuman","Peach","Sedang",2,"Botol Kaca","450 ml",12000,12,4000,"Pabrik A",4,"April",0.90769297977371,"Riwayat",254,NA,"Normal",1
2023-04-01,"TB-PCH-SED-KAC","Teh Botol","Minuman","Peach","Sedang",2,"Botol Kaca","450 ml",12000,12,4000,"Pabrik A",4,"April",0.90769297977371,"Riwayat",254,NA,"Optimis",1.1
2023-04-01,"TB-PCH-SED-KAC","Teh Botol","Minuman","Peach","Sedang",2,"Botol Kaca","450 ml",12000,12,4000,"Pabrik A",4,"April",0.90769297977371,"Riwayat",254,NA,"Pesimis",0.9
2023-05-01,"TB-PCH-SED-KAC","Teh Botol","Minuman","Peach","Sedang",2,"Botol Kaca","450 ml",12000,12,4000,"Pabrik A",5,"Mei",1.0194399545673,"Riwayat",312,NA,"Normal",1
2023-05-01,"TB-PCH-SED-KAC","Teh Botol","Minuman","Peach","Sedang",2,"Botol Kaca","450 ml",12000,12,4000,"Pabrik A",5,"Mei",1.0194399545673,"Riwayat",312,NA,"Optimis",1.1
2023-05-01,"TB-PCH-SED-KAC","Teh Botol","Minuman","Peach","Sedang",2,"Botol Kaca","450 ml",12000,12,4000,"Pabrik A",5,"Mei",1.0194399545673,"Riwayat",312,NA,"Pesimis",0.9
2023-06-01,"TB-PCH-SED-KAC","Teh Botol","Minuman","Peach","Sedang",2,"Botol Kaca","450 ml",12000,12,4000,"Pabrik A",6,"Juni",1.05006334367219,"Riwayat",305,NA,"Normal",1
2023-06-01,"TB-PCH-SED-KAC","Teh Botol","Minuman","Peach","Sedang",2,"Botol Kaca","450 ml",12000,12,4000,"Pabrik A",6,"Juni",1.05006334367219,"Riwayat",305,NA,"Optimis",1.1
2023-06-01,"TB-PCH-SED-KAC","Teh Botol","Minuman","Peach","Sedang",2,"Botol Kaca","450 ml",12000,12,4000,"Pabrik A",6,"Juni",1.05006334367219,"Riwayat",305,NA,"Pesimis",0.9
2023-07-01,"TB-PCH-SED-KAC","Teh Botol","Minuman","Peach","Sedang",2,"Botol Kaca","450 ml",12000,12,4000,"Pabrik A",7,"Juli",1.01712463413569,"Riwayat",337,NA,"Normal",1
2023-07-01,"TB-PCH-SED-KAC","Teh Botol","Minuman","Peach","Sedang",2,"Botol Kaca","450 ml",12000,12,4000,"Pabrik A",7,"Juli",1.01712463413569,"Riwayat",337,NA,"Optimis",1.1
2023-07-01,"TB-PCH-SED-KAC","Teh Botol","Minuman","Peach","Sedang",2,"Botol Kaca","450 ml",12000,12,4000,"Pabrik A",7,"Juli",1.01712463413569,"Riwayat",337,NA,"Pesimis",0.9
2023-08-01,"TB-PCH-SED-KAC","Teh Botol","Minuman","Peach","Sedang",2,"Botol Kaca","450 ml",12000,12,4000,"Pabrik A",8,"Agustus",0.925822375606133,"Riwayat",285,NA,"Normal",1
2023-08-01,"TB-PCH-SED-KAC","Teh Botol","Minuman","Peach","Sedang",2,"Botol Kaca","450 ml",12000,12,4000,"Pabrik A",8,"Agustus",0.925822375606133,"Riwayat",285,NA,"Optimis",1.1
2023-08-01,"TB-PCH-SED-KAC","Teh Botol","Minuman","Peach","Sedang",2,"Botol Kaca","450 ml",12000,12,4000,"Pabrik A",8,"Agustus",0.925822375606133,"Riwayat",285,NA,"Pesimis",0.9
2023-09-01,"TB-PCH-SED-KAC","Teh Botol","Minuman","Peach","Sedang",2,"Botol Kaca","450 ml",12000,12,4000,"Pabrik A",9,"September",0.982875365864313,"Riwayat",265,NA,"Normal",1
2023-09-01,"TB-PCH-SED-KAC","Teh Botol","Minuman","Peach","Sedang",2,"Botol Kaca","450 ml",12000,12,4000,"Pabrik A",9,"September",0.982875365864313,"Riwayat",265,NA,"Optimis",1.1
2023-09-01,"TB-PCH-SED-KAC","Teh Botol","Minuman","Peach","Sedang",2,"Botol Kaca","450 ml",12000,12,4000,"Pabrik A",9,"September",0.982875365864313,"Riwayat",265,NA,"Pesimis",0.9
2023-10-01,"TB-PCH-SED-KAC","Teh Botol","Minuman","Peach","Sedang",2,"Botol Kaca","450 ml",12000,12,4000,"Pabrik A",10,"Oktober",1.10231095190249,"Riwayat",307,NA,"Normal",1
2023-10-01,"TB-PCH-SED-KAC","Teh Botol","Minuman","Peach","Sedang",2,"Botol Kaca","450 ml",12000,12,4000,"Pabrik A",10,"Oktober",1.10231095190249,"Riwayat",307,NA,"Optimis",1.1
2023-10-01,"TB-PCH-SED-KAC","Teh Botol","Minuman","Peach","Sedang",2,"Botol Kaca","450 ml",12000,12,4000,"Pabrik A",10,"Oktober",1.10231095190249,"Riwayat",307,NA,"Pesimis",0.9
2023-11-01,"TB-PCH-SED-KAC","Teh Botol","Minuman","Peach","Sedang",2,"Botol Kaca","450 ml",12000,12,4000,"Pabrik A",11,"November",1.22930409331178,"Riwayat",373,NA,"Normal",1
2023-11-01,"TB-PCH-SED-KAC","Teh Botol","Minuman","Peach","Sedang",2,"Botol Kaca","450 ml",12000,12,4000,"Pabrik A",11,"November",1.22930409331178,"Riwayat",373,NA,"Optimis",1.1
2023-11-01,"TB-PCH-SED-KAC","Teh Botol","Minuman","Peach","Sedang",2,"Botol Kaca","450 ml",12000,12,4000,"Pabrik A",11,"November",1.22930409331178,"Riwayat",373,NA,"Pesimis",0.9
2023-12-01,"TB-PCH-SED-KAC","Teh Botol","Minuman","Peach","Sedang",2,"Botol Kaca","450 ml",12000,12,4000,"Pabrik A",12,"Desember",1.43313966187585,"Riwayat",427,NA,"Normal",1
2023-12-01,"TB-PCH-SED-KAC","Teh Botol","Minuman","Peach","Sedang",2,"Botol Kaca","450 ml",12000,12,4000,"Pabrik A",12,"Desember",1.43313966187585,"Riwayat",427,NA,"Optimis",1.1
2023-12-01,"TB-PCH-SED-KAC","Teh Botol","Minuman","Peach","Sedang",2,"Botol Kaca","450 ml",12000,12,4000,"Pabrik A",12,"Desember",1.43313966187585,"Riwayat",427,NA,"Pesimis",0.9
2024-01-01,"TB-PCH-SED-KAC","Teh Botol","Minuman","Peach","Sedang",2,"Botol Kaca","450 ml",12000,12,4000,"Pabrik A",1,"Januari",0.760954086758988,"Riwayat",221,NA,"Normal",1
2024-01-01,"TB-PCH-SED-KAC","Teh Botol","Minuman","Peach","Sedang",2,"Botol Kaca","450 ml",12000,12,4000,"Pabrik A",1,"Januari",0.760954086758988,"Riwayat",221,NA,"Optimis",1.1
2024-01-01,"TB-PCH-SED-KAC","Teh Botol","Minuman","Peach","Sedang",2,"Botol Kaca","450 ml",12000,12,4000,"Pabrik A",1,"Januari",0.760954086758988,"Riwayat",221,NA,"Pesimis",0.9
2024-02-01,"TB-PCH-SED-KAC","Teh Botol","Minuman","Peach","Sedang",2,"Botol Kaca","450 ml",12000,12,4000,"Pabrik A",2,"Februari",0.737844567734044,"Riwayat",296,NA,"Normal",1
2024-02-01,"TB-PCH-SED-KAC","Teh Botol","Minuman","Peach","Sedang",2,"Botol Kaca","450 ml",12000,12,4000,"Pabrik A",2,"Februari",0.737844567734044,"Riwayat",296,NA,"Optimis",1.1
2024-02-01,"TB-PCH-SED-KAC","Teh Botol","Minuman","Peach","Sedang",2,"Botol Kaca","450 ml",12000,12,4000,"Pabrik A",2,"Februari",0.737844567734044,"Riwayat",296,NA,"Pesimis",0.9
2024-03-01,"TB-PCH-SED-KAC","Teh Botol","Minuman","Peach","Sedang",2,"Botol Kaca","450 ml",12000,12,4000,"Pabrik A",3,"Maret",0.879210169935783,"Riwayat",283,NA,"Normal",1
2024-03-01,"TB-PCH-SED-KAC","Teh Botol","Minuman","Peach","Sedang",2,"Botol Kaca","450 ml",12000,12,4000,"Pabrik A",3,"Maret",0.879210169935783,"Riwayat",283,NA,"Optimis",1.1
2024-03-01,"TB-PCH-SED-KAC","Teh Botol","Minuman","Peach","Sedang",2,"Botol Kaca","450 ml",12000,12,4000,"Pabrik A",3,"Maret",0.879210169935783,"Riwayat",283,NA,"Pesimis",0.9
2024-04-01,"TB-PCH-SED-KAC","Teh Botol","Minuman","Peach","Sedang",2,"Botol Kaca","450 ml",12000,12,4000,"Pabrik A",4,"April",0.90769297977371,"Riwayat",330,NA,"Normal",1
2024-04-01,"TB-PCH-SED-KAC","Teh Botol","Minuman","Peach","Sedang",2,"Botol Kaca","450 ml",12000,12,4000,"Pabrik A",4,"April",0.90769297977371,"Riwayat",330,NA,"Optimis",1.1
2024-04-01,"TB-PCH-SED-KAC","Teh Botol","Minuman","Peach","Sedang",2,"Botol Kaca","450 ml",12000,12,4000,"Pabrik A",4,"April",0.90769297977371,"Riwayat",330,NA,"Pesimis",0.9
2024-05-01,"TB-PCH-SED-KAC","Teh Botol","Minuman","Peach","Sedang",2,"Botol Kaca","450 ml",12000,12,4000,"Pabrik A",5,"Mei",1.0194399545673,"Riwayat",332,NA,"Normal",1
2024-05-01,"TB-PCH-SED-KAC","Teh Botol","Minuman","Peach","Sedang",2,"Botol Kaca","450 ml",12000,12,4000,"Pabrik A",5,"Mei",1.0194399545673,"Riwayat",332,NA,"Optimis",1.1
2024-05-01,"TB-PCH-SED-KAC","Teh Botol","Minuman","Peach","Sedang",2,"Botol Kaca","450 ml",12000,12,4000,"Pabrik A",5,"Mei",1.0194399545673,"Riwayat",332,NA,"Pesimis",0.9
2024-06-01,"TB-PCH-SED-KAC","Teh Botol","Minuman","Peach","Sedang",2,"Botol Kaca","450 ml",12000,12,4000,"Pabrik A",6,"Juni",1.05006334367219,"Riwayat",340,NA,"Normal",1
2024-06-01,"TB-PCH-SED-KAC","Teh Botol","Minuman","Peach","Sedang",2,"Botol Kaca","450 ml",12000,12,4000,"Pabrik A",6,"Juni",1.05006334367219,"Riwayat",340,NA,"Optimis",1.1
2024-06-01,"TB-PCH-SED-KAC","Teh Botol","Minuman","Peach","Sedang",2,"Botol Kaca","450 ml",12000,12,4000,"Pabrik A",6,"Juni",1.05006334367219,"Riwayat",340,NA,"Pesimis",0.9
2024-07-01,"TB-PCH-SED-KAC","Teh Botol","Minuman","Peach","Sedang",2,"Botol Kaca","450 ml",12000,12,4000,"Pabrik A",7,"Juli",1.01712463413569,"Riwayat",346,NA,"Normal",1
2024-07-01,"TB-PCH-SED-KAC","Teh Botol","Minuman","Peach","Sedang",2,"Botol Kaca","450 ml",12000,12,4000,"Pabrik A",7,"Juli",1.01712463413569,"Riwayat",346,NA,"Optimis",1.1
2024-07-01,"TB-PCH-SED-KAC","Teh Botol","Minuman","Peach","Sedang",2,"Botol Kaca","450 ml",12000,12,4000,"Pabrik A",7,"Juli",1.01712463413569,"Riwayat",346,NA,"Pesimis",0.9
2024-08-01,"TB-PCH-SED-KAC","Teh Botol","Minuman","Peach","Sedang",2,"Botol Kaca","450 ml",12000,12,4000,"Pabrik A",8,"Agustus",0.925822375606133,"Riwayat",340,NA,"Normal",1
2024-08-01,"TB-PCH-SED-KAC","Teh Botol","Minuman","Peach","Sedang",2,"Botol Kaca","450 ml",12000,12,4000,"Pabrik A",8,"Agustus",0.925822375606133,"Riwayat",340,NA,"Optimis",1.1
2024-08-01,"TB-PCH-SED-KAC","Teh Botol","Minuman","Peach","Sedang",2,"Botol Kaca","450 ml",12000,12,4000,"Pabrik A",8,"Agustus",0.925822375606133,"Riwayat",340,NA,"Pesimis",0.9
2024-09-01,"TB-PCH-SED-KAC","Teh Botol","Minuman","Peach","Sedang",2,"Botol Kaca","450 ml",12000,12,4000,"Pabrik A",9,"September",0.982875365864313,"Riwayat",383,NA,"Normal",1
2024-09-01,"TB-PCH-SED-KAC","Teh Botol","Minuman","Peach","Sedang",2,"Botol Kaca","450 ml",12000,12,4000,"Pabrik A",9,"September",0.982875365864313,"Riwayat",383,NA,"Optimis",1.1
2024-09-01,"TB-PCH-SED-KAC","Teh Botol","Minuman","Peach","Sedang",2,"Botol Kaca","450 ml",12000,12,4000,"Pabrik A",9,"September",0.982875365864313,"Riwayat",383,NA,"Pesimis",0.9
2024-10-01,"TB-PCH-SED-KAC","Teh Botol","Minuman","Peach","Sedang",2,"Botol Kaca","450 ml",12000,12,4000,"Pabrik A",10,"Oktober",1.10231095190249,"Riwayat",375,NA,"Normal",1
2024-10-01,"TB-PCH-SED-KAC","Teh Botol","Minuman","Peach","Sedang",2,"Botol Kaca","450 ml",12000,12,4000,"Pabrik A",10,"Oktober",1.10231095190249,"Riwayat",375,NA,"Optimis",1.1
2024-10-01,"TB-PCH-SED-KAC","Teh Botol","Minuman","Peach","Sedang",2,"Botol Kaca","450 ml",12000,12,4000,"Pabrik A",10,"Oktober",1.10231095190249,"Riwayat",375,NA,"Pesimis",0.9
2024-11-01,"TB-PCH-SED-KAC","Teh Botol","Minuman","Peach","Sedang",2,"Botol Kaca","450 ml",12000,12,4000,"Pabrik A",11,"November",1.22930409331178,"Riwayat",465,NA,"Normal",1
2024-11-01,"TB-PCH-SED-KAC","Teh Botol","Minuman","Peach","Sedang",2,"Botol Kaca","450 ml",12000,12,4000,"Pabrik A",11,"November",1.22930409331178,"Riwayat",465,NA,"Optimis",1.1
2024-11-01,"TB-PCH-SED-KAC","Teh Botol","Minuman","Peach","Sedang",2,"Botol Kaca","450 ml",12000,12,4000,"Pabrik A",11,"November",1.22930409331178,"Riwayat",465,NA,"Pesimis",0.9
2024-12-01,"TB-PCH-SED-KAC","Teh Botol","Minuman","Peach","Sedang",2,"Botol Kaca","450 ml",12000,12,4000,"Pabrik A",12,"Desember",1.43313966187585,"Riwayat",721,NA,"Normal",1
2024-12-01,"TB-PCH-SED-KAC","Teh Botol","Minuman","Peach","Sedang",2,"Botol Kaca","450 ml",12000,12,4000,"Pabrik A",12,"Desember",1.43313966187585,"Riwayat",721,NA,"Optimis",1.1
2024-12-01,"TB-PCH-SED-KAC","Teh Botol","Minuman","Peach","Sedang",2,"Botol Kaca","450 ml",12000,12,4000,"Pabrik A",12,"Desember",1.43313966187585,"Riwayat",721,NA,"Pesimis",0.9
2025-01-01,"TB-PCH-SED-KAC","Teh Botol","Minuman","Peach","Sedang",2,"Botol Kaca","450 ml",12000,12,4000,"Pabrik A",1,"Januari",0.760954086758988,"Riwayat",289,NA,"Normal",1
2025-01-01,"TB-PCH-SED-KAC","Teh Botol","Minuman","Peach","Sedang",2,"Botol Kaca","450 ml",12000,12,4000,"Pabrik A",1,"Januari",0.760954086758988,"Riwayat",289,NA,"Optimis",1.1
2025-01-01,"TB-PCH-SED-KAC","Teh Botol","Minuman","Peach","Sedang",2,"Botol Kaca","450 ml",12000,12,4000,"Pabrik A",1,"Januari",0.760954086758988,"Riwayat",289,NA,"Pesimis",0.9
2025-02-01,"TB-PCH-SED-KAC","Teh Botol","Minuman","Peach","Sedang",2,"Botol Kaca","450 ml",12000,12,4000,"Pabrik A",2,"Februari",0.737844567734044,"Riwayat",312,NA,"Normal",1
2025-02-01,"TB-PCH-SED-KAC","Teh Botol","Minuman","Peach","Sedang",2,"Botol Kaca","450 ml",12000,12,4000,"Pabrik A",2,"Februari",0.737844567734044,"Riwayat",312,NA,"Optimis",1.1
2025-02-01,"TB-PCH-SED-KAC","Teh Botol","Minuman","Peach","Sedang",2,"Botol Kaca","450 ml",12000,12,4000,"Pabrik A",2,"Februari",0.737844567734044,"Riwayat",312,NA,"Pesimis",0.9
2025-03-01,"TB-PCH-SED-KAC","Teh Botol","Minuman","Peach","Sedang",2,"Botol Kaca","450 ml",12000,12,4000,"Pabrik A",3,"Maret",0.879210169935783,"Riwayat",338,NA,"Normal",1
2025-03-01,"TB-PCH-SED-KAC","Teh Botol","Minuman","Peach","Sedang",2,"Botol Kaca","450 ml",12000,12,4000,"Pabrik A",3,"Maret",0.879210169935783,"Riwayat",338,NA,"Optimis",1.1
2025-03-01,"TB-PCH-SED-KAC","Teh Botol","Minuman","Peach","Sedang",2,"Botol Kaca","450 ml",12000,12,4000,"Pabrik A",3,"Maret",0.879210169935783,"Riwayat",338,NA,"Pesimis",0.9
2025-04-01,"TB-PCH-SED-KAC","Teh Botol","Minuman","Peach","Sedang",2,"Botol Kaca","450 ml",12000,12,4000,"Pabrik A",4,"April",0.90769297977371,"Riwayat",363,NA,"Normal",1
2025-04-01,"TB-PCH-SED-KAC","Teh Botol","Minuman","Peach","Sedang",2,"Botol Kaca","450 ml",12000,12,4000,"Pabrik A",4,"April",0.90769297977371,"Riwayat",363,NA,"Optimis",1.1
2025-04-01,"TB-PCH-SED-KAC","Teh Botol","Minuman","Peach","Sedang",2,"Botol Kaca","450 ml",12000,12,4000,"Pabrik A",4,"April",0.90769297977371,"Riwayat",363,NA,"Pesimis",0.9
2025-05-01,"TB-PCH-SED-KAC","Teh Botol","Minuman","Peach","Sedang",2,"Botol Kaca","450 ml",12000,12,4000,"Pabrik A",5,"Mei",1.0194399545673,"Riwayat",387,NA,"Normal",1
2025-05-01,"TB-PCH-SED-KAC","Teh Botol","Minuman","Peach","Sedang",2,"Botol Kaca","450 ml",12000,12,4000,"Pabrik A",5,"Mei",1.0194399545673,"Riwayat",387,NA,"Optimis",1.1
2025-05-01,"TB-PCH-SED-KAC","Teh Botol","Minuman","Peach","Sedang",2,"Botol Kaca","450 ml",12000,12,4000,"Pabrik A",5,"Mei",1.0194399545673,"Riwayat",387,NA,"Pesimis",0.9
2025-06-01,"TB-PCH-SED-KAC","Teh Botol","Minuman","Peach","Sedang",2,"Botol Kaca","450 ml",12000,12,4000,"Pabrik A",6,"Juni",1.05006334367219,"Riwayat",450,NA,"Normal",1
2025-06-01,"TB-PCH-SED-KAC","Teh Botol","Minuman","Peach","Sedang",2,"Botol Kaca","450 ml",12000,12,4000,"Pabrik A",6,"Juni",1.05006334367219,"Riwayat",450,NA,"Optimis",1.1
2025-06-01,"TB-PCH-SED-KAC","Teh Botol","Minuman","Peach","Sedang",2,"Botol Kaca","450 ml",12000,12,4000,"Pabrik A",6,"Juni",1.05006334367219,"Riwayat",450,NA,"Pesimis",0.9
2025-07-01,"TB-PCH-SED-KAC","Teh Botol","Minuman","Peach","Sedang",2,"Botol Kaca","450 ml",12000,12,4000,"Pabrik A",7,"Juli",1.01712463413569,"Riwayat",435,NA,"Normal",1
2025-07-01,"TB-PCH-SED-KAC","Teh Botol","Minuman","Peach","Sedang",2,"Botol Kaca","450 ml",12000,12,4000,"Pabrik A",7,"Juli",1.01712463413569,"Riwayat",435,NA,"Optimis",1.1
2025-07-01,"TB-PCH-SED-KAC","Teh Botol","Minuman","Peach","Sedang",2,"Botol Kaca","450 ml",12000,12,4000,"Pabrik A",7,"Juli",1.01712463413569,"Riwayat",435,NA,"Pesimis",0.9
2025-08-01,"TB-PCH-SED-KAC","Teh Botol","Minuman","Peach","Sedang",2,"Botol Kaca","450 ml",12000,12,4000,"Pabrik A",8,"Agustus",0.925822375606133,"Riwayat",430,NA,"Normal",1
2025-08-01,"TB-PCH-SED-KAC","Teh Botol","Minuman","Peach","Sedang",2,"Botol Kaca","450 ml",12000,12,4000,"Pabrik A",8,"Agustus",0.925822375606133,"Riwayat",430,NA,"Optimis",1.1
2025-08-01,"TB-PCH-SED-KAC","Teh Botol","Minuman","Peach","Sedang",2,"Botol Kaca","450 ml",12000,12,4000,"Pabrik A",8,"Agustus",0.925822375606133,"Riwayat",430,NA,"Pesimis",0.9
2025-09-01,"TB-PCH-SED-KAC","Teh Botol","Minuman","Peach","Sedang",2,"Botol Kaca","450 ml",12000,12,4000,"Pabrik A",9,"September",0.982875365864313,"Riwayat",416,NA,"Normal",1
2025-09-01,"TB-PCH-SED-KAC","Teh Botol","Minuman","Peach","Sedang",2,"Botol Kaca","450 ml",12000,12,4000,"Pabrik A",9,"September",0.982875365864313,"Riwayat",416,NA,"Optimis",1.1
2025-09-01,"TB-PCH-SED-KAC","Teh Botol","Minuman","Peach","Sedang",2,"Botol Kaca","450 ml",12000,12,4000,"Pabrik A",9,"September",0.982875365864313,"Riwayat",416,NA,"Pesimis",0.9
2025-10-01,"TB-PCH-SED-KAC","Teh Botol","Minuman","Peach","Sedang",2,"Botol Kaca","450 ml",12000,12,4000,"Pabrik A",10,"Oktober",1.10231095190249,"Riwayat",448,NA,"Normal",1
2025-10-01,"TB-PCH-SED-KAC","Teh Botol","Minuman","Peach","Sedang",2,"Botol Kaca","450 ml",12000,12,4000,"Pabrik A",10,"Oktober",1.10231095190249,"Riwayat",448,NA,"Optimis",1.1
2025-10-01,"TB-PCH-SED-KAC","Teh Botol","Minuman","Peach","Sedang",2,"Botol Kaca","450 ml",12000,12,4000,"Pabrik A",10,"Oktober",1.10231095190249,"Riwayat",448,NA,"Pesimis",0.9
2025-11-01,"TB-PCH-SED-KAC","Teh Botol","Minuman","Peach","Sedang",2,"Botol Kaca","450 ml",12000,12,4000,"Pabrik A",11,"November",1.22930409331178,"Riwayat",598,NA,"Normal",1
2025-11-01,"TB-PCH-SED-KAC","Teh Botol","Minuman","Peach","Sedang",2,"Botol Kaca","450 ml",12000,12,4000,"Pabrik A",11,"November",1.22930409331178,"Riwayat",598,NA,"Optimis",1.1
2025-11-01,"TB-PCH-SED-KAC","Teh Botol","Minuman","Peach","Sedang",2,"Botol Kaca","450 ml",12000,12,4000,"Pabrik A",11,"November",1.22930409331178,"Riwayat",598,NA,"Pesimis",0.9
2025-12-01,"TB-PCH-SED-KAC","Teh Botol","Minuman","Peach","Sedang",2,"Botol Kaca","450 ml",12000,12,4000,"Pabrik A",12,"Desember",1.43313966187585,"Riwayat",550,NA,"Normal",1
2025-12-01,"TB-PCH-SED-KAC","Teh Botol","Minuman","Peach","Sedang",2,"Botol Kaca","450 ml",12000,12,4000,"Pabrik A",12,"Desember",1.43313966187585,"Riwayat",550,NA,"Optimis",1.1
2025-12-01,"TB-PCH-SED-KAC","Teh Botol","Minuman","Peach","Sedang",2,"Botol Kaca","450 ml",12000,12,4000,"Pabrik A",12,"Desember",1.43313966187585,"Riwayat",550,NA,"Pesimis",0.9
2026-01-01,"TB-PCH-SED-KAC","Teh Botol","Minuman","Peach","Sedang",2,"Botol Kaca","450 ml",12000,12,4000,"Pabrik A",1,"Januari",0.760954086758988,"Plan",NA,418.524747717444,"Normal",1
2026-01-01,"TB-PCH-SED-KAC","Teh Botol","Minuman","Peach","Sedang",2,"Botol Kaca","450 ml",12000,12,4000,"Pabrik A",1,"Januari",0.760954086758988,"Plan",NA,460.377222489188,"Optimis",1.1
2026-01-01,"TB-PCH-SED-KAC","Teh Botol","Minuman","Peach","Sedang",2,"Botol Kaca","450 ml",12000,12,4000,"Pabrik A",1,"Januari",0.760954086758988,"Plan",NA,376.672272945699,"Pesimis",0.9
2026-02-01,"TB-PCH-SED-KAC","Teh Botol","Minuman","Peach","Sedang",2,"Botol Kaca","450 ml",12000,12,4000,"Pabrik A",2,"Februari",0.737844567734044,"Plan",NA,405.814512253724,"Normal",1
2026-02-01,"TB-PCH-SED-KAC","Teh Botol","Minuman","Peach","Sedang",2,"Botol Kaca","450 ml",12000,12,4000,"Pabrik A",2,"Februari",0.737844567734044,"Plan",NA,446.395963479097,"Optimis",1.1
2026-02-01,"TB-PCH-SED-KAC","Teh Botol","Minuman","Peach","Sedang",2,"Botol Kaca","450 ml",12000,12,4000,"Pabrik A",2,"Februari",0.737844567734044,"Plan",NA,365.233061028352,"Pesimis",0.9
2026-03-01,"TB-PCH-SED-KAC","Teh Botol","Minuman","Peach","Sedang",2,"Botol Kaca","450 ml",12000,12,4000,"Pabrik A",3,"Maret",0.879210169935783,"Plan",NA,483.56559346468,"Normal",1
2026-03-01,"TB-PCH-SED-KAC","Teh Botol","Minuman","Peach","Sedang",2,"Botol Kaca","450 ml",12000,12,4000,"Pabrik A",3,"Maret",0.879210169935783,"Plan",NA,531.922152811149,"Optimis",1.1
2026-03-01,"TB-PCH-SED-KAC","Teh Botol","Minuman","Peach","Sedang",2,"Botol Kaca","450 ml",12000,12,4000,"Pabrik A",3,"Maret",0.879210169935783,"Plan",NA,435.209034118212,"Pesimis",0.9
2026-04-01,"TB-PCH-SED-KAC","Teh Botol","Minuman","Peach","Sedang",2,"Botol Kaca","450 ml",12000,12,4000,"Pabrik A",4,"April",0.90769297977371,"Plan",NA,499.231138875541,"Normal",1
2026-04-01,"TB-PCH-SED-KAC","Teh Botol","Minuman","Peach","Sedang",2,"Botol Kaca","450 ml",12000,12,4000,"Pabrik A",4,"April",0.90769297977371,"Plan",NA,549.154252763095,"Optimis",1.1
2026-04-01,"TB-PCH-SED-KAC","Teh Botol","Minuman","Peach","Sedang",2,"Botol Kaca","450 ml",12000,12,4000,"Pabrik A",4,"April",0.90769297977371,"Plan",NA,449.308024987987,"Pesimis",0.9
2026-05-01,"TB-PCH-SED-KAC","Teh Botol","Minuman","Peach","Sedang",2,"Botol Kaca","450 ml",12000,12,4000,"Pabrik A",5,"Mei",1.0194399545673,"Plan",NA,560.691975012013,"Normal",1
2026-05-01,"TB-PCH-SED-KAC","Teh Botol","Minuman","Peach","Sedang",2,"Botol Kaca","450 ml",12000,12,4000,"Pabrik A",5,"Mei",1.0194399545673,"Plan",NA,616.761172513215,"Optimis",1.1
2026-05-01,"TB-PCH-SED-KAC","Teh Botol","Minuman","Peach","Sedang",2,"Botol Kaca","450 ml",12000,12,4000,"Pabrik A",5,"Mei",1.0194399545673,"Plan",NA,504.622777510812,"Pesimis",0.9
2026-06-01,"TB-PCH-SED-KAC","Teh Botol","Minuman","Peach","Sedang",2,"Botol Kaca","450 ml",12000,12,4000,"Pabrik A",6,"Juni",1.05006334367219,"Plan",NA,577.534839019702,"Normal",1
2026-06-01,"TB-PCH-SED-KAC","Teh Botol","Minuman","Peach","Sedang",2,"Botol Kaca","450 ml",12000,12,4000,"Pabrik A",6,"Juni",1.05006334367219,"Plan",NA,635.288322921672,"Optimis",1.1
2026-06-01,"TB-PCH-SED-KAC","Teh Botol","Minuman","Peach","Sedang",2,"Botol Kaca","450 ml",12000,12,4000,"Pabrik A",6,"Juni",1.05006334367219,"Plan",NA,519.781355117732,"Pesimis",0.9
2023-01-01,"TB-PCH-SED-KAC","Teh Botol","Minuman","Peach","Sedang",2,"Botol Kaca","450 ml",12000,12,4000,"Pabrik B",1,"Januari",0.760954086758988,"Riwayat",142,NA,"Normal",1
2023-01-01,"TB-PCH-SED-KAC","Teh Botol","Minuman","Peach","Sedang",2,"Botol Kaca","450 ml",12000,12,4000,"Pabrik B",1,"Januari",0.760954086758988,"Riwayat",142,NA,"Optimis",1.1
2023-01-01,"TB-PCH-SED-KAC","Teh Botol","Minuman","Peach","Sedang",2,"Botol Kaca","450 ml",12000,12,4000,"Pabrik B",1,"Januari",0.760954086758988,"Riwayat",142,NA,"Pesimis",0.9
2023-02-01,"TB-PCH-SED-KAC","Teh Botol","Minuman","Peach","Sedang",2,"Botol Kaca","450 ml",12000,12,4000,"Pabrik B",2,"Februari",0.737844567734044,"Riwayat",146,NA,"Normal",1
2023-02-01,"TB-PCH-SED-KAC","Teh Botol","Minuman","Peach","Sedang",2,"Botol Kaca","450 ml",12000,12,4000,"Pabrik B",2,"Februari",0.737844567734044,"Riwayat",146,NA,"Optimis",1.1
2023-02-01,"TB-PCH-SED-KAC","Teh Botol","Minuman","Peach","Sedang",2,"Botol Kaca","450 ml",12000,12,4000,"Pabrik B",2,"Februari",0.737844567734044,"Riwayat",146,NA,"Pesimis",0.9
2023-03-01,"TB-PCH-SED-KAC","Teh Botol","Minuman","Peach","Sedang",2,"Botol Kaca","450 ml",12000,12,4000,"Pabrik B",3,"Maret",0.879210169935783,"Riwayat",154,NA,"Normal",1
2023-03-01,"TB-PCH-SED-KAC","Teh Botol","Minuman","Peach","Sedang",2,"Botol Kaca","450 ml",12000,12,4000,"Pabrik B",3,"Maret",0.879210169935783,"Riwayat",154,NA,"Optimis",1.1
2023-03-01,"TB-PCH-SED-KAC","Teh Botol","Minuman","Peach","Sedang",2,"Botol Kaca","450 ml",12000,12,4000,"Pabrik B",3,"Maret",0.879210169935783,"Riwayat",154,NA,"Pesimis",0.9
2023-04-01,"TB-PCH-SED-KAC","Teh Botol","Minuman","Peach","Sedang",2,"Botol Kaca","450 ml",12000,12,4000,"Pabrik B",4,"April",0.90769297977371,"Riwayat",179,NA,"Normal",1
2023-04-01,"TB-PCH-SED-KAC","Teh Botol","Minuman","Peach","Sedang",2,"Botol Kaca","450 ml",12000,12,4000,"Pabrik B",4,"April",0.90769297977371,"Riwayat",179,NA,"Optimis",1.1
2023-04-01,"TB-PCH-SED-KAC","Teh Botol","Minuman","Peach","Sedang",2,"Botol Kaca","450 ml",12000,12,4000,"Pabrik B",4,"April",0.90769297977371,"Riwayat",179,NA,"Pesimis",0.9
2023-05-01,"TB-PCH-SED-KAC","Teh Botol","Minuman","Peach","Sedang",2,"Botol Kaca","450 ml",12000,12,4000,"Pabrik B",5,"Mei",1.0194399545673,"Riwayat",190,NA,"Normal",1
2023-05-01,"TB-PCH-SED-KAC","Teh Botol","Minuman","Peach","Sedang",2,"Botol Kaca","450 ml",12000,12,4000,"Pabrik B",5,"Mei",1.0194399545673,"Riwayat",190,NA,"Optimis",1.1
2023-05-01,"TB-PCH-SED-KAC","Teh Botol","Minuman","Peach","Sedang",2,"Botol Kaca","450 ml",12000,12,4000,"Pabrik B",5,"Mei",1.0194399545673,"Riwayat",190,NA,"Pesimis",0.9
2023-06-01,"TB-PCH-SED-KAC","Teh Botol","Minuman","Peach","Sedang",2,"Botol Kaca","450 ml",12000,12,4000,"Pabrik B",6,"Juni",1.05006334367219,"Riwayat",203,NA,"Normal",1
2023-06-01,"TB-PCH-SED-KAC","Teh Botol","Minuman","Peach","Sedang",2,"Botol Kaca","450 ml",12000,12,4000,"Pabrik B",6,"Juni",1.05006334367219,"Riwayat",203,NA,"Optimis",1.1
2023-06-01,"TB-PCH-SED-KAC","Teh Botol","Minuman","Peach","Sedang",2,"Botol Kaca","450 ml",12000,12,4000,"Pabrik B",6,"Juni",1.05006334367219,"Riwayat",203,NA,"Pesimis",0.9
2023-07-01,"TB-PCH-SED-KAC","Teh Botol","Minuman","Peach","Sedang",2,"Botol Kaca","450 ml",12000,12,4000,"Pabrik B",7,"Juli",1.01712463413569,"Riwayat",213,NA,"Normal",1
2023-07-01,"TB-PCH-SED-KAC","Teh Botol","Minuman","Peach","Sedang",2,"Botol Kaca","450 ml",12000,12,4000,"Pabrik B",7,"Juli",1.01712463413569,"Riwayat",213,NA,"Optimis",1.1
2023-07-01,"TB-PCH-SED-KAC","Teh Botol","Minuman","Peach","Sedang",2,"Botol Kaca","450 ml",12000,12,4000,"Pabrik B",7,"Juli",1.01712463413569,"Riwayat",213,NA,"Pesimis",0.9
2023-08-01,"TB-PCH-SED-KAC","Teh Botol","Minuman","Peach","Sedang",2,"Botol Kaca","450 ml",12000,12,4000,"Pabrik B",8,"Agustus",0.925822375606133,"Riwayat",180,NA,"Normal",1
2023-08-01,"TB-PCH-SED-KAC","Teh Botol","Minuman","Peach","Sedang",2,"Botol Kaca","450 ml",12000,12,4000,"Pabrik B",8,"Agustus",0.925822375606133,"Riwayat",180,NA,"Optimis",1.1
2023-08-01,"TB-PCH-SED-KAC","Teh Botol","Minuman","Peach","Sedang",2,"Botol Kaca","450 ml",12000,12,4000,"Pabrik B",8,"Agustus",0.925822375606133,"Riwayat",180,NA,"Pesimis",0.9
2023-09-01,"TB-PCH-SED-KAC","Teh Botol","Minuman","Peach","Sedang",2,"Botol Kaca","450 ml",12000,12,4000,"Pabrik B",9,"September",0.982875365864313,"Riwayat",192,NA,"Normal",1
2023-09-01,"TB-PCH-SED-KAC","Teh Botol","Minuman","Peach","Sedang",2,"Botol Kaca","450 ml",12000,12,4000,"Pabrik B",9,"September",0.982875365864313,"Riwayat",192,NA,"Optimis",1.1
2023-09-01,"TB-PCH-SED-KAC","Teh Botol","Minuman","Peach","Sedang",2,"Botol Kaca","450 ml",12000,12,4000,"Pabrik B",9,"September",0.982875365864313,"Riwayat",192,NA,"Pesimis",0.9
2023-10-01,"TB-PCH-SED-KAC","Teh Botol","Minuman","Peach","Sedang",2,"Botol Kaca","450 ml",12000,12,4000,"Pabrik B",10,"Oktober",1.10231095190249,"Riwayat",219,NA,"Normal",1
2023-10-01,"TB-PCH-SED-KAC","Teh Botol","Minuman","Peach","Sedang",2,"Botol Kaca","450 ml",12000,12,4000,"Pabrik B",10,"Oktober",1.10231095190249,"Riwayat",219,NA,"Optimis",1.1
2023-10-01,"TB-PCH-SED-KAC","Teh Botol","Minuman","Peach","Sedang",2,"Botol Kaca","450 ml",12000,12,4000,"Pabrik B",10,"Oktober",1.10231095190249,"Riwayat",219,NA,"Pesimis",0.9
2023-11-01,"TB-PCH-SED-KAC","Teh Botol","Minuman","Peach","Sedang",2,"Botol Kaca","450 ml",12000,12,4000,"Pabrik B",11,"November",1.22930409331178,"Riwayat",247,NA,"Normal",1
2023-11-01,"TB-PCH-SED-KAC","Teh Botol","Minuman","Peach","Sedang",2,"Botol Kaca","450 ml",12000,12,4000,"Pabrik B",11,"November",1.22930409331178,"Riwayat",247,NA,"Optimis",1.1
2023-11-01,"TB-PCH-SED-KAC","Teh Botol","Minuman","Peach","Sedang",2,"Botol Kaca","450 ml",12000,12,4000,"Pabrik B",11,"November",1.22930409331178,"Riwayat",247,NA,"Pesimis",0.9
2023-12-01,"TB-PCH-SED-KAC","Teh Botol","Minuman","Peach","Sedang",2,"Botol Kaca","450 ml",12000,12,4000,"Pabrik B",12,"Desember",1.43313966187585,"Riwayat",274,NA,"Normal",1
2023-12-01,"TB-PCH-SED-KAC","Teh Botol","Minuman","Peach","Sedang",2,"Botol Kaca","450 ml",12000,12,4000,"Pabrik B",12,"Desember",1.43313966187585,"Riwayat",274,NA,"Optimis",1.1
2023-12-01,"TB-PCH-SED-KAC","Teh Botol","Minuman","Peach","Sedang",2,"Botol Kaca","450 ml",12000,12,4000,"Pabrik B",12,"Desember",1.43313966187585,"Riwayat",274,NA,"Pesimis",0.9
2024-01-01,"TB-PCH-SED-KAC","Teh Botol","Minuman","Peach","Sedang",2,"Botol Kaca","450 ml",12000,12,4000,"Pabrik B",1,"Januari",0.760954086758988,"Riwayat",159,NA,"Normal",1
2024-01-01,"TB-PCH-SED-KAC","Teh Botol","Minuman","Peach","Sedang",2,"Botol Kaca","450 ml",12000,12,4000,"Pabrik B",1,"Januari",0.760954086758988,"Riwayat",159,NA,"Optimis",1.1
2024-01-01,"TB-PCH-SED-KAC","Teh Botol","Minuman","Peach","Sedang",2,"Botol Kaca","450 ml",12000,12,4000,"Pabrik B",1,"Januari",0.760954086758988,"Riwayat",159,NA,"Pesimis",0.9
2024-02-01,"TB-PCH-SED-KAC","Teh Botol","Minuman","Peach","Sedang",2,"Botol Kaca","450 ml",12000,12,4000,"Pabrik B",2,"Februari",0.737844567734044,"Riwayat",169,NA,"Normal",1
2024-02-01,"TB-PCH-SED-KAC","Teh Botol","Minuman","Peach","Sedang",2,"Botol Kaca","450 ml",12000,12,4000,"Pabrik B",2,"Februari",0.737844567734044,"Riwayat",169,NA,"Optimis",1.1
2024-02-01,"TB-PCH-SED-KAC","Teh Botol","Minuman","Peach","Sedang",2,"Botol Kaca","450 ml",12000,12,4000,"Pabrik B",2,"Februari",0.737844567734044,"Riwayat",169,NA,"Pesimis",0.9
2024-03-01,"TB-PCH-SED-KAC","Teh Botol","Minuman","Peach","Sedang",2,"Botol Kaca","450 ml",12000,12,4000,"Pabrik B",3,"Maret",0.879210169935783,"Riwayat",302,NA,"Normal",1
2024-03-01,"TB-PCH-SED-KAC","Teh Botol","Minuman","Peach","Sedang",2,"Botol Kaca","450 ml",12000,12,4000,"Pabrik B",3,"Maret",0.879210169935783,"Riwayat",302,NA,"Optimis",1.1
2024-03-01,"TB-PCH-SED-KAC","Teh Botol","Minuman","Peach","Sedang",2,"Botol Kaca","450 ml",12000,12,4000,"Pabrik B",3,"Maret",0.879210169935783,"Riwayat",302,NA,"Pesimis",0.9
2024-04-01,"TB-PCH-SED-KAC","Teh Botol","Minuman","Peach","Sedang",2,"Botol Kaca","450 ml",12000,12,4000,"Pabrik B",4,"April",0.90769297977371,"Riwayat",186,NA,"Normal",1
2024-04-01,"TB-PCH-SED-KAC","Teh Botol","Minuman","Peach","Sedang",2,"Botol Kaca","450 ml",12000,12,4000,"Pabrik B",4,"April",0.90769297977371,"Riwayat",186,NA,"Optimis",1.1
2024-04-01,"TB-PCH-SED-KAC","Teh Botol","Minuman","Peach","Sedang",2,"Botol Kaca","450 ml",12000,12,4000,"Pabrik B",4,"April",0.90769297977371,"Riwayat",186,NA,"Pesimis",0.9
2024-05-01,"TB-PCH-SED-KAC","Teh Botol","Minuman","Peach","Sedang",2,"Botol Kaca","450 ml",12000,12,4000,"Pabrik B",5,"Mei",1.0194399545673,"Riwayat",246,NA,"Normal",1
2024-05-01,"TB-PCH-SED-KAC","Teh Botol","Minuman","Peach","Sedang",2,"Botol Kaca","450 ml",12000,12,4000,"Pabrik B",5,"Mei",1.0194399545673,"Riwayat",246,NA,"Optimis",1.1
2024-05-01,"TB-PCH-SED-KAC","Teh Botol","Minuman","Peach","Sedang",2,"Botol Kaca","450 ml",12000,12,4000,"Pabrik B",5,"Mei",1.0194399545673,"Riwayat",246,NA,"Pesimis",0.9
2024-06-01,"TB-PCH-SED-KAC","Teh Botol","Minuman","Peach","Sedang",2,"Botol Kaca","450 ml",12000,12,4000,"Pabrik B",6,"Juni",1.05006334367219,"Riwayat",223,NA,"Normal",1
2024-06-01,"TB-PCH-SED-KAC","Teh Botol","Minuman","Peach","Sedang",2,"Botol Kaca","450 ml",12000,12,4000,"Pabrik B",6,"Juni",1.05006334367219,"Riwayat",223,NA,"Optimis",1.1
2024-06-01,"TB-PCH-SED-KAC","Teh Botol","Minuman","Peach","Sedang",2,"Botol Kaca","450 ml",12000,12,4000,"Pabrik B",6,"Juni",1.05006334367219,"Riwayat",223,NA,"Pesimis",0.9
2024-07-01,"TB-PCH-SED-KAC","Teh Botol","Minuman","Peach","Sedang",2,"Botol Kaca","450 ml",12000,12,4000,"Pabrik B",7,"Juli",1.01712463413569,"Riwayat",234,NA,"Normal",1
2024-07-01,"TB-PCH-SED-KAC","Teh Botol","Minuman","Peach","Sedang",2,"Botol Kaca","450 ml",12000,12,4000,"Pabrik B",7,"Juli",1.01712463413569,"Riwayat",234,NA,"Optimis",1.1
2024-07-01,"TB-PCH-SED-KAC","Teh Botol","Minuman","Peach","Sedang",2,"Botol Kaca","450 ml",12000,12,4000,"Pabrik B",7,"Juli",1.01712463413569,"Riwayat",234,NA,"Pesimis",0.9
2024-08-01,"TB-PCH-SED-KAC","Teh Botol","Minuman","Peach","Sedang",2,"Botol Kaca","450 ml",12000,12,4000,"Pabrik B",8,"Agustus",0.925822375606133,"Riwayat",219,NA,"Normal",1
2024-08-01,"TB-PCH-SED-KAC","Teh Botol","Minuman","Peach","Sedang",2,"Botol Kaca","450 ml",12000,12,4000,"Pabrik B",8,"Agustus",0.925822375606133,"Riwayat",219,NA,"Optimis",1.1
2024-08-01,"TB-PCH-SED-KAC","Teh Botol","Minuman","Peach","Sedang",2,"Botol Kaca","450 ml",12000,12,4000,"Pabrik B",8,"Agustus",0.925822375606133,"Riwayat",219,NA,"Pesimis",0.9
2024-09-01,"TB-PCH-SED-KAC","Teh Botol","Minuman","Peach","Sedang",2,"Botol Kaca","450 ml",12000,12,4000,"Pabrik B",9,"September",0.982875365864313,"Riwayat",248,NA,"Normal",1
2024-09-01,"TB-PCH-SED-KAC","Teh Botol","Minuman","Peach","Sedang",2,"Botol Kaca","450 ml",12000,12,4000,"Pabrik B",9,"September",0.982875365864313,"Riwayat",248,NA,"Optimis",1.1
2024-09-01,"TB-PCH-SED-KAC","Teh Botol","Minuman","Peach","Sedang",2,"Botol Kaca","450 ml",12000,12,4000,"Pabrik B",9,"September",0.982875365864313,"Riwayat",248,NA,"Pesimis",0.9
2024-10-01,"TB-PCH-SED-KAC","Teh Botol","Minuman","Peach","Sedang",2,"Botol Kaca","450 ml",12000,12,4000,"Pabrik B",10,"Oktober",1.10231095190249,"Riwayat",252,NA,"Normal",1
2024-10-01,"TB-PCH-SED-KAC","Teh Botol","Minuman","Peach","Sedang",2,"Botol Kaca","450 ml",12000,12,4000,"Pabrik B",10,"Oktober",1.10231095190249,"Riwayat",252,NA,"Optimis",1.1
2024-10-01,"TB-PCH-SED-KAC","Teh Botol","Minuman","Peach","Sedang",2,"Botol Kaca","450 ml",12000,12,4000,"Pabrik B",10,"Oktober",1.10231095190249,"Riwayat",252,NA,"Pesimis",0.9
2024-11-01,"TB-PCH-SED-KAC","Teh Botol","Minuman","Peach","Sedang",2,"Botol Kaca","450 ml",12000,12,4000,"Pabrik B",11,"November",1.22930409331178,"Riwayat",273,NA,"Normal",1
2024-11-01,"TB-PCH-SED-KAC","Teh Botol","Minuman","Peach","Sedang",2,"Botol Kaca","450 ml",12000,12,4000,"Pabrik B",11,"November",1.22930409331178,"Riwayat",273,NA,"Optimis",1.1
2024-11-01,"TB-PCH-SED-KAC","Teh Botol","Minuman","Peach","Sedang",2,"Botol Kaca","450 ml",12000,12,4000,"Pabrik B",11,"November",1.22930409331178,"Riwayat",273,NA,"Pesimis",0.9
2024-12-01,"TB-PCH-SED-KAC","Teh Botol","Minuman","Peach","Sedang",2,"Botol Kaca","450 ml",12000,12,4000,"Pabrik B",12,"Desember",1.43313966187585,"Riwayat",284,NA,"Normal",1
2024-12-01,"TB-PCH-SED-KAC","Teh Botol","Minuman","Peach","Sedang",2,"Botol Kaca","450 ml",12000,12,4000,"Pabrik B",12,"Desember",1.43313966187585,"Riwayat",284,NA,"Optimis",1.1
2024-12-01,"TB-PCH-SED-KAC","Teh Botol","Minuman","Peach","Sedang",2,"Botol Kaca","450 ml",12000,12,4000,"Pabrik B",12,"Desember",1.43313966187585,"Riwayat",284,NA,"Pesimis",0.9
2025-01-01,"TB-PCH-SED-KAC","Teh Botol","Minuman","Peach","Sedang",2,"Botol Kaca","450 ml",12000,12,4000,"Pabrik B",1,"Januari",0.760954086758988,"Riwayat",192,NA,"Normal",1
2025-01-01,"TB-PCH-SED-KAC","Teh Botol","Minuman","Peach","Sedang",2,"Botol Kaca","450 ml",12000,12,4000,"Pabrik B",1,"Januari",0.760954086758988,"Riwayat",192,NA,"Optimis",1.1
2025-01-01,"TB-PCH-SED-KAC","Teh Botol","Minuman","Peach","Sedang",2,"Botol Kaca","450 ml",12000,12,4000,"Pabrik B",1,"Januari",0.760954086758988,"Riwayat",192,NA,"Pesimis",0.9
2025-02-01,"TB-PCH-SED-KAC","Teh Botol","Minuman","Peach","Sedang",2,"Botol Kaca","450 ml",12000,12,4000,"Pabrik B",2,"Februari",0.737844567734044,"Riwayat",225,NA,"Normal",1
2025-02-01,"TB-PCH-SED-KAC","Teh Botol","Minuman","Peach","Sedang",2,"Botol Kaca","450 ml",12000,12,4000,"Pabrik B",2,"Februari",0.737844567734044,"Riwayat",225,NA,"Optimis",1.1
2025-02-01,"TB-PCH-SED-KAC","Teh Botol","Minuman","Peach","Sedang",2,"Botol Kaca","450 ml",12000,12,4000,"Pabrik B",2,"Februari",0.737844567734044,"Riwayat",225,NA,"Pesimis",0.9
2025-03-01,"TB-PCH-SED-KAC","Teh Botol","Minuman","Peach","Sedang",2,"Botol Kaca","450 ml",12000,12,4000,"Pabrik B",3,"Maret",0.879210169935783,"Riwayat",235,NA,"Normal",1
2025-03-01,"TB-PCH-SED-KAC","Teh Botol","Minuman","Peach","Sedang",2,"Botol Kaca","450 ml",12000,12,4000,"Pabrik B",3,"Maret",0.879210169935783,"Riwayat",235,NA,"Optimis",1.1
2025-03-01,"TB-PCH-SED-KAC","Teh Botol","Minuman","Peach","Sedang",2,"Botol Kaca","450 ml",12000,12,4000,"Pabrik B",3,"Maret",0.879210169935783,"Riwayat",235,NA,"Pesimis",0.9
2025-04-01,"TB-PCH-SED-KAC","Teh Botol","Minuman","Peach","Sedang",2,"Botol Kaca","450 ml",12000,12,4000,"Pabrik B",4,"April",0.90769297977371,"Riwayat",211,NA,"Normal",1
2025-04-01,"TB-PCH-SED-KAC","Teh Botol","Minuman","Peach","Sedang",2,"Botol Kaca","450 ml",12000,12,4000,"Pabrik B",4,"April",0.90769297977371,"Riwayat",211,NA,"Optimis",1.1
2025-04-01,"TB-PCH-SED-KAC","Teh Botol","Minuman","Peach","Sedang",2,"Botol Kaca","450 ml",12000,12,4000,"Pabrik B",4,"April",0.90769297977371,"Riwayat",211,NA,"Pesimis",0.9
2025-05-01,"TB-PCH-SED-KAC","Teh Botol","Minuman","Peach","Sedang",2,"Botol Kaca","450 ml",12000,12,4000,"Pabrik B",5,"Mei",1.0194399545673,"Riwayat",279,NA,"Normal",1
2025-05-01,"TB-PCH-SED-KAC","Teh Botol","Minuman","Peach","Sedang",2,"Botol Kaca","450 ml",12000,12,4000,"Pabrik B",5,"Mei",1.0194399545673,"Riwayat",279,NA,"Optimis",1.1
2025-05-01,"TB-PCH-SED-KAC","Teh Botol","Minuman","Peach","Sedang",2,"Botol Kaca","450 ml",12000,12,4000,"Pabrik B",5,"Mei",1.0194399545673,"Riwayat",279,NA,"Pesimis",0.9
2025-06-01,"TB-PCH-SED-KAC","Teh Botol","Minuman","Peach","Sedang",2,"Botol Kaca","450 ml",12000,12,4000,"Pabrik B",6,"Juni",1.05006334367219,"Riwayat",305,NA,"Normal",1
2025-06-01,"TB-PCH-SED-KAC","Teh Botol","Minuman","Peach","Sedang",2,"Botol Kaca","450 ml",12000,12,4000,"Pabrik B",6,"Juni",1.05006334367219,"Riwayat",305,NA,"Optimis",1.1
2025-06-01,"TB-PCH-SED-KAC","Teh Botol","Minuman","Peach","Sedang",2,"Botol Kaca","450 ml",12000,12,4000,"Pabrik B",6,"Juni",1.05006334367219,"Riwayat",305,NA,"Pesimis",0.9
2025-07-01,"TB-PCH-SED-KAC","Teh Botol","Minuman","Peach","Sedang",2,"Botol Kaca","450 ml",12000,12,4000,"Pabrik B",7,"Juli",1.01712463413569,"Riwayat",252,NA,"Normal",1
2025-07-01,"TB-PCH-SED-KAC","Teh Botol","Minuman","Peach","Sedang",2,"Botol Kaca","450 ml",12000,12,4000,"Pabrik B",7,"Juli",1.01712463413569,"Riwayat",252,NA,"Optimis",1.1
2025-07-01,"TB-PCH-SED-KAC","Teh Botol","Minuman","Peach","Sedang",2,"Botol Kaca","450 ml",12000,12,4000,"Pabrik B",7,"Juli",1.01712463413569,"Riwayat",252,NA,"Pesimis",0.9
2025-08-01,"TB-PCH-SED-KAC","Teh Botol","Minuman","Peach","Sedang",2,"Botol Kaca","450 ml",12000,12,4000,"Pabrik B",8,"Agustus",0.925822375606133,"Riwayat",278,NA,"Normal",1
2025-08-01,"TB-PCH-SED-KAC","Teh Botol","Minuman","Peach","Sedang",2,"Botol Kaca","450 ml",12000,12,4000,"Pabrik B",8,"Agustus",0.925822375606133,"Riwayat",278,NA,"Optimis",1.1
2025-08-01,"TB-PCH-SED-KAC","Teh Botol","Minuman","Peach","Sedang",2,"Botol Kaca","450 ml",12000,12,4000,"Pabrik B",8,"Agustus",0.925822375606133,"Riwayat",278,NA,"Pesimis",0.9
2025-09-01,"TB-PCH-SED-KAC","Teh Botol","Minuman","Peach","Sedang",2,"Botol Kaca","450 ml",12000,12,4000,"Pabrik B",9,"September",0.982875365864313,"Riwayat",276,NA,"Normal",1
2025-09-01,"TB-PCH-SED-KAC","Teh Botol","Minuman","Peach","Sedang",2,"Botol Kaca","450 ml",12000,12,4000,"Pabrik B",9,"September",0.982875365864313,"Riwayat",276,NA,"Optimis",1.1
2025-09-01,"TB-PCH-SED-KAC","Teh Botol","Minuman","Peach","Sedang",2,"Botol Kaca","450 ml",12000,12,4000,"Pabrik B",9,"September",0.982875365864313,"Riwayat",276,NA,"Pesimis",0.9
2025-10-01,"TB-PCH-SED-KAC","Teh Botol","Minuman","Peach","Sedang",2,"Botol Kaca","450 ml",12000,12,4000,"Pabrik B",10,"Oktober",1.10231095190249,"Riwayat",302,NA,"Normal",1
2025-10-01,"TB-PCH-SED-KAC","Teh Botol","Minuman","Peach","Sedang",2,"Botol Kaca","450 ml",12000,12,4000,"Pabrik B",10,"Oktober",1.10231095190249,"Riwayat",302,NA,"Optimis",1.1
2025-10-01,"TB-PCH-SED-KAC","Teh Botol","Minuman","Peach","Sedang",2,"Botol Kaca","450 ml",12000,12,4000,"Pabrik B",10,"Oktober",1.10231095190249,"Riwayat",302,NA,"Pesimis",0.9
2025-11-01,"TB-PCH-SED-KAC","Teh Botol","Minuman","Peach","Sedang",2,"Botol Kaca","450 ml",12000,12,4000,"Pabrik B",11,"November",1.22930409331178,"Riwayat",372,NA,"Normal",1
2025-11-01,"TB-PCH-SED-KAC","Teh Botol","Minuman","Peach","Sedang",2,"Botol Kaca","450 ml",12000,12,4000,"Pabrik B",11,"November",1.22930409331178,"Riwayat",372,NA,"Optimis",1.1
2025-11-01,"TB-PCH-SED-KAC","Teh Botol","Minuman","Peach","Sedang",2,"Botol Kaca","450 ml",12000,12,4000,"Pabrik B",11,"November",1.22930409331178,"Riwayat",372,NA,"Pesimis",0.9
2025-12-01,"TB-PCH-SED-KAC","Teh Botol","Minuman","Peach","Sedang",2,"Botol Kaca","450 ml",12000,12,4000,"Pabrik B",12,"Desember",1.43313966187585,"Riwayat",634,NA,"Normal",1
2025-12-01,"TB-PCH-SED-KAC","Teh Botol","Minuman","Peach","Sedang",2,"Botol Kaca","450 ml",12000,12,4000,"Pabrik B",12,"Desember",1.43313966187585,"Riwayat",634,NA,"Optimis",1.1
2025-12-01,"TB-PCH-SED-KAC","Teh Botol","Minuman","Peach","Sedang",2,"Botol Kaca","450 ml",12000,12,4000,"Pabrik B",12,"Desember",1.43313966187585,"Riwayat",634,NA,"Pesimis",0.9
2026-01-01,"TB-PCH-SED-KAC","Teh Botol","Minuman","Peach","Sedang",2,"Botol Kaca","450 ml",12000,12,4000,"Pabrik B",1,"Januari",0.760954086758988,"Plan",NA,283.074920274344,"Normal",1
2026-01-01,"TB-PCH-SED-KAC","Teh Botol","Minuman","Peach","Sedang",2,"Botol Kaca","450 ml",12000,12,4000,"Pabrik B",1,"Januari",0.760954086758988,"Plan",NA,311.382412301778,"Optimis",1.1
2026-01-01,"TB-PCH-SED-KAC","Teh Botol","Minuman","Peach","Sedang",2,"Botol Kaca","450 ml",12000,12,4000,"Pabrik B",1,"Januari",0.760954086758988,"Plan",NA,254.767428246909,"Pesimis",0.9
2026-02-01,"TB-PCH-SED-KAC","Teh Botol","Minuman","Peach","Sedang",2,"Botol Kaca","450 ml",12000,12,4000,"Pabrik B",2,"Februari",0.737844567734044,"Plan",NA,274.478179197064,"Normal",1
2026-02-01,"TB-PCH-SED-KAC","Teh Botol","Minuman","Peach","Sedang",2,"Botol Kaca","450 ml",12000,12,4000,"Pabrik B",2,"Februari",0.737844567734044,"Plan",NA,301.925997116771,"Optimis",1.1
2026-02-01,"TB-PCH-SED-KAC","Teh Botol","Minuman","Peach","Sedang",2,"Botol Kaca","450 ml",12000,12,4000,"Pabrik B",2,"Februari",0.737844567734044,"Plan",NA,247.030361277358,"Pesimis",0.9
2026-03-01,"TB-PCH-SED-KAC","Teh Botol","Minuman","Peach","Sedang",2,"Botol Kaca","450 ml",12000,12,4000,"Pabrik B",3,"Maret",0.879210169935783,"Plan",NA,327.066183216111,"Normal",1
2026-03-01,"TB-PCH-SED-KAC","Teh Botol","Minuman","Peach","Sedang",2,"Botol Kaca","450 ml",12000,12,4000,"Pabrik B",3,"Maret",0.879210169935783,"Plan",NA,359.772801537722,"Optimis",1.1
2026-03-01,"TB-PCH-SED-KAC","Teh Botol","Minuman","Peach","Sedang",2,"Botol Kaca","450 ml",12000,12,4000,"Pabrik B",3,"Maret",0.879210169935783,"Plan",NA,294.3595648945,"Pesimis",0.9
2026-04-01,"TB-PCH-SED-KAC","Teh Botol","Minuman","Peach","Sedang",2,"Botol Kaca","450 ml",12000,12,4000,"Pabrik B",4,"April",0.90769297977371,"Plan",NA,337.66178847582,"Normal",1
2026-04-01,"TB-PCH-SED-KAC","Teh Botol","Minuman","Peach","Sedang",2,"Botol Kaca","450 ml",12000,12,4000,"Pabrik B",4,"April",0.90769297977371,"Plan",NA,371.427967323402,"Optimis",1.1
2026-04-01,"TB-PCH-SED-KAC","Teh Botol","Minuman","Peach","Sedang",2,"Botol Kaca","450 ml",12000,12,4000,"Pabrik B",4,"April",0.90769297977371,"Plan",NA,303.895609628238,"Pesimis",0.9
2026-05-01,"TB-PCH-SED-KAC","Teh Botol","Minuman","Peach","Sedang",2,"Botol Kaca","450 ml",12000,12,4000,"Pabrik B",5,"Mei",1.0194399545673,"Plan",NA,379.231663099035,"Normal",1
2026-05-01,"TB-PCH-SED-KAC","Teh Botol","Minuman","Peach","Sedang",2,"Botol Kaca","450 ml",12000,12,4000,"Pabrik B",5,"Mei",1.0194399545673,"Plan",NA,417.154829408938,"Optimis",1.1
2026-05-01,"TB-PCH-SED-KAC","Teh Botol","Minuman","Peach","Sedang",2,"Botol Kaca","450 ml",12000,12,4000,"Pabrik B",5,"Mei",1.0194399545673,"Plan",NA,341.308496789131,"Pesimis",0.9
2026-06-01,"TB-PCH-SED-KAC","Teh Botol","Minuman","Peach","Sedang",2,"Botol Kaca","450 ml",12000,12,4000,"Pabrik B",6,"Juni",1.05006334367219,"Plan",NA,390.623563846053,"Normal",1
2026-06-01,"TB-PCH-SED-KAC","Teh Botol","Minuman","Peach","Sedang",2,"Botol Kaca","450 ml",12000,12,4000,"Pabrik B",6,"Juni",1.05006334367219,"Plan",NA,429.685920230658,"Optimis",1.1
2026-06-01,"TB-PCH-SED-KAC","Teh Botol","Minuman","Peach","Sedang",2,"Botol Kaca","450 ml",12000,12,4000,"Pabrik B",6,"Juni",1.05006334367219,"Plan",NA,351.561207461448,"Pesimis",0.9
2023-01-01,"TB-PCH-SED-PET","Teh Botol","Minuman","Peach","Sedang",2,"Botol PET","450 ml",9000,12,4000,"Pabrik A",1,"Januari",0.760954086758988,"Riwayat",399,NA,"Normal",1
2023-01-01,"TB-PCH-SED-PET","Teh Botol","Minuman","Peach","Sedang",2,"Botol PET","450 ml",9000,12,4000,"Pabrik A",1,"Januari",0.760954086758988,"Riwayat",399,NA,"Optimis",1.1
2023-01-01,"TB-PCH-SED-PET","Teh Botol","Minuman","Peach","Sedang",2,"Botol PET","450 ml",9000,12,4000,"Pabrik A",1,"Januari",0.760954086758988,"Riwayat",399,NA,"Pesimis",0.9
2023-02-01,"TB-PCH-SED-PET","Teh Botol","Minuman","Peach","Sedang",2,"Botol PET","450 ml",9000,12,4000,"Pabrik A",2,"Februari",0.737844567734044,"Riwayat",351,NA,"Normal",1
2023-02-01,"TB-PCH-SED-PET","Teh Botol","Minuman","Peach","Sedang",2,"Botol PET","450 ml",9000,12,4000,"Pabrik A",2,"Februari",0.737844567734044,"Riwayat",351,NA,"Optimis",1.1
2023-02-01,"TB-PCH-SED-PET","Teh Botol","Minuman","Peach","Sedang",2,"Botol PET","450 ml",9000,12,4000,"Pabrik A",2,"Februari",0.737844567734044,"Riwayat",351,NA,"Pesimis",0.9
2023-03-01,"TB-PCH-SED-PET","Teh Botol","Minuman","Peach","Sedang",2,"Botol PET","450 ml",9000,12,4000,"Pabrik A",3,"Maret",0.879210169935783,"Riwayat",446,NA,"Normal",1
2023-03-01,"TB-PCH-SED-PET","Teh Botol","Minuman","Peach","Sedang",2,"Botol PET","450 ml",9000,12,4000,"Pabrik A",3,"Maret",0.879210169935783,"Riwayat",446,NA,"Optimis",1.1
2023-03-01,"TB-PCH-SED-PET","Teh Botol","Minuman","Peach","Sedang",2,"Botol PET","450 ml",9000,12,4000,"Pabrik A",3,"Maret",0.879210169935783,"Riwayat",446,NA,"Pesimis",0.9
2023-04-01,"TB-PCH-SED-PET","Teh Botol","Minuman","Peach","Sedang",2,"Botol PET","450 ml",9000,12,4000,"Pabrik A",4,"April",0.90769297977371,"Riwayat",505,NA,"Normal",1
2023-04-01,"TB-PCH-SED-PET","Teh Botol","Minuman","Peach","Sedang",2,"Botol PET","450 ml",9000,12,4000,"Pabrik A",4,"April",0.90769297977371,"Riwayat",505,NA,"Optimis",1.1
2023-04-01,"TB-PCH-SED-PET","Teh Botol","Minuman","Peach","Sedang",2,"Botol PET","450 ml",9000,12,4000,"Pabrik A",4,"April",0.90769297977371,"Riwayat",505,NA,"Pesimis",0.9
2023-05-01,"TB-PCH-SED-PET","Teh Botol","Minuman","Peach","Sedang",2,"Botol PET","450 ml",9000,12,4000,"Pabrik A",5,"Mei",1.0194399545673,"Riwayat",510,NA,"Normal",1
2023-05-01,"TB-PCH-SED-PET","Teh Botol","Minuman","Peach","Sedang",2,"Botol PET","450 ml",9000,12,4000,"Pabrik A",5,"Mei",1.0194399545673,"Riwayat",510,NA,"Optimis",1.1
2023-05-01,"TB-PCH-SED-PET","Teh Botol","Minuman","Peach","Sedang",2,"Botol PET","450 ml",9000,12,4000,"Pabrik A",5,"Mei",1.0194399545673,"Riwayat",510,NA,"Pesimis",0.9
2023-06-01,"TB-PCH-SED-PET","Teh Botol","Minuman","Peach","Sedang",2,"Botol PET","450 ml",9000,12,4000,"Pabrik A",6,"Juni",1.05006334367219,"Riwayat",624,NA,"Normal",1
2023-06-01,"TB-PCH-SED-PET","Teh Botol","Minuman","Peach","Sedang",2,"Botol PET","450 ml",9000,12,4000,"Pabrik A",6,"Juni",1.05006334367219,"Riwayat",624,NA,"Optimis",1.1
2023-06-01,"TB-PCH-SED-PET","Teh Botol","Minuman","Peach","Sedang",2,"Botol PET","450 ml",9000,12,4000,"Pabrik A",6,"Juni",1.05006334367219,"Riwayat",624,NA,"Pesimis",0.9
2023-07-01,"TB-PCH-SED-PET","Teh Botol","Minuman","Peach","Sedang",2,"Botol PET","450 ml",9000,12,4000,"Pabrik A",7,"Juli",1.01712463413569,"Riwayat",543,NA,"Normal",1
2023-07-01,"TB-PCH-SED-PET","Teh Botol","Minuman","Peach","Sedang",2,"Botol PET","450 ml",9000,12,4000,"Pabrik A",7,"Juli",1.01712463413569,"Riwayat",543,NA,"Optimis",1.1
2023-07-01,"TB-PCH-SED-PET","Teh Botol","Minuman","Peach","Sedang",2,"Botol PET","450 ml",9000,12,4000,"Pabrik A",7,"Juli",1.01712463413569,"Riwayat",543,NA,"Pesimis",0.9
2023-08-01,"TB-PCH-SED-PET","Teh Botol","Minuman","Peach","Sedang",2,"Botol PET","450 ml",9000,12,4000,"Pabrik A",8,"Agustus",0.925822375606133,"Riwayat",512,NA,"Normal",1
2023-08-01,"TB-PCH-SED-PET","Teh Botol","Minuman","Peach","Sedang",2,"Botol PET","450 ml",9000,12,4000,"Pabrik A",8,"Agustus",0.925822375606133,"Riwayat",512,NA,"Optimis",1.1
2023-08-01,"TB-PCH-SED-PET","Teh Botol","Minuman","Peach","Sedang",2,"Botol PET","450 ml",9000,12,4000,"Pabrik A",8,"Agustus",0.925822375606133,"Riwayat",512,NA,"Pesimis",0.9
2023-09-01,"TB-PCH-SED-PET","Teh Botol","Minuman","Peach","Sedang",2,"Botol PET","450 ml",9000,12,4000,"Pabrik A",9,"September",0.982875365864313,"Riwayat",551,NA,"Normal",1
2023-09-01,"TB-PCH-SED-PET","Teh Botol","Minuman","Peach","Sedang",2,"Botol PET","450 ml",9000,12,4000,"Pabrik A",9,"September",0.982875365864313,"Riwayat",551,NA,"Optimis",1.1
2023-09-01,"TB-PCH-SED-PET","Teh Botol","Minuman","Peach","Sedang",2,"Botol PET","450 ml",9000,12,4000,"Pabrik A",9,"September",0.982875365864313,"Riwayat",551,NA,"Pesimis",0.9
2023-10-01,"TB-PCH-SED-PET","Teh Botol","Minuman","Peach","Sedang",2,"Botol PET","450 ml",9000,12,4000,"Pabrik A",10,"Oktober",1.10231095190249,"Riwayat",595,NA,"Normal",1
2023-10-01,"TB-PCH-SED-PET","Teh Botol","Minuman","Peach","Sedang",2,"Botol PET","450 ml",9000,12,4000,"Pabrik A",10,"Oktober",1.10231095190249,"Riwayat",595,NA,"Optimis",1.1
2023-10-01,"TB-PCH-SED-PET","Teh Botol","Minuman","Peach","Sedang",2,"Botol PET","450 ml",9000,12,4000,"Pabrik A",10,"Oktober",1.10231095190249,"Riwayat",595,NA,"Pesimis",0.9
2023-11-01,"TB-PCH-SED-PET","Teh Botol","Minuman","Peach","Sedang",2,"Botol PET","450 ml",9000,12,4000,"Pabrik A",11,"November",1.22930409331178,"Riwayat",674,NA,"Normal",1
2023-11-01,"TB-PCH-SED-PET","Teh Botol","Minuman","Peach","Sedang",2,"Botol PET","450 ml",9000,12,4000,"Pabrik A",11,"November",1.22930409331178,"Riwayat",674,NA,"Optimis",1.1
2023-11-01,"TB-PCH-SED-PET","Teh Botol","Minuman","Peach","Sedang",2,"Botol PET","450 ml",9000,12,4000,"Pabrik A",11,"November",1.22930409331178,"Riwayat",674,NA,"Pesimis",0.9
2023-12-01,"TB-PCH-SED-PET","Teh Botol","Minuman","Peach","Sedang",2,"Botol PET","450 ml",9000,12,4000,"Pabrik A",12,"Desember",1.43313966187585,"Riwayat",632,NA,"Normal",1
2023-12-01,"TB-PCH-SED-PET","Teh Botol","Minuman","Peach","Sedang",2,"Botol PET","450 ml",9000,12,4000,"Pabrik A",12,"Desember",1.43313966187585,"Riwayat",632,NA,"Optimis",1.1
2023-12-01,"TB-PCH-SED-PET","Teh Botol","Minuman","Peach","Sedang",2,"Botol PET","450 ml",9000,12,4000,"Pabrik A",12,"Desember",1.43313966187585,"Riwayat",632,NA,"Pesimis",0.9
2024-01-01,"TB-PCH-SED-PET","Teh Botol","Minuman","Peach","Sedang",2,"Botol PET","450 ml",9000,12,4000,"Pabrik A",1,"Januari",0.760954086758988,"Riwayat",380,NA,"Normal",1
2024-01-01,"TB-PCH-SED-PET","Teh Botol","Minuman","Peach","Sedang",2,"Botol PET","450 ml",9000,12,4000,"Pabrik A",1,"Januari",0.760954086758988,"Riwayat",380,NA,"Optimis",1.1
2024-01-01,"TB-PCH-SED-PET","Teh Botol","Minuman","Peach","Sedang",2,"Botol PET","450 ml",9000,12,4000,"Pabrik A",1,"Januari",0.760954086758988,"Riwayat",380,NA,"Pesimis",0.9
2024-02-01,"TB-PCH-SED-PET","Teh Botol","Minuman","Peach","Sedang",2,"Botol PET","450 ml",9000,12,4000,"Pabrik A",2,"Februari",0.737844567734044,"Riwayat",460,NA,"Normal",1
2024-02-01,"TB-PCH-SED-PET","Teh Botol","Minuman","Peach","Sedang",2,"Botol PET","450 ml",9000,12,4000,"Pabrik A",2,"Februari",0.737844567734044,"Riwayat",460,NA,"Optimis",1.1
2024-02-01,"TB-PCH-SED-PET","Teh Botol","Minuman","Peach","Sedang",2,"Botol PET","450 ml",9000,12,4000,"Pabrik A",2,"Februari",0.737844567734044,"Riwayat",460,NA,"Pesimis",0.9
2024-03-01,"TB-PCH-SED-PET","Teh Botol","Minuman","Peach","Sedang",2,"Botol PET","450 ml",9000,12,4000,"Pabrik A",3,"Maret",0.879210169935783,"Riwayat",496,NA,"Normal",1
2024-03-01,"TB-PCH-SED-PET","Teh Botol","Minuman","Peach","Sedang",2,"Botol PET","450 ml",9000,12,4000,"Pabrik A",3,"Maret",0.879210169935783,"Riwayat",496,NA,"Optimis",1.1
2024-03-01,"TB-PCH-SED-PET","Teh Botol","Minuman","Peach","Sedang",2,"Botol PET","450 ml",9000,12,4000,"Pabrik A",3,"Maret",0.879210169935783,"Riwayat",496,NA,"Pesimis",0.9
2024-04-01,"TB-PCH-SED-PET","Teh Botol","Minuman","Peach","Sedang",2,"Botol PET","450 ml",9000,12,4000,"Pabrik A",4,"April",0.90769297977371,"Riwayat",528,NA,"Normal",1
2024-04-01,"TB-PCH-SED-PET","Teh Botol","Minuman","Peach","Sedang",2,"Botol PET","450 ml",9000,12,4000,"Pabrik A",4,"April",0.90769297977371,"Riwayat",528,NA,"Optimis",1.1
2024-04-01,"TB-PCH-SED-PET","Teh Botol","Minuman","Peach","Sedang",2,"Botol PET","450 ml",9000,12,4000,"Pabrik A",4,"April",0.90769297977371,"Riwayat",528,NA,"Pesimis",0.9
2024-05-01,"TB-PCH-SED-PET","Teh Botol","Minuman","Peach","Sedang",2,"Botol PET","450 ml",9000,12,4000,"Pabrik A",5,"Mei",1.0194399545673,"Riwayat",603,NA,"Normal",1
2024-05-01,"TB-PCH-SED-PET","Teh Botol","Minuman","Peach","Sedang",2,"Botol PET","450 ml",9000,12,4000,"Pabrik A",5,"Mei",1.0194399545673,"Riwayat",603,NA,"Optimis",1.1
2024-05-01,"TB-PCH-SED-PET","Teh Botol","Minuman","Peach","Sedang",2,"Botol PET","450 ml",9000,12,4000,"Pabrik A",5,"Mei",1.0194399545673,"Riwayat",603,NA,"Pesimis",0.9
2024-06-01,"TB-PCH-SED-PET","Teh Botol","Minuman","Peach","Sedang",2,"Botol PET","450 ml",9000,12,4000,"Pabrik A",6,"Juni",1.05006334367219,"Riwayat",569,NA,"Normal",1
2024-06-01,"TB-PCH-SED-PET","Teh Botol","Minuman","Peach","Sedang",2,"Botol PET","450 ml",9000,12,4000,"Pabrik A",6,"Juni",1.05006334367219,"Riwayat",569,NA,"Optimis",1.1
2024-06-01,"TB-PCH-SED-PET","Teh Botol","Minuman","Peach","Sedang",2,"Botol PET","450 ml",9000,12,4000,"Pabrik A",6,"Juni",1.05006334367219,"Riwayat",569,NA,"Pesimis",0.9
2024-07-01,"TB-PCH-SED-PET","Teh Botol","Minuman","Peach","Sedang",2,"Botol PET","450 ml",9000,12,4000,"Pabrik A",7,"Juli",1.01712463413569,"Riwayat",656,NA,"Normal",1
2024-07-01,"TB-PCH-SED-PET","Teh Botol","Minuman","Peach","Sedang",2,"Botol PET","450 ml",9000,12,4000,"Pabrik A",7,"Juli",1.01712463413569,"Riwayat",656,NA,"Optimis",1.1
2024-07-01,"TB-PCH-SED-PET","Teh Botol","Minuman","Peach","Sedang",2,"Botol PET","450 ml",9000,12,4000,"Pabrik A",7,"Juli",1.01712463413569,"Riwayat",656,NA,"Pesimis",0.9
2024-08-01,"TB-PCH-SED-PET","Teh Botol","Minuman","Peach","Sedang",2,"Botol PET","450 ml",9000,12,4000,"Pabrik A",8,"Agustus",0.925822375606133,"Riwayat",596,NA,"Normal",1
2024-08-01,"TB-PCH-SED-PET","Teh Botol","Minuman","Peach","Sedang",2,"Botol PET","450 ml",9000,12,4000,"Pabrik A",8,"Agustus",0.925822375606133,"Riwayat",596,NA,"Optimis",1.1
2024-08-01,"TB-PCH-SED-PET","Teh Botol","Minuman","Peach","Sedang",2,"Botol PET","450 ml",9000,12,4000,"Pabrik A",8,"Agustus",0.925822375606133,"Riwayat",596,NA,"Pesimis",0.9
2024-09-01,"TB-PCH-SED-PET","Teh Botol","Minuman","Peach","Sedang",2,"Botol PET","450 ml",9000,12,4000,"Pabrik A",9,"September",0.982875365864313,"Riwayat",589,NA,"Normal",1
2024-09-01,"TB-PCH-SED-PET","Teh Botol","Minuman","Peach","Sedang",2,"Botol PET","450 ml",9000,12,4000,"Pabrik A",9,"September",0.982875365864313,"Riwayat",589,NA,"Optimis",1.1
2024-09-01,"TB-PCH-SED-PET","Teh Botol","Minuman","Peach","Sedang",2,"Botol PET","450 ml",9000,12,4000,"Pabrik A",9,"September",0.982875365864313,"Riwayat",589,NA,"Pesimis",0.9
2024-10-01,"TB-PCH-SED-PET","Teh Botol","Minuman","Peach","Sedang",2,"Botol PET","450 ml",9000,12,4000,"Pabrik A",10,"Oktober",1.10231095190249,"Riwayat",675,NA,"Normal",1
2024-10-01,"TB-PCH-SED-PET","Teh Botol","Minuman","Peach","Sedang",2,"Botol PET","450 ml",9000,12,4000,"Pabrik A",10,"Oktober",1.10231095190249,"Riwayat",675,NA,"Optimis",1.1
2024-10-01,"TB-PCH-SED-PET","Teh Botol","Minuman","Peach","Sedang",2,"Botol PET","450 ml",9000,12,4000,"Pabrik A",10,"Oktober",1.10231095190249,"Riwayat",675,NA,"Pesimis",0.9
2024-11-01,"TB-PCH-SED-PET","Teh Botol","Minuman","Peach","Sedang",2,"Botol PET","450 ml",9000,12,4000,"Pabrik A",11,"November",1.22930409331178,"Riwayat",738,NA,"Normal",1
2024-11-01,"TB-PCH-SED-PET","Teh Botol","Minuman","Peach","Sedang",2,"Botol PET","450 ml",9000,12,4000,"Pabrik A",11,"November",1.22930409331178,"Riwayat",738,NA,"Optimis",1.1
2024-11-01,"TB-PCH-SED-PET","Teh Botol","Minuman","Peach","Sedang",2,"Botol PET","450 ml",9000,12,4000,"Pabrik A",11,"November",1.22930409331178,"Riwayat",738,NA,"Pesimis",0.9
2024-12-01,"TB-PCH-SED-PET","Teh Botol","Minuman","Peach","Sedang",2,"Botol PET","450 ml",9000,12,4000,"Pabrik A",12,"Desember",1.43313966187585,"Riwayat",772,NA,"Normal",1
2024-12-01,"TB-PCH-SED-PET","Teh Botol","Minuman","Peach","Sedang",2,"Botol PET","450 ml",9000,12,4000,"Pabrik A",12,"Desember",1.43313966187585,"Riwayat",772,NA,"Optimis",1.1
2024-12-01,"TB-PCH-SED-PET","Teh Botol","Minuman","Peach","Sedang",2,"Botol PET","450 ml",9000,12,4000,"Pabrik A",12,"Desember",1.43313966187585,"Riwayat",772,NA,"Pesimis",0.9
2025-01-01,"TB-PCH-SED-PET","Teh Botol","Minuman","Peach","Sedang",2,"Botol PET","450 ml",9000,12,4000,"Pabrik A",1,"Januari",0.760954086758988,"Riwayat",480,NA,"Normal",1
2025-01-01,"TB-PCH-SED-PET","Teh Botol","Minuman","Peach","Sedang",2,"Botol PET","450 ml",9000,12,4000,"Pabrik A",1,"Januari",0.760954086758988,"Riwayat",480,NA,"Optimis",1.1
2025-01-01,"TB-PCH-SED-PET","Teh Botol","Minuman","Peach","Sedang",2,"Botol PET","450 ml",9000,12,4000,"Pabrik A",1,"Januari",0.760954086758988,"Riwayat",480,NA,"Pesimis",0.9
2025-02-01,"TB-PCH-SED-PET","Teh Botol","Minuman","Peach","Sedang",2,"Botol PET","450 ml",9000,12,4000,"Pabrik A",2,"Februari",0.737844567734044,"Riwayat",422,NA,"Normal",1
2025-02-01,"TB-PCH-SED-PET","Teh Botol","Minuman","Peach","Sedang",2,"Botol PET","450 ml",9000,12,4000,"Pabrik A",2,"Februari",0.737844567734044,"Riwayat",422,NA,"Optimis",1.1
2025-02-01,"TB-PCH-SED-PET","Teh Botol","Minuman","Peach","Sedang",2,"Botol PET","450 ml",9000,12,4000,"Pabrik A",2,"Februari",0.737844567734044,"Riwayat",422,NA,"Pesimis",0.9
2025-03-01,"TB-PCH-SED-PET","Teh Botol","Minuman","Peach","Sedang",2,"Botol PET","450 ml",9000,12,4000,"Pabrik A",3,"Maret",0.879210169935783,"Riwayat",513,NA,"Normal",1
2025-03-01,"TB-PCH-SED-PET","Teh Botol","Minuman","Peach","Sedang",2,"Botol PET","450 ml",9000,12,4000,"Pabrik A",3,"Maret",0.879210169935783,"Riwayat",513,NA,"Optimis",1.1
2025-03-01,"TB-PCH-SED-PET","Teh Botol","Minuman","Peach","Sedang",2,"Botol PET","450 ml",9000,12,4000,"Pabrik A",3,"Maret",0.879210169935783,"Riwayat",513,NA,"Pesimis",0.9
2025-04-01,"TB-PCH-SED-PET","Teh Botol","Minuman","Peach","Sedang",2,"Botol PET","450 ml",9000,12,4000,"Pabrik A",4,"April",0.90769297977371,"Riwayat",626,NA,"Normal",1
2025-04-01,"TB-PCH-SED-PET","Teh Botol","Minuman","Peach","Sedang",2,"Botol PET","450 ml",9000,12,4000,"Pabrik A",4,"April",0.90769297977371,"Riwayat",626,NA,"Optimis",1.1
2025-04-01,"TB-PCH-SED-PET","Teh Botol","Minuman","Peach","Sedang",2,"Botol PET","450 ml",9000,12,4000,"Pabrik A",4,"April",0.90769297977371,"Riwayat",626,NA,"Pesimis",0.9
2025-05-01,"TB-PCH-SED-PET","Teh Botol","Minuman","Peach","Sedang",2,"Botol PET","450 ml",9000,12,4000,"Pabrik A",5,"Mei",1.0194399545673,"Riwayat",577,NA,"Normal",1
2025-05-01,"TB-PCH-SED-PET","Teh Botol","Minuman","Peach","Sedang",2,"Botol PET","450 ml",9000,12,4000,"Pabrik A",5,"Mei",1.0194399545673,"Riwayat",577,NA,"Optimis",1.1
2025-05-01,"TB-PCH-SED-PET","Teh Botol","Minuman","Peach","Sedang",2,"Botol PET","450 ml",9000,12,4000,"Pabrik A",5,"Mei",1.0194399545673,"Riwayat",577,NA,"Pesimis",0.9
2025-06-01,"TB-PCH-SED-PET","Teh Botol","Minuman","Peach","Sedang",2,"Botol PET","450 ml",9000,12,4000,"Pabrik A",6,"Juni",1.05006334367219,"Riwayat",699,NA,"Normal",1
2025-06-01,"TB-PCH-SED-PET","Teh Botol","Minuman","Peach","Sedang",2,"Botol PET","450 ml",9000,12,4000,"Pabrik A",6,"Juni",1.05006334367219,"Riwayat",699,NA,"Optimis",1.1
2025-06-01,"TB-PCH-SED-PET","Teh Botol","Minuman","Peach","Sedang",2,"Botol PET","450 ml",9000,12,4000,"Pabrik A",6,"Juni",1.05006334367219,"Riwayat",699,NA,"Pesimis",0.9
2025-07-01,"TB-PCH-SED-PET","Teh Botol","Minuman","Peach","Sedang",2,"Botol PET","450 ml",9000,12,4000,"Pabrik A",7,"Juli",1.01712463413569,"Riwayat",671,NA,"Normal",1
2025-07-01,"TB-PCH-SED-PET","Teh Botol","Minuman","Peach","Sedang",2,"Botol PET","450 ml",9000,12,4000,"Pabrik A",7,"Juli",1.01712463413569,"Riwayat",671,NA,"Optimis",1.1
2025-07-01,"TB-PCH-SED-PET","Teh Botol","Minuman","Peach","Sedang",2,"Botol PET","450 ml",9000,12,4000,"Pabrik A",7,"Juli",1.01712463413569,"Riwayat",671,NA,"Pesimis",0.9
2025-08-01,"TB-PCH-SED-PET","Teh Botol","Minuman","Peach","Sedang",2,"Botol PET","450 ml",9000,12,4000,"Pabrik A",8,"Agustus",0.925822375606133,"Riwayat",603,NA,"Normal",1
2025-08-01,"TB-PCH-SED-PET","Teh Botol","Minuman","Peach","Sedang",2,"Botol PET","450 ml",9000,12,4000,"Pabrik A",8,"Agustus",0.925822375606133,"Riwayat",603,NA,"Optimis",1.1
2025-08-01,"TB-PCH-SED-PET","Teh Botol","Minuman","Peach","Sedang",2,"Botol PET","450 ml",9000,12,4000,"Pabrik A",8,"Agustus",0.925822375606133,"Riwayat",603,NA,"Pesimis",0.9
2025-09-01,"TB-PCH-SED-PET","Teh Botol","Minuman","Peach","Sedang",2,"Botol PET","450 ml",9000,12,4000,"Pabrik A",9,"September",0.982875365864313,"Riwayat",605,NA,"Normal",1
2025-09-01,"TB-PCH-SED-PET","Teh Botol","Minuman","Peach","Sedang",2,"Botol PET","450 ml",9000,12,4000,"Pabrik A",9,"September",0.982875365864313,"Riwayat",605,NA,"Optimis",1.1
2025-09-01,"TB-PCH-SED-PET","Teh Botol","Minuman","Peach","Sedang",2,"Botol PET","450 ml",9000,12,4000,"Pabrik A",9,"September",0.982875365864313,"Riwayat",605,NA,"Pesimis",0.9
2025-10-01,"TB-PCH-SED-PET","Teh Botol","Minuman","Peach","Sedang",2,"Botol PET","450 ml",9000,12,4000,"Pabrik A",10,"Oktober",1.10231095190249,"Riwayat",719,NA,"Normal",1
2025-10-01,"TB-PCH-SED-PET","Teh Botol","Minuman","Peach","Sedang",2,"Botol PET","450 ml",9000,12,4000,"Pabrik A",10,"Oktober",1.10231095190249,"Riwayat",719,NA,"Optimis",1.1
2025-10-01,"TB-PCH-SED-PET","Teh Botol","Minuman","Peach","Sedang",2,"Botol PET","450 ml",9000,12,4000,"Pabrik A",10,"Oktober",1.10231095190249,"Riwayat",719,NA,"Pesimis",0.9
2025-11-01,"TB-PCH-SED-PET","Teh Botol","Minuman","Peach","Sedang",2,"Botol PET","450 ml",9000,12,4000,"Pabrik A",11,"November",1.22930409331178,"Riwayat",750,NA,"Normal",1
2025-11-01,"TB-PCH-SED-PET","Teh Botol","Minuman","Peach","Sedang",2,"Botol PET","450 ml",9000,12,4000,"Pabrik A",11,"November",1.22930409331178,"Riwayat",750,NA,"Optimis",1.1
2025-11-01,"TB-PCH-SED-PET","Teh Botol","Minuman","Peach","Sedang",2,"Botol PET","450 ml",9000,12,4000,"Pabrik A",11,"November",1.22930409331178,"Riwayat",750,NA,"Pesimis",0.9
2025-12-01,"TB-PCH-SED-PET","Teh Botol","Minuman","Peach","Sedang",2,"Botol PET","450 ml",9000,12,4000,"Pabrik A",12,"Desember",1.43313966187585,"Riwayat",1029,NA,"Normal",1
2025-12-01,"TB-PCH-SED-PET","Teh Botol","Minuman","Peach","Sedang",2,"Botol PET","450 ml",9000,12,4000,"Pabrik A",12,"Desember",1.43313966187585,"Riwayat",1029,NA,"Optimis",1.1
2025-12-01,"TB-PCH-SED-PET","Teh Botol","Minuman","Peach","Sedang",2,"Botol PET","450 ml",9000,12,4000,"Pabrik A",12,"Desember",1.43313966187585,"Riwayat",1029,NA,"Pesimis",0.9
2026-01-01,"TB-PCH-SED-PET","Teh Botol","Minuman","Peach","Sedang",2,"Botol PET","450 ml",9000,12,4000,"Pabrik A",1,"Januari",0.760954086758988,"Plan",NA,570.715565069241,"Normal",1
2026-01-01,"TB-PCH-SED-PET","Teh Botol","Minuman","Peach","Sedang",2,"Botol PET","450 ml",9000,12,4000,"Pabrik A",1,"Januari",0.760954086758988,"Plan",NA,627.787121576165,"Optimis",1.1
2026-01-01,"TB-PCH-SED-PET","Teh Botol","Minuman","Peach","Sedang",2,"Botol PET","450 ml",9000,12,4000,"Pabrik A",1,"Januari",0.760954086758988,"Plan",NA,513.644008562317,"Pesimis",0.9
2026-02-01,"TB-PCH-SED-PET","Teh Botol","Minuman","Peach","Sedang",2,"Botol PET","450 ml",9000,12,4000,"Pabrik A",2,"Februari",0.737844567734044,"Plan",NA,553.383425800533,"Normal",1
2026-02-01,"TB-PCH-SED-PET","Teh Botol","Minuman","Peach","Sedang",2,"Botol PET","450 ml",9000,12,4000,"Pabrik A",2,"Februari",0.737844567734044,"Plan",NA,608.721768380586,"Optimis",1.1
2026-02-01,"TB-PCH-SED-PET","Teh Botol","Minuman","Peach","Sedang",2,"Botol PET","450 ml",9000,12,4000,"Pabrik A",2,"Februari",0.737844567734044,"Plan",NA,498.04508322048,"Pesimis",0.9
2026-03-01,"TB-PCH-SED-PET","Teh Botol","Minuman","Peach","Sedang",2,"Botol PET","450 ml",9000,12,4000,"Pabrik A",3,"Maret",0.879210169935783,"Plan",NA,659.407627451837,"Normal",1
2026-03-01,"TB-PCH-SED-PET","Teh Botol","Minuman","Peach","Sedang",2,"Botol PET","450 ml",9000,12,4000,"Pabrik A",3,"Maret",0.879210169935783,"Plan",NA,725.348390197021,"Optimis",1.1
2026-03-01,"TB-PCH-SED-PET","Teh Botol","Minuman","Peach","Sedang",2,"Botol PET","450 ml",9000,12,4000,"Pabrik A",3,"Maret",0.879210169935783,"Plan",NA,593.466864706653,"Pesimis",0.9
2026-04-01,"TB-PCH-SED-PET","Teh Botol","Minuman","Peach","Sedang",2,"Botol PET","450 ml",9000,12,4000,"Pabrik A",4,"April",0.90769297977371,"Plan",NA,680.769734830283,"Normal",1
2026-04-01,"TB-PCH-SED-PET","Teh Botol","Minuman","Peach","Sedang",2,"Botol PET","450 ml",9000,12,4000,"Pabrik A",4,"April",0.90769297977371,"Plan",NA,748.846708313311,"Optimis",1.1
2026-04-01,"TB-PCH-SED-PET","Teh Botol","Minuman","Peach","Sedang",2,"Botol PET","450 ml",9000,12,4000,"Pabrik A",4,"April",0.90769297977371,"Plan",NA,612.692761347254,"Pesimis",0.9
2026-05-01,"TB-PCH-SED-PET","Teh Botol","Minuman","Peach","Sedang",2,"Botol PET","450 ml",9000,12,4000,"Pabrik A",5,"Mei",1.0194399545673,"Plan",NA,764.579965925473,"Normal",1
2026-05-01,"TB-PCH-SED-PET","Teh Botol","Minuman","Peach","Sedang",2,"Botol PET","450 ml",9000,12,4000,"Pabrik A",5,"Mei",1.0194399545673,"Plan",NA,841.03796251802,"Optimis",1.1
2026-05-01,"TB-PCH-SED-PET","Teh Botol","Minuman","Peach","Sedang",2,"Botol PET","450 ml",9000,12,4000,"Pabrik A",5,"Mei",1.0194399545673,"Plan",NA,688.121969332926,"Pesimis",0.9
2026-06-01,"TB-PCH-SED-PET","Teh Botol","Minuman","Peach","Sedang",2,"Botol PET","450 ml",9000,12,4000,"Pabrik A",6,"Juni",1.05006334367219,"Plan",NA,787.547507754139,"Normal",1
2026-06-01,"TB-PCH-SED-PET","Teh Botol","Minuman","Peach","Sedang",2,"Botol PET","450 ml",9000,12,4000,"Pabrik A",6,"Juni",1.05006334367219,"Plan",NA,866.302258529553,"Optimis",1.1
2026-06-01,"TB-PCH-SED-PET","Teh Botol","Minuman","Peach","Sedang",2,"Botol PET","450 ml",9000,12,4000,"Pabrik A",6,"Juni",1.05006334367219,"Plan",NA,708.792756978725,"Pesimis",0.9
2023-01-01,"TB-PCH-SED-PET","Teh Botol","Minuman","Peach","Sedang",2,"Botol PET","450 ml",9000,12,4000,"Pabrik B",1,"Januari",0.760954086758988,"Riwayat",269,NA,"Normal",1
2023-01-01,"TB-PCH-SED-PET","Teh Botol","Minuman","Peach","Sedang",2,"Botol PET","450 ml",9000,12,4000,"Pabrik B",1,"Januari",0.760954086758988,"Riwayat",269,NA,"Optimis",1.1
2023-01-01,"TB-PCH-SED-PET","Teh Botol","Minuman","Peach","Sedang",2,"Botol PET","450 ml",9000,12,4000,"Pabrik B",1,"Januari",0.760954086758988,"Riwayat",269,NA,"Pesimis",0.9
2023-02-01,"TB-PCH-SED-PET","Teh Botol","Minuman","Peach","Sedang",2,"Botol PET","450 ml",9000,12,4000,"Pabrik B",2,"Februari",0.737844567734044,"Riwayat",272,NA,"Normal",1
2023-02-01,"TB-PCH-SED-PET","Teh Botol","Minuman","Peach","Sedang",2,"Botol PET","450 ml",9000,12,4000,"Pabrik B",2,"Februari",0.737844567734044,"Riwayat",272,NA,"Optimis",1.1
2023-02-01,"TB-PCH-SED-PET","Teh Botol","Minuman","Peach","Sedang",2,"Botol PET","450 ml",9000,12,4000,"Pabrik B",2,"Februari",0.737844567734044,"Riwayat",272,NA,"Pesimis",0.9
2023-03-01,"TB-PCH-SED-PET","Teh Botol","Minuman","Peach","Sedang",2,"Botol PET","450 ml",9000,12,4000,"Pabrik B",3,"Maret",0.879210169935783,"Riwayat",276,NA,"Normal",1
2023-03-01,"TB-PCH-SED-PET","Teh Botol","Minuman","Peach","Sedang",2,"Botol PET","450 ml",9000,12,4000,"Pabrik B",3,"Maret",0.879210169935783,"Riwayat",276,NA,"Optimis",1.1
2023-03-01,"TB-PCH-SED-PET","Teh Botol","Minuman","Peach","Sedang",2,"Botol PET","450 ml",9000,12,4000,"Pabrik B",3,"Maret",0.879210169935783,"Riwayat",276,NA,"Pesimis",0.9
2023-04-01,"TB-PCH-SED-PET","Teh Botol","Minuman","Peach","Sedang",2,"Botol PET","450 ml",9000,12,4000,"Pabrik B",4,"April",0.90769297977371,"Riwayat",337,NA,"Normal",1
2023-04-01,"TB-PCH-SED-PET","Teh Botol","Minuman","Peach","Sedang",2,"Botol PET","450 ml",9000,12,4000,"Pabrik B",4,"April",0.90769297977371,"Riwayat",337,NA,"Optimis",1.1
2023-04-01,"TB-PCH-SED-PET","Teh Botol","Minuman","Peach","Sedang",2,"Botol PET","450 ml",9000,12,4000,"Pabrik B",4,"April",0.90769297977371,"Riwayat",337,NA,"Pesimis",0.9
2023-05-01,"TB-PCH-SED-PET","Teh Botol","Minuman","Peach","Sedang",2,"Botol PET","450 ml",9000,12,4000,"Pabrik B",5,"Mei",1.0194399545673,"Riwayat",340,NA,"Normal",1
2023-05-01,"TB-PCH-SED-PET","Teh Botol","Minuman","Peach","Sedang",2,"Botol PET","450 ml",9000,12,4000,"Pabrik B",5,"Mei",1.0194399545673,"Riwayat",340,NA,"Optimis",1.1
2023-05-01,"TB-PCH-SED-PET","Teh Botol","Minuman","Peach","Sedang",2,"Botol PET","450 ml",9000,12,4000,"Pabrik B",5,"Mei",1.0194399545673,"Riwayat",340,NA,"Pesimis",0.9
2023-06-01,"TB-PCH-SED-PET","Teh Botol","Minuman","Peach","Sedang",2,"Botol PET","450 ml",9000,12,4000,"Pabrik B",6,"Juni",1.05006334367219,"Riwayat",145,NA,"Normal",1
2023-06-01,"TB-PCH-SED-PET","Teh Botol","Minuman","Peach","Sedang",2,"Botol PET","450 ml",9000,12,4000,"Pabrik B",6,"Juni",1.05006334367219,"Riwayat",145,NA,"Optimis",1.1
2023-06-01,"TB-PCH-SED-PET","Teh Botol","Minuman","Peach","Sedang",2,"Botol PET","450 ml",9000,12,4000,"Pabrik B",6,"Juni",1.05006334367219,"Riwayat",145,NA,"Pesimis",0.9
2023-07-01,"TB-PCH-SED-PET","Teh Botol","Minuman","Peach","Sedang",2,"Botol PET","450 ml",9000,12,4000,"Pabrik B",7,"Juli",1.01712463413569,"Riwayat",375,NA,"Normal",1
2023-07-01,"TB-PCH-SED-PET","Teh Botol","Minuman","Peach","Sedang",2,"Botol PET","450 ml",9000,12,4000,"Pabrik B",7,"Juli",1.01712463413569,"Riwayat",375,NA,"Optimis",1.1
2023-07-01,"TB-PCH-SED-PET","Teh Botol","Minuman","Peach","Sedang",2,"Botol PET","450 ml",9000,12,4000,"Pabrik B",7,"Juli",1.01712463413569,"Riwayat",375,NA,"Pesimis",0.9
2023-08-01,"TB-PCH-SED-PET","Teh Botol","Minuman","Peach","Sedang",2,"Botol PET","450 ml",9000,12,4000,"Pabrik B",8,"Agustus",0.925822375606133,"Riwayat",349,NA,"Normal",1
2023-08-01,"TB-PCH-SED-PET","Teh Botol","Minuman","Peach","Sedang",2,"Botol PET","450 ml",9000,12,4000,"Pabrik B",8,"Agustus",0.925822375606133,"Riwayat",349,NA,"Optimis",1.1
2023-08-01,"TB-PCH-SED-PET","Teh Botol","Minuman","Peach","Sedang",2,"Botol PET","450 ml",9000,12,4000,"Pabrik B",8,"Agustus",0.925822375606133,"Riwayat",349,NA,"Pesimis",0.9
2023-09-01,"TB-PCH-SED-PET","Teh Botol","Minuman","Peach","Sedang",2,"Botol PET","450 ml",9000,12,4000,"Pabrik B",9,"September",0.982875365864313,"Riwayat",365,NA,"Normal",1
2023-09-01,"TB-PCH-SED-PET","Teh Botol","Minuman","Peach","Sedang",2,"Botol PET","450 ml",9000,12,4000,"Pabrik B",9,"September",0.982875365864313,"Riwayat",365,NA,"Optimis",1.1
2023-09-01,"TB-PCH-SED-PET","Teh Botol","Minuman","Peach","Sedang",2,"Botol PET","450 ml",9000,12,4000,"Pabrik B",9,"September",0.982875365864313,"Riwayat",365,NA,"Pesimis",0.9
2023-10-01,"TB-PCH-SED-PET","Teh Botol","Minuman","Peach","Sedang",2,"Botol PET","450 ml",9000,12,4000,"Pabrik B",10,"Oktober",1.10231095190249,"Riwayat",431,NA,"Normal",1
2023-10-01,"TB-PCH-SED-PET","Teh Botol","Minuman","Peach","Sedang",2,"Botol PET","450 ml",9000,12,4000,"Pabrik B",10,"Oktober",1.10231095190249,"Riwayat",431,NA,"Optimis",1.1
2023-10-01,"TB-PCH-SED-PET","Teh Botol","Minuman","Peach","Sedang",2,"Botol PET","450 ml",9000,12,4000,"Pabrik B",10,"Oktober",1.10231095190249,"Riwayat",431,NA,"Pesimis",0.9
2023-11-01,"TB-PCH-SED-PET","Teh Botol","Minuman","Peach","Sedang",2,"Botol PET","450 ml",9000,12,4000,"Pabrik B",11,"November",1.22930409331178,"Riwayat",430,NA,"Normal",1
2023-11-01,"TB-PCH-SED-PET","Teh Botol","Minuman","Peach","Sedang",2,"Botol PET","450 ml",9000,12,4000,"Pabrik B",11,"November",1.22930409331178,"Riwayat",430,NA,"Optimis",1.1
2023-11-01,"TB-PCH-SED-PET","Teh Botol","Minuman","Peach","Sedang",2,"Botol PET","450 ml",9000,12,4000,"Pabrik B",11,"November",1.22930409331178,"Riwayat",430,NA,"Pesimis",0.9
2023-12-01,"TB-PCH-SED-PET","Teh Botol","Minuman","Peach","Sedang",2,"Botol PET","450 ml",9000,12,4000,"Pabrik B",12,"Desember",1.43313966187585,"Riwayat",463,NA,"Normal",1
2023-12-01,"TB-PCH-SED-PET","Teh Botol","Minuman","Peach","Sedang",2,"Botol PET","450 ml",9000,12,4000,"Pabrik B",12,"Desember",1.43313966187585,"Riwayat",463,NA,"Optimis",1.1
2023-12-01,"TB-PCH-SED-PET","Teh Botol","Minuman","Peach","Sedang",2,"Botol PET","450 ml",9000,12,4000,"Pabrik B",12,"Desember",1.43313966187585,"Riwayat",463,NA,"Pesimis",0.9
2024-01-01,"TB-PCH-SED-PET","Teh Botol","Minuman","Peach","Sedang",2,"Botol PET","450 ml",9000,12,4000,"Pabrik B",1,"Januari",0.760954086758988,"Riwayat",295,NA,"Normal",1
2024-01-01,"TB-PCH-SED-PET","Teh Botol","Minuman","Peach","Sedang",2,"Botol PET","450 ml",9000,12,4000,"Pabrik B",1,"Januari",0.760954086758988,"Riwayat",295,NA,"Optimis",1.1
2024-01-01,"TB-PCH-SED-PET","Teh Botol","Minuman","Peach","Sedang",2,"Botol PET","450 ml",9000,12,4000,"Pabrik B",1,"Januari",0.760954086758988,"Riwayat",295,NA,"Pesimis",0.9
2024-02-01,"TB-PCH-SED-PET","Teh Botol","Minuman","Peach","Sedang",2,"Botol PET","450 ml",9000,12,4000,"Pabrik B",2,"Februari",0.737844567734044,"Riwayat",318,NA,"Normal",1
2024-02-01,"TB-PCH-SED-PET","Teh Botol","Minuman","Peach","Sedang",2,"Botol PET","450 ml",9000,12,4000,"Pabrik B",2,"Februari",0.737844567734044,"Riwayat",318,NA,"Optimis",1.1
2024-02-01,"TB-PCH-SED-PET","Teh Botol","Minuman","Peach","Sedang",2,"Botol PET","450 ml",9000,12,4000,"Pabrik B",2,"Februari",0.737844567734044,"Riwayat",318,NA,"Pesimis",0.9
2024-03-01,"TB-PCH-SED-PET","Teh Botol","Minuman","Peach","Sedang",2,"Botol PET","450 ml",9000,12,4000,"Pabrik B",3,"Maret",0.879210169935783,"Riwayat",386,NA,"Normal",1
2024-03-01,"TB-PCH-SED-PET","Teh Botol","Minuman","Peach","Sedang",2,"Botol PET","450 ml",9000,12,4000,"Pabrik B",3,"Maret",0.879210169935783,"Riwayat",386,NA,"Optimis",1.1
2024-03-01,"TB-PCH-SED-PET","Teh Botol","Minuman","Peach","Sedang",2,"Botol PET","450 ml",9000,12,4000,"Pabrik B",3,"Maret",0.879210169935783,"Riwayat",386,NA,"Pesimis",0.9
2024-04-01,"TB-PCH-SED-PET","Teh Botol","Minuman","Peach","Sedang",2,"Botol PET","450 ml",9000,12,4000,"Pabrik B",4,"April",0.90769297977371,"Riwayat",412,NA,"Normal",1
2024-04-01,"TB-PCH-SED-PET","Teh Botol","Minuman","Peach","Sedang",2,"Botol PET","450 ml",9000,12,4000,"Pabrik B",4,"April",0.90769297977371,"Riwayat",412,NA,"Optimis",1.1
2024-04-01,"TB-PCH-SED-PET","Teh Botol","Minuman","Peach","Sedang",2,"Botol PET","450 ml",9000,12,4000,"Pabrik B",4,"April",0.90769297977371,"Riwayat",412,NA,"Pesimis",0.9
2024-05-01,"TB-PCH-SED-PET","Teh Botol","Minuman","Peach","Sedang",2,"Botol PET","450 ml",9000,12,4000,"Pabrik B",5,"Mei",1.0194399545673,"Riwayat",406,NA,"Normal",1
2024-05-01,"TB-PCH-SED-PET","Teh Botol","Minuman","Peach","Sedang",2,"Botol PET","450 ml",9000,12,4000,"Pabrik B",5,"Mei",1.0194399545673,"Riwayat",406,NA,"Optimis",1.1
2024-05-01,"TB-PCH-SED-PET","Teh Botol","Minuman","Peach","Sedang",2,"Botol PET","450 ml",9000,12,4000,"Pabrik B",5,"Mei",1.0194399545673,"Riwayat",406,NA,"Pesimis",0.9
2024-06-01,"TB-PCH-SED-PET","Teh Botol","Minuman","Peach","Sedang",2,"Botol PET","450 ml",9000,12,4000,"Pabrik B",6,"Juni",1.05006334367219,"Riwayat",406,NA,"Normal",1
2024-06-01,"TB-PCH-SED-PET","Teh Botol","Minuman","Peach","Sedang",2,"Botol PET","450 ml",9000,12,4000,"Pabrik B",6,"Juni",1.05006334367219,"Riwayat",406,NA,"Optimis",1.1
2024-06-01,"TB-PCH-SED-PET","Teh Botol","Minuman","Peach","Sedang",2,"Botol PET","450 ml",9000,12,4000,"Pabrik B",6,"Juni",1.05006334367219,"Riwayat",406,NA,"Pesimis",0.9
2024-07-01,"TB-PCH-SED-PET","Teh Botol","Minuman","Peach","Sedang",2,"Botol PET","450 ml",9000,12,4000,"Pabrik B",7,"Juli",1.01712463413569,"Riwayat",397,NA,"Normal",1
2024-07-01,"TB-PCH-SED-PET","Teh Botol","Minuman","Peach","Sedang",2,"Botol PET","450 ml",9000,12,4000,"Pabrik B",7,"Juli",1.01712463413569,"Riwayat",397,NA,"Optimis",1.1
2024-07-01,"TB-PCH-SED-PET","Teh Botol","Minuman","Peach","Sedang",2,"Botol PET","450 ml",9000,12,4000,"Pabrik B",7,"Juli",1.01712463413569,"Riwayat",397,NA,"Pesimis",0.9
2024-08-01,"TB-PCH-SED-PET","Teh Botol","Minuman","Peach","Sedang",2,"Botol PET","450 ml",9000,12,4000,"Pabrik B",8,"Agustus",0.925822375606133,"Riwayat",347,NA,"Normal",1
2024-08-01,"TB-PCH-SED-PET","Teh Botol","Minuman","Peach","Sedang",2,"Botol PET","450 ml",9000,12,4000,"Pabrik B",8,"Agustus",0.925822375606133,"Riwayat",347,NA,"Optimis",1.1
2024-08-01,"TB-PCH-SED-PET","Teh Botol","Minuman","Peach","Sedang",2,"Botol PET","450 ml",9000,12,4000,"Pabrik B",8,"Agustus",0.925822375606133,"Riwayat",347,NA,"Pesimis",0.9
2024-09-01,"TB-PCH-SED-PET","Teh Botol","Minuman","Peach","Sedang",2,"Botol PET","450 ml",9000,12,4000,"Pabrik B",9,"September",0.982875365864313,"Riwayat",397,NA,"Normal",1
2024-09-01,"TB-PCH-SED-PET","Teh Botol","Minuman","Peach","Sedang",2,"Botol PET","450 ml",9000,12,4000,"Pabrik B",9,"September",0.982875365864313,"Riwayat",397,NA,"Optimis",1.1
2024-09-01,"TB-PCH-SED-PET","Teh Botol","Minuman","Peach","Sedang",2,"Botol PET","450 ml",9000,12,4000,"Pabrik B",9,"September",0.982875365864313,"Riwayat",397,NA,"Pesimis",0.9
2024-10-01,"TB-PCH-SED-PET","Teh Botol","Minuman","Peach","Sedang",2,"Botol PET","450 ml",9000,12,4000,"Pabrik B",10,"Oktober",1.10231095190249,"Riwayat",361,NA,"Normal",1
2024-10-01,"TB-PCH-SED-PET","Teh Botol","Minuman","Peach","Sedang",2,"Botol PET","450 ml",9000,12,4000,"Pabrik B",10,"Oktober",1.10231095190249,"Riwayat",361,NA,"Optimis",1.1
2024-10-01,"TB-PCH-SED-PET","Teh Botol","Minuman","Peach","Sedang",2,"Botol PET","450 ml",9000,12,4000,"Pabrik B",10,"Oktober",1.10231095190249,"Riwayat",361,NA,"Pesimis",0.9
2024-11-01,"TB-PCH-SED-PET","Teh Botol","Minuman","Peach","Sedang",2,"Botol PET","450 ml",9000,12,4000,"Pabrik B",11,"November",1.22930409331178,"Riwayat",448,NA,"Normal",1
2024-11-01,"TB-PCH-SED-PET","Teh Botol","Minuman","Peach","Sedang",2,"Botol PET","450 ml",9000,12,4000,"Pabrik B",11,"November",1.22930409331178,"Riwayat",448,NA,"Optimis",1.1
2024-11-01,"TB-PCH-SED-PET","Teh Botol","Minuman","Peach","Sedang",2,"Botol PET","450 ml",9000,12,4000,"Pabrik B",11,"November",1.22930409331178,"Riwayat",448,NA,"Pesimis",0.9
2024-12-01,"TB-PCH-SED-PET","Teh Botol","Minuman","Peach","Sedang",2,"Botol PET","450 ml",9000,12,4000,"Pabrik B",12,"Desember",1.43313966187585,"Riwayat",543,NA,"Normal",1
2024-12-01,"TB-PCH-SED-PET","Teh Botol","Minuman","Peach","Sedang",2,"Botol PET","450 ml",9000,12,4000,"Pabrik B",12,"Desember",1.43313966187585,"Riwayat",543,NA,"Optimis",1.1
2024-12-01,"TB-PCH-SED-PET","Teh Botol","Minuman","Peach","Sedang",2,"Botol PET","450 ml",9000,12,4000,"Pabrik B",12,"Desember",1.43313966187585,"Riwayat",543,NA,"Pesimis",0.9
2025-01-01,"TB-PCH-SED-PET","Teh Botol","Minuman","Peach","Sedang",2,"Botol PET","450 ml",9000,12,4000,"Pabrik B",1,"Januari",0.760954086758988,"Riwayat",325,NA,"Normal",1
2025-01-01,"TB-PCH-SED-PET","Teh Botol","Minuman","Peach","Sedang",2,"Botol PET","450 ml",9000,12,4000,"Pabrik B",1,"Januari",0.760954086758988,"Riwayat",325,NA,"Optimis",1.1
2025-01-01,"TB-PCH-SED-PET","Teh Botol","Minuman","Peach","Sedang",2,"Botol PET","450 ml",9000,12,4000,"Pabrik B",1,"Januari",0.760954086758988,"Riwayat",325,NA,"Pesimis",0.9
2025-02-01,"TB-PCH-SED-PET","Teh Botol","Minuman","Peach","Sedang",2,"Botol PET","450 ml",9000,12,4000,"Pabrik B",2,"Februari",0.737844567734044,"Riwayat",315,NA,"Normal",1
2025-02-01,"TB-PCH-SED-PET","Teh Botol","Minuman","Peach","Sedang",2,"Botol PET","450 ml",9000,12,4000,"Pabrik B",2,"Februari",0.737844567734044,"Riwayat",315,NA,"Optimis",1.1
2025-02-01,"TB-PCH-SED-PET","Teh Botol","Minuman","Peach","Sedang",2,"Botol PET","450 ml",9000,12,4000,"Pabrik B",2,"Februari",0.737844567734044,"Riwayat",315,NA,"Pesimis",0.9
2025-03-01,"TB-PCH-SED-PET","Teh Botol","Minuman","Peach","Sedang",2,"Botol PET","450 ml",9000,12,4000,"Pabrik B",3,"Maret",0.879210169935783,"Riwayat",381,NA,"Normal",1
2025-03-01,"TB-PCH-SED-PET","Teh Botol","Minuman","Peach","Sedang",2,"Botol PET","450 ml",9000,12,4000,"Pabrik B",3,"Maret",0.879210169935783,"Riwayat",381,NA,"Optimis",1.1
2025-03-01,"TB-PCH-SED-PET","Teh Botol","Minuman","Peach","Sedang",2,"Botol PET","450 ml",9000,12,4000,"Pabrik B",3,"Maret",0.879210169935783,"Riwayat",381,NA,"Pesimis",0.9
2025-04-01,"TB-PCH-SED-PET","Teh Botol","Minuman","Peach","Sedang",2,"Botol PET","450 ml",9000,12,4000,"Pabrik B",4,"April",0.90769297977371,"Riwayat",404,NA,"Normal",1
2025-04-01,"TB-PCH-SED-PET","Teh Botol","Minuman","Peach","Sedang",2,"Botol PET","450 ml",9000,12,4000,"Pabrik B",4,"April",0.90769297977371,"Riwayat",404,NA,"Optimis",1.1
2025-04-01,"TB-PCH-SED-PET","Teh Botol","Minuman","Peach","Sedang",2,"Botol PET","450 ml",9000,12,4000,"Pabrik B",4,"April",0.90769297977371,"Riwayat",404,NA,"Pesimis",0.9
2025-05-01,"TB-PCH-SED-PET","Teh Botol","Minuman","Peach","Sedang",2,"Botol PET","450 ml",9000,12,4000,"Pabrik B",5,"Mei",1.0194399545673,"Riwayat",427,NA,"Normal",1
2025-05-01,"TB-PCH-SED-PET","Teh Botol","Minuman","Peach","Sedang",2,"Botol PET","450 ml",9000,12,4000,"Pabrik B",5,"Mei",1.0194399545673,"Riwayat",427,NA,"Optimis",1.1
2025-05-01,"TB-PCH-SED-PET","Teh Botol","Minuman","Peach","Sedang",2,"Botol PET","450 ml",9000,12,4000,"Pabrik B",5,"Mei",1.0194399545673,"Riwayat",427,NA,"Pesimis",0.9
2025-06-01,"TB-PCH-SED-PET","Teh Botol","Minuman","Peach","Sedang",2,"Botol PET","450 ml",9000,12,4000,"Pabrik B",6,"Juni",1.05006334367219,"Riwayat",498,NA,"Normal",1
2025-06-01,"TB-PCH-SED-PET","Teh Botol","Minuman","Peach","Sedang",2,"Botol PET","450 ml",9000,12,4000,"Pabrik B",6,"Juni",1.05006334367219,"Riwayat",498,NA,"Optimis",1.1
2025-06-01,"TB-PCH-SED-PET","Teh Botol","Minuman","Peach","Sedang",2,"Botol PET","450 ml",9000,12,4000,"Pabrik B",6,"Juni",1.05006334367219,"Riwayat",498,NA,"Pesimis",0.9
2025-07-01,"TB-PCH-SED-PET","Teh Botol","Minuman","Peach","Sedang",2,"Botol PET","450 ml",9000,12,4000,"Pabrik B",7,"Juli",1.01712463413569,"Riwayat",468,NA,"Normal",1
2025-07-01,"TB-PCH-SED-PET","Teh Botol","Minuman","Peach","Sedang",2,"Botol PET","450 ml",9000,12,4000,"Pabrik B",7,"Juli",1.01712463413569,"Riwayat",468,NA,"Optimis",1.1
2025-07-01,"TB-PCH-SED-PET","Teh Botol","Minuman","Peach","Sedang",2,"Botol PET","450 ml",9000,12,4000,"Pabrik B",7,"Juli",1.01712463413569,"Riwayat",468,NA,"Pesimis",0.9
2025-08-01,"TB-PCH-SED-PET","Teh Botol","Minuman","Peach","Sedang",2,"Botol PET","450 ml",9000,12,4000,"Pabrik B",8,"Agustus",0.925822375606133,"Riwayat",438,NA,"Normal",1
2025-08-01,"TB-PCH-SED-PET","Teh Botol","Minuman","Peach","Sedang",2,"Botol PET","450 ml",9000,12,4000,"Pabrik B",8,"Agustus",0.925822375606133,"Riwayat",438,NA,"Optimis",1.1
2025-08-01,"TB-PCH-SED-PET","Teh Botol","Minuman","Peach","Sedang",2,"Botol PET","450 ml",9000,12,4000,"Pabrik B",8,"Agustus",0.925822375606133,"Riwayat",438,NA,"Pesimis",0.9
2025-09-01,"TB-PCH-SED-PET","Teh Botol","Minuman","Peach","Sedang",2,"Botol PET","450 ml",9000,12,4000,"Pabrik B",9,"September",0.982875365864313,"Riwayat",426,NA,"Normal",1
2025-09-01,"TB-PCH-SED-PET","Teh Botol","Minuman","Peach","Sedang",2,"Botol PET","450 ml",9000,12,4000,"Pabrik B",9,"September",0.982875365864313,"Riwayat",426,NA,"Optimis",1.1
2025-09-01,"TB-PCH-SED-PET","Teh Botol","Minuman","Peach","Sedang",2,"Botol PET","450 ml",9000,12,4000,"Pabrik B",9,"September",0.982875365864313,"Riwayat",426,NA,"Pesimis",0.9
2025-10-01,"TB-PCH-SED-PET","Teh Botol","Minuman","Peach","Sedang",2,"Botol PET","450 ml",9000,12,4000,"Pabrik B",10,"Oktober",1.10231095190249,"Riwayat",463,NA,"Normal",1
2025-10-01,"TB-PCH-SED-PET","Teh Botol","Minuman","Peach","Sedang",2,"Botol PET","450 ml",9000,12,4000,"Pabrik B",10,"Oktober",1.10231095190249,"Riwayat",463,NA,"Optimis",1.1
2025-10-01,"TB-PCH-SED-PET","Teh Botol","Minuman","Peach","Sedang",2,"Botol PET","450 ml",9000,12,4000,"Pabrik B",10,"Oktober",1.10231095190249,"Riwayat",463,NA,"Pesimis",0.9
2025-11-01,"TB-PCH-SED-PET","Teh Botol","Minuman","Peach","Sedang",2,"Botol PET","450 ml",9000,12,4000,"Pabrik B",11,"November",1.22930409331178,"Riwayat",491,NA,"Normal",1
2025-11-01,"TB-PCH-SED-PET","Teh Botol","Minuman","Peach","Sedang",2,"Botol PET","450 ml",9000,12,4000,"Pabrik B",11,"November",1.22930409331178,"Riwayat",491,NA,"Optimis",1.1
2025-11-01,"TB-PCH-SED-PET","Teh Botol","Minuman","Peach","Sedang",2,"Botol PET","450 ml",9000,12,4000,"Pabrik B",11,"November",1.22930409331178,"Riwayat",491,NA,"Pesimis",0.9
2025-12-01,"TB-PCH-SED-PET","Teh Botol","Minuman","Peach","Sedang",2,"Botol PET","450 ml",9000,12,4000,"Pabrik B",12,"Desember",1.43313966187585,"Riwayat",1007,NA,"Normal",1
2025-12-01,"TB-PCH-SED-PET","Teh Botol","Minuman","Peach","Sedang",2,"Botol PET","450 ml",9000,12,4000,"Pabrik B",12,"Desember",1.43313966187585,"Riwayat",1007,NA,"Optimis",1.1
2025-12-01,"TB-PCH-SED-PET","Teh Botol","Minuman","Peach","Sedang",2,"Botol PET","450 ml",9000,12,4000,"Pabrik B",12,"Desember",1.43313966187585,"Riwayat",1007,NA,"Pesimis",0.9
2026-01-01,"TB-PCH-SED-PET","Teh Botol","Minuman","Peach","Sedang",2,"Botol PET","450 ml",9000,12,4000,"Pabrik B",1,"Januari",0.760954086758988,"Plan",NA,373.628456598663,"Normal",1
2026-01-01,"TB-PCH-SED-PET","Teh Botol","Minuman","Peach","Sedang",2,"Botol PET","450 ml",9000,12,4000,"Pabrik B",1,"Januari",0.760954086758988,"Plan",NA,410.99130225853,"Optimis",1.1
2026-01-01,"TB-PCH-SED-PET","Teh Botol","Minuman","Peach","Sedang",2,"Botol PET","450 ml",9000,12,4000,"Pabrik B",1,"Januari",0.760954086758988,"Plan",NA,336.265610938797,"Pesimis",0.9
2026-02-01,"TB-PCH-SED-PET","Teh Botol","Minuman","Peach","Sedang",2,"Botol PET","450 ml",9000,12,4000,"Pabrik B",2,"Februari",0.737844567734044,"Plan",NA,362.281682757416,"Normal",1
2026-02-01,"TB-PCH-SED-PET","Teh Botol","Minuman","Peach","Sedang",2,"Botol PET","450 ml",9000,12,4000,"Pabrik B",2,"Februari",0.737844567734044,"Plan",NA,398.509851033157,"Optimis",1.1
2026-02-01,"TB-PCH-SED-PET","Teh Botol","Minuman","Peach","Sedang",2,"Botol PET","450 ml",9000,12,4000,"Pabrik B",2,"Februari",0.737844567734044,"Plan",NA,326.053514481674,"Pesimis",0.9
2026-03-01,"TB-PCH-SED-PET","Teh Botol","Minuman","Peach","Sedang",2,"Botol PET","450 ml",9000,12,4000,"Pabrik B",3,"Maret",0.879210169935783,"Plan",NA,431.692193438469,"Normal",1
2026-03-01,"TB-PCH-SED-PET","Teh Botol","Minuman","Peach","Sedang",2,"Botol PET","450 ml",9000,12,4000,"Pabrik B",3,"Maret",0.879210169935783,"Plan",NA,474.861412782316,"Optimis",1.1
2026-03-01,"TB-PCH-SED-PET","Teh Botol","Minuman","Peach","Sedang",2,"Botol PET","450 ml",9000,12,4000,"Pabrik B",3,"Maret",0.879210169935783,"Plan",NA,388.522974094622,"Pesimis",0.9
2026-04-01,"TB-PCH-SED-PET","Teh Botol","Minuman","Peach","Sedang",2,"Botol PET","450 ml",9000,12,4000,"Pabrik B",4,"April",0.90769297977371,"Plan",NA,445.677253068892,"Normal",1
2026-04-01,"TB-PCH-SED-PET","Teh Botol","Minuman","Peach","Sedang",2,"Botol PET","450 ml",9000,12,4000,"Pabrik B",4,"April",0.90769297977371,"Plan",NA,490.244978375781,"Optimis",1.1
2026-04-01,"TB-PCH-SED-PET","Teh Botol","Minuman","Peach","Sedang",2,"Botol PET","450 ml",9000,12,4000,"Pabrik B",4,"April",0.90769297977371,"Plan",NA,401.109527762003,"Pesimis",0.9
2026-05-01,"TB-PCH-SED-PET","Teh Botol","Minuman","Peach","Sedang",2,"Botol PET","450 ml",9000,12,4000,"Pabrik B",5,"Mei",1.0194399545673,"Plan",NA,500.545017692543,"Normal",1
2026-05-01,"TB-PCH-SED-PET","Teh Botol","Minuman","Peach","Sedang",2,"Botol PET","450 ml",9000,12,4000,"Pabrik B",5,"Mei",1.0194399545673,"Plan",NA,550.599519461797,"Optimis",1.1
2026-05-01,"TB-PCH-SED-PET","Teh Botol","Minuman","Peach","Sedang",2,"Botol PET","450 ml",9000,12,4000,"Pabrik B",5,"Mei",1.0194399545673,"Plan",NA,450.490515923289,"Pesimis",0.9
2026-06-01,"TB-PCH-SED-PET","Teh Botol","Minuman","Peach","Sedang",2,"Botol PET","450 ml",9000,12,4000,"Pabrik B",6,"Juni",1.05006334367219,"Plan",NA,515.581101743043,"Normal",1
2026-06-01,"TB-PCH-SED-PET","Teh Botol","Minuman","Peach","Sedang",2,"Botol PET","450 ml",9000,12,4000,"Pabrik B",6,"Juni",1.05006334367219,"Plan",NA,567.139211917347,"Optimis",1.1
2026-06-01,"TB-PCH-SED-PET","Teh Botol","Minuman","Peach","Sedang",2,"Botol PET","450 ml",9000,12,4000,"Pabrik B",6,"Juni",1.05006334367219,"Plan",NA,464.022991568739,"Pesimis",0.9
